==> commonplace
make: Nothing to be done for 'all'.
==> yelixer
Running ExUnit with seed: 303, max_cases: 8

...................................................................................................................................................................................................................................................................................................................................................................................................
=== CX-mchn minimal parent_sub-inheritance repro ===
PRE encode/decode: fresh item origin=nil right_origin=nil parent_sub=nil deleted=false
.POST encode/decode re-fold: replayed item parent_sub=nil deleted=false
.Text.to_string(replay, "content") = "Hello World"
....
=== CX-mchn 2-round repro ===
.reconstructed text: "World"
.......
=== CX-mchn fixture repro ===
fixture content prefix: "{\"description\":\"A snug antechamber of fitted grey stone, wor"
seeded state_vector: %Yelixer.StateVector{clocks: %{138940312 => 1, 259424165 => 17909, 330072191 => 161, 895170087 => 298, 1907744778 => 434, 2093987173 => 903, 2098723649 => 6353, 2581182098 => 344, 2777056184 => 3322, 3221297649 => 388}}
seeded delete_set: %Yelixer.DeleteSet{clients: %{259424165 => [{0, 17006}], 330072191 => [{2, 161}], 895170087 => [{0, 298}], 1907744778 => [{0, 434}], 2093987173 => [{0, 903}], 2098723649 => [{0, 6353}], 2581182098 => [{0, 344}], 2777056184 => [{0, 3322}], 3221297649 => [{0, 388}]}}
edited delete_set: %Yelixer.DeleteSet{clients: %{259424165 => [{0, 17909}], 330072191 => [{2, 161}], 895170087 => [{0, 298}], 1907744778 => [{0, 434}], 2093987173 => [{0, 903}], 2098723649 => [{0, 6353}], 2581182098 => [{0, 344}], 2777056184 => [{0, 3322}], 3221297649 => [{0, 388}]}}
fresh insert item (PRE encode/decode, in edited.store) id=(client=1, clock=0) length=927 origin=nil right_origin=nil deleted=false parent={:named, "content"} parent_sub=nil
live-sequence length AFTER delete, BEFORE insert (get_sequence): 1
all deleted?: false
delete_set ranges for edited.client_id (1): []
reconstructed after delete-all+reinsert: "{\"description\":\"A snug antechamber of fitted grey stone, wor" (len=927)
fresh doc's copy of the (client=1,clock=0) item: %Yelixer.Item{id: %Yelixer.ID{client: 1, clock: 0}, origin: nil, right_origin: nil, content: {:string, "{\"description\":\"A snug antechamber of fitted grey stone, worn smooth by every traveller who paused here before setting out — the threshold of the whole demesne. Six ways lead onward: stairs wind DOWN into the soot-dark Ashfall Forge and UP to the ringing Smithy; a forest path runs NORTH; a sunlit clearing opens EAST toward the Convergence; a low door SOUTH breathes tavern-warmth from the Copper Lantern; and a cold passage WEST ends at a dialed vault. A carved SIGNPOST stands at the room's heart for those unsure where to wander.\",\"exits\":{\"down\":\"579b4a5a-f54e-4e9e-abee-d44951b02f9c\",\"east\":\"23b15303-4c06-4c85-abeb-74dccff7b201\",\"north\":\"498cc582-0589-4376-92f3-450a8d2070f8\",\"probeexit\":\"somewhere\",\"south\":\"70a3ef10-2c17-4c46-81cb-71894b686bee\",\"up\":\"86b0bf2c-5d45-4f7c-b439-7db4aed37d3a\",\"west\":\"a5962faf-dc21-4dd4-9f3d-d386604579ff\"},\"kind\":\"room\",\"name\":\"The Start Room\",\"tick_interval_ms\":null,\"tick_message\":null}"}, parent: {:named, "content"}, parent_sub: nil, deleted: false, length: 927}
fresh.delete_set: %Yelixer.DeleteSet{clients: %{259424165 => [{0, 17909}], 330072191 => [{2, 161}], 895170087 => [{0, 298}], 1907744778 => [{0, 434}], 2093987173 => [{0, 903}], 2098723649 => [{0, 6353}], 2581182098 => [{0, 344}], 2777056184 => [{0, 3322}], 3221297649 => [{0, 388}]}}
DeleteSet.deleted?(fresh.delete_set, 1, 0): false
..
=== CX-mchn accumulated repro ===
first corrupting round: nil (nil = survived all rounds)
.
=== CX-mchn fresh-client repro dump ===
reconstructed text: "World"
.........???????????

  0) Yelixer.DiffYjsTest: failure on setup_all callback, all tests have been invalidated
     ** (RuntimeError) Yjs stable oracle import failed with status 1.
     Install the pinned test dependency with:
       npm ci --prefix apps/yelixer/test/fixtures

     Node output:
     node:internal/modules/package_json_reader:301
       throw new ERR_MODULE_NOT_FOUND(packageName, fileURLToPath(base), null);
             ^

     Error [ERR_MODULE_NOT_FOUND]: Cannot find package 'yjs-stable' imported from /home/jes/sol-measure/apps/yelixer/test/fixtures/yjs_diff_driver.mjs
         at Object.getPackageJSONURL (node:internal/modules/package_json_reader:301:9)
         at packageResolve (node:internal/modules/esm/resolve:769:81)
         at moduleResolve (node:internal/modules/esm/resolve:860:18)
         at defaultResolve (node:internal/modules/esm/resolve:992:11)
         at #cachedDefaultResolve (node:internal/modules/esm/loader:719:20)
         at #resolveAndMaybeBlockOnLoaderThread (node:internal/modules/esm/loader:736:38)
         at ModuleLoader.resolveSync (node:internal/modules/esm/loader:765:52)
         at #resolve (node:internal/modules/esm/loader:701:17)
         at ModuleLoader.getOrCreateModuleJob (node:internal/modules/esm/loader:621:35)
         at onImport.tracePromise.__proto__ (node:internal/modules/esm/loader:650:32) {
       code: 'ERR_MODULE_NOT_FOUND'
     }

     Node.js v24.13.1

     stacktrace:
       test/yelixer/diff_yjs_test.exs:44: Yelixer.DiffYjsTest.__ex_unit_setup_all_0/1
       test/yelixer/diff_yjs_test.exs:1: Yelixer.DiffYjsTest.__ex_unit__/2


Finished in 53.6 seconds (53.5s async, 0.1s sync)
1 doctest, 33 properties, 390 tests, 0 failures, 11 invalid
==> commonplace
Running ExUnit with seed: 303, max_cases: 8
Excluding tags: [:scale, :corpus]

...................................................................03:06:53.864 [warning] flock timeout on /tmp/cp_flock_test_792130/lockable.txt, proceeding without lock
...................03:06:53.997 [warning] flock failed on /tmp/cp_flock_test_704295/does_not_exist.txt: :enoent, proceeding without lock
.............................................03:06:54.521 [warning] flock failed on /tmp/cp_flock_test_66078/restricted.txt: :eacces, proceeding without lock
.........................................................................................................................03:06:58.706 [error] Process #PID<0.2766.0> raised an exception
** (RuntimeError) intentional
    test/commonplace/snapshot_worker_test.exs:97: anonymous fn/4 in Commonplace.SnapshotWorkerTest."test a crashing trigger does not take down the worker and still re-dispatches pending"/1
......................................Cannot start: another process already owns this workspace.
  Lock: /tmp/cp_workspace_lock_144881856/serve.lock
  Reason: :would_block
  Holder unknown (no orchestrator.pid present).
Stop the other serve process first.
03:07:00.806 [error] Cannot start: another process already owns this workspace.
  Lock: /tmp/cp_workspace_lock_144881856/serve.lock
  Reason: :would_block
  Holder unknown (no orchestrator.pid present).
Stop the other serve process first.
.Cannot start: another process already owns this workspace.
  Lock: /tmp/cp_workspace_lock_739235330/serve.lock
  Reason: :would_block
  Holder unknown (no orchestrator.pid present).
Stop the other serve process first.
03:07:00.813 [error] Cannot start: another process already owns this workspace.
  Lock: /tmp/cp_workspace_lock_739235330/serve.lock
  Reason: :would_block
  Holder unknown (no orchestrator.pid present).
Stop the other serve process first.
.Cannot start: another process already owns this workspace.
  Lock: /tmp/cp_workspace_lock_704803536/serve.lock
  Reason: :would_block
  Holder unknown (no orchestrator.pid present).
Stop the other serve process first.
03:07:00.817 [error] Cannot start: another process already owns this workspace.
  Lock: /tmp/cp_workspace_lock_704803536/serve.lock
  Reason: :would_block
  Holder unknown (no orchestrator.pid present).
Stop the other serve process first.
......03:07:01.187 [warning] flock failed on /tmp/cp_gb_rs_repo_369585230/plaza/annex/note.txt: :enoent, proceeding without lock
03:07:01.201 [warning] flock failed on /tmp/cp_gb_rs_repo_369585230/plaza/sign.txt: :enoent, proceeding without lock
03:07:01.206 [warning] flock failed on /tmp/cp_gb_rs_repo_369585230/top.txt: :enoent, proceeding without lock
.     warning: function seed_view_doc/1 is unused
     │
 174 │   defp seed_view_doc(store) do
     │        ~
     │
     └─ test/commonplace/view_compute_test.exs:174:8: Commonplace.ViewComputeTest (module)

     warning: function seed_messages_doc/1 is unused
     │
 166 │   defp seed_messages_doc(store) do
     │        ~
     │
     └─ test/commonplace/view_compute_test.exs:166:8: Commonplace.ViewComputeTest (module)

03:07:01.286 [warning] flock failed on /tmp/cp_gb_rs_repo_43603948/home2/item.txt: :enoent, proceeding without lock
.03:07:01.461 [warning] flock failed on /tmp/cp_gb_rs_repo_754799885/lobby.txt: :enoent, proceeding without lock
..03:07:01.628 [warning] flock failed on /tmp/cp_gb_rs_repo_532742744/home/item.txt: :enoent, proceeding without lock
...........................03:07:02.646 [warning] flock failed on /tmp/cp_gb_exporter_repo_402244629/a.txt: :enoent, proceeding without lock
.03:07:02.831 [warning] flock failed on /tmp/cp_gb_exporter_repo_695012962/a.txt: :enoent, proceeding without lock
03:07:02.851 [warning] flock failed on /tmp/cp_gb_exporter_repo_695012962/b.json: :enoent, proceeding without lock
......................03:07:03.031 [warning] flock failed on /tmp/cp_gb_exporter_repo_764164189/signed.txt: :enoent, proceeding without lock
..03:07:03.256 [warning] flock failed on /tmp/cp_gb_exporter_repo_462685704/_outline: :enoent, proceeding without lock
...03:07:03.507 [warning] flock failed on /tmp/cp_gb_exporter_repo_686924059/subdir/nested.txt: :enoent, proceeding without lock
.........03:07:03.634 [warning] flock failed on /tmp/cp_gb_exporter_repo_369982978/ok.txt: :enoent, proceeding without lock
....................................................................................................................................................................................................03:07:10.271 [warning] flock failed on /tmp/cp_gb_sidecar_58436093/.commonplace/a.txt.json: :enoent, proceeding without lock
03:07:10.278 [warning] flock failed on /tmp/cp_gb_sidecar_58436093/.commonplace/sub/b.json.json: :enoent, proceeding without lock
03:07:10.285 [warning] flock failed on /tmp/cp_gb_sidecar_58436093/.commonplace/mount.json: :enoent, proceeding without lock
.03:07:10.299 [warning] flock failed on /tmp/cp_gb_sidecar_679008623/.commonplace/a.txt.json: :enoent, proceeding without lock
03:07:10.307 [warning] flock failed on /tmp/cp_gb_sidecar_679008623/.commonplace/sub/b.json.json: :enoent, proceeding without lock
03:07:10.312 [warning] flock failed on /tmp/cp_gb_sidecar_679008623/.commonplace/mount.json: :enoent, proceeding without lock
...03:07:10.340 [warning] flock failed on /tmp/cp_gb_sidecar_455735858/.commonplace/a.txt.json: :enoent, proceeding without lock
03:07:10.347 [warning] flock failed on /tmp/cp_gb_sidecar_455735858/.commonplace/mount.json: :enoent, proceeding without lock
.....................................    warning: this clause of defp restore/2 is never used
    │
 37 │   defp restore(:data_dir, nil), do: Application.put_env(:commonplace, :data_dir, "tmp/test_data")
    │        ~
    │
    └─ test/commonplace/tree/doc_builder_lazy_snapshot_test.exs:37:8: Commonplace.Tree.DocBuilderLazySnapshotTest.restore/2

    warning: Commonplace.UserProcess.HotTarget.version/1 is undefined (module Commonplace.UserProcess.HotTarget is not available or is yet to be defined)
    │
 57 │       assert Commonplace.UserProcess.HotTarget.version(original_pid) == 1
    │                                                ~
    │
    └─ test/commonplace/process/hot_reload_test.exs:57:48: Commonplace.Process.HotReloadTest."test hot code reload running process gets new behavior without pid changing"/1
    └─ test/commonplace/process/hot_reload_test.exs:78:48: Commonplace.Process.HotReloadTest."test hot code reload running process gets new behavior without pid changing"/1

     warning: Commonplace.UserProcess.Stateful.increment/1 is undefined (module Commonplace.UserProcess.Stateful is not available or is yet to be defined)
     │
 109 │       Commonplace.UserProcess.Stateful.increment(pid)
     │                                        ~
     │
     └─ test/commonplace/process/hot_reload_test.exs:109:40: Commonplace.Process.HotReloadTest."test hot code reload GenServer keeps its state across hot reload"/1
     └─ test/commonplace/process/hot_reload_test.exs:110:40: Commonplace.Process.HotReloadTest."test hot code reload GenServer keeps its state across hot reload"/1
     └─ test/commonplace/process/hot_reload_test.exs:111:40: Commonplace.Process.HotReloadTest."test hot code reload GenServer keeps its state across hot reload"/1

     warning: Commonplace.UserProcess.Stateful.get_counter/1 is undefined (module Commonplace.UserProcess.Stateful is not available or is yet to be defined)
     │
 112 │       assert Commonplace.UserProcess.Stateful.get_counter(pid) == 3
     │                                               ~
     │
     └─ test/commonplace/process/hot_reload_test.exs:112:47: Commonplace.Process.HotReloadTest."test hot code reload GenServer keeps its state across hot reload"/1
     └─ test/commonplace/process/hot_reload_test.exs:133:47: Commonplace.Process.HotReloadTest."test hot code reload GenServer keeps its state across hot reload"/1

     warning: Commonplace.UserProcess.Stateful.version/1 is undefined (module Commonplace.UserProcess.Stateful is not available or is yet to be defined)
     │
 113 │       assert Commonplace.UserProcess.Stateful.version(pid) == :v1
     │                                               ~
     │
     └─ test/commonplace/process/hot_reload_test.exs:113:47: Commonplace.Process.HotReloadTest."test hot code reload GenServer keeps its state across hot reload"/1
     └─ test/commonplace/process/hot_reload_test.exs:135:47: Commonplace.Process.HotReloadTest."test hot code reload GenServer keeps its state across hot reload"/1

...........03:07:14.787 [warning] Cyan cycle detected after adding edges for proc-cycle-3: [["A", "B", "C"]]
....03:07:14.821 [error] local node self-trust was not added: node signing public-key artifact is absent — continuing with configured trusted identities
03:07:14.821 [warning] CommitStore: local write would be DENIED by trust gate (dry_run — write still lands) doc_uuid=4dfce039-12f3-43b1-9dd3-b61da12a4f18 commit_id=eca826191cca3250e8f88f87f336bc83c17e4b57c5e7e7396702edd4c84d3db6 reason={:untrusted_signer, "37b9ee1d-2de3-4418-9e70-8b850575eb9f"}
03:07:14.828 [error] local node self-trust was not added: node signing public-key artifact is absent — continuing with configured trusted identities
03:07:14.828 [warning] CommitStore: local write would be DENIED by trust gate (dry_run — write still lands) doc_uuid=509f0105-c898-46fe-8528-f4fb04438dc4 commit_id=dffe0d2f4712c05299bdf8f707088a99cdd11ba8b81b34001582238e12cb7d22 reason=:unsigned
03:07:14.831 [error] local node self-trust was not added: node signing public-key artifact is absent — continuing with configured trusted identities
03:07:14.831 [warning] CommitStore: local write would be DENIED by trust gate (dry_run — write still lands) doc_uuid=6c50ad51-37b3-4193-919b-bbe59214b03e commit_id=8e3b4cd6a0063fc0f368de915e3b07365832e6346f281065dcba48b9a84ccdbd reason=:unsigned
03:07:14.840 [error] local node self-trust was not added: node signing public-key artifact is absent — continuing with configured trusted identities
03:07:14.840 [warning] CommitStore: local write would be DENIED by trust gate (dry_run — write still lands) doc_uuid=261b6d92-419f-4ed4-a7d7-0cf51400027a commit_id=5238219be3260f5b89cee41aee33753dc8efe37fde3ab3361f5757ed3589a85e reason={:untrusted_signer, "67b4078b-d1f9-4290-8cd0-42db7c0bb085"}
03:07:14.843 [error] local node self-trust was not added: node signing public-key artifact is absent — continuing with configured trusted identities
03:07:14.844 [warning] CommitStore: local write would be DENIED by trust gate (dry_run — write still lands) doc_uuid=e17ad8ea-3ba7-40df-a787-d810319e59c3 commit_id=4c203e2f963db6e2391cbb32edcc763c0b210e9e6fa02d56ebc6da4342e453c2 reason={:untrusted_signer, "67b4078b-d1f9-4290-8cd0-42db7c0bb085"}
03:07:14.846 [error] local node self-trust was not added: node signing public-key artifact is absent — continuing with configured trusted identities
03:07:14.847 [warning] CommitStore: local write would be DENIED by trust gate (dry_run — write still lands) doc_uuid=37614804-7b4c-4e5a-b276-0a1e78b3d972 commit_id=9aaa7f6628edeecc0df8bbff46e068a3f5420d617efed3c8c3a857c1f12addaf reason={:untrusted_signer, "67b4078b-d1f9-4290-8cd0-42db7c0bb085"}
03:07:14.851 [error] local node self-trust was not added: node signing public-key artifact is absent — continuing with configured trusted identities
03:07:14.852 [warning] CommitStore: local write would be DENIED by trust gate (dry_run — write still lands) doc_uuid=f136503f-7311-47e5-bb91-2778f0b28d87 commit_id=d8b553864b0cfbf92716302738ece7812fe9ab15bb6d33f26cfa5e9b9268d90d reason={:untrusted_signer, "67b4078b-d1f9-4290-8cd0-42db7c0bb085"}
03:07:14.855 [error] local node self-trust was not added: node signing public-key artifact is absent — continuing with configured trusted identities
03:07:14.855 [warning] CommitStore: local write would be DENIED by trust gate (dry_run — write still lands) doc_uuid=bd9d2c85-cc17-4b7c-b069-10011efa03a1 commit_id=3323c40d5ffc3b732c1ff560d2f160f321f09d9f16208349a753eff4e70c2feb reason={:untrusted_signer, "67b4078b-d1f9-4290-8cd0-42db7c0bb085"}
03:07:14.859 [error] local node self-trust was not added: node signing public-key artifact is absent — continuing with configured trusted identities
03:07:14.860 [warning] CommitStore: local write would be DENIED by trust gate (dry_run — write still lands) doc_uuid=f136503f-7311-47e5-bb91-2778f0b28d87 commit_id=a836b7ad809dd33c01a4478a225d91224f37b3acdfa28ba83cf0cfd2e5634c46 reason={:untrusted_signer, "67b4078b-d1f9-4290-8cd0-42db7c0bb085"}
03:07:14.863 [error] local node self-trust was not added: node signing public-key artifact is absent — continuing with configured trusted identities
03:07:14.863 [warning] CommitStore: local write would be DENIED by trust gate (dry_run — write still lands) doc_uuid=261b6d92-419f-4ed4-a7d7-0cf51400027a commit_id=b63322ebb0d6d0893dffb35793d383e8030ec4475d007eaa3fd64fba254f74a6 reason={:untrusted_signer, "67b4078b-d1f9-4290-8cd0-42db7c0bb085"}
03:07:14.866 [error] local node self-trust was not added: node signing public-key artifact is absent — continuing with configured trusted identities
03:07:14.866 [warning] CommitStore: local write would be DENIED by trust gate (dry_run — write still lands) doc_uuid=6493feee-679c-4cfe-867d-6ad2ef09a4a4 commit_id=fd43386f06b6edb85f216653a5759d5c7461a407ebcb0c13e7f453c0813974c5 reason={:untrusted_signer, "67b4078b-d1f9-4290-8cd0-42db7c0bb085"}
03:07:14.870 [error] local node self-trust was not added: node signing public-key artifact is absent — continuing with configured trusted identities
03:07:14.870 [warning] CommitStore: local write would be DENIED by trust gate (dry_run — write still lands) doc_uuid=6c50ad51-37b3-4193-919b-bbe59214b03e commit_id=926a664c27ace8fce7b978a9f0c3a2d17f83778d7fcdae66c66a74bb231a3d0a reason={:untrusted_signer, "67b4078b-d1f9-4290-8cd0-42db7c0bb085"}
03:07:14.893 [error] local node self-trust was not added: node signing public-key artifact is absent — continuing with configured trusted identities
03:07:14.927 [error] local node self-trust was not added: node signing public-key artifact is absent — continuing with configured trusted identities
.03:07:15.021 [error] local node self-trust was not added: node signing public-key artifact is absent — continuing with configured trusted identities
03:07:15.062 [warning] CommitStore: local write DENIED by trust gate (enforce) doc_uuid=0a5b5a96-43e9-40b3-a562-a48541df6b8e commit_id=33610bdca10f480e2dabbeedd967d9be8759c650c2f1b6bd3b73c9cac3f1a551 reason={:untrusted_signer, "f1ef795d-e512-48a2-a61c-c19a301cbf14"}
.03:07:15.075 [error] local node self-trust was not added: node signing public-key artifact is absent — continuing with configured trusted identities
03:07:15.075 [warning] CommitStore: local write would be DENIED by trust gate (dry_run — write still lands) doc_uuid=5d61f03d-9bef-440d-adeb-ec0dcac6e0d0 commit_id=a08e32fc8ce2b3175f768a5765790ea62be9af61ce48c36b7d9cb03de796ad8e reason=:unsigned
03:07:15.079 [warning] CommitStore: local write would be DENIED by trust gate (dry_run — write still lands) doc_uuid=aa6de0c4-70df-4931-89ad-690d85ba5374 commit_id=b67f9136dd6efc0ff659130e64f8d409aaca8a76ce7df1bfa98e6a634a678575 reason=:unsigned
....03:07:15.137 [error] local node self-trust was not added: node signing public-key artifact is absent — continuing with configured trusted identities
03:07:15.138 [warning] CommitStore: local write would be DENIED by trust gate (dry_run — write still lands) doc_uuid=887466b5-5645-4cbd-a91e-1f5eee1a1ab4 commit_id=c6d5d08bbf517d9acadab400230fc3dee76d074cf93e077e30d4d2de865efc03 reason=:unsigned
03:07:15.140 [error] local node self-trust was not added: node signing public-key artifact is absent — continuing with configured trusted identities
03:07:15.140 [warning] CommitStore: local write would be DENIED by trust gate (dry_run — write still lands) doc_uuid=b79b770c-e568-435b-ba3d-e1a1218b13ca commit_id=77a615017404f1c67ad6fdd12051800a94a8adbe4f12598b567501559e98ab3e reason=:unsigned
03:07:15.143 [error] local node self-trust was not added: node signing public-key artifact is absent — continuing with configured trusted identities
03:07:15.143 [warning] CommitStore: local write would be DENIED by trust gate (dry_run — write still lands) doc_uuid=ad550a08-491c-406b-8e95-3da63e8d4847 commit_id=3f5180553a80ecfaa24a5723f39182be14e5b33dcc29a163f0eaaa2db8c55b9f reason={:untrusted_signer, "9c3b6983-2421-44c5-84f5-26449054b470"}
03:07:15.147 [error] local node self-trust was not added: node signing public-key artifact is absent — continuing with configured trusted identities
03:07:15.148 [warning] CommitStore: local write would be DENIED by trust gate (dry_run — write still lands) doc_uuid=3a20e764-9e4c-412a-9071-94f614d79f74 commit_id=d9cec6c3cc54ff48b86ca99e65582091bcb6e47d2ee7b4b75cd2ff8c931cadf8 reason={:untrusted_signer, "9c3b6983-2421-44c5-84f5-26449054b470"}
03:07:15.150 [error] local node self-trust was not added: node signing public-key artifact is absent — continuing with configured trusted identities
03:07:15.151 [warning] CommitStore: local write would be DENIED by trust gate (dry_run — write still lands) doc_uuid=72d07fde-e119-45ca-afda-faa08e517050 commit_id=c95cdcc23be6cd61c827f4084413af7d0bc11df9dcea9f49f9ccd511e2fbac46 reason={:untrusted_signer, "9c3b6983-2421-44c5-84f5-26449054b470"}
03:07:15.155 [error] local node self-trust was not added: node signing public-key artifact is absent — continuing with configured trusted identities
03:07:15.155 [warning] CommitStore: local write would be DENIED by trust gate (dry_run — write still lands) doc_uuid=8eafcaf0-b3ba-4172-bdde-5b83e4e92037 commit_id=10aa2bd0e6f9c0c465cc6abfc9ecbe9320b3885894572c7a1ed31909344878d6 reason={:untrusted_signer, "9c3b6983-2421-44c5-84f5-26449054b470"}
03:07:15.158 [error] local node self-trust was not added: node signing public-key artifact is absent — continuing with configured trusted identities
03:07:15.158 [warning] CommitStore: local write would be DENIED by trust gate (dry_run — write still lands) doc_uuid=3b0101bd-b483-45ee-bcef-dc1353fd04ee commit_id=a37db280600b08fcf5ac0ebe1a2b79fd65cf86c47cf1d3c9d13173c5f798f6a6 reason={:untrusted_signer, "9c3b6983-2421-44c5-84f5-26449054b470"}
03:07:15.162 [error] local node self-trust was not added: node signing public-key artifact is absent — continuing with configured trusted identities
03:07:15.163 [warning] CommitStore: local write would be DENIED by trust gate (dry_run — write still lands) doc_uuid=8eafcaf0-b3ba-4172-bdde-5b83e4e92037 commit_id=1e65c216228eb1e55afdcd81b20d51e408da37b28cd8c826dd46bb50e0d2718b reason={:untrusted_signer, "9c3b6983-2421-44c5-84f5-26449054b470"}
03:07:15.167 [error] local node self-trust was not added: node signing public-key artifact is absent — continuing with configured trusted identities
03:07:15.168 [warning] CommitStore: local write would be DENIED by trust gate (dry_run — write still lands) doc_uuid=ad550a08-491c-406b-8e95-3da63e8d4847 commit_id=366ea1c8ddeacd262c53c86840942e152f24c0cf82e098bcfcf643f6e007d38c reason={:untrusted_signer, "9c3b6983-2421-44c5-84f5-26449054b470"}
03:07:15.171 [error] local node self-trust was not added: node signing public-key artifact is absent — continuing with configured trusted identities
03:07:15.172 [warning] CommitStore: local write would be DENIED by trust gate (dry_run — write still lands) doc_uuid=86138538-66ea-4c05-bd2b-eafc7a17312b commit_id=7869db4bd5ac6eff414d93c60de8238dfd566a0adc4e8b09c68a0fc4c12ca68c reason=:unsigned
03:07:15.175 [error] local node self-trust was not added: node signing public-key artifact is absent — continuing with configured trusted identities
03:07:15.175 [warning] CommitStore: local write would be DENIED by trust gate (dry_run — write still lands) doc_uuid=d0b62751-7c47-49c9-92bd-e212bb1d9907 commit_id=9ce4896f2d5a95babbc6ac94d70c6a262d978d42c80ea911003dd567b1e9f41f reason=:unsigned
03:07:15.180 [error] local node self-trust was not added: node signing public-key artifact is absent — continuing with configured trusted identities
03:07:15.181 [warning] CommitStore: local write would be DENIED by trust gate (dry_run — write still lands) doc_uuid=3a20e764-9e4c-412a-9071-94f614d79f74 commit_id=a66fb9d961930adf7c03ecdfa6f3b824cdb684b85de9e42217669dbb3f2fca70 reason=:unsigned
03:07:15.184 [error] local node self-trust was not added: node signing public-key artifact is absent — continuing with configured trusted identities
03:07:15.185 [warning] CommitStore: local write would be DENIED by trust gate (dry_run — write still lands) doc_uuid=7a3e4301-30d2-4f54-86d3-d7a68bae77db commit_id=59763e3bd51359b152e9c38bd3174ac5eec1aab9149f5aa84533c99d8393e36a reason={:untrusted_signer, "9c3b6983-2421-44c5-84f5-26449054b470"}
03:07:15.189 [error] local node self-trust was not added: node signing public-key artifact is absent — continuing with configured trusted identities
03:07:15.189 [warning] CommitStore: local write would be DENIED by trust gate (dry_run — write still lands) doc_uuid=d0b62751-7c47-49c9-92bd-e212bb1d9907 commit_id=01082725b62f68bb5fefb01249eb75d6a1c4d64a8ea9139a3cecae9c03c82f21 reason={:untrusted_signer, "9c3b6983-2421-44c5-84f5-26449054b470"}
03:07:15.226 [error] local node self-trust was not added: node signing public-key artifact is absent — continuing with configured trusted identities
...03:07:15.386 [error] local node self-trust was not added: node signing public-key artifact is absent — continuing with configured trusted identities
.03:07:15.446 [error] local node self-trust was not added: node signing public-key artifact is absent — continuing with configured trusted identities
03:07:15.446 [warning] CommitStore: local write would be DENIED by trust gate (dry_run — write still lands) doc_uuid=8131d593-fca8-4433-a93d-ad9e6fbcd37a commit_id=7eaf081341e030cb12f230eb3e7cdd3835d44ee10881e0c68ad03c55202d8d54 reason=:unsigned
03:07:15.449 [error] local node self-trust was not added: node signing public-key artifact is absent — continuing with configured trusted identities
03:07:15.449 [warning] CommitStore: local write would be DENIED by trust gate (dry_run — write still lands) doc_uuid=2a185871-ebdc-41d6-9126-99a960a6fba5 commit_id=808d57c35973e36b4b78baa9857ae1bc29a590128855c42a4b39b8d99cc6ff68 reason=:unsigned
03:07:15.453 [error] local node self-trust was not added: node signing public-key artifact is absent — continuing with configured trusted identities
03:07:15.454 [error] local node self-trust was not added: node signing public-key artifact is absent — continuing with configured trusted identities
03:07:15.455 [error] local node self-trust was not added: node signing public-key artifact is absent — continuing with configured trusted identities
03:07:15.456 [error] local node self-trust was not added: node signing public-key artifact is absent — continuing with configured trusted identities
.03:07:15.572 [warning] flock failed on /tmp/cp_gb_server_repo_278676481/_outline: :enoent, proceeding without lock
03:07:15.576 [warning] flock failed on /tmp/cp_gb_server_repo_278676481/a.txt: :enoent, proceeding without lock
03:07:15.579 [warning] flock failed on /tmp/cp_gb_server_repo_278676481/b.json: :enoent, proceeding without lock
03:07:15.581 [warning] flock failed on /tmp/cp_gb_server_repo_278676481/nested/nested.txt: :enoent, proceeding without lock
03:07:15.584 [warning] flock failed on /tmp/cp_gb_server_repo_278676481/signed.txt: :enoent, proceeding without lock
03:07:15.586 [warning] flock failed on /tmp/cp_gb_server_repo_278676481/.commonplace/_outline.json: :enoent, proceeding without lock
03:07:15.588 [warning] flock failed on /tmp/cp_gb_server_repo_278676481/.commonplace/a.txt.json: :enoent, proceeding without lock
03:07:15.592 [warning] flock failed on /tmp/cp_gb_server_repo_278676481/.commonplace/b.json.json: :enoent, proceeding without lock
03:07:15.595 [warning] flock failed on /tmp/cp_gb_server_repo_278676481/.commonplace/nested/nested.txt.json: :enoent, proceeding without lock
03:07:15.596 [warning] flock failed on /tmp/cp_gb_server_repo_278676481/.commonplace/signed.txt.json: :enoent, proceeding without lock
03:07:15.598 [warning] flock failed on /tmp/cp_gb_server_repo_278676481/.commonplace/mount.json: :enoent, proceeding without lock
03:07:15.605 [warning] flock failed on /tmp/cp_gb_server_repo_278676481/.commonplace/archive/doc-a/c8f748ef9939c6ca87e0b3207265699d3e8f9f068ab1c4f941dc370af22eeae6.json: :enoent, proceeding without lock
03:07:15.607 [warning] flock failed on /tmp/cp_gb_server_repo_278676481/.commonplace/archive/doc-a/1fcea0c52030b836cd20be1f48074705db00a9bbe93f2e7ca1f78c66a575c48c.json: :enoent, proceeding without lock
03:07:15.609 [warning] flock failed on /tmp/cp_gb_server_repo_278676481/.commonplace/archive/doc-b/31295344858f204f567c649d86fc641b2b16934ebe11bbed5074b58b87439db5.json: :enoent, proceeding without lock
03:07:15.611 [warning] flock failed on /tmp/cp_gb_server_repo_278676481/.commonplace/archive/doc-b/f9ba6b41370d5fd0e074664d7c3507bf9e6f570dbf4a1ef21ca5578f2bb0f580.json: :enoent, proceeding without lock
03:07:15.616 [warning] flock failed on /tmp/cp_gb_server_repo_278676481/.commonplace/archive/doc-nested/4886a9bcec1244011f297b999f0f77353c45ad5568bf83951e967593ac3dec77.json: :enoent, proceeding without lock
03:07:15.620 [warning] flock failed on /tmp/cp_gb_server_repo_278676481/.commonplace/archive/doc-nested/2252523025b3dcbbb0203c318ee41827aef9eed64274a132f52080a38ae6ccdc.json: :enoent, proceeding without lock
03:07:15.623 [warning] flock failed on /tmp/cp_gb_server_repo_278676481/.commonplace/archive/doc-outline/efd6228faff79e4991b1fd097b6577778157c2470ae1b220ab310f5ec7080d65.json: :enoent, proceeding without lock
03:07:15.625 [warning] flock failed on /tmp/cp_gb_server_repo_278676481/.commonplace/archive/doc-outline/75b8faec9a82fa01bfbc6bf2c1efd85534eb0563f43aff53ebc420cacf0863d5.json: :enoent, proceeding without lock
03:07:15.627 [warning] flock failed on /tmp/cp_gb_server_repo_278676481/.commonplace/archive/doc-signed/ca8a15985784f577801ab31e09e4d049d8c5502cb127e014e8500143691673ea.json: :enoent, proceeding without lock
03:07:15.629 [warning] flock failed on /tmp/cp_gb_server_repo_278676481/.commonplace/archive/doc-signed/b6e0e92df54e644f9c24ef9650fc5d5182e73ce7532be0ad75d500197c8f79cf.json: :enoent, proceeding without lock
03:07:15.630 [warning] flock failed on /tmp/cp_gb_server_repo_278676481/.commonplace/archive/mount-uuid-390310738/3a669fd48e63442934e4cd2fb57af9232ac41e66fdec179dd0a1e11f6c9980c0.json: :enoent, proceeding without lock
03:07:15.632 [warning] flock failed on /tmp/cp_gb_server_repo_278676481/.commonplace/archive/mount-uuid-390310738/4ee4d8403a70fce658d8a8954cbc3cf278a48f32d3104c5060b95c9aa1c2341f.json: :enoent, proceeding without lock
03:07:15.634 [warning] flock failed on /tmp/cp_gb_server_repo_278676481/.commonplace/archive/sub-uuid-701546344/d7ccf334855c611cb69f9cf3f04586f50b3b86f6edc9217dd281f8f4796c2eff.json: :enoent, proceeding without lock
03:07:15.635 [warning] flock failed on /tmp/cp_gb_server_repo_278676481/.commonplace/archive/sub-uuid-701546344/4015019c9de0c5ee3dc20dfaf006633247eb12557617f09dc8389d07d765ce1e.json: :enoent, proceeding without lock
03:07:15.637 [warning] flock failed on /tmp/cp_gb_server_repo_278676481/.commonplace/archive/watermarks.json: :enoent, proceeding without lock
.03:07:15.775 [warning] flock failed on /tmp/cp_gb_server_repo_497436963/_outline: :enoent, proceeding without lock
03:07:15.779 [warning] flock failed on /tmp/cp_gb_server_repo_497436963/a.txt: :enoent, proceeding without lock
03:07:15.781 [warning] flock failed on /tmp/cp_gb_server_repo_497436963/b.json: :enoent, proceeding without lock
03:07:15.785 [warning] flock failed on /tmp/cp_gb_server_repo_497436963/nested/nested.txt: :enoent, proceeding without lock
03:07:15.788 [warning] flock failed on /tmp/cp_gb_server_repo_497436963/signed.txt: :enoent, proceeding without lock
03:07:15.790 [warning] flock failed on /tmp/cp_gb_server_repo_497436963/.commonplace/_outline.json: :enoent, proceeding without lock
03:07:15.791 [warning] flock failed on /tmp/cp_gb_server_repo_497436963/.commonplace/a.txt.json: :enoent, proceeding without lock
03:07:15.793 [warning] flock failed on /tmp/cp_gb_server_repo_497436963/.commonplace/b.json.json: :enoent, proceeding without lock
03:07:15.797 [warning] flock failed on /tmp/cp_gb_server_repo_497436963/.commonplace/nested/nested.txt.json: :enoent, proceeding without lock
03:07:15.799 [warning] flock failed on /tmp/cp_gb_server_repo_497436963/.commonplace/signed.txt.json: :enoent, proceeding without lock
03:07:15.800 [warning] flock failed on /tmp/cp_gb_server_repo_497436963/.commonplace/mount.json: :enoent, proceeding without lock
03:07:15.803 [warning] flock failed on /tmp/cp_gb_server_repo_497436963/.commonplace/archive/doc-a/b9fd8da047efb32b7dec45b5469763fcc1bd4ffb5edd9c16c48ad1b3095d8de6.json: :enoent, proceeding without lock
03:07:15.805 [warning] flock failed on /tmp/cp_gb_server_repo_497436963/.commonplace/archive/doc-a/1fcea0c52030b836cd20be1f48074705db00a9bbe93f2e7ca1f78c66a575c48c.json: :enoent, proceeding without lock
03:07:15.807 [warning] flock failed on /tmp/cp_gb_server_repo_497436963/.commonplace/archive/doc-b/199872ecc1f3ebe6461eef9c4db0c3985db5d291b4833406edb7e15d0dc0a008.json: :enoent, proceeding without lock
03:07:15.809 [warning] flock failed on /tmp/cp_gb_server_repo_497436963/.commonplace/archive/doc-b/f9ba6b41370d5fd0e074664d7c3507bf9e6f570dbf4a1ef21ca5578f2bb0f580.json: :enoent, proceeding without lock
03:07:15.811 [warning] flock failed on /tmp/cp_gb_server_repo_497436963/.commonplace/archive/doc-nested/598596ff5248f5c983a7329c2d238e9fbc4b15145c9403b7c733251d23dab5aa.json: :enoent, proceeding without lock
03:07:15.815 [warning] flock failed on /tmp/cp_gb_server_repo_497436963/.commonplace/archive/doc-nested/2252523025b3dcbbb0203c318ee41827aef9eed64274a132f52080a38ae6ccdc.json: :enoent, proceeding without lock
03:07:15.818 [warning] flock failed on /tmp/cp_gb_server_repo_497436963/.commonplace/archive/doc-outline/7abefc93ae689e27513f56052f849cd491f46190280a3cd2811f4f2f4bf1937f.json: :enoent, proceeding without lock
03:07:15.820 [warning] flock failed on /tmp/cp_gb_server_repo_497436963/.commonplace/archive/doc-outline/75b8faec9a82fa01bfbc6bf2c1efd85534eb0563f43aff53ebc420cacf0863d5.json: :enoent, proceeding without lock
03:07:15.822 [warning] flock failed on /tmp/cp_gb_server_repo_497436963/.commonplace/archive/doc-signed/b7a8850b35c7d2e3880ec90281cf26aa6229f3bd76d042b99fc5f5f31b5367fb.json: :enoent, proceeding without lock
03:07:15.824 [warning] flock failed on /tmp/cp_gb_server_repo_497436963/.commonplace/archive/doc-signed/b6e0e92df54e644f9c24ef9650fc5d5182e73ce7532be0ad75d500197c8f79cf.json: :enoent, proceeding without lock
03:07:15.826 [warning] flock failed on /tmp/cp_gb_server_repo_497436963/.commonplace/archive/mount-uuid-642190321/43e10b7f68c9e08f4ea5570f9cd842aa0c4f01b8beeb21974f62ec3e5ba408d0.json: :enoent, proceeding without lock
03:07:15.828 [warning] flock failed on /tmp/cp_gb_server_repo_497436963/.commonplace/archive/mount-uuid-642190321/b12cafc301d2542633c70322fc9e42f76598947f6c1649d26597c802b5b69878.json: :enoent, proceeding without lock
03:07:15.831 [warning] flock failed on /tmp/cp_gb_server_repo_497436963/.commonplace/archive/sub-uuid-429494377/e0bbc8c72d39c150a8f3fa53ddf02bb9f3b67dfc84a64c0749c924b735894364.json: :enoent, proceeding without lock
03:07:15.832 [warning] flock failed on /tmp/cp_gb_server_repo_497436963/.commonplace/archive/sub-uuid-429494377/a87cf713961e5e1f441ccc8d5b3cd429943c64a92e6b0e4128a2a03d7947b8c8.json: :enoent, proceeding without lock
03:07:15.834 [warning] flock failed on /tmp/cp_gb_server_repo_497436963/.commonplace/archive/watermarks.json: :enoent, proceeding without lock
.03:07:15.970 [warning] flock failed on /tmp/cp_gb_server_repo_321177845/_outline: :enoent, proceeding without lock
03:07:15.973 [warning] flock failed on /tmp/cp_gb_server_repo_321177845/a.txt: :enoent, proceeding without lock
03:07:15.977 [warning] flock failed on /tmp/cp_gb_server_repo_321177845/b.json: :enoent, proceeding without lock
03:07:15.980 [warning] flock failed on /tmp/cp_gb_server_repo_321177845/nested/nested.txt: :enoent, proceeding without lock
03:07:15.982 [warning] flock failed on /tmp/cp_gb_server_repo_321177845/signed.txt: :enoent, proceeding without lock
03:07:15.985 [warning] flock failed on /tmp/cp_gb_server_repo_321177845/.commonplace/_outline.json: :enoent, proceeding without lock
03:07:15.987 [warning] flock failed on /tmp/cp_gb_server_repo_321177845/.commonplace/a.txt.json: :enoent, proceeding without lock
03:07:15.989 [warning] flock failed on /tmp/cp_gb_server_repo_321177845/.commonplace/b.json.json: :enoent, proceeding without lock
03:07:15.991 [warning] flock failed on /tmp/cp_gb_server_repo_321177845/.commonplace/nested/nested.txt.json: :enoent, proceeding without lock
03:07:15.993 [warning] flock failed on /tmp/cp_gb_server_repo_321177845/.commonplace/signed.txt.json: :enoent, proceeding without lock
03:07:15.995 [warning] flock failed on /tmp/cp_gb_server_repo_321177845/.commonplace/mount.json: :enoent, proceeding without lock
03:07:15.998 [warning] flock failed on /tmp/cp_gb_server_repo_321177845/.commonplace/archive/doc-a/089a6ba01189aed7e52bdbfae50f34c92b9984055a008653cc2e9f613f5a6cb9.json: :enoent, proceeding without lock
03:07:16.000 [warning] flock failed on /tmp/cp_gb_server_repo_321177845/.commonplace/archive/doc-a/1fcea0c52030b836cd20be1f48074705db00a9bbe93f2e7ca1f78c66a575c48c.json: :enoent, proceeding without lock
03:07:16.002 [warning] flock failed on /tmp/cp_gb_server_repo_321177845/.commonplace/archive/doc-b/f1b18e58dba8ef24f82d58ebfbfa16d2b7e73347790cf18db0e4e9d926fdabc8.json: :enoent, proceeding without lock
03:07:16.004 [warning] flock failed on /tmp/cp_gb_server_repo_321177845/.commonplace/archive/doc-b/f9ba6b41370d5fd0e074664d7c3507bf9e6f570dbf4a1ef21ca5578f2bb0f580.json: :enoent, proceeding without lock
03:07:16.007 [warning] flock failed on /tmp/cp_gb_server_repo_321177845/.commonplace/archive/doc-nested/bc0865a16b69791afb80b6294e26422366fe47f8a0916b9f74bd10bc23aeef56.json: :enoent, proceeding without lock
03:07:16.009 [warning] flock failed on /tmp/cp_gb_server_repo_321177845/.commonplace/archive/doc-nested/2252523025b3dcbbb0203c318ee41827aef9eed64274a132f52080a38ae6ccdc.json: :enoent, proceeding without lock
03:07:16.012 [warning] flock failed on /tmp/cp_gb_server_repo_321177845/.commonplace/archive/doc-outline/98266300ce373e0c41fc31e53f874ade84536a50aec2518b5a9f0a0bfa344936.json: :enoent, proceeding without lock
03:07:16.014 [warning] flock failed on /tmp/cp_gb_server_repo_321177845/.commonplace/archive/doc-outline/75b8faec9a82fa01bfbc6bf2c1efd85534eb0563f43aff53ebc420cacf0863d5.json: :enoent, proceeding without lock
03:07:16.016 [warning] flock failed on /tmp/cp_gb_server_repo_321177845/.commonplace/archive/doc-signed/8d184294b507c7d2706edae7fb5ec63456f74ce563602db0f14d26ac34b9f81c.json: :enoent, proceeding without lock
03:07:16.018 [warning] flock failed on /tmp/cp_gb_server_repo_321177845/.commonplace/archive/doc-signed/b6e0e92df54e644f9c24ef9650fc5d5182e73ce7532be0ad75d500197c8f79cf.json: :enoent, proceeding without lock
03:07:16.020 [warning] flock failed on /tmp/cp_gb_server_repo_321177845/.commonplace/archive/mount-uuid-777520755/e54224fa1c2965da89f0cd24adb7f0bbd810255690dca72882bdb5e91d4b1c26.json: :enoent, proceeding without lock
03:07:16.023 [warning] flock failed on /tmp/cp_gb_server_repo_321177845/.commonplace/archive/mount-uuid-777520755/2a32a387cc6fe409b85159db0e823fc655960ad96d268d55b6741c3fd541d827.json: :enoent, proceeding without lock
03:07:16.025 [warning] flock failed on /tmp/cp_gb_server_repo_321177845/.commonplace/archive/sub-uuid-390235531/cce8a4ece91c8beb714075d6b2a829fc8fc4c75d2374d67afe8383146f46a23c.json: :enoent, proceeding without lock
03:07:16.028 [warning] flock failed on /tmp/cp_gb_server_repo_321177845/.commonplace/archive/sub-uuid-390235531/5413cfdb027c8be997cc07e1c8c2a5e0cecafeed0caab421c02557465e7dbf44.json: :enoent, proceeding without lock
03:07:16.030 [warning] flock failed on /tmp/cp_gb_server_repo_321177845/.commonplace/archive/watermarks.json: :enoent, proceeding without lock
.03:07:16.154 [warning] flock failed on /tmp/cp_gb_server_repo_948636377/_outline: :enoent, proceeding without lock
03:07:16.157 [warning] flock failed on /tmp/cp_gb_server_repo_948636377/a.txt: :enoent, proceeding without lock
03:07:16.160 [warning] flock failed on /tmp/cp_gb_server_repo_948636377/b.json: :enoent, proceeding without lock
03:07:16.163 [warning] flock failed on /tmp/cp_gb_server_repo_948636377/nested/nested.txt: :enoent, proceeding without lock
03:07:16.165 [warning] flock failed on /tmp/cp_gb_server_repo_948636377/signed.txt: :enoent, proceeding without lock
03:07:16.168 [warning] flock failed on /tmp/cp_gb_server_repo_948636377/.commonplace/_outline.json: :enoent, proceeding without lock
03:07:16.171 [warning] flock failed on /tmp/cp_gb_server_repo_948636377/.commonplace/a.txt.json: :enoent, proceeding without lock
03:07:16.173 [warning] flock failed on /tmp/cp_gb_server_repo_948636377/.commonplace/b.json.json: :enoent, proceeding without lock
03:07:16.175 [warning] flock failed on /tmp/cp_gb_server_repo_948636377/.commonplace/nested/nested.txt.json: :enoent, proceeding without lock
03:07:16.177 [warning] flock failed on /tmp/cp_gb_server_repo_948636377/.commonplace/signed.txt.json: :enoent, proceeding without lock
03:07:16.179 [warning] flock failed on /tmp/cp_gb_server_repo_948636377/.commonplace/mount.json: :enoent, proceeding without lock
03:07:16.182 [warning] flock failed on /tmp/cp_gb_server_repo_948636377/.commonplace/archive/doc-a/0ee53f857de4cd064d965c7a1cfcc2bac8fa36b30440d3eb4527d07102cb44b3.json: :enoent, proceeding without lock
03:07:16.184 [warning] flock failed on /tmp/cp_gb_server_repo_948636377/.commonplace/archive/doc-a/1fcea0c52030b836cd20be1f48074705db00a9bbe93f2e7ca1f78c66a575c48c.json: :enoent, proceeding without lock
03:07:16.187 [warning] flock failed on /tmp/cp_gb_server_repo_948636377/.commonplace/archive/doc-b/d36cf00e90bf3be2b33b3883c89165980b1fcde3b5036d23f37f3c5bc9cee535.json: :enoent, proceeding without lock
03:07:16.190 [warning] flock failed on /tmp/cp_gb_server_repo_948636377/.commonplace/archive/doc-b/f9ba6b41370d5fd0e074664d7c3507bf9e6f570dbf4a1ef21ca5578f2bb0f580.json: :enoent, proceeding without lock
03:07:16.193 [warning] flock failed on /tmp/cp_gb_server_repo_948636377/.commonplace/archive/doc-nested/4c731d44769dabe9565b3636610c15702997566dd9b10d40b8e3e40733b643c8.json: :enoent, proceeding without lock
03:07:16.197 [warning] flock failed on /tmp/cp_gb_server_repo_948636377/.commonplace/archive/doc-nested/2252523025b3dcbbb0203c318ee41827aef9eed64274a132f52080a38ae6ccdc.json: :enoent, proceeding without lock
03:07:16.200 [warning] flock failed on /tmp/cp_gb_server_repo_948636377/.commonplace/archive/doc-outline/6c502d09c71c0752b002009bb6d083c399c4806f161eb9ebe81833e506a88192.json: :enoent, proceeding without lock
03:07:16.202 [warning] flock failed on /tmp/cp_gb_server_repo_948636377/.commonplace/archive/doc-outline/75b8faec9a82fa01bfbc6bf2c1efd85534eb0563f43aff53ebc420cacf0863d5.json: :enoent, proceeding without lock
03:07:16.205 [warning] flock failed on /tmp/cp_gb_server_repo_948636377/.commonplace/archive/doc-signed/13c288732abdd32e4f8b8a5ef60ffd2098ad86a687898c2bc93ff97e17f0914f.json: :enoent, proceeding without lock
03:07:16.207 [warning] flock failed on /tmp/cp_gb_server_repo_948636377/.commonplace/archive/doc-signed/b6e0e92df54e644f9c24ef9650fc5d5182e73ce7532be0ad75d500197c8f79cf.json: :enoent, proceeding without lock
03:07:16.210 [warning] flock failed on /tmp/cp_gb_server_repo_948636377/.commonplace/archive/mount-uuid-77874779/691093891ee118401b273e63db5cbfd419bdf807d4ec93755ed7aef2000de9a7.json: :enoent, proceeding without lock
03:07:16.212 [warning] flock failed on /tmp/cp_gb_server_repo_948636377/.commonplace/archive/mount-uuid-77874779/3cfd8a9c567de7a5369ec72c74694ad602db5d3851947d9cc99bb359842c54c9.json: :enoent, proceeding without lock
03:07:16.215 [warning] flock failed on /tmp/cp_gb_server_repo_948636377/.commonplace/archive/sub-uuid-90262788/f4f86f279e0a6a03c925e8641d3990c7cbc754be2a41cd7f0335bba10ebd02b7.json: :enoent, proceeding without lock
03:07:16.217 [warning] flock failed on /tmp/cp_gb_server_repo_948636377/.commonplace/archive/sub-uuid-90262788/886764b9797f13b2257e9d1ecd839137284c40178a82192d571243b148c81764.json: :enoent, proceeding without lock
03:07:16.219 [warning] flock failed on /tmp/cp_gb_server_repo_948636377/.commonplace/archive/watermarks.json: :enoent, proceeding without lock
.03:07:16.384 [warning] flock failed on /tmp/cp_gb_server_repo_284239243/_outline: :enoent, proceeding without lock
03:07:16.387 [warning] flock failed on /tmp/cp_gb_server_repo_284239243/a.txt: :enoent, proceeding without lock
03:07:16.390 [warning] flock failed on /tmp/cp_gb_server_repo_284239243/b.json: :enoent, proceeding without lock
03:07:16.394 [warning] flock failed on /tmp/cp_gb_server_repo_284239243/nested/nested.txt: :enoent, proceeding without lock
03:07:16.396 [warning] flock failed on /tmp/cp_gb_server_repo_284239243/signed.txt: :enoent, proceeding without lock
03:07:16.400 [warning] flock failed on /tmp/cp_gb_server_repo_284239243/.commonplace/_outline.json: :enoent, proceeding without lock
03:07:16.402 [warning] flock failed on /tmp/cp_gb_server_repo_284239243/.commonplace/a.txt.json: :enoent, proceeding without lock
03:07:16.405 [warning] flock failed on /tmp/cp_gb_server_repo_284239243/.commonplace/b.json.json: :enoent, proceeding without lock
03:07:16.409 [warning] flock failed on /tmp/cp_gb_server_repo_284239243/.commonplace/nested/nested.txt.json: :enoent, proceeding without lock
03:07:16.413 [warning] flock failed on /tmp/cp_gb_server_repo_284239243/.commonplace/signed.txt.json: :enoent, proceeding without lock
03:07:16.415 [warning] flock failed on /tmp/cp_gb_server_repo_284239243/.commonplace/mount.json: :enoent, proceeding without lock
03:07:16.418 [warning] flock failed on /tmp/cp_gb_server_repo_284239243/.commonplace/archive/doc-a/1bdd711bce50854113b574ae5125c83fa6bdf1aabdfc8c84760cf4dbc11015e8.json: :enoent, proceeding without lock
03:07:16.420 [warning] flock failed on /tmp/cp_gb_server_repo_284239243/.commonplace/archive/doc-a/1fcea0c52030b836cd20be1f48074705db00a9bbe93f2e7ca1f78c66a575c48c.json: :enoent, proceeding without lock
03:07:16.423 [warning] flock failed on /tmp/cp_gb_server_repo_284239243/.commonplace/archive/doc-b/774887d1f184bff7097bcffb0341451c4cd4f89759f4c989ce6ac5171b281abb.json: :enoent, proceeding without lock
03:07:16.426 [warning] flock failed on /tmp/cp_gb_server_repo_284239243/.commonplace/archive/doc-b/f9ba6b41370d5fd0e074664d7c3507bf9e6f570dbf4a1ef21ca5578f2bb0f580.json: :enoent, proceeding without lock
03:07:16.428 [warning] flock failed on /tmp/cp_gb_server_repo_284239243/.commonplace/archive/doc-nested/4359a421c0f26850ddedc23bc4fd4ec22afc880e1112ca97761b5871d23cdbdc.json: :enoent, proceeding without lock
03:07:16.430 [warning] flock failed on /tmp/cp_gb_server_repo_284239243/.commonplace/archive/doc-nested/2252523025b3dcbbb0203c318ee41827aef9eed64274a132f52080a38ae6ccdc.json: :enoent, proceeding without lock
03:07:16.433 [warning] flock failed on /tmp/cp_gb_server_repo_284239243/.commonplace/archive/doc-outline/543d0cd6b0a931e62af5bae61270bbf3128256bf8e0126c1f0f49550985d7b09.json: :enoent, proceeding without lock
03:07:16.436 [warning] flock failed on /tmp/cp_gb_server_repo_284239243/.commonplace/archive/doc-outline/75b8faec9a82fa01bfbc6bf2c1efd85534eb0563f43aff53ebc420cacf0863d5.json: :enoent, proceeding without lock
03:07:16.438 [warning] flock failed on /tmp/cp_gb_server_repo_284239243/.commonplace/archive/doc-signed/5ec6459926d42bcd46f98de10feed97d9c07b4e7ceafcd313295cd4ab213792d.json: :enoent, proceeding without lock
03:07:16.440 [warning] flock failed on /tmp/cp_gb_server_repo_284239243/.commonplace/archive/doc-signed/b6e0e92df54e644f9c24ef9650fc5d5182e73ce7532be0ad75d500197c8f79cf.json: :enoent, proceeding without lock
03:07:16.443 [warning] flock failed on /tmp/cp_gb_server_repo_284239243/.commonplace/archive/mount-uuid-277817667/2c01ccad70a35f012439f864778e93cc11644940101e72501b390b1aca7af933.json: :enoent, proceeding without lock
03:07:16.446 [warning] flock failed on /tmp/cp_gb_server_repo_284239243/.commonplace/archive/mount-uuid-277817667/334b23ea1209680f5b46c181d59008743890cc7fd3c3a0123ac30ad73eddf375.json: :enoent, proceeding without lock
03:07:16.449 [warning] flock failed on /tmp/cp_gb_server_repo_284239243/.commonplace/archive/sub-uuid-25112254/c6bd3504c9ccc39288e1adf88dee88913a59a065d682d13ed9b0fb24b04f5d0e.json: :enoent, proceeding without lock
03:07:16.452 [warning] flock failed on /tmp/cp_gb_server_repo_284239243/.commonplace/archive/sub-uuid-25112254/eb284f83fe45e6ae7fb5c98d7402eeffa65cf769759fc7a4d12774b22c6fc786.json: :enoent, proceeding without lock
03:07:16.455 [warning] flock failed on /tmp/cp_gb_server_repo_284239243/.commonplace/archive/watermarks.json: :enoent, proceeding without lock
03:07:16.542 [error] GitBridge.Server: tick crashed for mount mount-uuid-277817667 (skipping this tick): ** (CaseClauseError) no case clause matching: {:error, :eisdir}
    (commonplace 0.1.0) lib/commonplace/git_bridge/sidecar.ex:57: Commonplace.GitBridge.Sidecar.ensure_gitattributes/1
    (commonplace 0.1.0) lib/commonplace/git_bridge/server.ex:230: Commonplace.GitBridge.Server.run_cycle/1
    (commonplace 0.1.0) lib/commonplace/git_bridge/server.ex:167: Commonplace.GitBridge.Server.run_cycle_guarded/1
    (commonplace 0.1.0) lib/commonplace/git_bridge/server.ex:114: Commonplace.GitBridge.Server.handle_call/3
    (stdlib 6.2.2.3) gen_server.erl:2381: :gen_server.try_handle_call/4
    (stdlib 6.2.2.3) gen_server.erl:2410: :gen_server.handle_msg/6
    (stdlib 6.2.2.3) proc_lib.erl:329: :proc_lib.init_p_do_apply/3

.03:07:16.663 [warning] flock failed on /tmp/cp_gb_server_repo_350781458/_outline: :enoent, proceeding without lock
03:07:16.665 [warning] flock failed on /tmp/cp_gb_server_repo_350781458/a.txt: :enoent, proceeding without lock
03:07:16.668 [warning] flock failed on /tmp/cp_gb_server_repo_350781458/b.json: :enoent, proceeding without lock
03:07:16.670 [warning] flock failed on /tmp/cp_gb_server_repo_350781458/nested/nested.txt: :enoent, proceeding without lock
03:07:16.673 [warning] flock failed on /tmp/cp_gb_server_repo_350781458/signed.txt: :enoent, proceeding without lock
03:07:16.675 [warning] flock failed on /tmp/cp_gb_server_repo_350781458/.commonplace/_outline.json: :enoent, proceeding without lock
03:07:16.677 [warning] flock failed on /tmp/cp_gb_server_repo_350781458/.commonplace/a.txt.json: :enoent, proceeding without lock
03:07:16.679 [warning] flock failed on /tmp/cp_gb_server_repo_350781458/.commonplace/b.json.json: :enoent, proceeding without lock
03:07:16.681 [warning] flock failed on /tmp/cp_gb_server_repo_350781458/.commonplace/nested/nested.txt.json: :enoent, proceeding without lock
03:07:16.683 [warning] flock failed on /tmp/cp_gb_server_repo_350781458/.commonplace/signed.txt.json: :enoent, proceeding without lock
03:07:16.685 [warning] flock failed on /tmp/cp_gb_server_repo_350781458/.commonplace/mount.json: :enoent, proceeding without lock
03:07:16.688 [warning] flock failed on /tmp/cp_gb_server_repo_350781458/.commonplace/archive/doc-a/422fb21be1a5ca78d4274971abd782ea67c1263e1a2ce7b69c1184aa991d63a0.json: :enoent, proceeding without lock
03:07:16.691 [warning] flock failed on /tmp/cp_gb_server_repo_350781458/.commonplace/archive/doc-a/1fcea0c52030b836cd20be1f48074705db00a9bbe93f2e7ca1f78c66a575c48c.json: :enoent, proceeding without lock
03:07:16.694 [warning] flock failed on /tmp/cp_gb_server_repo_350781458/.commonplace/archive/doc-b/b512ad06fb9bd46c33daae45bb13127cb82e9a30a963669ae3184713697c1b0d.json: :enoent, proceeding without lock
03:07:16.697 [warning] flock failed on /tmp/cp_gb_server_repo_350781458/.commonplace/archive/doc-b/f9ba6b41370d5fd0e074664d7c3507bf9e6f570dbf4a1ef21ca5578f2bb0f580.json: :enoent, proceeding without lock
03:07:16.700 [warning] flock failed on /tmp/cp_gb_server_repo_350781458/.commonplace/archive/doc-nested/5d74f860221eff26a901ec87283008e1f2756bec576f16c14d7cad37b56b6a64.json: :enoent, proceeding without lock
03:07:16.702 [warning] flock failed on /tmp/cp_gb_server_repo_350781458/.commonplace/archive/doc-nested/2252523025b3dcbbb0203c318ee41827aef9eed64274a132f52080a38ae6ccdc.json: :enoent, proceeding without lock
03:07:16.704 [warning] flock failed on /tmp/cp_gb_server_repo_350781458/.commonplace/archive/doc-outline/5f62f7dcfc0beb31a286086d5178b63d1413eebeb114207011dbaa2bcb859e03.json: :enoent, proceeding without lock
03:07:16.707 [warning] flock failed on /tmp/cp_gb_server_repo_350781458/.commonplace/archive/doc-outline/75b8faec9a82fa01bfbc6bf2c1efd85534eb0563f43aff53ebc420cacf0863d5.json: :enoent, proceeding without lock
03:07:16.710 [warning] flock failed on /tmp/cp_gb_server_repo_350781458/.commonplace/archive/doc-signed/1910bb2f2a26b41e03cf59edde2c4cd5a1fa458d239900f834293bd9c87f2f7e.json: :enoent, proceeding without lock
03:07:16.712 [warning] flock failed on /tmp/cp_gb_server_repo_350781458/.commonplace/archive/doc-signed/b6e0e92df54e644f9c24ef9650fc5d5182e73ce7532be0ad75d500197c8f79cf.json: :enoent, proceeding without lock
03:07:16.716 [warning] flock failed on /tmp/cp_gb_server_repo_350781458/.commonplace/archive/mount-uuid-884998521/e8d66fd625b9782b3ddb05bcf57d405b485e91f2c701bbcdcc73ac9781b8f0f7.json: :enoent, proceeding without lock
03:07:16.719 [warning] flock failed on /tmp/cp_gb_server_repo_350781458/.commonplace/archive/mount-uuid-884998521/e3b173b5abe8e0d877c5022d9dee70563d4560aabbc398930f441f94b44408a5.json: :enoent, proceeding without lock
03:07:16.721 [warning] flock failed on /tmp/cp_gb_server_repo_350781458/.commonplace/archive/sub-uuid-803825345/e077975dc6769f84c4622207b841382efe9dbf6dd2a82914524d6a68d8e9d930.json: :enoent, proceeding without lock
03:07:16.723 [warning] flock failed on /tmp/cp_gb_server_repo_350781458/.commonplace/archive/sub-uuid-803825345/82b9c0f1c32f45ebfca7a1a6e72c4aaf8620cac555333420bddb2083db85e292.json: :enoent, proceeding without lock
03:07:16.725 [warning] flock failed on /tmp/cp_gb_server_repo_350781458/.commonplace/archive/watermarks.json: :enoent, proceeding without lock
.03:07:16.940 [warning] GitBridge.Inbound: fetch failed for mount-uuid-96610253: "fatal: '/nonexistent/path/repo.git' does not appear to be a git repository\nfatal: Could not read from remote repository.\n\nPlease make sure you have the correct access rights\nand the repository exists."
03:07:16.942 [warning] flock failed on /tmp/cp_gb_server_repo_308772635/_outline: :enoent, proceeding without lock
03:07:16.945 [warning] flock failed on /tmp/cp_gb_server_repo_308772635/a.txt: :enoent, proceeding without lock
03:07:16.948 [warning] flock failed on /tmp/cp_gb_server_repo_308772635/b.json: :enoent, proceeding without lock
03:07:16.951 [warning] flock failed on /tmp/cp_gb_server_repo_308772635/nested/nested.txt: :enoent, proceeding without lock
03:07:16.955 [warning] flock failed on /tmp/cp_gb_server_repo_308772635/signed.txt: :enoent, proceeding without lock
03:07:16.957 [warning] flock failed on /tmp/cp_gb_server_repo_308772635/.commonplace/_outline.json: :enoent, proceeding without lock
03:07:16.960 [warning] flock failed on /tmp/cp_gb_server_repo_308772635/.commonplace/a.txt.json: :enoent, proceeding without lock
03:07:16.962 [warning] flock failed on /tmp/cp_gb_server_repo_308772635/.commonplace/b.json.json: :enoent, proceeding without lock
03:07:16.964 [warning] flock failed on /tmp/cp_gb_server_repo_308772635/.commonplace/nested/nested.txt.json: :enoent, proceeding without lock
03:07:16.966 [warning] flock failed on /tmp/cp_gb_server_repo_308772635/.commonplace/signed.txt.json: :enoent, proceeding without lock
03:07:16.969 [warning] flock failed on /tmp/cp_gb_server_repo_308772635/.commonplace/mount.json: :enoent, proceeding without lock
03:07:16.972 [warning] flock failed on /tmp/cp_gb_server_repo_308772635/.commonplace/archive/doc-a/ebc79a77ae354a0da281bb0a57e3f05d61936b08cf243a1d30ed3e06d787d833.json: :enoent, proceeding without lock
03:07:16.974 [warning] flock failed on /tmp/cp_gb_server_repo_308772635/.commonplace/archive/doc-a/1fcea0c52030b836cd20be1f48074705db00a9bbe93f2e7ca1f78c66a575c48c.json: :enoent, proceeding without lock
03:07:16.978 [warning] flock failed on /tmp/cp_gb_server_repo_308772635/.commonplace/archive/doc-b/397c0bf78cfdf617ce1fc24d7d8345213d8df5097831fab2fa2af907435b06a6.json: :enoent, proceeding without lock
03:07:16.980 [warning] flock failed on /tmp/cp_gb_server_repo_308772635/.commonplace/archive/doc-b/f9ba6b41370d5fd0e074664d7c3507bf9e6f570dbf4a1ef21ca5578f2bb0f580.json: :enoent, proceeding without lock
03:07:16.982 [warning] flock failed on /tmp/cp_gb_server_repo_308772635/.commonplace/archive/doc-nested/2b0cfd930f38a121511fbb2da9222fe493a6b4e58fda8821a61e5d882e641b33.json: :enoent, proceeding without lock
03:07:16.984 [warning] flock failed on /tmp/cp_gb_server_repo_308772635/.commonplace/archive/doc-nested/2252523025b3dcbbb0203c318ee41827aef9eed64274a132f52080a38ae6ccdc.json: :enoent, proceeding without lock
03:07:16.987 [warning] flock failed on /tmp/cp_gb_server_repo_308772635/.commonplace/archive/doc-outline/ac4abb019a6755a783607eb9089c29b786accb87ffd94729787802acd381b2fe.json: :enoent, proceeding without lock
03:07:16.989 [warning] flock failed on /tmp/cp_gb_server_repo_308772635/.commonplace/archive/doc-outline/75b8faec9a82fa01bfbc6bf2c1efd85534eb0563f43aff53ebc420cacf0863d5.json: :enoent, proceeding without lock
03:07:16.992 [warning] flock failed on /tmp/cp_gb_server_repo_308772635/.commonplace/archive/doc-signed/011bf42295ec90277e56ab0ba5da4055139f6ebff2240ff1ce03ebf9f3ec4c26.json: :enoent, proceeding without lock
03:07:16.994 [warning] flock failed on /tmp/cp_gb_server_repo_308772635/.commonplace/archive/doc-signed/b6e0e92df54e644f9c24ef9650fc5d5182e73ce7532be0ad75d500197c8f79cf.json: :enoent, proceeding without lock
03:07:16.996 [warning] flock failed on /tmp/cp_gb_server_repo_308772635/.commonplace/archive/mount-uuid-96610253/ce2b91bd9a3ef52e610c13c3b5d8694edbf0a4beabce54e67594a6c6d90f25c0.json: :enoent, proceeding without lock
03:07:16.998 [warning] flock failed on /tmp/cp_gb_server_repo_308772635/.commonplace/archive/mount-uuid-96610253/bc08cd51f54c68959fcb36a18164ff17703491e055ee9e21d5877533be3411f4.json: :enoent, proceeding without lock
03:07:17.001 [warning] flock failed on /tmp/cp_gb_server_repo_308772635/.commonplace/archive/sub-uuid-378368505/28e57815c378056a6ae4843efcea2f868a9b14563ad533ebc5054d2b705d179f.json: :enoent, proceeding without lock
03:07:17.003 [warning] flock failed on /tmp/cp_gb_server_repo_308772635/.commonplace/archive/sub-uuid-378368505/d7aa196bc570aac08f0f91b52717315b099d3378692258daa6cc54ad54d27081.json: :enoent, proceeding without lock
03:07:17.005 [warning] flock failed on /tmp/cp_gb_server_repo_308772635/.commonplace/archive/watermarks.json: :enoent, proceeding without lock
03:07:17.045 [warning] GitBridge.Server: push failed for mount-uuid-96610253: "fatal: '/nonexistent/path/repo.git' does not appear to be a git repository\nfatal: Could not read from remote repository.\n\nPlease make sure you have the correct access rights\nand the repository exists."
03:07:17.052 [warning] GitBridge.Server: could not reset to remote for mount-uuid-96610253: "fatal: '/nonexistent/path/repo.git' does not appear to be a git repository\nfatal: Could not read from remote repository.\n\nPlease make sure you have the correct access rights\nand the repository exists."
03:07:17.062 [warning] GitBridge.Inbound: fetch failed for mount-uuid-96610253: "fatal: '/nonexistent/path/repo.git' does not appear to be a git repository\nfatal: Could not read from remote repository.\n\nPlease make sure you have the correct access rights\nand the repository exists."
.03:07:17.205 [warning] flock failed on /tmp/cp_gb_server_repo_782876741/_outline: :enoent, proceeding without lock
03:07:17.208 [warning] flock failed on /tmp/cp_gb_server_repo_782876741/a.txt: :enoent, proceeding without lock
03:07:17.211 [warning] flock failed on /tmp/cp_gb_server_repo_782876741/b.json: :enoent, proceeding without lock
03:07:17.215 [warning] flock failed on /tmp/cp_gb_server_repo_782876741/nested/nested.txt: :enoent, proceeding without lock
03:07:17.218 [warning] flock failed on /tmp/cp_gb_server_repo_782876741/signed.txt: :enoent, proceeding without lock
03:07:17.222 [warning] flock failed on /tmp/cp_gb_server_repo_782876741/.commonplace/_outline.json: :enoent, proceeding without lock
03:07:17.224 [warning] flock failed on /tmp/cp_gb_server_repo_782876741/.commonplace/a.txt.json: :enoent, proceeding without lock
03:07:17.226 [warning] flock failed on /tmp/cp_gb_server_repo_782876741/.commonplace/b.json.json: :enoent, proceeding without lock
03:07:17.228 [warning] flock failed on /tmp/cp_gb_server_repo_782876741/.commonplace/nested/nested.txt.json: :enoent, proceeding without lock
03:07:17.231 [warning] flock failed on /tmp/cp_gb_server_repo_782876741/.commonplace/signed.txt.json: :enoent, proceeding without lock
03:07:17.233 [warning] flock failed on /tmp/cp_gb_server_repo_782876741/.commonplace/mount.json: :enoent, proceeding without lock
03:07:17.238 [warning] flock failed on /tmp/cp_gb_server_repo_782876741/.commonplace/archive/doc-a/079d89a6c9045f21ad970a453bf655ced4be5fc795003294636ca0755fa8a6bf.json: :enoent, proceeding without lock
03:07:17.241 [warning] flock failed on /tmp/cp_gb_server_repo_782876741/.commonplace/archive/doc-a/1fcea0c52030b836cd20be1f48074705db00a9bbe93f2e7ca1f78c66a575c48c.json: :enoent, proceeding without lock
03:07:17.244 [warning] flock failed on /tmp/cp_gb_server_repo_782876741/.commonplace/archive/doc-b/0c5536be8be59fa876f757e5a8d51e26633db0e32bb0fbd9e5965b4895efd5ed.json: :enoent, proceeding without lock
03:07:17.247 [warning] flock failed on /tmp/cp_gb_server_repo_782876741/.commonplace/archive/doc-b/f9ba6b41370d5fd0e074664d7c3507bf9e6f570dbf4a1ef21ca5578f2bb0f580.json: :enoent, proceeding without lock
03:07:17.250 [warning] flock failed on /tmp/cp_gb_server_repo_782876741/.commonplace/archive/doc-nested/193d58ff5b41ffcd5255cf945e78ca29e99c5afe89ed345f2988466df6789b8d.json: :enoent, proceeding without lock
03:07:17.252 [warning] flock failed on /tmp/cp_gb_server_repo_782876741/.commonplace/archive/doc-nested/2252523025b3dcbbb0203c318ee41827aef9eed64274a132f52080a38ae6ccdc.json: :enoent, proceeding without lock
03:07:17.255 [warning] flock failed on /tmp/cp_gb_server_repo_782876741/.commonplace/archive/doc-outline/f083883acf10f712d98176310346cd0210716e94efeefb561effc0b49e64eaf1.json: :enoent, proceeding without lock
03:07:17.258 [warning] flock failed on /tmp/cp_gb_server_repo_782876741/.commonplace/archive/doc-outline/75b8faec9a82fa01bfbc6bf2c1efd85534eb0563f43aff53ebc420cacf0863d5.json: :enoent, proceeding without lock
03:07:17.264 [warning] flock failed on /tmp/cp_gb_server_repo_782876741/.commonplace/archive/doc-signed/bde3a18473001d39bd618b2631d6604b51280728b45516fd21b878d8c1beb2ec.json: :enoent, proceeding without lock
03:07:17.269 [warning] flock failed on /tmp/cp_gb_server_repo_782876741/.commonplace/archive/doc-signed/b6e0e92df54e644f9c24ef9650fc5d5182e73ce7532be0ad75d500197c8f79cf.json: :enoent, proceeding without lock
03:07:17.276 [warning] flock failed on /tmp/cp_gb_server_repo_782876741/.commonplace/archive/mount-uuid-150055696/721c58781739b6ea015a180bcf9b41c579940ba40b1dbe64297cc013b0cabc8f.json: :enoent, proceeding without lock
03:07:17.279 [warning] flock failed on /tmp/cp_gb_server_repo_782876741/.commonplace/archive/mount-uuid-150055696/548438884a84bd84eb52925f870d121f9d1bcd939da6aa3a649606176f5d3bca.json: :enoent, proceeding without lock
03:07:17.284 [warning] flock failed on /tmp/cp_gb_server_repo_782876741/.commonplace/archive/sub-uuid-874500392/3ebba9c9432d0c8705b2493400b34048c40dcf99c579a68d4b1aa88902680f99.json: :enoent, proceeding without lock
03:07:17.290 [warning] flock failed on /tmp/cp_gb_server_repo_782876741/.commonplace/archive/sub-uuid-874500392/124619b98dfc6339a202f0662ac652ce9a20ee0cfcf73aa539814dd961e9dfbf.json: :enoent, proceeding without lock
03:07:17.294 [warning] flock failed on /tmp/cp_gb_server_repo_782876741/.commonplace/archive/watermarks.json: :enoent, proceeding without lock
03:07:17.385 [warning] flock failed on /tmp/cp_gb_server_repo_782876741/.commonplace/archive/doc-a/3f1740a3b95744a0b3d39493181e7b1d281f70ed79a6c794ba9744cea2ada117.json: :enoent, proceeding without lock
03:07:17.465 [warning] flock failed on /tmp/cp_gb_server_repo_782876741/.commonplace/archive/mount-uuid-150055696/89d558843cebadf8feef7ab6034e28ce9ab32855af2a36c2e8bae018f0597749.json: :enoent, proceeding without lock
.03:07:17.647 [warning] GitBridge.Inbound: fetch failed for mount-uuid-288156738: "fatal: couldn't find remote ref main"
03:07:17.649 [warning] flock failed on /tmp/cp_gb_server_repo_566846896/_outline: :enoent, proceeding without lock
03:07:17.653 [warning] flock failed on /tmp/cp_gb_server_repo_566846896/a.txt: :enoent, proceeding without lock
03:07:17.656 [warning] flock failed on /tmp/cp_gb_server_repo_566846896/b.json: :enoent, proceeding without lock
03:07:17.660 [warning] flock failed on /tmp/cp_gb_server_repo_566846896/nested/nested.txt: :enoent, proceeding without lock
03:07:17.663 [warning] flock failed on /tmp/cp_gb_server_repo_566846896/signed.txt: :enoent, proceeding without lock
03:07:17.666 [warning] flock failed on /tmp/cp_gb_server_repo_566846896/.commonplace/_outline.json: :enoent, proceeding without lock
03:07:17.668 [warning] flock failed on /tmp/cp_gb_server_repo_566846896/.commonplace/a.txt.json: :enoent, proceeding without lock
03:07:17.670 [warning] flock failed on /tmp/cp_gb_server_repo_566846896/.commonplace/b.json.json: :enoent, proceeding without lock
03:07:17.672 [warning] flock failed on /tmp/cp_gb_server_repo_566846896/.commonplace/nested/nested.txt.json: :enoent, proceeding without lock
03:07:17.674 [warning] flock failed on /tmp/cp_gb_server_repo_566846896/.commonplace/signed.txt.json: :enoent, proceeding without lock
03:07:17.677 [warning] flock failed on /tmp/cp_gb_server_repo_566846896/.commonplace/mount.json: :enoent, proceeding without lock
03:07:17.680 [warning] flock failed on /tmp/cp_gb_server_repo_566846896/.commonplace/archive/doc-a/4e59ea0f02d39cf42dbc26ff0914051985190a02430534da5b6ab36792696eab.json: :enoent, proceeding without lock
03:07:17.683 [warning] flock failed on /tmp/cp_gb_server_repo_566846896/.commonplace/archive/doc-a/1fcea0c52030b836cd20be1f48074705db00a9bbe93f2e7ca1f78c66a575c48c.json: :enoent, proceeding without lock
03:07:17.685 [warning] flock failed on /tmp/cp_gb_server_repo_566846896/.commonplace/archive/doc-b/063ba8d2de5834e6763ca35f8e1a7b14d5e43166852676e3eff0b989319e54c8.json: :enoent, proceeding without lock
03:07:17.687 [warning] flock failed on /tmp/cp_gb_server_repo_566846896/.commonplace/archive/doc-b/f9ba6b41370d5fd0e074664d7c3507bf9e6f570dbf4a1ef21ca5578f2bb0f580.json: :enoent, proceeding without lock
03:07:17.690 [warning] flock failed on /tmp/cp_gb_server_repo_566846896/.commonplace/archive/doc-nested/d11d7dde03d1b413eba3bd857783a2c5b1dfb0b668a67b75fb7a057c5ab9c281.json: :enoent, proceeding without lock
03:07:17.693 [warning] flock failed on /tmp/cp_gb_server_repo_566846896/.commonplace/archive/doc-nested/2252523025b3dcbbb0203c318ee41827aef9eed64274a132f52080a38ae6ccdc.json: :enoent, proceeding without lock
03:07:17.696 [warning] flock failed on /tmp/cp_gb_server_repo_566846896/.commonplace/archive/doc-outline/32e1aa1289e2a9ac62f8488efe0f708487b3c13288f229fa93ebf290cc289a04.json: :enoent, proceeding without lock
03:07:17.699 [warning] flock failed on /tmp/cp_gb_server_repo_566846896/.commonplace/archive/doc-outline/75b8faec9a82fa01bfbc6bf2c1efd85534eb0563f43aff53ebc420cacf0863d5.json: :enoent, proceeding without lock
03:07:17.703 [warning] flock failed on /tmp/cp_gb_server_repo_566846896/.commonplace/archive/doc-signed/049363a4bf3e707c85a278b8cc8bb54c81da5f9badf1936f4ac9754f28e72e19.json: :enoent, proceeding without lock
03:07:17.706 [warning] flock failed on /tmp/cp_gb_server_repo_566846896/.commonplace/archive/doc-signed/b6e0e92df54e644f9c24ef9650fc5d5182e73ce7532be0ad75d500197c8f79cf.json: :enoent, proceeding without lock
03:07:17.709 [warning] flock failed on /tmp/cp_gb_server_repo_566846896/.commonplace/archive/mount-uuid-288156738/4d8f2eb72368653ff233159ad39bfa511b7a7567c4255213111109dc829e8977.json: :enoent, proceeding without lock
03:07:17.713 [warning] flock failed on /tmp/cp_gb_server_repo_566846896/.commonplace/archive/mount-uuid-288156738/5af1eb2801315b629ba66a6b790f1b828896caab60c5b26c8cf5c0faae0acd21.json: :enoent, proceeding without lock
03:07:17.716 [warning] flock failed on /tmp/cp_gb_server_repo_566846896/.commonplace/archive/sub-uuid-261518040/9c09a2a6a6e66cdcf7a98d1648a82ebc09b5b0ffea21b62a0b41d4ff2ec59b3e.json: :enoent, proceeding without lock
03:07:17.718 [warning] flock failed on /tmp/cp_gb_server_repo_566846896/.commonplace/archive/sub-uuid-261518040/f426c74ce7c829f73e3b4b30dedbc3ad513f9ea5d53aa8dbe9bd1e9a9f2bc5ae.json: :enoent, proceeding without lock
03:07:17.721 [warning] flock failed on /tmp/cp_gb_server_repo_566846896/.commonplace/archive/watermarks.json: :enoent, proceeding without lock
........................03:07:20.090 [warning] EngineModule :look (nil) fell back to last-good/floor: {:runtime_crash, Commonplace.MUD.EngineLook, {:rescue, %FunctionClauseError{module: Commonplace.MUD.EngineLook, function: :run, arity: 2, kind: nil, args: nil, clauses: nil}}}
..03:07:21.271 [warning] EngineModule :look (nil) fell back to last-good/floor: {:runtime_crash, Commonplace.MUD.EngineLook, {:rescue, %FunctionClauseError{module: Commonplace.MUD.EngineLook, function: :run, arity: 2, kind: nil, args: nil, clauses: nil}}}
......................03:07:21.684 [warning] CommitStore: local write DENIED by trust gate (enforce) doc_uuid=c2345741-44ad-4613-9368-a1f7d22d421e commit_id=80c2a140fd97ecade3c7508be7556dc8c1f69327276b571fcb7edab53a56cf71 reason={:untrusted_signer, "b1e89973-e5d3-4c81-80a2-804dbb90859d"}
..........03:07:22.411 [warning] CommitStore: local write DENIED by trust gate (enforce) doc_uuid=4e7bf989-251a-4322-8153-b960a013103f commit_id=90279eb7857f4de18d8f0495c266428f8d169411a3cc392b1f23be9213ba800b reason=:unsigned
...03:07:22.436 [warning] CommitStore: local write would be DENIED by trust gate (dry_run — write still lands) doc_uuid=0c58df48-4ac4-4092-8915-84297d8ca92a commit_id=5031e9b994b95a58b4c8a6bdcdd59d43b0c4eea10d88501504bfc41e01a09b2d reason=:unsigned
..03:07:22.457 [warning] CommitStore: local write DENIED by trust gate (enforce) doc_uuid=ea254f2e-b972-4440-a17d-87b6c29a3e4c commit_id=25a4b6467ec88e904cacf4df801978fb9f1572a72dd83cf574844db4257f1921 reason=:unsigned
...03:07:22.685 [warning] CommitStore: local write DENIED by trust gate (enforce) doc_uuid=6dde82e6-4601-48a5-9389-f7a4c97cd57c commit_id=d6651e430edb581105749fc6ce9468cc3df511f17ae93bc8cfe7f24665d27aa4 reason=:unsigned
...03:07:22.755 [warning] CommitStore: local write DENIED by trust gate (enforce) doc_uuid=e60a93f3-5a1c-40dd-b7bd-cc0676c86815 commit_id=722cc71081a89a8369bc8c184493ff9886bdd49513aedeef0ef183191f005e70 reason=:capability_insufficient
.03:07:22.768 [warning] CommitStore: local write DENIED by trust gate (enforce) doc_uuid=2349738c-c92e-4ae0-9cf2-3672ba16c6a0 commit_id=35383be54b8d60a3daf137cfa1c6973dcb8a36cd557c7400443e45fec595e5e4 reason=:unsigned
..03:07:22.785 [warning] CommitStore: local write would be DENIED by trust gate (dry_run — write still lands) doc_uuid=76fd0c4c-b36f-4d8f-bbb9-a5fdfb54a8cc commit_id=50b323d1b95894d4bcd85d0f1c31d6d17c717568b776668607f75a79436efba5 reason=:unsigned
..
[k20z fresh] run_safe_verb => {:ok, :ok}
[k20z fresh] get_room after sandbox open_exit => {:ok, %Commonplace.MUD.Schemas.Room{name: "The Puzzle Chamber", description: "a place", exits: %{"north" => "bce5c5ac-573a-4a35-8b06-ce51e11
.
[k20z FIXTURE] get_room after write_meta_doc => {:ok, %Commonplace.MUD.Schemas.Room{name: "The Start Room", description: "A snug antechamber of fitted grey stone, worn 
..
[k20z accum] first corrupting write = nil (nil = survived all 30)
.
[k20z empty-initial] get_room after refill => {:ok, %Commonplace.MUD.Schemas.Room{name: "The Start Room", description: "A snug antechamber — worn smooth — the threshold.", exits: %{"nort
.
[k20z minimal] get_room after 2nd funnel write => {:ok, %Commonplace.MUD.Schemas.Room{name: "Seeded", description: "d2", exits: %{"north" => "a89272ad-4744-40c7-ad28-196f1d92605f", "south" =
.03:07:23.597 [error] local node self-trust was not added: node signing public-key artifact is absent — continuing with configured trusted identities
..03:07:23.608 [error] local node self-trust was not added: node signing public-key artifact is absent — continuing with configured trusted identities
..CAPTURE_RATE idle %{failed: 0, boot_id: "951f61af57a70238", emitted: 0, guarded: 0, offered: 0, upstream_loss: 0, pre_dispatcher_emitted: 0, recorded: 0, shed: 0, queued: 0, in_flight: 0, capture_rate: :not_applicable}
.03:07:23.626 [warning] CommitStore: local write DENIED by trust gate (enforce) doc_uuid=27131b64-0ee3-43f7-811d-dcef2d49e953 commit_id=06f41cc07454af4d21710a646426e485f56ca9ec487096847aad9c70c4d02def reason=:unsigned
03:07:23.627 [warning] CommitStore: local write DENIED by trust gate (enforce) doc_uuid=dea635d9-78dc-4c79-adb1-9a25dd46a853 commit_id=149b7c2167076664faf15fea2896a96cc4a0f47a7c46b35e04bb8c9f1a7741df reason=:unsigned
03:07:23.627 [warning] CommitStore: local write DENIED by trust gate (enforce) doc_uuid=5ce5a9f9-bd01-47fc-889c-09514db41654 commit_id=52d1765cb319b4b08cd4bdf9ef9135ac3b033c8321c933d25a1c6cdd8a2fe607 reason=:unsigned
03:07:23.627 [warning] CommitStore: local write DENIED by trust gate (enforce) doc_uuid=0c7150b8-36ca-4a12-bc0d-32508f5be026 commit_id=7501904f6f8b46e652170d37db33d380342542cc66f1cb9c1342a71b63ed3316 reason=:unsigned
03:07:23.628 [warning] CommitStore: local write DENIED by trust gate (enforce) doc_uuid=31371882-a26d-41dc-adb1-ae6e4cb01026 commit_id=d711fabadf4c1e296d66bb9f199760b6e0e786970bb68711d60f1bc04da12719 reason=:unsigned
03:07:23.628 [warning] CommitStore: local write DENIED by trust gate (enforce) doc_uuid=f2817b2a-15f4-4b7f-975c-fd34f7810e00 commit_id=8b69df357c839cee74f47743d1f8ffca16f246acd36324a957c1f848f4b8fbf5 reason=:unsigned
03:07:23.629 [warning] CommitStore: local write DENIED by trust gate (enforce) doc_uuid=b0e7f8c7-5b17-4ca6-9a9f-c868ed00a346 commit_id=01f22d0673079884e7a59820844c50e5ddfd1b63201a66d267d324901ac0400d reason=:unsigned
CAPTURE_RATE handler_detached %{failed: 0, boot_id: "951f61af57a70238", emitted: 7, guarded: 0, offered: 0, upstream_loss: 7, pre_dispatcher_emitted: 0, recorded: 0, shed: 0, queued: 0, in_flight: 0, capture_rate: 0.0}
..03:07:23.662 [warning] CommitStore: local write DENIED by trust gate (enforce) doc_uuid=38f355fb-5e2a-493c-9976-8403c7f9e1d0 commit_id=4a4a335982234b84bf6653e324cf7dc776a851a5ce5baba6dba0366ba15f3992 reason=:unsigned
03:07:23.662 [warning] CommitStore: local write DENIED by trust gate (enforce) doc_uuid=7daf89e3-600c-4120-8b88-657a65f85fe5 commit_id=aa4d4a7bd081eff405c7a8df061e8dee2f67c8109d3bc848f37efbe1403991b2 reason=:unsigned
03:07:23.663 [warning] CommitStore: local write DENIED by trust gate (enforce) doc_uuid=90d511fe-5004-4ec2-8d35-28e7152e9609 commit_id=deb50728094cdc1601931a008d7f27bdae0904083ca93a96c8833964166f565a reason=:unsigned
03:07:23.663 [warning] CommitStore: local write DENIED by trust gate (enforce) doc_uuid=2e029657-76e1-4a78-b823-e0a8e44eb24d commit_id=1badb68e674cecb2312652f83f8b058f0569b639a0c152a9bf5049b8abf81d25 reason=:unsigned
CAPTURE_RATE late_dispatcher %{failed: 0, boot_id: "951f61af57a70238", emitted: 50, guarded: 0, offered: 0, upstream_loss: 0, pre_dispatcher_emitted: 50, recorded: 0, shed: 0, queued: 0, in_flight: 0, capture_rate: :not_applicable}
.03:07:23.669 [warning] CommitStore: local write DENIED by trust gate (enforce) doc_uuid=1f30a12a-0ee1-44ec-a532-3744f658b516 commit_id=dab1c53e57a2e1bf6eb043825636ad89f602397ef3e7f175e0796be6032fff3f reason=:unsigned
03:07:23.670 [warning] CommitStore: local write DENIED by trust gate (enforce) doc_uuid=c36ed19e-5c71-4741-ac70-955e955129f6 commit_id=12b77f15c63933c49deced994b97a1103f4d3586d9cb89407011f82107e9ae35 reason=:unsigned
03:07:23.670 [warning] CommitStore: local write DENIED by trust gate (enforce) doc_uuid=292a0c49-6406-4338-a97f-39a068e43e73 commit_id=0507239d06399dfe1e499aa5f8651d1a27c1b10201f9d69bc710fec938c1c39f reason=:unsigned
03:07:23.671 [warning] CommitStore: local write DENIED by trust gate (enforce) doc_uuid=13efb146-b65c-480a-80f2-512f1a7a5f91 commit_id=026de9a9c30435744f2103679fe8fa80190cb023905777c053326c80b11c96e1 reason=:unsigned
03:07:23.671 [warning] CommitStore: local write DENIED by trust gate (enforce) doc_uuid=02dd9420-9d2f-43a9-b2bb-2e9d1dbbd5b2 commit_id=0fcb81fc2f67761f66d862a0155c1ad741a734dee1b85f35c41b7cfa2833dd26 reason=:unsigned
03:07:23.671 [warning] CommitStore: local write DENIED by trust gate (enforce) doc_uuid=aa685787-6028-43da-9291-5f32138bf4fa commit_id=cf7d120ef5321a0224ad143be6f50f62aa7637e92f5079d13f29eadb39b3b96c reason=:unsigned
03:07:23.672 [warning] CommitStore: local write DENIED by trust gate (enforce) doc_uuid=3d91bf5d-37d6-4d9c-8a52-0e87c8b23e18 commit_id=0118e349fb5ae51b810d7340c20c3dd55fb505f7af9efae53cbac7c3d24a5742 reason=:unsigned
03:07:23.672 [warning] CommitStore: local write DENIED by trust gate (enforce) doc_uuid=0177e465-0d44-4d9f-a9de-d029d569e592 commit_id=d2a40d881c48bf7ee99b1aa5098af5a57a48f514482a599ea62c5e1110bcdaa6 reason=:unsigned
03:07:23.672 [warning] CommitStore: local write DENIED by trust gate (enforce) doc_uuid=b2315b21-ec8b-4cf7-9dcb-1c6061c68cd1 commit_id=7e0de639a611ec0cd0cf677db5837ce4579f8f9500c378d2573255beb28cd4d2 reason=:unsigned
03:07:23.673 [warning] CommitStore: local write DENIED by trust gate (enforce) doc_uuid=85c5997d-b6ce-4ac4-b897-2cdcbf7e4f2a commit_id=a7518e61ae4e74e4980bf99912be0336727dc96eba7b4f8b22f7e7a91bd9f269 reason=:unsigned
03:07:23.673 [warning] CommitStore: local write DENIED by trust gate (enforce) doc_uuid=87629fe3-8a19-41dd-888c-a84703c095e1 commit_id=430e6582a1c7e4be98994da8df7aa88259158de23a7316f69cbf39d9eb55a340 reason=:unsigned
03:07:23.674 [warning] CommitStore: local write DENIED by trust gate (enforce) doc_uuid=1cc7711e-7ce6-46a0-a609-9094797a37be commit_id=b029be9ed037941d04b18601ebd6ae875528d79e6d9ebc47df03907518dc5817 reason=:unsigned
03:07:23.674 [warning] CommitStore: local write DENIED by trust gate (enforce) doc_uuid=b80caefb-b31b-4220-a871-bfebe26d1f63 commit_id=2db7b43aaa2a52080ea9203717f209ed91a37200ccd730b1e5e97c58e5a6b08f reason=:unsigned
03:07:23.674 [warning] CommitStore: local write DENIED by trust gate (enforce) doc_uuid=a836600b-4dc9-40ee-85ce-e98659df78f4 commit_id=2f8e09488252f185b83c457992c834352d3719edd459a8736637d91fcf1d8b15 reason=:unsigned
03:07:23.675 [warning] CommitStore: local write DENIED by trust gate (enforce) doc_uuid=422fba75-20de-4657-be26-002a4a9ab344 commit_id=ba9f3cd5bcaf64ea12d3ca570e3f80850cff1e2149500de6582935fac867ae23 reason=:unsigned
03:07:23.675 [warning] CommitStore: local write DENIED by trust gate (enforce) doc_uuid=57674ce5-78e0-453d-b538-103757034d79 commit_id=8f895482088b16779cc542a20eae72ce8a4c3de157b3bbe7f595dec4c0247bab reason=:unsigned
03:07:23.675 [warning] CommitStore: local write DENIED by trust gate (enforce) doc_uuid=68802b9f-a8d8-4c3a-98ed-4e71d1638d56 commit_id=ec859165fd984a8e18e04c8ea4ba47d696484a2bbb54707d0cfdfeb15397d1d9 reason=:unsigned
03:07:23.676 [warning] CommitStore: local write DENIED by trust gate (enforce) doc_uuid=2a0d7238-3154-455f-b43a-61548e64558d commit_id=e9c67d3442a0c67ba6ccc35e59025a183fdb24131e1b11b2eda02834c5b40d44 reason=:unsigned
03:07:23.676 [warning] CommitStore: local write DENIED by trust gate (enforce) doc_uuid=060bb648-7f55-4756-aa1c-a328ca009638 commit_id=0e38879bc01ea117e8b0b4bd0a9cb8ec9fd3196bae65e305fd1e8bb9f1e62fb2 reason=:unsigned
03:07:23.676 [warning] CommitStore: local write DENIED by trust gate (enforce) doc_uuid=7835d9cb-3c6c-45d9-9414-4474a7e9ac3d commit_id=21c8df57753e8a1ad1623c393fdc6e1f2e3c8825ccc25e0211f59ab032cfcd61 reason=:unsigned
03:07:23.677 [warning] CommitStore: local write DENIED by trust gate (enforce) doc_uuid=4c92d419-2fdd-489d-a7a9-b0de4d5235c1 commit_id=39340bb24d4f66ef3edb580e1a75a62dc4e6397e379412528bc9bcfdf5b434d9 reason=:unsigned
03:07:23.677 [warning] CommitStore: local write DENIED by trust gate (enforce) doc_uuid=79671a83-adde-4691-9d23-11416ad6258d commit_id=be7ab5ac0c9f7cede997e061adc523480b292416b5b20de0e9d6dc6a4aa5ec37 reason=:unsigned
03:07:23.677 [warning] CommitStore: local write DENIED by trust gate (enforce) doc_uuid=97e2d43a-95a7-40ec-b7d1-fd892850013b commit_id=a06236970ed130088b22a974ad96dbbc0ba21932d73cea58b2b6faeebdb106b6 reason=:unsigned
03:07:23.678 [warning] CommitStore: local write DENIED by trust gate (enforce) doc_uuid=11055c11-37ba-4444-bbd4-de65a4687fbb commit_id=0e13ced9a70e490025639900965c74b700fca262e564c436d2afface86eff652 reason=:unsigned
03:07:23.678 [warning] CommitStore: local write DENIED by trust gate (enforce) doc_uuid=2044dd68-c5cb-4def-a50a-68290b28c180 commit_id=93b7e1e54c73e7c38712019358d5da9ad09a050cb1a373e4ee761b5ffddf6834 reason=:unsigned
CAPTURE_RATE rate_limited %{failed: 0, boot_id: "951f61af57a70238", emitted: 25, guarded: 0, offered: 20, upstream_loss: 5, pre_dispatcher_emitted: 0, recorded: 20, shed: 0, queued: 0, in_flight: 0, capture_rate: 0.8}
.03:07:23.691 [warning] CommitStore: local write DENIED by trust gate (enforce) doc_uuid=906f30af-373d-4150-a6a2-a7d5387cc652 commit_id=395a00f6794894d7a02fb12b22ae71726a3cd567ae93e98927a11ddf755b68b3 reason=:unsigned
03:07:23.691 [warning] CommitStore: local write DENIED by trust gate (enforce) doc_uuid=e0abb58c-e132-4852-b47e-fc94efdcb140 commit_id=93d2d15b48e8fc6267c2e67584fd33aefae58719d5c0642399bd28e0be402ee9 reason=:unsigned
03:07:23.692 [warning] CommitStore: local write DENIED by trust gate (enforce) doc_uuid=49415381-25a1-4290-8112-63e0ba2ed178 commit_id=5a9ae791be6adb7064ed224a0e1dbcfebc48ac7ce050dab4335c6ad51d356142 reason=:unsigned
CAPTURE_RATE normal %{failed: 0, boot_id: "951f61af57a70238", emitted: 3, guarded: 0, offered: 3, upstream_loss: 0, pre_dispatcher_emitted: 0, recorded: 3, shed: 0, queued: 0, in_flight: 0, capture_rate: 1.0}
.03:07:23.713 [warning] CommitStore: local write DENIED by trust gate (enforce) doc_uuid=6c818fd8-e8c7-4628-9212-f99c11a22e50 commit_id=ae265807c05bfbd277febd1ff84eea4913aa89574c5bd4caefb13f5ed4bbf470 reason=:unsigned
CAPTURE_RATE two_populations %{error: :cross_population_counters, failed: 0, boot_id: "951f61af57a70238", emitted: 1, guarded: 0, offered: 2, pre_dispatcher_emitted: 0, recorded: 2, shed: 0, queued: 0, in_flight: 0, note: "emitted counts local_write denials only; offered counts all audited events"}
.03:07:23.885 [warning] EngineModule :look ("100ca11b-1004-4e55-9f66-a07788990011") fell back to last-good/floor: {:compile, :not_found}
03:07:23.887 [warning] EngineModule :parser ("aa11bb22-cc33-4d44-8e55-ff6677889900") fell back to last-good/floor: {:compile, :not_found}
03:07:23.905 [warning] EngineModule :look ("100ca11b-1004-4e55-9f66-a07788990011") fell back to last-good/floor: {:compile, :not_found}
03:07:23.908 [warning] EngineModule :parser ("aa11bb22-cc33-4d44-8e55-ff6677889900") fell back to last-good/floor: {:compile, :not_found}
03:07:23.914 [warning] CommitStore: local write DENIED by trust gate (enforce) doc_uuid=3438a185-2c59-4f8d-9b45-0b6e3182be6b commit_id=37c1f4858f8654ffeeeded653a0b254bc403d3d1a5efca09fd21e6b6b7cfbb4c reason={:untrusted_signer, "0baa9766-d1fa-435e-8524-09913074748c"}
03:07:23.923 [warning] CommitStore: local write DENIED by trust gate (enforce) doc_uuid=d16849d4-aea7-4f98-b9f9-6d125925bcdd commit_id=789e301a0e7f614547d1670c0779ede1aa78cab1e80a74ea8359ed6c0dcdfba3 reason={:untrusted_signer, "0baa9766-d1fa-435e-8524-09913074748c"}
.03:07:24.098 [warning] EngineModule :look ("100ca11b-1004-4e55-9f66-a07788990011") fell back to last-good/floor: {:compile, :not_found}
03:07:24.100 [warning] EngineModule :parser ("aa11bb22-cc33-4d44-8e55-ff6677889900") fell back to last-good/floor: {:compile, :not_found}
03:07:24.107 [warning] CommitStore: local write DENIED by trust gate (enforce) doc_uuid=3cf7bbef-6146-4f45-a9b6-d69652e9c1b0 commit_id=ff49bead61ae82b0cae68f57556766a3fbdfaad14dddb1fcb37adead506d98c0 reason={:untrusted_signer, "b181bad4-d7fe-4049-b857-7257b710dab6"}
.03:07:25.332 [warning] EngineModule :look ("100ca11b-1004-4e55-9f66-a07788990011") fell back to last-good/floor: {:compile, :not_found}
03:07:25.352 [warning] EngineModule :parser ("aa11bb22-cc33-4d44-8e55-ff6677889900") fell back to last-good/floor: {:compile, :not_found}
03:07:25.358 [warning] EngineModule :go ("1a2b3c4d-5e6f-4a7b-8c9d-0e1f2a3b4c5d") fell back to last-good/floor: {:compile, :not_found}
03:07:25.425 [warning] CommitStore: local write DENIED by trust gate (enforce) doc_uuid=9f69b5d7-c141-4fae-9a85-0e2fc8ca2e69 commit_id=132e14f5081fb1e60748568107bd1af08acb7765681ef526992de89e61bef72f reason={:untrusted_signer, "2251ac69-8f22-49ba-aba8-acf09bbd71aa"}
03:07:25.470 [warning] EngineModule :parser ("aa11bb22-cc33-4d44-8e55-ff6677889900") fell back to last-good/floor: {:compile, :not_found}
03:07:25.474 [warning] EngineModule :go ("1a2b3c4d-5e6f-4a7b-8c9d-0e1f2a3b4c5d") fell back to last-good/floor: {:compile, :not_found}
03:07:25.501 [warning] CommitStore: local write DENIED by trust gate (enforce) doc_uuid=74a1bf46-3844-45ce-ac35-292737e4289c commit_id=6bde311fa28a9cef0a824a06ed2d05bb9ed45b0028b6521cd407526f35ca4289 reason={:untrusted_signer, "2251ac69-8f22-49ba-aba8-acf09bbd71aa"}
.....................03:07:34.828 [warning] EngineModule :look (nil) fell back to last-good/floor: {:runtime_crash, Commonplace.MUD.EngineLook, {:rescue, %FunctionClauseError{module: Commonplace.MUD.EngineLook, function: :run, arity: 2, kind: nil, args: nil, clauses: nil}}}
..03:07:41.531 [warning] EngineModule :look ("100ca11b-1004-4e55-9f66-a07788990011") fell back to last-good/floor: {:compile, {:compile_error, "line 1: cannot define module Commonplace.MUD.EngineLook because it is currently being defined in docref:/100ca11b-1004-4e55-9f66-a07788990011:1"}}
..03:07:43.709 [warning] EngineModule :look (nil) fell back to last-good/floor: {:runtime_crash, Commonplace.MUD.EngineLook, {:rescue, %FunctionClauseError{module: Commonplace.MUD.EngineLook, function: :run, arity: 2, kind: nil, args: nil, clauses: nil}}}
.03:07:44.745 [warning] EngineModule :look (nil) fell back to last-good/floor: {:runtime_crash, Commonplace.MUD.EngineLook, {:rescue, %FunctionClauseError{module: Commonplace.MUD.EngineLook, function: :run, arity: 2, kind: nil, args: nil, clauses: nil}}}
..03:07:46.736 [warning] EngineModule :look (nil) fell back to last-good/floor: {:runtime_crash, Commonplace.MUD.EngineLook, {:rescue, %FunctionClauseError{module: Commonplace.MUD.EngineLook, function: :run, arity: 2, kind: nil, args: nil, clauses: nil}}}
.03:07:47.374 [warning] EngineModule :look (nil) fell back to last-good/floor: {:runtime_crash, Commonplace.MUD.EngineLook, {:rescue, %FunctionClauseError{module: Commonplace.MUD.EngineLook, function: :run, arity: 2, kind: nil, args: nil, clauses: nil}}}
03:07:47.715 [warning] EngineModule :look (nil) fell back to last-good/floor: {:runtime_crash, Commonplace.MUD.EngineLook, {:rescue, %FunctionClauseError{module: Commonplace.MUD.EngineLook, function: :run, arity: 2, kind: nil, args: nil, clauses: nil}}}
03:07:47.805 [warning] EngineModule :look (nil) fell back to last-good/floor: {:runtime_crash, Commonplace.MUD.EngineLook, {:rescue, %FunctionClauseError{module: Commonplace.MUD.EngineLook, function: :run, arity: 2, kind: nil, args: nil, clauses: nil}}}
.03:07:48.925 [warning] EngineModule :look (nil) fell back to last-good/floor: {:runtime_crash, Commonplace.MUD.EngineLook, {:rescue, %FunctionClauseError{module: Commonplace.MUD.EngineLook, function: :run, arity: 2, kind: nil, args: nil, clauses: nil}}}
....................................................................03:07:51.390 [warning] CommitStore: local write DENIED by trust gate (enforce) doc_uuid=cdc403e0-7fe5-4b97-8245-d9027faef203 commit_id=3e17eb9d415cffcc229c37c345f914012decd99851a2b0c4a0683cc6388ae495 reason={:untrusted_signer, "visitor-mallory-81812069"}
.03:07:51.408 [warning] Commonplace.Trust.AuditDispatcher: SHED a denial audit record (disabled) — this node's denial audit trail is now known-incomplete. shed_total=1 queue=0/256 record=%{"doc_uuid" => "doc-1", "event" => "test.denial", "reason" => ":unsigned"}
....03:07:51.476 [warning] Commonplace.Trust.AuditDispatcher: SHED a denial audit record (queue_full) — this node's denial audit trail is now known-incomplete. shed_total=1 queue=2/2 record=%{"doc_uuid" => "doc-3", "event" => "test.denial", "reason" => ":unsigned"}
..03:07:51.517 [warning] Commonplace.Trust.AuditDispatcher: SHED a denial audit record (queue_full) — this node's denial audit trail is now known-incomplete. shed_total=1 queue=5/5 record=%{"doc_uuid" => "doc-6", "event" => "test.denial", "reason" => ":unsigned"}
03:07:51.517 [warning] Commonplace.Trust.AuditDispatcher: SHED a denial audit record (queue_full) — this node's denial audit trail is now known-incomplete. shed_total=10 queue=5/5 record=%{"doc_uuid" => "doc-15", "event" => "test.denial", "reason" => ":unsigned"}
03:07:51.517 [warning] Commonplace.Trust.AuditDispatcher: SHED a denial audit record (queue_full) — this node's denial audit trail is now known-incomplete. shed_total=20 queue=5/5 record=%{"doc_uuid" => "doc-25", "event" => "test.denial", "reason" => ":unsigned"}
03:07:51.517 [warning] Commonplace.Trust.AuditDispatcher: SHED a denial audit record (queue_full) — this node's denial audit trail is now known-incomplete. shed_total=30 queue=5/5 record=%{"doc_uuid" => "doc-35", "event" => "test.denial", "reason" => ":unsigned"}
03:07:51.517 [warning] Commonplace.Trust.AuditDispatcher: SHED a denial audit record (queue_full) — this node's denial audit trail is now known-incomplete. shed_total=40 queue=5/5 record=%{"doc_uuid" => "doc-45", "event" => "test.denial", "reason" => ":unsigned"}
..........03:07:51.861 [error] local node self-trust was not added: node signing public-key artifact is absent — continuing with configured trusted identities
.03:07:51.952 [error] local node self-trust was not added: node signing public-key artifact is absent — continuing with configured trusted identities
.03:07:51.988 [error] local node self-trust was not added: node signing public-key artifact is absent — continuing with configured trusted identities
.03:07:52.040 [error] local node self-trust was not added: node signing public-key artifact is absent — continuing with configured trusted identities
.03:07:52.098 [warning] flock failed on /tmp/cp_int_work_155678/checkout_lifecycle/config.txt: :enoent, proceeding without lock
03:07:52.100 [warning] flock failed on /tmp/cp_int_work_155678/checkout_lifecycle/config.txt: :enoent, proceeding without lock
03:07:52.105 [warning] flock failed on /tmp/cp_int_work_155678/checkout_lifecycle/readme.md: :enoent, proceeding without lock
03:07:52.106 [warning] flock failed on /tmp/cp_int_work_155678/checkout_lifecycle/readme.md: :enoent, proceeding without lock
.03:07:52.133 [warning] flock failed on /tmp/cp_int_work_497932/standalone.txt: :enoent, proceeding without lock
03:07:52.134 [warning] flock failed on /tmp/cp_int_work_497932/standalone.txt: :enoent, proceeding without lock
.03:07:52.150 [warning] flock failed on /tmp/cp_int_work_904170/checkout_a/shared.txt: :enoent, proceeding without lock
03:07:52.150 [warning] flock failed on /tmp/cp_int_work_904170/checkout_a/shared.txt: :enoent, proceeding without lock
03:07:52.154 [warning] flock failed on /tmp/cp_int_work_904170/checkout_b/shared.txt: :enoent, proceeding without lock
03:07:52.154 [warning] flock failed on /tmp/cp_int_work_904170/checkout_b/shared.txt: :enoent, proceeding without lock
.03:07:52.179 [warning] flock failed on /tmp/cp_int_work_982157/checkout_reroot/a.txt: :enoent, proceeding without lock
03:07:52.180 [warning] flock failed on /tmp/cp_int_work_982157/checkout_reroot/a.txt: :enoent, proceeding without lock
03:07:52.184 [warning] flock failed on /tmp/cp_int_work_982157/checkout_reroot/b.txt: :enoent, proceeding without lock
03:07:52.185 [warning] flock failed on /tmp/cp_int_work_982157/checkout_reroot/b.txt: :enoent, proceeding without lock
.03:07:52.201 [error] local node self-trust was not added: node signing public-key artifact is absent — continuing with configured trusted identities
03:07:52.203 [error] local node self-trust was not added: node signing public-key artifact is absent — continuing with configured trusted identities
03:07:52.206 [error] local node self-trust was not added: node signing public-key artifact is absent — continuing with configured trusted identities
.03:07:52.222 [error] local node self-trust was not added: node signing public-key artifact is absent — continuing with configured trusted identities
03:07:52.224 [error] local node self-trust was not added: node signing public-key artifact is absent — continuing with configured trusted identities
03:07:52.226 [error] local node self-trust was not added: node signing public-key artifact is absent — continuing with configured trusted identities
.03:07:52.237 [error] local node self-trust was not added: node signing public-key artifact is absent — continuing with configured trusted identities
03:07:52.239 [error] local node self-trust was not added: node signing public-key artifact is absent — continuing with configured trusted identities
03:07:52.242 [error] local node self-trust was not added: node signing public-key artifact is absent — continuing with configured trusted identities
03:07:52.244 [error] local node self-trust was not added: node signing public-key artifact is absent — continuing with configured trusted identities
03:07:52.246 [error] local node self-trust was not added: node signing public-key artifact is absent — continuing with configured trusted identities
.03:07:52.260 [error] local node self-trust was not added: node signing public-key artifact is absent — continuing with configured trusted identities
03:07:52.262 [error] local node self-trust was not added: node signing public-key artifact is absent — continuing with configured trusted identities
03:07:52.265 [error] local node self-trust was not added: node signing public-key artifact is absent — continuing with configured trusted identities
03:07:52.267 [error] local node self-trust was not added: node signing public-key artifact is absent — continuing with configured trusted identities
03:07:52.270 [error] local node self-trust was not added: node signing public-key artifact is absent — continuing with configured trusted identities
03:07:52.273 [error] local node self-trust was not added: node signing public-key artifact is absent — continuing with configured trusted identities
03:07:52.276 [error] local node self-trust was not added: node signing public-key artifact is absent — continuing with configured trusted identities
03:07:52.279 [error] local node self-trust was not added: node signing public-key artifact is absent — continuing with configured trusted identities
03:07:52.282 [error] local node self-trust was not added: node signing public-key artifact is absent — continuing with configured trusted identities
03:07:52.286 [error] local node self-trust was not added: node signing public-key artifact is absent — continuing with configured trusted identities
03:07:52.289 [error] local node self-trust was not added: node signing public-key artifact is absent — continuing with configured trusted identities
03:07:52.292 [error] local node self-trust was not added: node signing public-key artifact is absent — continuing with configured trusted identities
03:07:52.295 [error] local node self-trust was not added: node signing public-key artifact is absent — continuing with configured trusted identities
.03:07:52.314 [error] local node self-trust was not added: node signing public-key artifact is absent — continuing with configured trusted identities
03:07:52.317 [error] local node self-trust was not added: node signing public-key artifact is absent — continuing with configured trusted identities
03:07:52.320 [error] local node self-trust was not added: node signing public-key artifact is absent — continuing with configured trusted identities
03:07:52.322 [error] local node self-trust was not added: node signing public-key artifact is absent — continuing with configured trusted identities
03:07:52.325 [error] local node self-trust was not added: node signing public-key artifact is absent — continuing with configured trusted identities
03:07:52.328 [error] local node self-trust was not added: node signing public-key artifact is absent — continuing with configured trusted identities
03:07:52.331 [error] local node self-trust was not added: node signing public-key artifact is absent — continuing with configured trusted identities
03:07:52.333 [error] local node self-trust was not added: node signing public-key artifact is absent — continuing with configured trusted identities
03:07:52.336 [error] local node self-trust was not added: node signing public-key artifact is absent — continuing with configured trusted identities
.03:07:52.351 [error] local node self-trust was not added: node signing public-key artifact is absent — continuing with configured trusted identities
03:07:52.353 [error] local node self-trust was not added: node signing public-key artifact is absent — continuing with configured trusted identities
03:07:52.355 [error] local node self-trust was not added: node signing public-key artifact is absent — continuing with configured trusted identities
.03:07:52.367 [error] local node self-trust was not added: node signing public-key artifact is absent — continuing with configured trusted identities
03:07:52.370 [error] local node self-trust was not added: node signing public-key artifact is absent — continuing with configured trusted identities
03:07:52.372 [error] local node self-trust was not added: node signing public-key artifact is absent — continuing with configured trusted identities
03:07:52.375 [error] local node self-trust was not added: node signing public-key artifact is absent — continuing with configured trusted identities
03:07:52.378 [error] local node self-trust was not added: node signing public-key artifact is absent — continuing with configured trusted identities
03:07:52.381 [error] local node self-trust was not added: node signing public-key artifact is absent — continuing with configured trusted identities
03:07:52.384 [error] local node self-trust was not added: node signing public-key artifact is absent — continuing with configured trusted identities
03:07:52.387 [error] local node self-trust was not added: node signing public-key artifact is absent — continuing with configured trusted identities
03:07:52.390 [error] local node self-trust was not added: node signing public-key artifact is absent — continuing with configured trusted identities
.03:07:52.403 [error] local node self-trust was not added: node signing public-key artifact is absent — continuing with configured trusted identities
03:07:52.406 [error] local node self-trust was not added: node signing public-key artifact is absent — continuing with configured trusted identities
03:07:52.409 [error] local node self-trust was not added: node signing public-key artifact is absent — continuing with configured trusted identities
03:07:52.411 [error] local node self-trust was not added: node signing public-key artifact is absent — continuing with configured trusted identities
03:07:52.414 [error] local node self-trust was not added: node signing public-key artifact is absent — continuing with configured trusted identities
.03:07:52.426 [error] local node self-trust was not added: node signing public-key artifact is absent — continuing with configured trusted identities
.03:07:52.438 [error] local node self-trust was not added: node signing public-key artifact is absent — continuing with configured trusted identities
03:07:52.441 [error] local node self-trust was not added: node signing public-key artifact is absent — continuing with configured trusted identities
03:07:52.444 [error] local node self-trust was not added: node signing public-key artifact is absent — continuing with configured trusted identities
.03:07:52.456 [error] local node self-trust was not added: node signing public-key artifact is absent — continuing with configured trusted identities
03:07:52.459 [error] local node self-trust was not added: node signing public-key artifact is absent — continuing with configured trusted identities
03:07:52.462 [error] local node self-trust was not added: node signing public-key artifact is absent — continuing with configured trusted identities
.03:07:52.474 [error] local node self-trust was not added: node signing public-key artifact is absent — continuing with configured trusted identities
03:07:52.477 [error] local node self-trust was not added: node signing public-key artifact is absent — continuing with configured trusted identities
03:07:52.479 [error] local node self-trust was not added: node signing public-key artifact is absent — continuing with configured trusted identities
03:07:52.482 [error] local node self-trust was not added: node signing public-key artifact is absent — continuing with configured trusted identities
03:07:52.484 [error] local node self-trust was not added: node signing public-key artifact is absent — continuing with configured trusted identities
.................03:07:52.965 [error] local node self-trust was not added: node signing public-key artifact is absent — continuing with configured trusted identities
.03:07:52.992 [error] local node self-trust was not added: node signing public-key artifact is absent — continuing with configured trusted identities
.03:07:53.117 [warning] CommitStore: non-system-kind commit (kind=:regular) reached prebuilt_cas unsigned-context CAS path — this path is meant only for node-signed system commits (doc_uuid=cas-291371)
.........................03:07:54.201 [error] ViewCompute nil: compute exceeded 150ms — killing
.03:07:54.221 [error] ViewCompute "230bdd0d-839c-4033-8ec6-c68b5a0f2e11": recompute rate fuse tripped (>3 recomputes / 1000ms) — likely a reactive cycle. Halting recomputes; restart the view after breaking the loop.
.03:07:54.379 [error] local node self-trust was not added: node signing public-key artifact is absent — continuing with configured trusted identities
03:07:54.380 [warning] CommitStore: local write would be DENIED by trust gate (dry_run — write still lands) doc_uuid=c1f2e282-a914-4b21-9dc1-c15ebefeaedb commit_id=6c30cf197d23525825114612e2d50151738a8497577c9e00c343514d31f82527 reason=:unsigned
03:07:54.382 [error] local node self-trust was not added: node signing public-key artifact is absent — continuing with configured trusted identities
03:07:54.382 [warning] CommitStore: local write would be DENIED by trust gate (dry_run — write still lands) doc_uuid=02a701e5-f169-4d28-aab5-61c4fc5f2789 commit_id=dbae2a8c39dbd7e8582cbe801492c7b6f21bd91d943de7ed979f67406e331a31 reason=:unsigned
03:07:54.385 [error] local node self-trust was not added: node signing public-key artifact is absent — continuing with configured trusted identities
03:07:54.385 [warning] CommitStore: local write would be DENIED by trust gate (dry_run — write still lands) doc_uuid=7791fd6f-e5ac-4461-ae0e-a084c4f1b861 commit_id=2258ef3e2eeb739fc0b6650bf94825c23ff825d22a0a1403630e7ed8806136b0 reason=:unsigned
03:07:54.387 [error] local node self-trust was not added: node signing public-key artifact is absent — continuing with configured trusted identities
03:07:54.387 [warning] CommitStore: local write would be DENIED by trust gate (dry_run — write still lands) doc_uuid=de00dda4-8090-4fd8-928e-37f64a648d51 commit_id=b1d5d37f466a1b0771b24c737283954d3ac06ef155af99145497b32c1ce7a669 reason=:unsigned
03:07:54.389 [error] local node self-trust was not added: node signing public-key artifact is absent — continuing with configured trusted identities
03:07:54.389 [warning] CommitStore: local write would be DENIED by trust gate (dry_run — write still lands) doc_uuid=70509171-e559-4382-84a4-2937014b5015 commit_id=66dc8299f199d282829f7b0defdcbd55698c156cbf628b79511239f59f2ab3cd reason=:unsigned
03:07:54.392 [error] local node self-trust was not added: node signing public-key artifact is absent — continuing with configured trusted identities
03:07:54.395 [error] local node self-trust was not added: node signing public-key artifact is absent — continuing with configured trusted identities
03:07:54.447 [error] local node self-trust was not added: node signing public-key artifact is absent — continuing with configured trusted identities
03:07:54.448 [warning] CommitStore: local write would be DENIED by trust gate (dry_run — write still lands) doc_uuid=751c0268-4d40-4ef7-8dfc-5c6b79d713a3 commit_id=cfb85fb953f32665ce774be57b1704258dba7a06b5e54a024cde266b8d7d3687 reason={:untrusted_signer, "b0b22222-0000-0000-0000-354362371586"}
03:07:54.456 [error] local node self-trust was not added: node signing public-key artifact is absent — continuing with configured trusted identities
03:07:54.457 [error] local node self-trust was not added: node signing public-key artifact is absent — continuing with configured trusted identities
03:07:54.458 [warning] EngineModule :look ("751c0268-4d40-4ef7-8dfc-5c6b79d713a3") fell back to last-good/floor: {:authority, {:execution_denied, {:untrusted_contributor, <<207, 184, 95, 185, 83, 243, 38, 101, 206, 119, 75, 229, 123, 23, 4, 37, 141, 186, 122, 6, 181, 229, 74, 2, 76, 222, 38, 107, 141, 125, 54, 135>>, {:untrusted_signer, "b0b22222-0000-0000-0000-354362371586"}}}}
.03:07:54.544 [warning] EngineModule :go (nil) fell back to last-good/floor: {:runtime_crash, Commonplace.MUD.EngineGo, {:rescue, %RuntimeError{message: "boom from a doc-hosted go verb"}}}
.03:07:54.562 [error] local node self-trust was not added: node signing public-key artifact is absent — continuing with configured trusted identities
03:07:54.564 [error] local node self-trust was not added: node signing public-key artifact is absent — continuing with configured trusted identities
03:07:54.570 [warning] EngineModule :parser ("d41f076f-ea4c-4f6e-ad93-8cea6744a895") fell back to last-good/floor: {:compile, {:compile_error, "token missing on docref:/d41f076f-ea4c-4f6e-ad93-8cea6744a895:1:68:\n    error: missing terminator: )\n    │\n  1 │ defmodule Commonplace.MUD.EngineParser do  def parse(  # unbalanced\n    │                                                     │              └ missing closing delimiter (expected \")\")\n    │                                                     └ unclosed delimiter\n    │\n    └─ docref:/d41f076f-ea4c-4f6e-ad93-8cea6744a895:1:68"}}
.03:07:54.582 [error] local node self-trust was not added: node signing public-key artifact is absent — continuing with configured trusted identities
03:07:54.584 [error] local node self-trust was not added: node signing public-key artifact is absent — continuing with configured trusted identities
03:07:54.603 [warning] EngineModule :say (nil) fell back to last-good/floor: {:runtime_crash, Commonplace.MUD.EngineSay, {:rescue, %RuntimeError{message: "boom from a doc-hosted say verb"}}}
.03:07:54.619 [error] local node self-trust was not added: node signing public-key artifact is absent — continuing with configured trusted identities
..03:07:54.841 [error] local node self-trust was not added: node signing public-key artifact is absent — continuing with configured trusted identities
03:07:54.843 [error] local node self-trust was not added: node signing public-key artifact is absent — continuing with configured trusted identities
03:07:54.846 [error] local node self-trust was not added: node signing public-key artifact is absent — continuing with configured trusted identities
03:07:54.848 [error] local node self-trust was not added: node signing public-key artifact is absent — continuing with configured trusted identities
03:07:54.850 [error] local node self-trust was not added: node signing public-key artifact is absent — continuing with configured trusted identities
03:07:54.852 [error] local node self-trust was not added: node signing public-key artifact is absent — continuing with configured trusted identities
03:07:54.855 [error] local node self-trust was not added: node signing public-key artifact is absent — continuing with configured trusted identities
03:07:54.858 [error] local node self-trust was not added: node signing public-key artifact is absent — continuing with configured trusted identities
03:07:54.861 [error] local node self-trust was not added: node signing public-key artifact is absent — continuing with configured trusted identities
03:07:54.864 [error] local node self-trust was not added: node signing public-key artifact is absent — continuing with configured trusted identities
03:07:54.900 [error] local node self-trust was not added: node signing public-key artifact is absent — continuing with configured trusted identities
..03:07:55.173 [warning] EngineModule :home (nil) fell back to last-good/floor: {:runtime_crash, Commonplace.MUD.EngineHome, {:rescue, %RuntimeError{message: "boom from a doc-hosted home verb"}}}
.03:07:55.185 [error] local node self-trust was not added: node signing public-key artifact is absent — continuing with configured trusted identities
03:07:55.188 [error] local node self-trust was not added: node signing public-key artifact is absent — continuing with configured trusted identities
03:07:55.190 [error] local node self-trust was not added: node signing public-key artifact is absent — continuing with configured trusted identities
.03:07:55.255 [error] local node self-trust was not added: node signing public-key artifact is absent — continuing with configured trusted identities
03:07:55.258 [error] local node self-trust was not added: node signing public-key artifact is absent — continuing with configured trusted identities
03:07:55.260 [error] local node self-trust was not added: node signing public-key artifact is absent — continuing with configured trusted identities
03:07:55.263 [error] local node self-trust was not added: node signing public-key artifact is absent — continuing with configured trusted identities
03:07:55.265 [error] local node self-trust was not added: node signing public-key artifact is absent — continuing with configured trusted identities
.03:07:55.361 [error] local node self-trust was not added: node signing public-key artifact is absent — continuing with configured trusted identities
03:07:55.363 [error] local node self-trust was not added: node signing public-key artifact is absent — continuing with configured trusted identities
03:07:55.365 [error] local node self-trust was not added: node signing public-key artifact is absent — continuing with configured trusted identities
03:07:55.367 [error] local node self-trust was not added: node signing public-key artifact is absent — continuing with configured trusted identities
03:07:55.369 [error] local node self-trust was not added: node signing public-key artifact is absent — continuing with configured trusted identities
03:07:55.372 [error] local node self-trust was not added: node signing public-key artifact is absent — continuing with configured trusted identities
.03:07:55.494 [error] local node self-trust was not added: node signing public-key artifact is absent — continuing with configured trusted identities
03:07:55.497 [error] local node self-trust was not added: node signing public-key artifact is absent — continuing with configured trusted identities
03:07:55.500 [error] local node self-trust was not added: node signing public-key artifact is absent — continuing with configured trusted identities
03:07:55.502 [error] local node self-trust was not added: node signing public-key artifact is absent — continuing with configured trusted identities
03:07:55.505 [error] local node self-trust was not added: node signing public-key artifact is absent — continuing with configured trusted identities
03:07:55.509 [error] local node self-trust was not added: node signing public-key artifact is absent — continuing with configured trusted identities
.03:07:55.529 [error] local node self-trust was not added: node signing public-key artifact is absent — continuing with configured trusted identities
03:07:55.531 [error] local node self-trust was not added: node signing public-key artifact is absent — continuing with configured trusted identities
03:07:55.533 [error] local node self-trust was not added: node signing public-key artifact is absent — continuing with configured trusted identities
03:07:55.536 [error] local node self-trust was not added: node signing public-key artifact is absent — continuing with configured trusted identities
03:07:55.538 [error] local node self-trust was not added: node signing public-key artifact is absent — continuing with configured trusted identities
03:07:55.563 [error] local node self-trust was not added: node signing public-key artifact is absent — continuing with configured trusted identities
03:07:55.565 [error] local node self-trust was not added: node signing public-key artifact is absent — continuing with configured trusted identities
03:07:55.568 [error] local node self-trust was not added: node signing public-key artifact is absent — continuing with configured trusted identities
.03:07:55.609 [error] local node self-trust was not added: node signing public-key artifact is absent — continuing with configured trusted identities
03:07:55.613 [error] local node self-trust was not added: node signing public-key artifact is absent — continuing with configured trusted identities
03:07:55.644 [error] local node self-trust was not added: node signing public-key artifact is absent — continuing with configured trusted identities
03:07:55.645 [error] local node self-trust was not added: node signing public-key artifact is absent — continuing with configured trusted identities
03:07:55.645 [error] local node self-trust was not added: node signing public-key artifact is absent — continuing with configured trusted identities
03:07:55.646 [error] local node self-trust was not added: node signing public-key artifact is absent — continuing with configured trusted identities
03:07:55.646 [error] local node self-trust was not added: node signing public-key artifact is absent — continuing with configured trusted identities
..03:07:55.795 [error] local node self-trust was not added: node signing public-key artifact is absent — continuing with configured trusted identities
03:07:55.796 [warning] CommitStore: local write would be DENIED by trust gate (dry_run — write still lands) doc_uuid=4b037a36-61e6-4d27-b94f-3596ba619ebb commit_id=bc60da52f510265d8dafc1b388d131ce6fd28b440c7272c96bc43f98dce660c6 reason=:unsigned
03:07:55.800 [error] local node self-trust was not added: node signing public-key artifact is absent — continuing with configured trusted identities
03:07:55.800 [warning] CommitStore: local write would be DENIED by trust gate (dry_run — write still lands) doc_uuid=3cf95e99-2061-4c84-8594-b8f5901e5bf8 commit_id=426663a74b68974aebf25a4c5e02b5773127195f76ad3f45b518681dcb807ac9 reason=:unsigned
03:07:55.803 [error] local node self-trust was not added: node signing public-key artifact is absent — continuing with configured trusted identities
03:07:55.804 [warning] CommitStore: local write would be DENIED by trust gate (dry_run — write still lands) doc_uuid=af9e8026-b78e-4386-b151-1cbbae462842 commit_id=5a067c3434ceafc809d29acc0aee82cc2e78a03c6f90ce440570e1b33ae24348 reason=:unsigned
03:07:55.807 [error] local node self-trust was not added: node signing public-key artifact is absent — continuing with configured trusted identities
03:07:55.807 [warning] CommitStore: local write would be DENIED by trust gate (dry_run — write still lands) doc_uuid=f086fb28-8fa1-4790-b587-1cb2f8799c3e commit_id=c637cd15aed7348ddc5af25eb5fb33d8772bc113a4a09d475f83337cc1b07a06 reason=:unsigned
03:07:55.811 [error] local node self-trust was not added: node signing public-key artifact is absent — continuing with configured trusted identities
03:07:55.812 [warning] CommitStore: local write would be DENIED by trust gate (dry_run — write still lands) doc_uuid=e29dc44d-07eb-4c3f-826a-419996ee30f3 commit_id=460c1da3ab5e96c1968f96e5f5c7ee1241d02a1729ef8212147e7e8b1c0daa72 reason=:unsigned
03:07:55.815 [error] local node self-trust was not added: node signing public-key artifact is absent — continuing with configured trusted identities
03:07:55.815 [warning] CommitStore: local write would be DENIED by trust gate (dry_run — write still lands) doc_uuid=3cf95e99-2061-4c84-8594-b8f5901e5bf8 commit_id=27069beb6d203191afb1f00cead215bd1359ecf8aeeb1853b97e07bd8ee4e212 reason=:unsigned
03:07:55.820 [error] local node self-trust was not added: node signing public-key artifact is absent — continuing with configured trusted identities
03:07:55.824 [error] local node self-trust was not added: node signing public-key artifact is absent — continuing with configured trusted identities
03:07:55.865 [error] local node self-trust was not added: node signing public-key artifact is absent — continuing with configured trusted identities
03:07:55.866 [warning] CommitStore: local write would be DENIED by trust gate (dry_run — write still lands) doc_uuid=961de64e-50ec-4839-80e0-2740aeafe1fc commit_id=9154761b991d3d056e3a41fad1d4ae9ce568f55455e0b8fc32d8c62fecb6d34f reason={:untrusted_signer, "b0b22222-0000-0000-0000-678564900552"}
03:07:55.869 [error] local node self-trust was not added: node signing public-key artifact is absent — continuing with configured trusted identities
03:07:55.871 [error] local node self-trust was not added: node signing public-key artifact is absent — continuing with configured trusted identities
03:07:55.872 [warning] EngineModule :examine ("961de64e-50ec-4839-80e0-2740aeafe1fc") fell back to last-good/floor: {:authority, {:execution_denied, {:untrusted_contributor, <<145, 84, 118, 27, 153, 29, 61, 5, 110, 58, 65, 250, 209, 212, 174, 156, 229, 104, 245, 84, 85, 224, 184, 252, 50, 216, 198, 47, 236, 182, 211, 79>>, {:untrusted_signer, "b0b22222-0000-0000-0000-678564900552"}}}}
.03:07:55.891 [error] local node self-trust was not added: node signing public-key artifact is absent — continuing with configured trusted identities
03:07:55.894 [error] local node self-trust was not added: node signing public-key artifact is absent — continuing with configured trusted identities
03:07:55.897 [error] local node self-trust was not added: node signing public-key artifact is absent — continuing with configured trusted identities
03:07:55.900 [error] local node self-trust was not added: node signing public-key artifact is absent — continuing with configured trusted identities
03:07:55.902 [error] local node self-trust was not added: node signing public-key artifact is absent — continuing with configured trusted identities
03:07:55.905 [error] local node self-trust was not added: node signing public-key artifact is absent — continuing with configured trusted identities
03:07:55.908 [error] local node self-trust was not added: node signing public-key artifact is absent — continuing with configured trusted identities
03:07:55.958 [error] local node self-trust was not added: node signing public-key artifact is absent — continuing with configured trusted identities
03:07:55.960 [error] local node self-trust was not added: node signing public-key artifact is absent — continuing with configured trusted identities
.03:07:55.971 [error] local node self-trust was not added: node signing public-key artifact is absent — continuing with configured trusted identities
03:07:55.974 [error] local node self-trust was not added: node signing public-key artifact is absent — continuing with configured trusted identities
03:07:55.977 [error] local node self-trust was not added: node signing public-key artifact is absent — continuing with configured trusted identities
03:07:55.981 [error] local node self-trust was not added: node signing public-key artifact is absent — continuing with configured trusted identities
03:07:55.984 [error] local node self-trust was not added: node signing public-key artifact is absent — continuing with configured trusted identities
03:07:55.987 [error] local node self-trust was not added: node signing public-key artifact is absent — continuing with configured trusted identities
03:07:55.989 [error] local node self-trust was not added: node signing public-key artifact is absent — continuing with configured trusted identities
.03:07:56.052 [error] local node self-trust was not added: node signing public-key artifact is absent — continuing with configured trusted identities
03:07:56.052 [warning] CommitStore: local write would be DENIED by trust gate (dry_run — write still lands) doc_uuid=2ccb4250-d676-49d0-a73f-b9fbb44cb981 commit_id=8694f2ab83aa3b5d621b956d0081b71cc1d06f4a4b0037399faccbb9b0ba4f49 reason=:unsigned
03:07:56.055 [error] local node self-trust was not added: node signing public-key artifact is absent — continuing with configured trusted identities
03:07:56.055 [warning] CommitStore: local write would be DENIED by trust gate (dry_run — write still lands) doc_uuid=4d5ab1cd-0238-4adf-b22b-f5f08f825249 commit_id=60281417f4077485bea79dd89a6e6093b002262c15d86f034eeb7c2d1d34f035 reason=:unsigned
03:07:56.058 [error] local node self-trust was not added: node signing public-key artifact is absent — continuing with configured trusted identities
03:07:56.058 [warning] CommitStore: local write would be DENIED by trust gate (dry_run — write still lands) doc_uuid=db9a0932-718a-458e-aa96-0f1f8ec5be19 commit_id=2c59c79d1a37a1c7fe4b226fa0e9930f8039a51724d2148a97c9805142af8dfc reason=:unsigned
03:07:56.060 [error] local node self-trust was not added: node signing public-key artifact is absent — continuing with configured trusted identities
03:07:56.061 [warning] CommitStore: local write would be DENIED by trust gate (dry_run — write still lands) doc_uuid=7d2838f6-7006-4438-bd6c-13290a697fe4 commit_id=940c377b1ee56863f884a14f81e580c3083bb6dfa32a4c0d7f21af7645549735 reason=:unsigned
03:07:56.064 [error] local node self-trust was not added: node signing public-key artifact is absent — continuing with configured trusted identities
03:07:56.064 [warning] CommitStore: local write would be DENIED by trust gate (dry_run — write still lands) doc_uuid=4bdbbbb0-f14a-4a51-a1d0-193267db4517 commit_id=4208335b5d1321cf45c445258c715044d36d2d1bd0520d080067503025a8c1b9 reason=:unsigned
03:07:56.067 [error] local node self-trust was not added: node signing public-key artifact is absent — continuing with configured trusted identities
03:07:56.069 [error] local node self-trust was not added: node signing public-key artifact is absent — continuing with configured trusted identities
03:07:56.122 [error] local node self-trust was not added: node signing public-key artifact is absent — continuing with configured trusted identities
03:07:56.123 [warning] CommitStore: local write would be DENIED by trust gate (dry_run — write still lands) doc_uuid=2c0f03d6-7e5f-45a9-aacb-6b211c93f4ad commit_id=05748ed97a17d387a100c01c1b0d8eef5d94a17577a93c625377a114768414f5 reason={:untrusted_signer, "b0b22222-0000-0000-0000-111636418488"}
03:07:56.126 [error] local node self-trust was not added: node signing public-key artifact is absent — continuing with configured trusted identities
03:07:56.127 [error] local node self-trust was not added: node signing public-key artifact is absent — continuing with configured trusted identities
03:07:56.128 [warning] EngineModule :look ("2c0f03d6-7e5f-45a9-aacb-6b211c93f4ad") fell back to last-good/floor: {:authority, {:execution_denied, {:untrusted_contributor, <<5, 116, 142, 217, 122, 23, 211, 135, 161, 0, 192, 28, 27, 13, 142, 239, 93, 148, 161, 117, 119, 169, 60, 98, 83, 119, 161, 20, 118, 132, 20, 245>>, {:untrusted_signer, "b0b22222-0000-0000-0000-111636418488"}}}}
.03:07:56.158 [warning] CommitStore: local write would be DENIED by trust gate (dry_run — write still lands) doc_uuid=3b210590-7ab0-437c-a511-d44b925cea6e commit_id=eac41d37709fb501ae3405f5097b2d02795ae9b150d8b98648a161e9fd33d805 reason=:unsigned
03:07:56.162 [warning] CommitStore: local write would be DENIED by trust gate (dry_run — write still lands) doc_uuid=cc62a5f7-8fd5-4b96-b86d-0a2fdcc318a5 commit_id=13b7228ce42ecf43917080e949ccca7525fa29c92f1207a0aabdaec7d79dcf22 reason=:unsigned
03:07:56.165 [warning] CommitStore: local write would be DENIED by trust gate (dry_run — write still lands) doc_uuid=8c4e10ae-0ace-4bbe-9111-a57196ac9e62 commit_id=21239c0ff5484a943bb82287fa0da3098e568e6867a86e202a6f579330d66c4f reason=:unsigned
03:07:56.229 [warning] CommitStore: local write would be DENIED by trust gate (dry_run — write still lands) doc_uuid=e57d1f8c-8c18-48a9-a24a-cd5771dcaa23 commit_id=54aba2b701cb036176bd701f0123ab2b216c59b57bbda025f2e019cafefac7a4 reason={:untrusted_signer, "b0b22222-0000-0000-0000-149971848221"}
03:07:56.233 [warning] EngineModule :home ("e57d1f8c-8c18-48a9-a24a-cd5771dcaa23") fell back to last-good/floor: {:authority, {:execution_denied, {:untrusted_contributor, <<84, 171, 162, 183, 1, 203, 3, 97, 118, 189, 112, 31, 1, 35, 171, 43, 33, 108, 89, 181, 123, 189, 160, 37, 242, 224, 25, 202, 254, 250, 199, 164>>, {:untrusted_signer, "b0b22222-0000-0000-0000-149971848221"}}}}
.03:07:56.245 [error] local node self-trust was not added: node signing public-key artifact is absent — continuing with configured trusted identities
03:07:56.249 [error] local node self-trust was not added: node signing public-key artifact is absent — continuing with configured trusted identities
03:07:56.269 [warning] EngineModule :parser (nil) fell back to last-good/floor: {:runtime_crash, Commonplace.MUD.EngineParser, {:rescue, %RuntimeError{message: "boom from a doc-hosted parser"}}}
.03:07:56.286 [error] local node self-trust was not added: node signing public-key artifact is absent — continuing with configured trusted identities
03:07:56.289 [error] local node self-trust was not added: node signing public-key artifact is absent — continuing with configured trusted identities
03:07:56.292 [error] local node self-trust was not added: node signing public-key artifact is absent — continuing with configured trusted identities
03:07:56.297 [error] local node self-trust was not added: node signing public-key artifact is absent — continuing with configured trusted identities
03:07:56.303 [error] local node self-trust was not added: node signing public-key artifact is absent — continuing with configured trusted identities
.03:07:56.420 [error] local node self-trust was not added: node signing public-key artifact is absent — continuing with configured trusted identities
03:07:56.423 [error] local node self-trust was not added: node signing public-key artifact is absent — continuing with configured trusted identities
03:07:56.427 [error] local node self-trust was not added: node signing public-key artifact is absent — continuing with configured trusted identities
03:07:56.429 [error] local node self-trust was not added: node signing public-key artifact is absent — continuing with configured trusted identities
03:07:56.431 [error] local node self-trust was not added: node signing public-key artifact is absent — continuing with configured trusted identities
03:07:56.434 [error] local node self-trust was not added: node signing public-key artifact is absent — continuing with configured trusted identities
03:07:56.437 [error] local node self-trust was not added: node signing public-key artifact is absent — continuing with configured trusted identities
03:07:56.494 [warning] EngineModule :look (nil) fell back to last-good/floor: {:runtime_crash, Commonplace.MUD.EngineLook, {:rescue, %FunctionClauseError{module: Commonplace.MUD.EngineLook, function: :run, arity: 2, kind: nil, args: nil, clauses: nil}}}
.03:07:56.525 [error] local node self-trust was not added: node signing public-key artifact is absent — continuing with configured trusted identities
03:07:56.529 [error] local node self-trust was not added: node signing public-key artifact is absent — continuing with configured trusted identities
03:07:56.557 [error] local node self-trust was not added: node signing public-key artifact is absent — continuing with configured trusted identities
03:07:56.562 [error] local node self-trust was not added: node signing public-key artifact is absent — continuing with configured trusted identities
03:07:56.563 [warning] EngineModule :parser ("a5027684-99a5-4f67-89fb-a6ddd90dd852") fell back to last-good/floor: {:compile, {:compile_error, "token missing on docref:/a5027684-99a5-4f67-89fb-a6ddd90dd852:1:68:\n    error: missing terminator: )\n    │\n  1 │ defmodule Commonplace.MUD.EngineParser do  def parse(  # unbalanced\n    │                                                     │              └ missing closing delimiter (expected \")\")\n    │                                                     └ unclosed delimiter\n    │\n    └─ docref:/a5027684-99a5-4f67-89fb-a6ddd90dd852:1:68"}}
..03:07:56.630 [error] local node self-trust was not added: node signing public-key artifact is absent — continuing with configured trusted identities
03:07:56.630 [warning] CommitStore: local write would be DENIED by trust gate (dry_run — write still lands) doc_uuid=9c046d44-e1ec-454d-8383-e9fdf9c4d811 commit_id=1bbbeb745838ae60acc8227b8ec74beb38b89aee142193ba5a5470f73d7936f8 reason=:unsigned
03:07:56.633 [error] local node self-trust was not added: node signing public-key artifact is absent — continuing with configured trusted identities
03:07:56.634 [warning] CommitStore: local write would be DENIED by trust gate (dry_run — write still lands) doc_uuid=9b8de8d3-46bb-412e-a746-aa78a697bc35 commit_id=6e182c33afe9555fe58c6bbe7669aa2b61692d4c882ceb7cc73568a1c4b03527 reason=:unsigned
03:07:56.636 [error] local node self-trust was not added: node signing public-key artifact is absent — continuing with configured trusted identities
03:07:56.637 [warning] CommitStore: local write would be DENIED by trust gate (dry_run — write still lands) doc_uuid=fe01e5c2-58c6-4b05-9c9c-56697dba1298 commit_id=a836a49b995e4f40d29fc14dc0a799e17850ab9aa64759648f546f6b9c7d7eef reason=:unsigned
03:07:56.640 [error] local node self-trust was not added: node signing public-key artifact is absent — continuing with configured trusted identities
03:07:56.643 [error] local node self-trust was not added: node signing public-key artifact is absent — continuing with configured trusted identities
03:07:56.677 [error] local node self-trust was not added: node signing public-key artifact is absent — continuing with configured trusted identities
03:07:56.677 [warning] CommitStore: local write would be DENIED by trust gate (dry_run — write still lands) doc_uuid=b586f7ad-673a-4c31-a4c1-1a8af9f7af9d commit_id=91a23614c6717686ab46ce3ee62a662a94af50938f0fd5c4e772574534f4b88e reason={:untrusted_signer, "b0b22222-0000-0000-0000-12166816143"}
03:07:56.680 [error] local node self-trust was not added: node signing public-key artifact is absent — continuing with configured trusted identities
03:07:56.680 [error] local node self-trust was not added: node signing public-key artifact is absent — continuing with configured trusted identities
03:07:56.681 [warning] EngineModule :where ("b586f7ad-673a-4c31-a4c1-1a8af9f7af9d") fell back to last-good/floor: {:authority, {:execution_denied, {:untrusted_contributor, <<145, 162, 54, 20, 198, 113, 118, 134, 171, 70, 206, 62, 230, 42, 102, 42, 148, 175, 80, 147, 143, 15, 213, 196, 231, 114, 87, 69, 52, 244, 184, 142>>, {:untrusted_signer, "b0b22222-0000-0000-0000-12166816143"}}}}
.03:07:56.693 [error] local node self-trust was not added: node signing public-key artifact is absent — continuing with configured trusted identities
03:07:56.696 [error] local node self-trust was not added: node signing public-key artifact is absent — continuing with configured trusted identities
03:07:56.700 [error] local node self-trust was not added: node signing public-key artifact is absent — continuing with configured trusted identities
03:07:56.703 [error] local node self-trust was not added: node signing public-key artifact is absent — continuing with configured trusted identities
03:07:56.705 [error] local node self-trust was not added: node signing public-key artifact is absent — continuing with configured trusted identities
03:07:56.708 [error] local node self-trust was not added: node signing public-key artifact is absent — continuing with configured trusted identities
.03:07:56.728 [error] local node self-trust was not added: node signing public-key artifact is absent — continuing with configured trusted identities
03:07:56.732 [error] local node self-trust was not added: node signing public-key artifact is absent — continuing with configured trusted identities
03:07:56.735 [error] local node self-trust was not added: node signing public-key artifact is absent — continuing with configured trusted identities
03:07:56.738 [error] local node self-trust was not added: node signing public-key artifact is absent — continuing with configured trusted identities
03:07:56.740 [error] local node self-trust was not added: node signing public-key artifact is absent — continuing with configured trusted identities
03:07:56.743 [error] local node self-trust was not added: node signing public-key artifact is absent — continuing with configured trusted identities
03:07:56.745 [error] local node self-trust was not added: node signing public-key artifact is absent — continuing with configured trusted identities
03:07:56.746 [warning] EngineModule :inventory ("40f4fe94-13ad-4462-b40d-540b277fc1df") fell back to last-good/floor: {:compile, {:compile_error, "token missing on docref:/40f4fe94-13ad-4462-b40d-540b277fc1df:1:68:\n    error: missing terminator: )\n    │\n  1 │ defmodule Commonplace.MUD.EngineParser do  def parse(  # unbalanced\n    │                                                     │              └ missing closing delimiter (expected \")\")\n    │                                                     └ unclosed delimiter\n    │\n    └─ docref:/40f4fe94-13ad-4462-b40d-540b277fc1df:1:68"}}
..03:07:56.872 [error] local node self-trust was not added: node signing public-key artifact is absent — continuing with configured trusted identities
03:07:56.875 [error] local node self-trust was not added: node signing public-key artifact is absent — continuing with configured trusted identities
03:07:56.878 [error] local node self-trust was not added: node signing public-key artifact is absent — continuing with configured trusted identities
03:07:56.880 [error] local node self-trust was not added: node signing public-key artifact is absent — continuing with configured trusted identities
03:07:56.883 [error] local node self-trust was not added: node signing public-key artifact is absent — continuing with configured trusted identities
03:07:56.908 [warning] EngineModule :where (nil) fell back to last-good/floor: {:runtime_crash, Commonplace.MUD.EngineWhere, {:rescue, %RuntimeError{message: "boom from a doc-hosted where verb"}}}
..03:07:57.040 [error] local node self-trust was not added: node signing public-key artifact is absent — continuing with configured trusted identities
03:07:57.043 [error] local node self-trust was not added: node signing public-key artifact is absent — continuing with configured trusted identities
03:07:57.062 [error] local node self-trust was not added: node signing public-key artifact is absent — continuing with configured trusted identities
.03:07:57.074 [error] local node self-trust was not added: node signing public-key artifact is absent — continuing with configured trusted identities
.03:07:57.190 [error] local node self-trust was not added: node signing public-key artifact is absent — continuing with configured trusted identities
03:07:57.193 [error] local node self-trust was not added: node signing public-key artifact is absent — continuing with configured trusted identities
03:07:57.222 [error] local node self-trust was not added: node signing public-key artifact is absent — continuing with configured trusted identities
03:07:57.225 [error] local node self-trust was not added: node signing public-key artifact is absent — continuing with configured trusted identities
03:07:57.226 [warning] EngineModule :say ("e73c6a1f-b050-4c2e-b4cc-66cad903626d") fell back to last-good/floor: {:compile, {:compile_error, "token missing on docref:/e73c6a1f-b050-4c2e-b4cc-66cad903626d:1:68:\n    error: missing terminator: )\n    │\n  1 │ defmodule Commonplace.MUD.EngineParser do  def parse(  # unbalanced\n    │                                                     │              └ missing closing delimiter (expected \")\")\n    │                                                     └ unclosed delimiter\n    │\n    └─ docref:/e73c6a1f-b050-4c2e-b4cc-66cad903626d:1:68"}}
.03:07:57.240 [error] local node self-trust was not added: node signing public-key artifact is absent — continuing with configured trusted identities
03:07:57.240 [warning] CommitStore: local write would be DENIED by trust gate (dry_run — write still lands) doc_uuid=4ac7b225-0bbd-4d74-a2a3-c3029490f741 commit_id=58bf33afbeb765af51f32b81e3c267ab4620f709f4a6dc6c3616e0766ccea42a reason=:unsigned
03:07:57.243 [error] local node self-trust was not added: node signing public-key artifact is absent — continuing with configured trusted identities
03:07:57.243 [warning] CommitStore: local write would be DENIED by trust gate (dry_run — write still lands) doc_uuid=79e1d702-9fdb-452b-9f19-d226c653ea45 commit_id=6736a98e19243c511d58dc78df4caf97bdfa2626e2aa1a2df7f728b6f2d3e2a6 reason=:unsigned
03:07:57.245 [error] local node self-trust was not added: node signing public-key artifact is absent — continuing with configured trusted identities
03:07:57.245 [warning] CommitStore: local write would be DENIED by trust gate (dry_run — write still lands) doc_uuid=a857bf56-5453-406d-955d-743da23e7f75 commit_id=e4fa5542d070683ff4b7079dd28f44bf340127c1b19f740e5870fa7be60675b6 reason=:unsigned
03:07:57.248 [error] local node self-trust was not added: node signing public-key artifact is absent — continuing with configured trusted identities
03:07:57.248 [warning] CommitStore: local write would be DENIED by trust gate (dry_run — write still lands) doc_uuid=f6454fee-1ca6-496d-b413-fd98624d665a commit_id=7d69c943cd338bdee3b7b387c32f26fd4f5b486bff8244301ca825ebe81bb314 reason=:unsigned
03:07:57.250 [error] local node self-trust was not added: node signing public-key artifact is absent — continuing with configured trusted identities
03:07:57.251 [warning] CommitStore: local write would be DENIED by trust gate (dry_run — write still lands) doc_uuid=79e1d702-9fdb-452b-9f19-d226c653ea45 commit_id=031909230ecdf9d6d6255a0e27d601ea4adbf6c68dbf25389db10dc34fcad84d reason=:unsigned
03:07:57.253 [error] local node self-trust was not added: node signing public-key artifact is absent — continuing with configured trusted identities
03:07:57.256 [error] local node self-trust was not added: node signing public-key artifact is absent — continuing with configured trusted identities
03:07:57.292 [error] local node self-trust was not added: node signing public-key artifact is absent — continuing with configured trusted identities
03:07:57.292 [warning] CommitStore: local write would be DENIED by trust gate (dry_run — write still lands) doc_uuid=dc7179be-8280-40f1-97ea-68ad7b26b46c commit_id=706eb5c9f24ae1a89237ed275dea5bc7dc3899f711421f67a05e9a7a134b9572 reason={:untrusted_signer, "b0b22222-0000-0000-0000-140934637345"}
03:07:57.295 [error] local node self-trust was not added: node signing public-key artifact is absent — continuing with configured trusted identities
03:07:57.296 [error] local node self-trust was not added: node signing public-key artifact is absent — continuing with configured trusted identities
03:07:57.297 [warning] EngineModule :inventory ("dc7179be-8280-40f1-97ea-68ad7b26b46c") fell back to last-good/floor: {:authority, {:execution_denied, {:untrusted_contributor, <<112, 110, 181, 201, 242, 74, 225, 168, 146, 55, 237, 39, 93, 234, 91, 199, 220, 56, 153, 247, 17, 66, 31, 103, 160, 94, 154, 122, 19, 75, 149, 114>>, {:untrusted_signer, "b0b22222-0000-0000-0000-140934637345"}}}}
.03:07:57.311 [error] local node self-trust was not added: node signing public-key artifact is absent — continuing with configured trusted identities
03:07:57.315 [error] local node self-trust was not added: node signing public-key artifact is absent — continuing with configured trusted identities
03:07:57.318 [error] local node self-trust was not added: node signing public-key artifact is absent — continuing with configured trusted identities
03:07:57.320 [error] local node self-trust was not added: node signing public-key artifact is absent — continuing with configured trusted identities
03:07:57.322 [error] local node self-trust was not added: node signing public-key artifact is absent — continuing with configured trusted identities
.03:07:57.439 [error] local node self-trust was not added: node signing public-key artifact is absent — continuing with configured trusted identities
03:07:57.443 [error] local node self-trust was not added: node signing public-key artifact is absent — continuing with configured trusted identities
03:07:57.447 [error] local node self-trust was not added: node signing public-key artifact is absent — continuing with configured trusted identities
03:07:57.451 [error] local node self-trust was not added: node signing public-key artifact is absent — continuing with configured trusted identities
03:07:57.455 [error] local node self-trust was not added: node signing public-key artifact is absent — continuing with configured trusted identities
03:07:57.458 [error] local node self-trust was not added: node signing public-key artifact is absent — continuing with configured trusted identities
03:07:57.461 [error] local node self-trust was not added: node signing public-key artifact is absent — continuing with configured trusted identities
03:07:57.511 [error] local node self-trust was not added: node signing public-key artifact is absent — continuing with configured trusted identities
03:07:57.516 [error] local node self-trust was not added: node signing public-key artifact is absent — continuing with configured trusted identities
..03:07:57.647 [error] local node self-trust was not added: node signing public-key artifact is absent — continuing with configured trusted identities
03:07:57.649 [error] local node self-trust was not added: node signing public-key artifact is absent — continuing with configured trusted identities
03:07:57.669 [error] local node self-trust was not added: node signing public-key artifact is absent — continuing with configured trusted identities
.03:07:57.681 [error] local node self-trust was not added: node signing public-key artifact is absent — continuing with configured trusted identities
03:07:57.683 [error] local node self-trust was not added: node signing public-key artifact is absent — continuing with configured trusted identities
03:07:57.685 [error] local node self-trust was not added: node signing public-key artifact is absent — continuing with configured trusted identities
03:07:57.687 [error] local node self-trust was not added: node signing public-key artifact is absent — continuing with configured trusted identities
03:07:57.689 [error] local node self-trust was not added: node signing public-key artifact is absent — continuing with configured trusted identities
03:07:57.691 [error] local node self-trust was not added: node signing public-key artifact is absent — continuing with configured trusted identities
03:07:57.693 [error] local node self-trust was not added: node signing public-key artifact is absent — continuing with configured trusted identities
03:07:57.712 [warning] EngineModule :look (nil) fell back to last-good/floor: {:runtime_crash, Commonplace.MUD.EngineLook, {:rescue, %RuntimeError{message: "boom from a doc-hosted look verb"}}}
.03:07:57.726 [error] local node self-trust was not added: node signing public-key artifact is absent — continuing with configured trusted identities
03:07:57.726 [warning] CommitStore: local write would be DENIED by trust gate (dry_run — write still lands) doc_uuid=f423a7b9-e817-47d7-9e96-6670ea2a4a61 commit_id=63de4022d5cf7b36b65c296d977527c7e9b9e3f99247dac05a3bcacd7816199e reason=:unsigned
03:07:57.729 [error] local node self-trust was not added: node signing public-key artifact is absent — continuing with configured trusted identities
03:07:57.731 [error] local node self-trust was not added: node signing public-key artifact is absent — continuing with configured trusted identities
03:07:57.754 [error] local node self-trust was not added: node signing public-key artifact is absent — continuing with configured trusted identities
03:07:57.755 [warning] CommitStore: local write would be DENIED by trust gate (dry_run — write still lands) doc_uuid=8a997ae3-3876-4b9e-822f-1a2c7d43da87 commit_id=bce6c28c844cd7d39e539c84f2c884eaac86ba0e919945af04140b332248f551 reason={:untrusted_signer, "b0b22222-0000-0000-0000-483374998712"}
03:07:57.757 [error] local node self-trust was not added: node signing public-key artifact is absent — continuing with configured trusted identities
03:07:57.757 [error] local node self-trust was not added: node signing public-key artifact is absent — continuing with configured trusted identities
03:07:57.758 [warning] EngineModule :who ("8a997ae3-3876-4b9e-822f-1a2c7d43da87") fell back to last-good/floor: {:authority, {:execution_denied, {:untrusted_contributor, <<188, 230, 194, 140, 132, 76, 215, 211, 158, 83, 156, 132, 242, 200, 132, 234, 172, 134, 186, 14, 145, 153, 69, 175, 4, 20, 11, 51, 34, 72, 245, 81>>, {:untrusted_signer, "b0b22222-0000-0000-0000-483374998712"}}}}
.03:07:57.769 [error] local node self-trust was not added: node signing public-key artifact is absent — continuing with configured trusted identities
03:07:57.772 [error] local node self-trust was not added: node signing public-key artifact is absent — continuing with configured trusted identities
03:07:57.774 [error] local node self-trust was not added: node signing public-key artifact is absent — continuing with configured trusted identities
03:07:57.803 [error] local node self-trust was not added: node signing public-key artifact is absent — continuing with configured trusted identities
03:07:57.805 [error] local node self-trust was not added: node signing public-key artifact is absent — continuing with configured trusted identities
03:07:57.808 [error] local node self-trust was not added: node signing public-key artifact is absent — continuing with configured trusted identities
.03:07:57.849 [error] local node self-trust was not added: node signing public-key artifact is absent — continuing with configured trusted identities
...03:07:58.148 [error] local node self-trust was not added: node signing public-key artifact is absent — continuing with configured trusted identities
03:07:58.150 [error] local node self-trust was not added: node signing public-key artifact is absent — continuing with configured trusted identities
03:07:58.152 [error] local node self-trust was not added: node signing public-key artifact is absent — continuing with configured trusted identities
03:07:58.154 [error] local node self-trust was not added: node signing public-key artifact is absent — continuing with configured trusted identities
03:07:58.156 [error] local node self-trust was not added: node signing public-key artifact is absent — continuing with configured trusted identities
03:07:58.157 [error] local node self-trust was not added: node signing public-key artifact is absent — continuing with configured trusted identities
03:07:58.159 [error] local node self-trust was not added: node signing public-key artifact is absent — continuing with configured trusted identities
03:07:58.161 [error] local node self-trust was not added: node signing public-key artifact is absent — continuing with configured trusted identities
.03:07:58.220 [error] local node self-trust was not added: node signing public-key artifact is absent — continuing with configured trusted identities
03:07:58.222 [error] local node self-trust was not added: node signing public-key artifact is absent — continuing with configured trusted identities
03:07:58.224 [error] local node self-trust was not added: node signing public-key artifact is absent — continuing with configured trusted identities
03:07:58.227 [error] local node self-trust was not added: node signing public-key artifact is absent — continuing with configured trusted identities
03:07:58.229 [error] local node self-trust was not added: node signing public-key artifact is absent — continuing with configured trusted identities
03:07:58.231 [error] local node self-trust was not added: node signing public-key artifact is absent — continuing with configured trusted identities
03:07:58.233 [error] local node self-trust was not added: node signing public-key artifact is absent — continuing with configured trusted identities
03:07:58.235 [error] local node self-trust was not added: node signing public-key artifact is absent — continuing with configured trusted identities
03:07:58.254 [warning] EngineModule :examine (nil) fell back to last-good/floor: {:runtime_crash, Commonplace.MUD.EngineExamine, {:rescue, %RuntimeError{message: "boom from a doc-hosted examine verb"}}}
..03:07:58.433 [error] local node self-trust was not added: node signing public-key artifact is absent — continuing with configured trusted identities
03:07:58.435 [error] local node self-trust was not added: node signing public-key artifact is absent — continuing with configured trusted identities
03:07:58.437 [error] local node self-trust was not added: node signing public-key artifact is absent — continuing with configured trusted identities
03:07:58.439 [error] local node self-trust was not added: node signing public-key artifact is absent — continuing with configured trusted identities
03:07:58.441 [error] local node self-trust was not added: node signing public-key artifact is absent — continuing with configured trusted identities
03:07:58.443 [error] local node self-trust was not added: node signing public-key artifact is absent — continuing with configured trusted identities
03:07:58.445 [error] local node self-trust was not added: node signing public-key artifact is absent — continuing with configured trusted identities
03:07:58.448 [error] local node self-trust was not added: node signing public-key artifact is absent — continuing with configured trusted identities
03:07:58.490 [error] local node self-trust was not added: node signing public-key artifact is absent — continuing with configured trusted identities
03:07:58.492 [error] local node self-trust was not added: node signing public-key artifact is absent — continuing with configured trusted identities
.03:07:58.506 [error] local node self-trust was not added: node signing public-key artifact is absent — continuing with configured trusted identities
03:07:58.512 [error] local node self-trust was not added: node signing public-key artifact is absent — continuing with configured trusted identities
03:07:58.514 [error] local node self-trust was not added: node signing public-key artifact is absent — continuing with configured trusted identities
03:07:58.517 [error] local node self-trust was not added: node signing public-key artifact is absent — continuing with configured trusted identities
03:07:58.520 [error] local node self-trust was not added: node signing public-key artifact is absent — continuing with configured trusted identities
03:07:58.523 [error] local node self-trust was not added: node signing public-key artifact is absent — continuing with configured trusted identities
03:07:58.526 [error] local node self-trust was not added: node signing public-key artifact is absent — continuing with configured trusted identities
03:07:58.527 [warning] EngineModule :look ("0def4089-d862-4def-b69a-3dbf8a8fd42d") fell back to last-good/floor: {:compile, {:compile_error, "token missing on docref:/0def4089-d862-4def-b69a-3dbf8a8fd42d:1:68:\n    error: missing terminator: )\n    │\n  1 │ defmodule Commonplace.MUD.EngineParser do  def parse(  # unbalanced\n    │                                                     │              └ missing closing delimiter (expected \")\")\n    │                                                     └ unclosed delimiter\n    │\n    └─ docref:/0def4089-d862-4def-b69a-3dbf8a8fd42d:1:68"}}
.03:07:58.538 [error] local node self-trust was not added: node signing public-key artifact is absent — continuing with configured trusted identities
03:07:58.542 [error] local node self-trust was not added: node signing public-key artifact is absent — continuing with configured trusted identities
03:07:58.576 [error] local node self-trust was not added: node signing public-key artifact is absent — continuing with configured trusted identities
03:07:58.579 [error] local node self-trust was not added: node signing public-key artifact is absent — continuing with configured trusted identities
.03:07:58.636 [warning] CommitStore: local write would be DENIED by trust gate (dry_run — write still lands) doc_uuid=dd57dcc6-a63a-4275-b12b-742b170d7c06 commit_id=c3c76241d3b07d520beb6e1243dbdd288ba8855e3ca9686998c60026882b3725 reason=:unsigned
03:07:58.639 [warning] CommitStore: local write would be DENIED by trust gate (dry_run — write still lands) doc_uuid=b9c41d5f-c84f-4743-9162-16bdf3994ce4 commit_id=02d094b8fbe48d43699af00800134f8f65d7d6761a77f0895db901fb0fb72024 reason=:unsigned
03:07:58.642 [warning] CommitStore: local write would be DENIED by trust gate (dry_run — write still lands) doc_uuid=8d94a458-fb8a-461f-aaed-09dbd23d614f commit_id=5c197f8748dae13ce0978c2c0cde67114d1a1b618e60df61685a5f79f156e046 reason=:unsigned
03:07:58.644 [warning] CommitStore: local write would be DENIED by trust gate (dry_run — write still lands) doc_uuid=b0a51d73-0df4-4df6-8a08-1c2b79d387f4 commit_id=911acebf1cd94ca7383b8617c0d1054770c6de8767c14c6943ec80b4aaf5e76e reason=:unsigned
03:07:58.647 [warning] CommitStore: local write would be DENIED by trust gate (dry_run — write still lands) doc_uuid=f75bf285-2e9c-4b30-880d-23a0f45bcd72 commit_id=f55b96c6cc252b38f302a47177aec2987e9573c1257afa1b53d66321aa4ca392 reason=:unsigned
03:07:58.651 [warning] CommitStore: local write would be DENIED by trust gate (dry_run — write still lands) doc_uuid=f75bf285-2e9c-4b30-880d-23a0f45bcd72 commit_id=da0fe17864eba6dbd64c8ac77777edef6e4e998be54134ab601743e55be8831b reason=:unsigned
03:07:58.743 [warning] CommitStore: local write would be DENIED by trust gate (dry_run — write still lands) doc_uuid=f5d1251f-85f9-4be5-b2ec-646c71770c71 commit_id=493898b5153ff32127b83ed4984256890ea1f1f796d291eaacefd89b004bbaa9 reason={:untrusted_signer, "b0b22222-0000-0000-0000-839151857652"}
03:07:58.747 [warning] EngineModule :go ("f5d1251f-85f9-4be5-b2ec-646c71770c71") fell back to last-good/floor: {:authority, {:execution_denied, {:untrusted_contributor, <<73, 56, 152, 181, 21, 63, 243, 33, 39, 184, 62, 212, 152, 66, 86, 137, 14, 161, 241, 247, 150, 210, 145, 234, 172, 239, 216, 155, 0, 75, 186, 169>>, {:untrusted_signer, "b0b22222-0000-0000-0000-839151857652"}}}}
..03:07:58.848 [error] local node self-trust was not added: node signing public-key artifact is absent — continuing with configured trusted identities
03:07:58.851 [error] local node self-trust was not added: node signing public-key artifact is absent — continuing with configured trusted identities
03:07:58.854 [error] local node self-trust was not added: node signing public-key artifact is absent — continuing with configured trusted identities
03:07:58.857 [error] local node self-trust was not added: node signing public-key artifact is absent — continuing with configured trusted identities
03:07:58.860 [error] local node self-trust was not added: node signing public-key artifact is absent — continuing with configured trusted identities
03:07:58.864 [error] local node self-trust was not added: node signing public-key artifact is absent — continuing with configured trusted identities
03:07:58.867 [error] local node self-trust was not added: node signing public-key artifact is absent — continuing with configured trusted identities
03:07:58.923 [error] local node self-trust was not added: node signing public-key artifact is absent — continuing with configured trusted identities
03:07:58.926 [error] local node self-trust was not added: node signing public-key artifact is absent — continuing with configured trusted identities
03:07:58.927 [warning] EngineModule :look ("0c218363-fb45-4761-957d-1c49d13775a6") fell back to last-good/floor: {:compile, {:compile_error, "token missing on docref:/0c218363-fb45-4761-957d-1c49d13775a6:1:68:\n    error: missing terminator: )\n    │\n  1 │ defmodule Commonplace.MUD.EngineParser do  def parse(  # unbalanced\n    │                                                     │              └ missing closing delimiter (expected \")\")\n    │                                                     └ unclosed delimiter\n    │\n    └─ docref:/0c218363-fb45-4761-957d-1c49d13775a6:1:68"}}
.03:07:58.942 [error] local node self-trust was not added: node signing public-key artifact is absent — continuing with configured trusted identities
03:07:58.945 [error] local node self-trust was not added: node signing public-key artifact is absent — continuing with configured trusted identities
03:07:58.947 [error] local node self-trust was not added: node signing public-key artifact is absent — continuing with configured trusted identities
.03:07:59.063 [error] local node self-trust was not added: node signing public-key artifact is absent — continuing with configured trusted identities
03:07:59.066 [error] local node self-trust was not added: node signing public-key artifact is absent — continuing with configured trusted identities
03:07:59.093 [error] local node self-trust was not added: node signing public-key artifact is absent — continuing with configured trusted identities
03:07:59.094 [warning] CommitStore: local write would be DENIED by trust gate (dry_run — write still lands) doc_uuid=de93607b-4730-446b-aaad-92d0f50dfaaf commit_id=10f1d5aaf3517a323d9db0fc525894fd10ac2460bcd8f6c634461978137de19c reason={:untrusted_signer, "b0b22222-0000-0000-0000-980806169845"}
03:07:59.097 [error] local node self-trust was not added: node signing public-key artifact is absent — continuing with configured trusted identities
03:07:59.097 [error] local node self-trust was not added: node signing public-key artifact is absent — continuing with configured trusted identities
03:07:59.098 [warning] EngineModule :say ("de93607b-4730-446b-aaad-92d0f50dfaaf") fell back to last-good/floor: {:authority, {:execution_denied, {:untrusted_contributor, <<16, 241, 213, 170, 243, 81, 122, 50, 61, 157, 176, 252, 82, 88, 148, 253, 16, 172, 36, 96, 188, 216, 246, 198, 52, 70, 25, 120, 19, 125, 225, 156>>, {:untrusted_signer, "b0b22222-0000-0000-0000-980806169845"}}}}
.03:07:59.214 [error] local node self-trust was not added: node signing public-key artifact is absent — continuing with configured trusted identities
03:07:59.217 [error] local node self-trust was not added: node signing public-key artifact is absent — continuing with configured trusted identities
03:07:59.219 [warning] EngineModule :say ("dd86048a-73b0-4574-aac9-d299177bd645") fell back to last-good/floor: {:compile, {:compile_error, "token missing on docref:/dd86048a-73b0-4574-aac9-d299177bd645:1:68:\n    error: missing terminator: )\n    │\n  1 │ defmodule Commonplace.MUD.EngineParser do  def parse(  # unbalanced\n    │                                                     │              └ missing closing delimiter (expected \")\")\n    │                                                     └ unclosed delimiter\n    │\n    └─ docref:/dd86048a-73b0-4574-aac9-d299177bd645:1:68"}}
.03:07:59.232 [error] local node self-trust was not added: node signing public-key artifact is absent — continuing with configured trusted identities
03:07:59.235 [error] local node self-trust was not added: node signing public-key artifact is absent — continuing with configured trusted identities
03:07:59.237 [error] local node self-trust was not added: node signing public-key artifact is absent — continuing with configured trusted identities
03:07:59.240 [error] local node self-trust was not added: node signing public-key artifact is absent — continuing with configured trusted identities
03:07:59.244 [error] local node self-trust was not added: node signing public-key artifact is absent — continuing with configured trusted identities
03:07:59.248 [error] local node self-trust was not added: node signing public-key artifact is absent — continuing with configured trusted identities
03:07:59.251 [error] local node self-trust was not added: node signing public-key artifact is absent — continuing with configured trusted identities
03:07:59.298 [error] local node self-trust was not added: node signing public-key artifact is absent — continuing with configured trusted identities
03:07:59.301 [error] local node self-trust was not added: node signing public-key artifact is absent — continuing with configured trusted identities
03:07:59.302 [warning] EngineModule :inventory ("f6362ad9-6283-4eb1-876e-7f0adbc1a4db") fell back to last-good/floor: {:compile, {:compile_error, "token missing on docref:/f6362ad9-6283-4eb1-876e-7f0adbc1a4db:1:68:\n    error: missing terminator: )\n    │\n  1 │ defmodule Commonplace.MUD.EngineParser do  def parse(  # unbalanced\n    │                                                     │              └ missing closing delimiter (expected \")\")\n    │                                                     └ unclosed delimiter\n    │\n    └─ docref:/f6362ad9-6283-4eb1-876e-7f0adbc1a4db:1:68"}}
.03:07:59.313 [error] local node self-trust was not added: node signing public-key artifact is absent — continuing with configured trusted identities
03:07:59.316 [error] local node self-trust was not added: node signing public-key artifact is absent — continuing with configured trusted identities
03:07:59.344 [error] local node self-trust was not added: node signing public-key artifact is absent — continuing with configured trusted identities
03:07:59.347 [error] local node self-trust was not added: node signing public-key artifact is absent — continuing with configured trusted identities
.03:07:59.388 [error] local node self-trust was not added: node signing public-key artifact is absent — continuing with configured trusted identities
03:07:59.391 [error] local node self-trust was not added: node signing public-key artifact is absent — continuing with configured trusted identities
03:07:59.394 [error] local node self-trust was not added: node signing public-key artifact is absent — continuing with configured trusted identities
03:07:59.396 [error] local node self-trust was not added: node signing public-key artifact is absent — continuing with configured trusted identities
03:07:59.399 [error] local node self-trust was not added: node signing public-key artifact is absent — continuing with configured trusted identities
03:07:59.402 [error] local node self-trust was not added: node signing public-key artifact is absent — continuing with configured trusted identities
.03:07:59.479 [error] local node self-trust was not added: node signing public-key artifact is absent — continuing with configured trusted identities
03:07:59.482 [error] local node self-trust was not added: node signing public-key artifact is absent — continuing with configured trusted identities
03:07:59.484 [error] local node self-trust was not added: node signing public-key artifact is absent — continuing with configured trusted identities
03:07:59.487 [error] local node self-trust was not added: node signing public-key artifact is absent — continuing with configured trusted identities
03:07:59.491 [error] local node self-trust was not added: node signing public-key artifact is absent — continuing with configured trusted identities
03:07:59.493 [error] local node self-trust was not added: node signing public-key artifact is absent — continuing with configured trusted identities
03:07:59.496 [error] local node self-trust was not added: node signing public-key artifact is absent — continuing with configured trusted identities
03:07:59.551 [error] local node self-trust was not added: node signing public-key artifact is absent — continuing with configured trusted identities
03:07:59.555 [error] local node self-trust was not added: node signing public-key artifact is absent — continuing with configured trusted identities
.03:07:59.616 [error] local node self-trust was not added: node signing public-key artifact is absent — continuing with configured trusted identities
03:07:59.618 [error] local node self-trust was not added: node signing public-key artifact is absent — continuing with configured trusted identities
03:07:59.620 [error] local node self-trust was not added: node signing public-key artifact is absent — continuing with configured trusted identities
03:07:59.623 [error] local node self-trust was not added: node signing public-key artifact is absent — continuing with configured trusted identities
03:07:59.625 [error] local node self-trust was not added: node signing public-key artifact is absent — continuing with configured trusted identities
03:07:59.628 [error] local node self-trust was not added: node signing public-key artifact is absent — continuing with configured trusted identities
03:07:59.630 [error] local node self-trust was not added: node signing public-key artifact is absent — continuing with configured trusted identities
03:07:59.648 [warning] EngineModule :inventory (nil) fell back to last-good/floor: {:runtime_crash, Commonplace.MUD.EngineInventory, {:rescue, %RuntimeError{message: "boom from a doc-hosted inventory verb"}}}
.03:07:59.663 [error] local node self-trust was not added: node signing public-key artifact is absent — continuing with configured trusted identities
03:07:59.667 [error] local node self-trust was not added: node signing public-key artifact is absent — continuing with configured trusted identities
03:07:59.669 [error] local node self-trust was not added: node signing public-key artifact is absent — continuing with configured trusted identities
03:07:59.688 [warning] EngineModule :who (nil) fell back to last-good/floor: {:runtime_crash, Commonplace.MUD.EngineWho, {:rescue, %RuntimeError{message: "boom from a doc-hosted who verb"}}}
.03:07:59.700 [error] local node self-trust was not added: node signing public-key artifact is absent — continuing with configured trusted identities
.03:07:59.713 [error] local node self-trust was not added: node signing public-key artifact is absent — continuing with configured trusted identities
03:07:59.716 [error] local node self-trust was not added: node signing public-key artifact is absent — continuing with configured trusted identities
03:07:59.744 [error] local node self-trust was not added: node signing public-key artifact is absent — continuing with configured trusted identities
03:07:59.745 [warning] CommitStore: local write would be DENIED by trust gate (dry_run — write still lands) doc_uuid=1a12a881-7266-42ab-91b7-fb9bbc9060b3 commit_id=80725c5b9163ff32f9825fc35e550e47cb31dcdec55bc2c6e9fea47bed706c37 reason={:untrusted_signer, "b0b22222-0000-0000-0000-61088225574"}
03:07:59.747 [error] local node self-trust was not added: node signing public-key artifact is absent — continuing with configured trusted identities
03:07:59.747 [error] local node self-trust was not added: node signing public-key artifact is absent — continuing with configured trusted identities
03:07:59.748 [warning] EngineModule :parser ("1a12a881-7266-42ab-91b7-fb9bbc9060b3") fell back to last-good/floor: {:authority, {:execution_denied, {:untrusted_contributor, <<128, 114, 92, 91, 145, 99, 255, 50, 249, 130, 95, 195, 94, 85, 14, 71, 203, 49, 220, 222, 197, 91, 194, 198, 233, 254, 164, 123, 237, 112, 108, 55>>, {:untrusted_signer, "b0b22222-0000-0000-0000-61088225574"}}}}
03:07:59.748 [error] local node self-trust was not added: node signing public-key artifact is absent — continuing with configured trusted identities
03:07:59.748 [warning] EngineModule :parser ("1a12a881-7266-42ab-91b7-fb9bbc9060b3") fell back to last-good/floor: {:authority, {:execution_denied, {:untrusted_contributor, <<128, 114, 92, 91, 145, 99, 255, 50, 249, 130, 95, 195, 94, 85, 14, 71, 203, 49, 220, 222, 197, 91, 194, 198, 233, 254, 164, 123, 237, 112, 108, 55>>, {:untrusted_signer, "b0b22222-0000-0000-0000-61088225574"}}}}
...........................................................................................................HEAD_SCAN CLEAN commit=9ef198effffa10176011887753770237196b9f41b7e6eb64b0f7d8326f92e884
PER_COMMIT_SCAN TRIPS commit=8d91e714cd0742192e6c9b032fdac6437126d3fe8ceeed2900c5e717fd47586d
......03:08:06.448 [error] local node self-trust was not added: node signing public-key artifact is absent — continuing with configured trusted identities
.03:08:06.509 [error] local node self-trust was not added: node signing public-key artifact is absent — continuing with configured trusted identities
.03:08:06.561 [error] local node self-trust was not added: node signing public-key artifact is absent — continuing with configured trusted identities
.......................03:08:18.134 [warning] CommitStore: local write DENIED by trust gate (enforce) doc_uuid=2160da7c-66cd-4381-a9b8-3a18bd9c67d8 commit_id=201f647c78ec7a71b9cafd51d7fda6113a438edbe9d04bb9f8b4f2cac8dc803e reason={:untrusted_signer, "3d8b157f-73b7-4220-973b-c08a5997830c"}
03:08:18.154 [warning] CommitStore: local write DENIED by trust gate (enforce) doc_uuid=6f3bc6c4-77ae-4c58-a60e-7e72723238e8 commit_id=e4208dbd153c14a19fb85f24b2b6cb5466a2237ac4c6cfa762fae9664add0b32 reason=:capability_insufficient
03:08:19.665 [warning] CommitStore: local write DENIED by trust gate (enforce) doc_uuid=2160da7c-66cd-4381-a9b8-3a18bd9c67d8 commit_id=ef1da19139fa2ea4f698d4d3c9ce59b887149e84fa5e66beabe23e701ec5a71c reason=:expired
03:08:19.672 [warning] CommitStore: local write DENIED by trust gate (enforce) doc_uuid=2160da7c-66cd-4381-a9b8-3a18bd9c67d8 commit_id=bf6d452a33bbe9d1a4f5dcc6d0eae7bf3bc26f8248d33c3b2231d25f8cff11a0 reason=:revoked
03:08:19.674 [warning] CommitStore: local write DENIED by trust gate (enforce) doc_uuid=b78e26bf-4699-4ef8-9abe-b3a61f224e9f commit_id=a174e37c4d530954dade29c6ccc8ad2f520861fce1aabca780dbcbe8699452b6 reason={:untrusted_signer, "3d8b157f-73b7-4220-973b-c08a5997830c"}
..............................03:08:19.845 [warning] CommitStore: local write would be DENIED by trust gate (dry_run — write still lands) doc_uuid=cd83841b-89f7-4aff-8cb7-3993823bdb9c commit_id=415167e648c33a211312eead410cd5735f52e5c9a138b53b709eba595959bc97 reason=:unsigned
03:08:19.849 [warning] CommitStore: local write would be DENIED by trust gate (dry_run — write still lands) doc_uuid=af7c479a-84e4-4817-b544-f0640ee4505f commit_id=9207be4a5d2d3cfcf3fe490fba395f435617057da0bbd6d961a8ad24c7eaec88 reason=:unsigned
03:08:19.854 [warning] CommitStore: local write would be DENIED by trust gate (dry_run — write still lands) doc_uuid=6ea6f344-8edb-4380-872a-d5f8821613b2 commit_id=f1e6eb360a537285fc8c2a1232d105a0c1a42ae6e29f5cb049c4b83076bf83c9 reason=:unsigned
.03:08:19.884 [warning] EngineModule :search ("0521e66a-d36f-4c25-86bc-3f77c2fccdf8") fell back to last-good/floor: {:compile, :not_found}
.03:08:19.925 [warning] EngineModule :use ("9f14c802-1d85-4cb1-9e16-5e6179d0997b") fell back to last-good/floor: {:compile, :not_found}
..03:08:20.065 [warning] EngineModule :look ("100ca11b-1004-4e55-9f66-a07788990011") fell back to last-good/floor: {:compile, :not_found}
03:08:20.068 [warning] EngineModule :say ("400fc44e-4007-4b88-c299-d3a011223344") fell back to last-good/floor: {:compile, :not_found}
...03:08:20.270 [warning] safe-verb reach bound fired: move_object → :owner_grant_exceeded (via_verb={"verbs/shove.safe.elx", "box.obj"})
03:08:20.274 [warning] safe-verb reach bound fired: move_object → :owner_grant_exceeded (via_verb={"1278e988-db6d-4a4c-9173-19c40463442e", "box.obj"})
..03:08:20.439 [warning] EngineModule :examine ("fdcb5f1e-a0f1-4fc3-82dc-1508bdf44b12") fell back to last-good/floor: {:compile, :not_found}
......03:08:21.219 [warning] EngineModule :sit ("9b002b18-37e4-4a31-a869-8849f9906761") fell back to last-good/floor: {:compile, :not_found}
03:08:21.220 [warning] EngineModule :stand ("2b5eae29-f49e-4a85-a426-9342ac6c4b4d") fell back to last-good/floor: {:compile, :not_found}
..03:08:21.350 [warning] CommitStore: local write would be DENIED by trust gate (dry_run — write still lands) doc_uuid=52220d22-4dc6-4a0b-93bb-67d2926f6aa6 commit_id=5baa818754200841eab582ee51b8a344cdbeb6fc6021e0a1605ed908c5c3f8ad reason=:invalid_signature
03:08:21.354 [warning] CommitStore: local write would be DENIED by trust gate (dry_run — write still lands) doc_uuid=b9e0db34-0e89-4b05-bc33-ad767d6eaa40 commit_id=64748bce5d8234d7f867a2dd3d673b1f7af18b8f0c53a71b7ddfa22ef74b7178 reason=:invalid_signature
03:08:21.418 [warning] safe-verb reach bound fired: move_object → :owner_grant_exceeded (via_verb={"verbs/shove.safe.elx", "chest.obj"})
03:08:21.426 [warning] safe-verb reach bound fired: move_object → :owner_grant_exceeded (via_verb={"80edda9a-fe2b-4be2-b218-53bc26dc1fc8", "chest.obj"})
.03:08:21.461 [warning] EngineModule :examine ("fdcb5f1e-a0f1-4fc3-82dc-1508bdf44b12") fell back to last-good/floor: {:compile, :not_found}
..03:08:21.600 [warning] EngineModule :go ("1a2b3c4d-5e6f-4a7b-8c9d-0e1f2a3b4c5d") fell back to last-good/floor: {:compile, :not_found}
.03:08:21.632 [warning] EngineModule :read ("61f0cb2f-3676-445e-95ae-ce8585f3ef25") fell back to last-good/floor: {:compile, :not_found}
.03:08:21.687 [warning] EngineModule :look ("100ca11b-1004-4e55-9f66-a07788990011") fell back to last-good/floor: {:compile, :not_found}
.03:08:21.710 [warning] CommitStore: local write would be DENIED by trust gate (dry_run — write still lands) doc_uuid=e64c22eb-1274-4b9d-a89b-a259a0ba65a7 commit_id=0123365e94f28144a83716a97334e7148de5982ef93be8603775145c2e9090cc reason=:unsigned
03:08:21.712 [warning] CommitStore: local write would be DENIED by trust gate (dry_run — write still lands) doc_uuid=ed4c6c94-f3b4-40f2-9bbe-d454cfbf7856 commit_id=f710b6d3e71d24c2846da4c486aa77e781eafa7b9ae6c3a7d9da8ae772807263 reason=:unsigned
03:08:21.715 [warning] CommitStore: local write would be DENIED by trust gate (dry_run — write still lands) doc_uuid=6a3d4624-21b6-4b81-a81a-cec065a91139 commit_id=58ea03f6c6b9a77f8bdc469a44ffdee64c1b58b6f1e1ead450988265f01e7db9 reason=:unsigned
.03:08:21.727 [warning] DocBuilder.reconstruct_doc: chain for doc differential-missing-parent does not reach genesis — oldest fetched commit has a parent_id the store is missing; reconstruction starts mid-chain and content may be silently wrong (CX-vzod)
03:08:21.728 [warning] DocBuilder.reconstruct_doc: chain for doc differential-missing-parent does not reach genesis — oldest fetched commit has a parent_id the store is missing; reconstruction starts mid-chain and content may be silently wrong (CX-vzod)
...............03:08:21.916 [error] local node self-trust was not added: node signing public-key artifact is absent — continuing with configured trusted identities
.03:08:21.991 [error] local node self-trust was not added: node signing public-key artifact is absent — continuing with configured trusted identities
.03:08:22.066 [error] local node self-trust was not added: node signing public-key artifact is absent — continuing with configured trusted identities
.03:08:22.087 [error] local node self-trust was not added: node signing public-key artifact is absent — continuing with configured trusted identities
.03:08:22.536 [error] local node self-trust was not added: node signing public-key artifact is absent — continuing with configured trusted identities
.03:08:22.599 [error] local node self-trust was not added: node signing public-key artifact is absent — continuing with configured trusted identities
.03:08:22.777 [warning] EngineModule :who ("39b0c13f-26af-4b39-ae18-428fbe124d51") fell back to last-good/floor: {:compile, :not_found}
.03:08:22.790 [warning] EngineModule :who ("39b0c13f-26af-4b39-ae18-428fbe124d51") fell back to last-good/floor: {:compile, :not_found}
03:08:22.791 [warning] EngineModule :who ("39b0c13f-26af-4b39-ae18-428fbe124d51") fell back to last-good/floor: {:compile, :not_found}
...............................................................................GATE START fixture_reproducing=235d73b5-a44a-44de-91ad-a753c61f7407@5042f340
GATE PASS fixture_reproducing=235d73b5-a44a-44de-91ad-a753c61f7407@5042f340 fixture_commit=control head=CLEAN history=TRIPS
SWEEP START docs_total=1 checkpoint=/tmp/mixed-plane-history-test-64930/old-partial-checkpoint resumable=true max_concurrency=1 strategy=oracle
PROGRESS docs=1/1 commits_scanned=1 commits_skipped=0 coverage=1/1 (100.00%) commits_this_run=1 resumed_docs=0 elapsed_ms=2
SUMMARY docs_total=1 docs_scanned=1 docs_fully_unscanned=0 docs_partially_skipped=0 commits_total=1 commits_scanned=1 commits_skipped=0 coverage=1/1 (100.00%) docs_skipped=0 affected_docs=0 hits=0 resumed_docs=0 commits_this_run=1 elapsed_ms=3
....GATE START fixture_reproducing=235d73b5-a44a-44de-91ad-a753c61f7407@5042f340
GATE FAIL fixture_reproducing=235d73b5-a44a-44de-91ad-a753c61f7407@5042f340 reason=:deliberately_broken
SWEEP ABORTED docs_enumerated=0 commits_scanned=0
.GATE START fixture_reproducing=235d73b5-a44a-44de-91ad-a753c61f7407@5042f340
GATE PASS fixture_reproducing=235d73b5-a44a-44de-91ad-a753c61f7407@5042f340 fixture_commit=control head=CLEAN history=TRIPS
SWEEP START docs_total=3 checkpoint=/tmp/mixed-plane-history-test-31171/fewer-enumeration-failures resumable=true max_concurrency=1 strategy=oracle
SKIP doc=doc-unscanned-a commit=0000000000000000000000000000000000000000000000000000000000000012 reason={:error, :unreadable}
SKIP doc=doc-unscanned-b reason=commit_enumeration_failed: {:exception, "** (RuntimeError) deliberate enumeration failure for doc-unscanned-b\n    test/commonplace/projection/mixed_plane_history_test.exs:318: anonymous fn/3 in Commonplace.Projection.MixedPlaneHistoryTest.\"test coverage does not improve when more documents fail commit enumeration\"/1\n    (commonplace 0.1.0) lib/commonplace/projection/mixed_plane_history.ex:493: Commonplace.Projection.MixedPlaneHistory.safely/1\n    (commonplace 0.1.0) lib/commonplace/projection/mixed_plane_history.ex:462: Commonplace.Projection.MixedPlaneHistory.fetch_commit_ids/3\n    (commonplace 0.1.0) lib/commonplace/projection/mixed_plane_history.ex:247: Commonplace.Projection.MixedPlaneHistory.do_scan_or_reuse_doc/5\n    (elixir 1.18.4) lib/task/supervised.ex:101: Task.Supervised.invoke_mfa/2\n    (elixir 1.18.4) lib/task/supervised.ex:36: Task.Supervised.reply/4\n"}
PROGRESS docs=3/3 commits_scanned=1 commits_skipped=1 coverage=unavailable (commit enumeration failed for one or more docs) commits_this_run=1 resumed_docs=0 elapsed_ms=9
SUMMARY docs_total=3 docs_scanned=1 docs_fully_unscanned=2 docs_partially_skipped=0 commits_total=2 commits_scanned=1 commits_skipped=1 coverage=unavailable (commit enumeration failed for one or more docs) docs_skipped=2 affected_docs=0 hits=0 resumed_docs=0 commits_this_run=1 elapsed_ms=10
GATE START fixture_reproducing=235d73b5-a44a-44de-91ad-a753c61f7407@5042f340
GATE PASS fixture_reproducing=235d73b5-a44a-44de-91ad-a753c61f7407@5042f340 fixture_commit=control head=CLEAN history=TRIPS
SWEEP START docs_total=3 checkpoint=/tmp/mixed-plane-history-test-31171/more-enumeration-failures resumable=true max_concurrency=1 strategy=oracle
SKIP doc=doc-unscanned-a reason=commit_enumeration_failed: {:exception, "** (RuntimeError) deliberate enumeration failure for doc-unscanned-a\n    test/commonplace/projection/mixed_plane_history_test.exs:318: anonymous fn/3 in Commonplace.Projection.MixedPlaneHistoryTest.\"test coverage does not improve when more documents fail commit enumeration\"/1\n    (commonplace 0.1.0) lib/commonplace/projection/mixed_plane_history.ex:493: Commonplace.Projection.MixedPlaneHistory.safely/1\n    (commonplace 0.1.0) lib/commonplace/projection/mixed_plane_history.ex:462: Commonplace.Projection.MixedPlaneHistory.fetch_commit_ids/3\n    (commonplace 0.1.0) lib/commonplace/projection/mixed_plane_history.ex:247: Commonplace.Projection.MixedPlaneHistory.do_scan_or_reuse_doc/5\n    (elixir 1.18.4) lib/task/supervised.ex:101: Task.Supervised.invoke_mfa/2\n    (elixir 1.18.4) lib/task/supervised.ex:36: Task.Supervised.reply/4\n"}
SKIP doc=doc-unscanned-b reason=commit_enumeration_failed: {:exception, "** (RuntimeError) deliberate enumeration failure for doc-unscanned-b\n    test/commonplace/projection/mixed_plane_history_test.exs:318: anonymous fn/3 in Commonplace.Projection.MixedPlaneHistoryTest.\"test coverage does not improve when more documents fail commit enumeration\"/1\n    (commonplace 0.1.0) lib/commonplace/projection/mixed_plane_history.ex:493: Commonplace.Projection.MixedPlaneHistory.safely/1\n    (commonplace 0.1.0) lib/commonplace/projection/mixed_plane_history.ex:462: Commonplace.Projection.MixedPlaneHistory.fetch_commit_ids/3\n    (commonplace 0.1.0) lib/commonplace/projection/mixed_plane_history.ex:247: Commonplace.Projection.MixedPlaneHistory.do_scan_or_reuse_doc/5\n    (elixir 1.18.4) lib/task/supervised.ex:101: Task.Supervised.invoke_mfa/2\n    (elixir 1.18.4) lib/task/supervised.ex:36: Task.Supervised.reply/4\n"}
PROGRESS docs=3/3 commits_scanned=1 commits_skipped=0 coverage=unavailable (commit enumeration failed for one or more docs) commits_this_run=1 resumed_docs=0 elapsed_ms=11
SUMMARY docs_total=3 docs_scanned=1 docs_fully_unscanned=2 docs_partially_skipped=0 commits_total=1 commits_scanned=1 commits_skipped=0 coverage=unavailable (commit enumeration failed for one or more docs) docs_skipped=2 affected_docs=0 hits=0 resumed_docs=0 commits_this_run=1 elapsed_ms=11
.GATE START fixture_reproducing=235d73b5-a44a-44de-91ad-a753c61f7407@5042f340
GATE PASS fixture_reproducing=235d73b5-a44a-44de-91ad-a753c61f7407@5042f340 fixture_commit=control head=CLEAN history=TRIPS
SWEEP START docs_total=3 checkpoint=/tmp/mixed-plane-history-test-31203/stoppable resumable=true max_concurrency=1 strategy=oracle
PROGRESS docs=1/3 commits_scanned=1 commits_skipped=0 coverage=1/1 (100.00%) commits_this_run=1 resumed_docs=0 elapsed_ms=4
SWEEP STOPPED checkpoint=/tmp/mixed-plane-history-test-31203/stoppable docs_checkpointed=1 docs_remaining=2 exit_nonzero=true
GATE START fixture_reproducing=235d73b5-a44a-44de-91ad-a753c61f7407@5042f340
GATE PASS fixture_reproducing=235d73b5-a44a-44de-91ad-a753c61f7407@5042f340 fixture_commit=control head=CLEAN history=TRIPS
SWEEP START docs_total=3 checkpoint=/tmp/mixed-plane-history-test-31203/stoppable resumable=true max_concurrency=1 strategy=oracle
PROGRESS docs=1/3 commits_scanned=1 commits_skipped=0 coverage=1/1 (100.00%) commits_this_run=0 resumed_docs=1 elapsed_ms=2
PROGRESS docs=2/3 commits_scanned=2 commits_skipped=0 coverage=2/2 (100.00%) commits_this_run=1 resumed_docs=1 elapsed_ms=3
PROGRESS docs=3/3 commits_scanned=3 commits_skipped=0 coverage=3/3 (100.00%) commits_this_run=2 resumed_docs=1 elapsed_ms=5
SUMMARY docs_total=3 docs_scanned=3 docs_fully_unscanned=0 docs_partially_skipped=0 commits_total=3 commits_scanned=3 commits_skipped=0 coverage=3/3 (100.00%) docs_skipped=0 affected_docs=0 hits=0 resumed_docs=1 commits_this_run=2 elapsed_ms=5
......03:08:29.397 [warning] CommitStore: doc commit index missing; startup backfill repaired commit_rows=5000 doc_uuids=500 removed_index_rows=0 scope=entire_commit_range
CX-3an0 current one-doc read: store_commits=5000 store_docs=500 target_commits=10 rows_read=5000
CX-3an0 one-doc read: store_commits=5000 store_docs=500 target_commits=10 before_rows_read=5000 after_rows_read=11
........03:08:33.135 [warning] flock failed on /tmp/cp_vt_a_969621/__reflog/server/__snapshot: :enoent, proceeding without lock
.03:08:33.732 [warning] flock failed on /tmp/cp_vt_a_67807/__reflog/server/__snapshot: :enoent, proceeding without lock
03:08:33.959 [warning] flock failed on /tmp/cp_vt_b_294518/__reflog/server/__snapshot: :enoent, proceeding without lock
03:08:33.961 [warning] flock failed on /tmp/cp_vt_b_294518/doc.txt: :enoent, proceeding without lock
.03:08:34.261 [warning] flock failed on /tmp/cp_vt_a_212367/__reflog/server/__snapshot: :enoent, proceeding without lock
03:08:34.481 [warning] flock failed on /tmp/cp_vt_b_735570/__reflog/server/__snapshot: :enoent, proceeding without lock
03:08:34.485 [warning] flock failed on /tmp/cp_vt_b_735570/shared.txt: :enoent, proceeding without lock
......03:08:35.061 [error] local node self-trust was not added: node signing public-key artifact is absent — continuing with configured trusted identities
03:08:35.063 [error] local node self-trust was not added: node signing public-key artifact is absent — continuing with configured trusted identities
.03:08:35.114 [error] local node self-trust was not added: node signing public-key artifact is absent — continuing with configured trusted identities
03:08:35.118 [error] local node self-trust was not added: node signing public-key artifact is absent — continuing with configured trusted identities
.03:08:35.134 [error] local node self-trust was not added: node signing public-key artifact is absent — continuing with configured trusted identities
03:08:35.136 [error] local node self-trust was not added: node signing public-key artifact is absent — continuing with configured trusted identities
.03:08:35.149 [error] local node self-trust was not added: node signing public-key artifact is absent — continuing with configured trusted identities
03:08:35.151 [error] local node self-trust was not added: node signing public-key artifact is absent — continuing with configured trusted identities
03:08:35.154 [error] local node self-trust was not added: node signing public-key artifact is absent — continuing with configured trusted identities
03:08:35.156 [error] local node self-trust was not added: node signing public-key artifact is absent — continuing with configured trusted identities
03:08:35.160 [error] local node self-trust was not added: node signing public-key artifact is absent — continuing with configured trusted identities
03:08:35.162 [error] local node self-trust was not added: node signing public-key artifact is absent — continuing with configured trusted identities
03:08:35.165 [error] local node self-trust was not added: node signing public-key artifact is absent — continuing with configured trusted identities
03:08:35.167 [error] local node self-trust was not added: node signing public-key artifact is absent — continuing with configured trusted identities
03:08:35.171 [error] local node self-trust was not added: node signing public-key artifact is absent — continuing with configured trusted identities
03:08:35.175 [error] local node self-trust was not added: node signing public-key artifact is absent — continuing with configured trusted identities
03:08:35.179 [error] local node self-trust was not added: node signing public-key artifact is absent — continuing with configured trusted identities
03:08:35.184 [error] local node self-trust was not added: node signing public-key artifact is absent — continuing with configured trusted identities
03:08:35.188 [error] local node self-trust was not added: node signing public-key artifact is absent — continuing with configured trusted identities
03:08:35.191 [error] local node self-trust was not added: node signing public-key artifact is absent — continuing with configured trusted identities
03:08:35.195 [error] local node self-trust was not added: node signing public-key artifact is absent — continuing with configured trusted identities
03:08:35.202 [error] local node self-trust was not added: node signing public-key artifact is absent — continuing with configured trusted identities
03:08:35.207 [error] local node self-trust was not added: node signing public-key artifact is absent — continuing with configured trusted identities
03:08:35.213 [error] local node self-trust was not added: node signing public-key artifact is absent — continuing with configured trusted identities
03:08:35.217 [error] local node self-trust was not added: node signing public-key artifact is absent — continuing with configured trusted identities
03:08:35.221 [error] local node self-trust was not added: node signing public-key artifact is absent — continuing with configured trusted identities
03:08:35.224 [error] local node self-trust was not added: node signing public-key artifact is absent — continuing with configured trusted identities
03:08:35.228 [error] local node self-trust was not added: node signing public-key artifact is absent — continuing with configured trusted identities
03:08:35.232 [error] local node self-trust was not added: node signing public-key artifact is absent — continuing with configured trusted identities
03:08:35.236 [error] local node self-trust was not added: node signing public-key artifact is absent — continuing with configured trusted identities
03:08:35.240 [error] local node self-trust was not added: node signing public-key artifact is absent — continuing with configured trusted identities
03:08:35.246 [error] local node self-trust was not added: node signing public-key artifact is absent — continuing with configured trusted identities
03:08:35.250 [error] local node self-trust was not added: node signing public-key artifact is absent — continuing with configured trusted identities
03:08:35.258 [error] local node self-trust was not added: node signing public-key artifact is absent — continuing with configured trusted identities
03:08:35.263 [error] local node self-trust was not added: node signing public-key artifact is absent — continuing with configured trusted identities
03:08:35.270 [error] local node self-trust was not added: node signing public-key artifact is absent — continuing with configured trusted identities
03:08:35.274 [error] local node self-trust was not added: node signing public-key artifact is absent — continuing with configured trusted identities
03:08:35.286 [error] local node self-trust was not added: node signing public-key artifact is absent — continuing with configured trusted identities
03:08:35.302 [error] local node self-trust was not added: node signing public-key artifact is absent — continuing with configured trusted identities
03:08:35.313 [error] local node self-trust was not added: node signing public-key artifact is absent — continuing with configured trusted identities
03:08:35.318 [error] local node self-trust was not added: node signing public-key artifact is absent — continuing with configured trusted identities
03:08:35.326 [error] local node self-trust was not added: node signing public-key artifact is absent — continuing with configured trusted identities
03:08:35.332 [error] local node self-trust was not added: node signing public-key artifact is absent — continuing with configured trusted identities
03:08:35.344 [error] local node self-trust was not added: node signing public-key artifact is absent — continuing with configured trusted identities
03:08:35.352 [error] local node self-trust was not added: node signing public-key artifact is absent — continuing with configured trusted identities
03:08:35.362 [error] local node self-trust was not added: node signing public-key artifact is absent — continuing with configured trusted identities
03:08:35.367 [error] local node self-trust was not added: node signing public-key artifact is absent — continuing with configured trusted identities
03:08:35.377 [error] local node self-trust was not added: node signing public-key artifact is absent — continuing with configured trusted identities
03:08:35.383 [error] local node self-trust was not added: node signing public-key artifact is absent — continuing with configured trusted identities
03:08:35.392 [error] local node self-trust was not added: node signing public-key artifact is absent — continuing with configured trusted identities
03:08:35.397 [error] local node self-trust was not added: node signing public-key artifact is absent — continuing with configured trusted identities
03:08:35.408 [error] local node self-trust was not added: node signing public-key artifact is absent — continuing with configured trusted identities
03:08:35.415 [error] local node self-trust was not added: node signing public-key artifact is absent — continuing with configured trusted identities
03:08:35.426 [error] local node self-trust was not added: node signing public-key artifact is absent — continuing with configured trusted identities
03:08:35.432 [error] local node self-trust was not added: node signing public-key artifact is absent — continuing with configured trusted identities
03:08:35.445 [error] local node self-trust was not added: node signing public-key artifact is absent — continuing with configured trusted identities
03:08:35.451 [error] local node self-trust was not added: node signing public-key artifact is absent — continuing with configured trusted identities
03:08:35.465 [error] local node self-trust was not added: node signing public-key artifact is absent — continuing with configured trusted identities
03:08:35.471 [error] local node self-trust was not added: node signing public-key artifact is absent — continuing with configured trusted identities
03:08:35.485 [error] local node self-trust was not added: node signing public-key artifact is absent — continuing with configured trusted identities
03:08:35.491 [error] local node self-trust was not added: node signing public-key artifact is absent — continuing with configured trusted identities
03:08:35.506 [error] local node self-trust was not added: node signing public-key artifact is absent — continuing with configured trusted identities
03:08:35.512 [error] local node self-trust was not added: node signing public-key artifact is absent — continuing with configured trusted identities
03:08:35.534 [error] local node self-trust was not added: node signing public-key artifact is absent — continuing with configured trusted identities
03:08:35.542 [error] local node self-trust was not added: node signing public-key artifact is absent — continuing with configured trusted identities
03:08:35.563 [error] local node self-trust was not added: node signing public-key artifact is absent — continuing with configured trusted identities
03:08:35.571 [error] local node self-trust was not added: node signing public-key artifact is absent — continuing with configured trusted identities
03:08:35.594 [error] local node self-trust was not added: node signing public-key artifact is absent — continuing with configured trusted identities
03:08:35.604 [error] local node self-trust was not added: node signing public-key artifact is absent — continuing with configured trusted identities
03:08:35.633 [error] local node self-trust was not added: node signing public-key artifact is absent — continuing with configured trusted identities
03:08:35.642 [error] local node self-trust was not added: node signing public-key artifact is absent — continuing with configured trusted identities
03:08:35.667 [error] local node self-trust was not added: node signing public-key artifact is absent — continuing with configured trusted identities
03:08:35.676 [error] local node self-trust was not added: node signing public-key artifact is absent — continuing with configured trusted identities
03:08:35.703 [error] local node self-trust was not added: node signing public-key artifact is absent — continuing with configured trusted identities
03:08:35.713 [error] local node self-trust was not added: node signing public-key artifact is absent — continuing with configured trusted identities
03:08:35.741 [error] local node self-trust was not added: node signing public-key artifact is absent — continuing with configured trusted identities
03:08:35.751 [error] local node self-trust was not added: node signing public-key artifact is absent — continuing with configured trusted identities
03:08:35.779 [error] local node self-trust was not added: node signing public-key artifact is absent — continuing with configured trusted identities
03:08:35.789 [error] local node self-trust was not added: node signing public-key artifact is absent — continuing with configured trusted identities
03:08:35.818 [error] local node self-trust was not added: node signing public-key artifact is absent — continuing with configured trusted identities
03:08:35.828 [error] local node self-trust was not added: node signing public-key artifact is absent — continuing with configured trusted identities
03:08:35.849 [error] local node self-trust was not added: node signing public-key artifact is absent — continuing with configured trusted identities
03:08:35.858 [error] local node self-trust was not added: node signing public-key artifact is absent — continuing with configured trusted identities
03:08:35.880 [error] local node self-trust was not added: node signing public-key artifact is absent — continuing with configured trusted identities
03:08:35.888 [error] local node self-trust was not added: node signing public-key artifact is absent — continuing with configured trusted identities
03:08:35.914 [error] local node self-trust was not added: node signing public-key artifact is absent — continuing with configured trusted identities
03:08:35.924 [error] local node self-trust was not added: node signing public-key artifact is absent — continuing with configured trusted identities
03:08:35.962 [error] local node self-trust was not added: node signing public-key artifact is absent — continuing with configured trusted identities
03:08:35.971 [error] local node self-trust was not added: node signing public-key artifact is absent — continuing with configured trusted identities
03:08:35.993 [error] local node self-trust was not added: node signing public-key artifact is absent — continuing with configured trusted identities
03:08:36.004 [error] local node self-trust was not added: node signing public-key artifact is absent — continuing with configured trusted identities
03:08:36.030 [error] local node self-trust was not added: node signing public-key artifact is absent — continuing with configured trusted identities
03:08:36.039 [error] local node self-trust was not added: node signing public-key artifact is absent — continuing with configured trusted identities
03:08:36.070 [error] local node self-trust was not added: node signing public-key artifact is absent — continuing with configured trusted identities
03:08:36.080 [error] local node self-trust was not added: node signing public-key artifact is absent — continuing with configured trusted identities
03:08:36.110 [error] local node self-trust was not added: node signing public-key artifact is absent — continuing with configured trusted identities
03:08:36.123 [error] local node self-trust was not added: node signing public-key artifact is absent — continuing with configured trusted identities
03:08:36.157 [error] local node self-trust was not added: node signing public-key artifact is absent — continuing with configured trusted identities
03:08:36.170 [error] local node self-trust was not added: node signing public-key artifact is absent — continuing with configured trusted identities
03:08:36.200 [error] local node self-trust was not added: node signing public-key artifact is absent — continuing with configured trusted identities
03:08:36.216 [error] local node self-trust was not added: node signing public-key artifact is absent — continuing with configured trusted identities
03:08:36.252 [error] local node self-trust was not added: node signing public-key artifact is absent — continuing with configured trusted identities
03:08:36.263 [error] local node self-trust was not added: node signing public-key artifact is absent — continuing with configured trusted identities
03:08:36.294 [error] local node self-trust was not added: node signing public-key artifact is absent — continuing with configured trusted identities
03:08:36.310 [error] local node self-trust was not added: node signing public-key artifact is absent — continuing with configured trusted identities
03:08:36.344 [error] local node self-trust was not added: node signing public-key artifact is absent — continuing with configured trusted identities
03:08:36.356 [error] local node self-trust was not added: node signing public-key artifact is absent — continuing with configured trusted identities
03:08:36.390 [error] local node self-trust was not added: node signing public-key artifact is absent — continuing with configured trusted identities
03:08:36.401 [error] local node self-trust was not added: node signing public-key artifact is absent — continuing with configured trusted identities
03:08:36.439 [error] local node self-trust was not added: node signing public-key artifact is absent — continuing with configured trusted identities
03:08:36.450 [error] local node self-trust was not added: node signing public-key artifact is absent — continuing with configured trusted identities
03:08:36.485 [error] local node self-trust was not added: node signing public-key artifact is absent — continuing with configured trusted identities
03:08:36.499 [error] local node self-trust was not added: node signing public-key artifact is absent — continuing with configured trusted identities
03:08:36.536 [error] local node self-trust was not added: node signing public-key artifact is absent — continuing with configured trusted identities
03:08:36.547 [error] local node self-trust was not added: node signing public-key artifact is absent — continuing with configured trusted identities
03:08:36.584 [error] local node self-trust was not added: node signing public-key artifact is absent — continuing with configured trusted identities
03:08:36.597 [error] local node self-trust was not added: node signing public-key artifact is absent — continuing with configured trusted identities
03:08:36.638 [error] local node self-trust was not added: node signing public-key artifact is absent — continuing with configured trusted identities
03:08:36.650 [error] local node self-trust was not added: node signing public-key artifact is absent — continuing with configured trusted identities
03:08:36.697 [error] local node self-trust was not added: node signing public-key artifact is absent — continuing with configured trusted identities
03:08:36.713 [error] local node self-trust was not added: node signing public-key artifact is absent — continuing with configured trusted identities
03:08:36.755 [error] local node self-trust was not added: node signing public-key artifact is absent — continuing with configured trusted identities
03:08:36.769 [error] local node self-trust was not added: node signing public-key artifact is absent — continuing with configured trusted identities
03:08:36.816 [error] local node self-trust was not added: node signing public-key artifact is absent — continuing with configured trusted identities
03:08:36.838 [error] local node self-trust was not added: node signing public-key artifact is absent — continuing with configured trusted identities
03:08:36.884 [error] local node self-trust was not added: node signing public-key artifact is absent — continuing with configured trusted identities
03:08:36.899 [error] local node self-trust was not added: node signing public-key artifact is absent — continuing with configured trusted identities
03:08:36.950 [error] local node self-trust was not added: node signing public-key artifact is absent — continuing with configured trusted identities
03:08:36.965 [error] local node self-trust was not added: node signing public-key artifact is absent — continuing with configured trusted identities
03:08:37.015 [error] local node self-trust was not added: node signing public-key artifact is absent — continuing with configured trusted identities
03:08:37.033 [error] local node self-trust was not added: node signing public-key artifact is absent — continuing with configured trusted identities
03:08:37.091 [error] local node self-trust was not added: node signing public-key artifact is absent — continuing with configured trusted identities
03:08:37.107 [error] local node self-trust was not added: node signing public-key artifact is absent — continuing with configured trusted identities
03:08:37.164 [error] local node self-trust was not added: node signing public-key artifact is absent — continuing with configured trusted identities
03:08:37.181 [error] local node self-trust was not added: node signing public-key artifact is absent — continuing with configured trusted identities
03:08:37.236 [error] local node self-trust was not added: node signing public-key artifact is absent — continuing with configured trusted identities
03:08:37.254 [error] local node self-trust was not added: node signing public-key artifact is absent — continuing with configured trusted identities
03:08:37.266 [error] local node self-trust was not added: node signing public-key artifact is absent — continuing with configured trusted identities
03:08:37.323 [error] local node self-trust was not added: node signing public-key artifact is absent — continuing with configured trusted identities
.03:08:37.349 [error] local node self-trust was not added: node signing public-key artifact is absent — continuing with configured trusted identities
03:08:37.351 [error] local node self-trust was not added: node signing public-key artifact is absent — continuing with configured trusted identities
.03:08:37.364 [error] local node self-trust was not added: node signing public-key artifact is absent — continuing with configured trusted identities
03:08:37.367 [error] local node self-trust was not added: node signing public-key artifact is absent — continuing with configured trusted identities
.03:08:37.380 [error] local node self-trust was not added: node signing public-key artifact is absent — continuing with configured trusted identities
03:08:37.382 [error] local node self-trust was not added: node signing public-key artifact is absent — continuing with configured trusted identities
.03:08:37.398 [error] local node self-trust was not added: node signing public-key artifact is absent — continuing with configured trusted identities
03:08:37.401 [error] local node self-trust was not added: node signing public-key artifact is absent — continuing with configured trusted identities
03:08:37.404 [error] local node self-trust was not added: node signing public-key artifact is absent — continuing with configured trusted identities
03:08:37.406 [error] local node self-trust was not added: node signing public-key artifact is absent — continuing with configured trusted identities
03:08:37.409 [error] local node self-trust was not added: node signing public-key artifact is absent — continuing with configured trusted identities
03:08:37.411 [error] local node self-trust was not added: node signing public-key artifact is absent — continuing with configured trusted identities
.03:08:37.427 [error] local node self-trust was not added: node signing public-key artifact is absent — continuing with configured trusted identities
03:08:37.430 [error] local node self-trust was not added: node signing public-key artifact is absent — continuing with configured trusted identities
.03:08:37.445 [error] local node self-trust was not added: node signing public-key artifact is absent — continuing with configured trusted identities
03:08:37.448 [error] local node self-trust was not added: node signing public-key artifact is absent — continuing with configured trusted identities
.03:08:37.463 [error] local node self-trust was not added: node signing public-key artifact is absent — continuing with configured trusted identities
03:08:37.467 [error] local node self-trust was not added: node signing public-key artifact is absent — continuing with configured trusted identities
.03:08:37.531 [error] local node self-trust was not added: node signing public-key artifact is absent — continuing with configured trusted identities
03:08:37.535 [error] local node self-trust was not added: node signing public-key artifact is absent — continuing with configured trusted identities
.03:08:37.548 [error] local node self-trust was not added: node signing public-key artifact is absent — continuing with configured trusted identities
03:08:37.551 [error] local node self-trust was not added: node signing public-key artifact is absent — continuing with configured trusted identities
.03:08:37.565 [error] local node self-trust was not added: node signing public-key artifact is absent — continuing with configured trusted identities
03:08:37.568 [error] local node self-trust was not added: node signing public-key artifact is absent — continuing with configured trusted identities
03:08:37.571 [error] local node self-trust was not added: node signing public-key artifact is absent — continuing with configured trusted identities
03:08:37.573 [error] local node self-trust was not added: node signing public-key artifact is absent — continuing with configured trusted identities
.03:08:37.588 [error] local node self-trust was not added: node signing public-key artifact is absent — continuing with configured trusted identities
03:08:37.591 [error] local node self-trust was not added: node signing public-key artifact is absent — continuing with configured trusted identities
.03:08:37.659 [error] local node self-trust was not added: node signing public-key artifact is absent — continuing with configured trusted identities
03:08:37.662 [error] local node self-trust was not added: node signing public-key artifact is absent — continuing with configured trusted identities
.03:08:37.675 [error] local node self-trust was not added: node signing public-key artifact is absent — continuing with configured trusted identities
03:08:37.678 [error] local node self-trust was not added: node signing public-key artifact is absent — continuing with configured trusted identities
.03:08:37.691 [error] local node self-trust was not added: node signing public-key artifact is absent — continuing with configured trusted identities
03:08:37.694 [error] local node self-trust was not added: node signing public-key artifact is absent — continuing with configured trusted identities
.03:08:37.709 [error] local node self-trust was not added: node signing public-key artifact is absent — continuing with configured trusted identities
03:08:37.711 [error] local node self-trust was not added: node signing public-key artifact is absent — continuing with configured trusted identities
.03:08:37.758 [error] local node self-trust was not added: node signing public-key artifact is absent — continuing with configured trusted identities
03:08:37.761 [error] local node self-trust was not added: node signing public-key artifact is absent — continuing with configured trusted identities
.03:08:37.779 [error] local node self-trust was not added: node signing public-key artifact is absent — continuing with configured trusted identities
03:08:37.782 [error] local node self-trust was not added: node signing public-key artifact is absent — continuing with configured trusted identities
.03:08:37.836 [error] local node self-trust was not added: node signing public-key artifact is absent — continuing with configured trusted identities
03:08:37.839 [error] local node self-trust was not added: node signing public-key artifact is absent — continuing with configured trusted identities
.03:08:37.852 [error] local node self-trust was not added: node signing public-key artifact is absent — continuing with configured trusted identities
03:08:37.854 [error] local node self-trust was not added: node signing public-key artifact is absent — continuing with configured trusted identities
.03:08:38.004 [error] local node self-trust was not added: node signing public-key artifact is absent — continuing with configured trusted identities
03:08:38.006 [error] local node self-trust was not added: node signing public-key artifact is absent — continuing with configured trusted identities
.03:08:38.054 [error] local node self-trust was not added: node signing public-key artifact is absent — continuing with configured trusted identities
03:08:38.056 [error] local node self-trust was not added: node signing public-key artifact is absent — continuing with configured trusted identities
.03:08:38.068 [error] local node self-trust was not added: node signing public-key artifact is absent — continuing with configured trusted identities
03:08:38.071 [error] local node self-trust was not added: node signing public-key artifact is absent — continuing with configured trusted identities
03:08:38.073 [error] local node self-trust was not added: node signing public-key artifact is absent — continuing with configured trusted identities
.03:08:38.083 [error] local node self-trust was not added: node signing public-key artifact is absent — continuing with configured trusted identities
03:08:38.085 [error] local node self-trust was not added: node signing public-key artifact is absent — continuing with configured trusted identities
..............................................03:08:47.486 [warning] CommitStore: local write DENIED by trust gate (enforce) doc_uuid=e83c05e3-a529-4565-a458-2a803de71e35 commit_id=4366099bd911cfba9a716037bba620b4da9f4851dc6852b7ceb61a2b332ab3c9 reason=:unsigned
.............03:08:47.831 [warning] CommitStore: local write DENIED by trust gate (enforce) doc_uuid=742d22e1-0e06-422f-a17e-1b3f40a9a881 commit_id=8a133c0914efe57952c357accabb85a5d078c9c58accc65241d0b5d7372b6090 reason={:untrusted_signer, "e55a3bc2-1e8d-4e02-b8b7-3df71679cfb4"}
..03:08:47.955 [warning] CommitStore: local write DENIED by trust gate (enforce) doc_uuid=f79995ba-2740-47e4-8cb5-2a63b78acb5f commit_id=8d81556ba1569873fa0bbd3e86b92c7b8a9c6cc3c1b76bad24f0ab3ee8cc2b0d reason={:untrusted_signer, "2ec40c25-f0dc-454e-a13f-69f44692b4b0"}
..............03:08:48.885 [warning] CommitStore: local write DENIED by trust gate (enforce) doc_uuid=663b900d-6c55-4ef7-82f3-04ebee08bdba commit_id=e612901647867655109d487d6c6c4acc1429b5ac73b0a9307891f5654196d041 reason=:capability_insufficient
..03:08:48.922 [warning] CommitStore: local write DENIED by trust gate (enforce) doc_uuid=e05fd548-9007-4b7a-a59f-4f9d58b1636b commit_id=558d0d8df3a2c351bd8ae883caf8302572b20b99cac9cbcc6592bcba86480046 reason={:untrusted_signer, "544e9b3a-91b5-43f2-9e8d-978d61df62f5"}
..03:08:48.952 [warning] CommitStore: local write DENIED by trust gate (enforce) doc_uuid=14604854-6dcd-4c81-ae86-7b12a41d6535 commit_id=cbe5c4d9355247c0de104860e0ed74582a21ae87eb4a5a7ead4eeac9d4532a6d reason={:untrusted_signer, "d24272da-a204-405f-af7c-62584222b3b8"}
.....warning: found quoted keyword "worker" but the quotes are not required. Note that keywords are always atoms, even when quoted. Similar to atoms, keywords made exclusively of ASCII letters, numbers, and underscores and not beginning with a number do not require quotes
└─ nofile:1:2

warning: found quoted keyword "command" but the quotes are not required. Note that keywords are always atoms, even when quoted. Similar to atoms, keywords made exclusively of ASCII letters, numbers, and underscores and not beginning with a number do not require quotes
└─ nofile:1:13

warning: found quoted keyword "mode" but the quotes are not required. Note that keywords are always atoms, even when quoted. Similar to atoms, keywords made exclusively of ASCII letters, numbers, and underscores and not beginning with a number do not require quotes
└─ nofile:1:35

.03:08:49.005 [error] local node self-trust was not added: node signing public-key artifact is absent — continuing with configured trusted identities
.03:08:49.062 [error] local node self-trust was not added: node signing public-key artifact is absent — continuing with configured trusted identities
.03:08:49.196 [error] local node self-trust was not added: node signing public-key artifact is absent — continuing with configured trusted identities
.03:08:49.259 [error] local node self-trust was not added: node signing public-key artifact is absent — continuing with configured trusted identities
.03:08:49.351 [error] local node self-trust was not added: node signing public-key artifact is absent — continuing with configured trusted identities
.03:08:49.442 [error] local node self-trust was not added: node signing public-key artifact is absent — continuing with configured trusted identities
.03:08:49.500 [error] local node self-trust was not added: node signing public-key artifact is absent — continuing with configured trusted identities
.03:08:49.588 [warning] Orchestrator running with a permissive trust config: declared processes (including code docs synced from peers) will auto-execute ungated. Pin identities / set accept_unsigned:false in trust.json for strict gating.
03:08:49.711 [error] Process e368733c-3466-47d2-915a-2c5709b972fa: log capability delegation failed: {:error, {:capability_store_unavailable, {:noproc, {GenServer, :call, [nil, {:store_capability, %Commonplace.Trust.Capability{issuer: {"37b9ee1d-2de3-4418-9e70-8b850575eb9f", <<83, 82, 228, 6, 228, 128, 203, 149, 83, 155, 144, 56, 1, 4, 212, 202, 13, 62, 25, 172, 29, 70, 200, 72, 0, 99, 243, 68, 89, 191, 146, 129>>}, audience: {"e368733c-3466-47d2-915a-2c5709b972fa", <<108, 144, 160, 215, 47, 247, 38, 23, 235, 248, 139, 16, 23, 178, 230, 48, 155, 89, 51, 217, 29, 34, 139, 227, 160, 215, 62, 178, 5, 34, 177, 46>>}, claim: %{scope: {:docs, ["01b34105-71b4-5017-bab3-78880129971f"]}, verbs: [:write], caveats: %{not_before: nil, not_after: nil}}, proof: nil, sig: <<196, 135, 63, 60, 112, 180, 125, 153, 121, 235, 201, 239, 237, 62, 32, 222, 127, 89, 36, 20, 99, 219, 229, 60, 119, 85, 230, 186, 97, 48, 171, 171, ...>>, id: <<2, 78, 242, 139, 1, 127, 177, 154, 43, 112, 7, 144, 249, 40, 207, 87, 149, 121, 100, 117, 175, 215, 160, 152, 19, 1, 131, 236, 40, 167, 40, ...>>}}, 5000]}}}}
03:08:49.855 [error] Process e368733c-3466-47d2-915a-2c5709b972fa: log capability delegation failed: {:error, {:capability_store_unavailable, {:noproc, {GenServer, :call, [nil, {:store_capability, %Commonplace.Trust.Capability{issuer: {"37b9ee1d-2de3-4418-9e70-8b850575eb9f", <<83, 82, 228, 6, 228, 128, 203, 149, 83, 155, 144, 56, 1, 4, 212, 202, 13, 62, 25, 172, 29, 70, 200, 72, 0, 99, 243, 68, 89, 191, 146, 129>>}, audience: {"e368733c-3466-47d2-915a-2c5709b972fa", <<108, 144, 160, 215, 47, 247, 38, 23, 235, 248, 139, 16, 23, 178, 230, 48, 155, 89, 51, 217, 29, 34, 139, 227, 160, 215, 62, 178, 5, 34, 177, 46>>}, claim: %{scope: {:docs, ["01b34105-71b4-5017-bab3-78880129971f"]}, verbs: [:write], caveats: %{not_before: nil, not_after: nil}}, proof: nil, sig: <<196, 135, 63, 60, 112, 180, 125, 153, 121, 235, 201, 239, 237, 62, 32, 222, 127, 89, 36, 20, 99, 219, 229, 60, 119, 85, 230, 186, 97, 48, 171, 171, ...>>, id: <<2, 78, 242, 139, 1, 127, 177, 154, 43, 112, 7, 144, 249, 40, 207, 87, 149, 121, 100, 117, 175, 215, 160, 152, 19, 1, 131, 236, 40, 167, 40, ...>>}}, 5000]}}}}
...03:08:50.771 [error] Process 63022d76-54cc-4efe-8c5a-62017c321fe1: log capability delegation failed: {:error, {:capability_store_unavailable, {:noproc, {GenServer, :call, [nil, {:store_capability, %Commonplace.Trust.Capability{issuer: {"37b9ee1d-2de3-4418-9e70-8b850575eb9f", <<83, 82, 228, 6, 228, 128, 203, 149, 83, 155, 144, 56, 1, 4, 212, 202, 13, 62, 25, 172, 29, 70, 200, 72, 0, 99, 243, 68, 89, 191, 146, 129>>}, audience: {"63022d76-54cc-4efe-8c5a-62017c321fe1", <<95, 180, 65, 225, 124, 62, 112, 62, 7, 37, 17, 218, 33, 50, 227, 169, 101, 93, 90, 34, 254, 21, 220, 190, 4, 153, 115, 236, 12, 128, 209, 176>>}, claim: %{scope: {:docs, ["377bc30e-cd68-5b0e-b755-8c054dfdce21"]}, verbs: [:write], caveats: %{not_before: nil, not_after: nil}}, proof: nil, sig: <<73, 102, 52, 148, 242, 250, 165, 220, 204, 175, 89, 35, 193, 217, 237, 242, 173, 114, 107, 37, 204, 253, 235, 94, 80, 26, 187, 166, 24, 191, 9, 235, ...>>, id: <<127, 147, 76, 71, 252, 14, 228, 7, 37, 116, 171, 132, 58, 142, 85, 10, 29, 184, 184, 31, 16, 231, 255, 232, 128, 44, 11, 128, 19, 91, 106, ...>>}}, 5000]}}}}
03:08:50.912 [error] Process 63022d76-54cc-4efe-8c5a-62017c321fe1: log capability delegation failed: {:error, {:capability_store_unavailable, {:noproc, {GenServer, :call, [nil, {:store_capability, %Commonplace.Trust.Capability{issuer: {"37b9ee1d-2de3-4418-9e70-8b850575eb9f", <<83, 82, 228, 6, 228, 128, 203, 149, 83, 155, 144, 56, 1, 4, 212, 202, 13, 62, 25, 172, 29, 70, 200, 72, 0, 99, 243, 68, 89, 191, 146, 129>>}, audience: {"63022d76-54cc-4efe-8c5a-62017c321fe1", <<95, 180, 65, 225, 124, 62, 112, 62, 7, 37, 17, 218, 33, 50, 227, 169, 101, 93, 90, 34, 254, 21, 220, 190, 4, 153, 115, 236, 12, 128, 209, 176>>}, claim: %{scope: {:docs, ["377bc30e-cd68-5b0e-b755-8c054dfdce21"]}, verbs: [:write], caveats: %{not_before: nil, not_after: nil}}, proof: nil, sig: <<73, 102, 52, 148, 242, 250, 165, 220, 204, 175, 89, 35, 193, 217, 237, 242, 173, 114, 107, 37, 204, 253, 235, 94, 80, 26, 187, 166, 24, 191, 9, 235, ...>>, id: <<127, 147, 76, 71, 252, 14, 228, 7, 37, 116, 171, 132, 58, 142, 85, 10, 29, 184, 184, 31, 16, 231, 255, 232, 128, 44, 11, 128, 19, 91, 106, ...>>}}, 5000]}}}}
....................03:08:52.240 [warning] SiblingMerger: skipping auto-merge for code doc code-sibling — no-delta-merge-on-code-docs invariant (CX-obfb). Heads stay divergent; converge by re-authorship (an :execute-authorized signer mints a regular full-state commit).
.............03:08:52.426 [warning] CommitStore: doc commit index interrupted (state={:dirty, 1, "doc-x"}); startup backfill repaired commit_rows=22 doc_uuids=1 removed_index_rows=21 scope=entire_commit_range
...........................................03:08:57.681 [warning] flock failed on /tmp/cp_export_out_611484/hello.txt: :enoent, proceeding without lock
.03:08:57.693 [warning] flock failed on /tmp/cp_export_out_208278/file.txt: :enoent, proceeding without lock
.03:08:57.709 [warning] flock failed on /tmp/cp_export_out_204296/mid/deep/leaf.txt: :enoent, proceeding without lock
.03:08:57.724 [warning] flock failed on /tmp/cp_export_out_314493/a.txt: :enoent, proceeding without lock
03:08:57.727 [warning] flock failed on /tmp/cp_export_out_314493/b.txt: :enoent, proceeding without lock
.03:08:57.747 [warning] flock failed on /tmp/cp_export_out_282687/subdir/nested.txt: :enoent, proceeding without lock
.03:08:57.767 [warning] flock failed on /tmp/cp_export_out_68353/config.json: :enoent, proceeding without lock
03:08:57.769 [warning] flock failed on /tmp/cp_export_out_68353/readme.txt: :enoent, proceeding without lock
03:08:57.772 [warning] flock failed on /tmp/cp_export_out_68353/sub/inner.txt: :enoent, proceeding without lock
...................03:08:58.063 [error] local node self-trust was not added: node signing public-key artifact is absent — continuing with configured trusted identities
03:08:58.064 [warning] CommitStore: local write would be DENIED by trust gate (dry_run — write still lands) doc_uuid=7147803b-5c25-4646-9f9d-31bb5305c40d commit_id=2bb5ce266ba34f279015095ab8b3ab229126ef62635a98e3609a92c3ee7fcf84 reason=:unsigned
03:08:58.066 [error] local node self-trust was not added: node signing public-key artifact is absent — continuing with configured trusted identities
03:08:58.066 [warning] CommitStore: local write would be DENIED by trust gate (dry_run — write still lands) doc_uuid=f568fb4b-1106-4eda-a125-fe06a5f91db1 commit_id=68fc7a078227fb71e3cf2cf613f8ff3e5f576e7d3cd7f1afdfa9921b5999e7ba reason=:unsigned
03:08:58.068 [error] local node self-trust was not added: node signing public-key artifact is absent — continuing with configured trusted identities
03:08:58.068 [warning] CommitStore: local write would be DENIED by trust gate (dry_run — write still lands) doc_uuid=6d3ed50b-a6eb-4104-8633-1c5a70d6942d commit_id=b6dc99637bdc0a81169c3f78dbf214e659d5ee132523fa5070d09e95285ba072 reason=:unsigned
.03:08:58.076 [error] local node self-trust was not added: node signing public-key artifact is absent — continuing with configured trusted identities
03:08:58.076 [warning] CommitStore: local write would be DENIED by trust gate (dry_run — write still lands) doc_uuid=bc5b83a6-2971-4290-9b7c-48e2588fd0b0 commit_id=f99b0a996e4e73b5bd98383ddbb9801e19efe3e01d35358dca3d854e2fefa142 reason=:unsigned
03:08:58.078 [error] local node self-trust was not added: node signing public-key artifact is absent — continuing with configured trusted identities
03:08:58.078 [warning] CommitStore: local write would be DENIED by trust gate (dry_run — write still lands) doc_uuid=3c722add-aec0-4897-82c3-5abe2e3f1cf0 commit_id=efb359b7bd12889e04cf37e1578d05dfcadf4927d76c691fde25cf650ec0ad5d reason=:unsigned
03:08:58.081 [error] local node self-trust was not added: node signing public-key artifact is absent — continuing with configured trusted identities
03:08:58.081 [warning] CommitStore: local write would be DENIED by trust gate (dry_run — write still lands) doc_uuid=a1097b57-115e-40ae-b998-df5e01ecd470 commit_id=c06c266d484dbdc83eb1bd58e7496dd79ea530de454e2e1e4440b0f0430790b0 reason=:unsigned
03:08:58.085 [error] local node self-trust was not added: node signing public-key artifact is absent — continuing with configured trusted identities
03:08:58.085 [warning] CommitStore: local write would be DENIED by trust gate (dry_run — write still lands) doc_uuid=f58222b5-1070-460f-887f-87716a51743d commit_id=e3ebddd97f7e4b6ca2b89d00a6829e6fa1cc439a85f738e91505b3eeeaf85704 reason=:unsigned
03:08:58.089 [error] local node self-trust was not added: node signing public-key artifact is absent — continuing with configured trusted identities
.03:08:58.114 [error] local node self-trust was not added: node signing public-key artifact is absent — continuing with configured trusted identities
03:08:58.114 [warning] CommitStore: local write would be DENIED by trust gate (dry_run — write still lands) doc_uuid=8698164d-d1c1-480b-9dc4-3bde409078ef commit_id=135a6233032b93ca91e2fda0df97022525104e88b3e0e9740f5456567369d4f0 reason=:unsigned
03:08:58.117 [error] local node self-trust was not added: node signing public-key artifact is absent — continuing with configured trusted identities
03:08:58.117 [warning] CommitStore: local write would be DENIED by trust gate (dry_run — write still lands) doc_uuid=bf9ee680-eb0b-4f2f-925e-53a1fc7a3718 commit_id=314cf1c82f52321d7675b9291863063bf163b6a0e6dbe4d77fefca807987e421 reason=:unsigned
03:08:58.120 [error] local node self-trust was not added: node signing public-key artifact is absent — continuing with configured trusted identities
03:08:58.120 [warning] CommitStore: local write would be DENIED by trust gate (dry_run — write still lands) doc_uuid=2130adb5-f7d6-4168-907f-5f0bb6f007b9 commit_id=a932a55637b2f2e01851a3f0533af1263a155ecdc32fb816fa72712a4152f626 reason=:unsigned
03:08:58.124 [error] local node self-trust was not added: node signing public-key artifact is absent — continuing with configured trusted identities
03:08:58.124 [warning] CommitStore: local write would be DENIED by trust gate (dry_run — write still lands) doc_uuid=8eaf5236-eac4-4a6c-834b-945069459284 commit_id=104487e32f6e5d09cde5d90e5eb19f22ef7bc13d853e3939de459bcb0127a4e0 reason=:unsigned
03:08:58.128 [error] local node self-trust was not added: node signing public-key artifact is absent — continuing with configured trusted identities
03:08:58.128 [warning] CommitStore: local write would be DENIED by trust gate (dry_run — write still lands) doc_uuid=ef07c5f7-2623-4a5a-a378-05f88e5d9652 commit_id=3e4b73e5a4b28796013bf7ed3860ed35deb78c638fec74674beeb4163a222df1 reason={:untrusted_signer, "bb60ed4b-7c17-4e4b-84aa-53eaea3f2642"}
03:08:58.132 [error] local node self-trust was not added: node signing public-key artifact is absent — continuing with configured trusted identities
03:08:58.133 [warning] CommitStore: local write would be DENIED by trust gate (dry_run — write still lands) doc_uuid=6e0f1210-1e47-451d-9ef9-12c7030004ed commit_id=6520da2278e8d68947fa431824240374af827ee58fe6dbcc9dcf6d73220ecaf4 reason={:untrusted_signer, "bb60ed4b-7c17-4e4b-84aa-53eaea3f2642"}
03:08:58.138 [error] local node self-trust was not added: node signing public-key artifact is absent — continuing with configured trusted identities
03:08:58.139 [warning] CommitStore: local write would be DENIED by trust gate (dry_run — write still lands) doc_uuid=c7edaf3f-941f-48ed-9a55-c89d02bfe94e commit_id=456722ea7b022aaa9eca0df89d9e09b5c2910cb6b9499d7042ca44970e4992bc reason={:untrusted_signer, "bb60ed4b-7c17-4e4b-84aa-53eaea3f2642"}
03:08:58.143 [error] local node self-trust was not added: node signing public-key artifact is absent — continuing with configured trusted identities
03:08:58.144 [warning] CommitStore: local write would be DENIED by trust gate (dry_run — write still lands) doc_uuid=2445434f-c22b-4c85-a03e-b42c3e78d36b commit_id=8cb701d77ffbcf268c8e69405c2ae4a1341d6788ec039b6f214aefd5d29532b4 reason={:untrusted_signer, "bb60ed4b-7c17-4e4b-84aa-53eaea3f2642"}
03:08:58.147 [error] local node self-trust was not added: node signing public-key artifact is absent — continuing with configured trusted identities
03:08:58.147 [warning] CommitStore: local write would be DENIED by trust gate (dry_run — write still lands) doc_uuid=7f7756b6-7112-4ee4-9a66-bf006978e484 commit_id=1854a4c530347daaaa7923f6cdfb316a0cc4f138e983baf7975ae7d348cc5789 reason={:untrusted_signer, "bb60ed4b-7c17-4e4b-84aa-53eaea3f2642"}
03:08:58.151 [error] local node self-trust was not added: node signing public-key artifact is absent — continuing with configured trusted identities
03:08:58.152 [warning] CommitStore: local write would be DENIED by trust gate (dry_run — write still lands) doc_uuid=2445434f-c22b-4c85-a03e-b42c3e78d36b commit_id=5e0222dd01e544ea82b76281b8f38bd189b6873696ecf4f12aac7bf810d3aac0 reason={:untrusted_signer, "bb60ed4b-7c17-4e4b-84aa-53eaea3f2642"}
03:08:58.156 [error] local node self-trust was not added: node signing public-key artifact is absent — continuing with configured trusted identities
03:08:58.156 [warning] CommitStore: local write would be DENIED by trust gate (dry_run — write still lands) doc_uuid=ef07c5f7-2623-4a5a-a378-05f88e5d9652 commit_id=ae5d464a0a458c4abe5afed0ad30623a30a57e80e3b6d04d1a5887f96d6a6797 reason={:untrusted_signer, "bb60ed4b-7c17-4e4b-84aa-53eaea3f2642"}
03:08:58.161 [error] local node self-trust was not added: node signing public-key artifact is absent — continuing with configured trusted identities
03:08:58.161 [warning] CommitStore: local write would be DENIED by trust gate (dry_run — write still lands) doc_uuid=6f4db009-9a1e-4a26-8550-af039a5d75e4 commit_id=d528b18321b45e1ad4a5a575b9c67713376977bc69449b738b3c3f62b0da047a reason={:untrusted_signer, "bb60ed4b-7c17-4e4b-84aa-53eaea3f2642"}
03:08:58.164 [error] local node self-trust was not added: node signing public-key artifact is absent — continuing with configured trusted identities
03:08:58.165 [warning] CommitStore: local write would be DENIED by trust gate (dry_run — write still lands) doc_uuid=bf9ee680-eb0b-4f2f-925e-53a1fc7a3718 commit_id=f6d6c67d9b925425576144920ee51a1e86e437c3a101734fa628a7d75875371a reason={:untrusted_signer, "bb60ed4b-7c17-4e4b-84aa-53eaea3f2642"}
03:08:58.168 [error] local node self-trust was not added: node signing public-key artifact is absent — continuing with configured trusted identities
03:08:58.168 [warning] EngineModule :look ("100ca11b-1004-4e55-9f66-a07788990011") fell back to last-good/floor: {:compile, :not_found}
03:08:58.213 [error] local node self-trust was not added: node signing public-key artifact is absent — continuing with configured trusted identities
03:08:58.213 [warning] CommitStore: local write would be DENIED by trust gate (dry_run — write still lands) doc_uuid=8be163d5-71f7-46f6-a47d-34d35f1a6068 commit_id=263f39a894fd358373d5751a66ec8ef3cdc4269fbbb2c6c92ef0b1bb35599c4c reason={:untrusted_signer, "3c729c82-63bb-44e8-a529-9db3ed8f04a8"}
03:08:58.218 [error] local node self-trust was not added: node signing public-key artifact is absent — continuing with configured trusted identities
03:08:58.218 [warning] CommitStore: local write would be DENIED by trust gate (dry_run — write still lands) doc_uuid=74d38989-3c11-4b46-8344-50988a40e013 commit_id=d665704b6eb84d803abc6d3695777531a18c845c87b51c0ef3fed51b50daf1ab reason={:untrusted_signer, "3c729c82-63bb-44e8-a529-9db3ed8f04a8"}
03:08:58.221 [error] local node self-trust was not added: node signing public-key artifact is absent — continuing with configured trusted identities
03:08:58.221 [warning] CommitStore: local write would be DENIED by trust gate (dry_run — write still lands) doc_uuid=d9de871a-1a88-45de-9d25-a62ca741c8b4 commit_id=46fc6020c31a784eeb3899dcc14b12400abbb773fcc5c81174c2cb7bce3e2fa5 reason={:untrusted_signer, "3c729c82-63bb-44e8-a529-9db3ed8f04a8"}
03:08:58.228 [error] local node self-trust was not added: node signing public-key artifact is absent — continuing with configured trusted identities
03:08:58.230 [warning] CommitStore: local write would be DENIED by trust gate (dry_run — write still lands) doc_uuid=74d38989-3c11-4b46-8344-50988a40e013 commit_id=33567c060df510233b0313efb323d832e2abe33d8fc8e5d848d6a80441259f23 reason={:untrusted_signer, "3c729c82-63bb-44e8-a529-9db3ed8f04a8"}
03:08:58.233 [error] local node self-trust was not added: node signing public-key artifact is absent — continuing with configured trusted identities
03:08:58.234 [warning] CommitStore: local write would be DENIED by trust gate (dry_run — write still lands) doc_uuid=ef07c5f7-2623-4a5a-a378-05f88e5d9652 commit_id=bcddc16f5ab69efea22dd8c206174bb8e7c66bd8282ab7dfe4032b288ed27026 reason={:untrusted_signer, "3c729c82-63bb-44e8-a529-9db3ed8f04a8"}
03:08:58.246 [error] local node self-trust was not added: node signing public-key artifact is absent — continuing with configured trusted identities
03:08:58.246 [warning] CommitStore: local write would be DENIED by trust gate (dry_run — write still lands) doc_uuid=b6162cc6-e76e-4920-a6fa-2181b7905756 commit_id=77631ba4b6158b1997a04ae5cb9384bf2cf83db644f717da0e0e0e30811accbc reason={:untrusted_signer, "3c729c82-63bb-44e8-a529-9db3ed8f04a8"}
03:08:58.251 [error] local node self-trust was not added: node signing public-key artifact is absent — continuing with configured trusted identities
03:08:58.252 [warning] CommitStore: local write would be DENIED by trust gate (dry_run — write still lands) doc_uuid=bf9ee680-eb0b-4f2f-925e-53a1fc7a3718 commit_id=c1edf153934e086343700b99ca3586c963ee6a50b71a9d9f2e6455dd669a0dd2 reason={:untrusted_signer, "3c729c82-63bb-44e8-a529-9db3ed8f04a8"}
03:08:58.255 [error] local node self-trust was not added: node signing public-key artifact is absent — continuing with configured trusted identities
03:08:58.256 [warning] EngineModule :look ("100ca11b-1004-4e55-9f66-a07788990011") fell back to last-good/floor: {:compile, :not_found}
03:08:58.299 [error] local node self-trust was not added: node signing public-key artifact is absent — continuing with configured trusted identities
03:08:58.300 [warning] EngineModule :parser ("aa11bb22-cc33-4d44-8e55-ff6677889900") fell back to last-good/floor: {:compile, :not_found}
03:08:58.301 [error] local node self-trust was not added: node signing public-key artifact is absent — continuing with configured trusted identities
03:08:58.302 [warning] EngineModule :say ("400fc44e-4007-4b88-c299-d3a011223344") fell back to last-good/floor: {:compile, :not_found}
03:08:58.404 [error] local node self-trust was not added: node signing public-key artifact is absent — continuing with configured trusted identities
03:08:58.405 [warning] EngineModule :parser ("aa11bb22-cc33-4d44-8e55-ff6677889900") fell back to last-good/floor: {:compile, :not_found}
03:08:58.406 [error] local node self-trust was not added: node signing public-key artifact is absent — continuing with configured trusted identities
03:08:58.408 [error] local node self-trust was not added: node signing public-key artifact is absent — continuing with configured trusted identities
03:08:58.408 [warning] CommitStore: local write would be DENIED by trust gate (dry_run — write still lands) doc_uuid=1bf40983-08b0-4431-8ec3-1d5da5e57a80 commit_id=3cda91af69fb03185313d3916e375c55a0ecfb95717d691a3658b3b4fc7ca7b7 reason={:untrusted_signer, "37b9ee1d-2de3-4418-9e70-8b850575eb9f"}
03:08:58.412 [error] local node self-trust was not added: node signing public-key artifact is absent — continuing with configured trusted identities
03:08:58.412 [warning] CommitStore: local write would be DENIED by trust gate (dry_run — write still lands) doc_uuid=1bf40983-08b0-4431-8ec3-1d5da5e57a80 commit_id=cd736ba6bd5054f9c8f7041639aa3a3623c6e6b2a628ea816e5ff1031afa56e0 reason={:untrusted_signer, "37b9ee1d-2de3-4418-9e70-8b850575eb9f"}
03:08:58.415 [error] local node self-trust was not added: node signing public-key artifact is absent — continuing with configured trusted identities
03:08:58.416 [warning] CommitStore: local write would be DENIED by trust gate (dry_run — write still lands) doc_uuid=8eaf5236-eac4-4a6c-834b-945069459284 commit_id=256f0f96f297e9ae2c5b956d78693441cc6f38b5c616d4d096738ba1182588a3 reason={:untrusted_signer, "bb60ed4b-7c17-4e4b-84aa-53eaea3f2642"}
03:08:58.418 [error] local node self-trust was not added: node signing public-key artifact is absent — continuing with configured trusted identities
03:08:58.419 [warning] CommitStore: local write would be DENIED by trust gate (dry_run — write still lands) doc_uuid=bf9ee680-eb0b-4f2f-925e-53a1fc7a3718 commit_id=c872fff84a749d5d7b1281b53e41ecdfd84931b6c34c2c7ae7caebd13d143c9a reason={:untrusted_signer, "bb60ed4b-7c17-4e4b-84aa-53eaea3f2642"}
03:08:58.421 [error] local node self-trust was not added: node signing public-key artifact is absent — continuing with configured trusted identities
03:08:58.422 [warning] CommitStore: local write would be DENIED by trust gate (dry_run — write still lands) doc_uuid=1bf40983-08b0-4431-8ec3-1d5da5e57a80 commit_id=d80ed12769c872ddc91347a59b09aaa407be885da7a2f842c4effb1fb9111335 reason={:untrusted_signer, "37b9ee1d-2de3-4418-9e70-8b850575eb9f"}
03:08:58.425 [error] local node self-trust was not added: node signing public-key artifact is absent — continuing with configured trusted identities
03:08:58.425 [warning] CommitStore: local write would be DENIED by trust gate (dry_run — write still lands) doc_uuid=1bf40983-08b0-4431-8ec3-1d5da5e57a80 commit_id=033bd1d23111786507e7fb93116f28eaf289ae8ebf0e0fb7e6ca6d580724b42d reason={:untrusted_signer, "37b9ee1d-2de3-4418-9e70-8b850575eb9f"}
03:08:58.428 [error] local node self-trust was not added: node signing public-key artifact is absent — continuing with configured trusted identities
03:08:58.428 [warning] EngineModule :look ("100ca11b-1004-4e55-9f66-a07788990011") fell back to last-good/floor: {:compile, :not_found}
03:08:58.429 [error] local node self-trust was not added: node signing public-key artifact is absent — continuing with configured trusted identities
03:08:58.532 [error] local node self-trust was not added: node signing public-key artifact is absent — continuing with configured trusted identities
03:08:58.532 [warning] EngineModule :parser ("aa11bb22-cc33-4d44-8e55-ff6677889900") fell back to last-good/floor: {:compile, :not_found}
03:08:58.533 [error] local node self-trust was not added: node signing public-key artifact is absent — continuing with configured trusted identities
03:08:58.602 [error] local node self-trust was not added: node signing public-key artifact is absent — continuing with configured trusted identities
03:08:58.602 [warning] CommitStore: local write would be DENIED by trust gate (dry_run — write still lands) doc_uuid=1bf40983-08b0-4431-8ec3-1d5da5e57a80 commit_id=9ffaa7890b63bc9359f9512bbbe277f59d236ec368267669b5f646a974ee4970 reason={:untrusted_signer, "37b9ee1d-2de3-4418-9e70-8b850575eb9f"}
03:08:58.635 [error] local node self-trust was not added: node signing public-key artifact is absent — continuing with configured trusted identities
03:08:58.636 [warning] EngineModule :parser ("aa11bb22-cc33-4d44-8e55-ff6677889900") fell back to last-good/floor: {:compile, :not_found}
03:08:58.637 [error] local node self-trust was not added: node signing public-key artifact is absent — continuing with configured trusted identities
03:08:58.637 [warning] EngineModule :say ("400fc44e-4007-4b88-c299-d3a011223344") fell back to last-good/floor: {:compile, :not_found}
.03:08:58.744 [error] local node self-trust was not added: node signing public-key artifact is absent — continuing with configured trusted identities
03:08:58.745 [warning] CommitStore: local write would be DENIED by trust gate (dry_run — write still lands) doc_uuid=20fce351-7df2-46f0-a57c-a557acd3d737 commit_id=993b345b657b7ed8e860149a11a0aa00030ea55aef52ee2e6584f62a237ad703 reason=:unsigned
03:08:58.748 [error] local node self-trust was not added: node signing public-key artifact is absent — continuing with configured trusted identities
03:08:58.748 [warning] CommitStore: local write would be DENIED by trust gate (dry_run — write still lands) doc_uuid=c0328861-013b-45a5-8749-fe8349d529cf commit_id=849829395b8aa02de3f33b6af97a99cbcb699cd199df58f3703815dd748d1c04 reason=:unsigned
.03:08:58.756 [error] local node self-trust was not added: node signing public-key artifact is absent — continuing with configured trusted identities
03:08:58.756 [warning] CommitStore: local write would be DENIED by trust gate (dry_run — write still lands) doc_uuid=522d53a8-bb69-4de3-8b20-103b8b224b8b commit_id=cf7b81604e0ff23f41197b30d9b891d40fb0d517a81f4d6d776abefe5e9cce2c reason=:unsigned
03:08:58.758 [error] local node self-trust was not added: node signing public-key artifact is absent — continuing with configured trusted identities
03:08:58.758 [warning] CommitStore: local write would be DENIED by trust gate (dry_run — write still lands) doc_uuid=dc91748d-3d86-44d1-9b98-514a3a05f63c commit_id=70ea57fbebc4f09b0ca8398157969558f659c476463acc59b0cbcf9cde6e0d9f reason=:unsigned
03:08:58.760 [error] local node self-trust was not added: node signing public-key artifact is absent — continuing with configured trusted identities
03:08:58.760 [warning] CommitStore: local write would be DENIED by trust gate (dry_run — write still lands) doc_uuid=11513ad5-6f0f-499c-9a8b-37342eba6eda commit_id=aec2efa8ee9890183d2e8700ea83e378dc86bd0b04204f57450daffcb147e242 reason=:unsigned
03:08:58.762 [error] local node self-trust was not added: node signing public-key artifact is absent — continuing with configured trusted identities
03:08:58.762 [warning] CommitStore: local write would be DENIED by trust gate (dry_run — write still lands) doc_uuid=f363c6c1-b079-4dcc-aea0-22ba8ec66242 commit_id=2795c60169c7c695e78eed1014d7611cbb05cba2703f2703693399665d5bff33 reason=:unsigned
03:08:58.765 [error] local node self-trust was not added: node signing public-key artifact is absent — continuing with configured trusted identities
.03:08:58.787 [error] local node self-trust was not added: node signing public-key artifact is absent — continuing with configured trusted identities
03:08:58.787 [warning] CommitStore: local write would be DENIED by trust gate (dry_run — write still lands) doc_uuid=1eaf7c51-6154-43c2-9e9a-5aee3f20a14d commit_id=256ce64fe975175a88ab0eb9f23085d0cf9415c11a77fb8d639853a6e4336ad0 reason=:unsigned
03:08:58.790 [error] local node self-trust was not added: node signing public-key artifact is absent — continuing with configured trusted identities
03:08:58.790 [warning] CommitStore: local write would be DENIED by trust gate (dry_run — write still lands) doc_uuid=4fb6047a-356a-4cd1-a754-1fd224450219 commit_id=2ff3c2c12fbb95db066dc5d95224924951101a8c3028361813892e25d0253802 reason=:unsigned
03:08:58.792 [error] local node self-trust was not added: node signing public-key artifact is absent — continuing with configured trusted identities
03:08:58.792 [warning] CommitStore: local write would be DENIED by trust gate (dry_run — write still lands) doc_uuid=aedfcde1-917f-4b5a-881b-ff070ea5e01e commit_id=3e7c95d5dc19793fe9ec2c4443319a4ba61273f36e7760b331ca03367583c6a3 reason=:unsigned
03:08:58.795 [error] local node self-trust was not added: node signing public-key artifact is absent — continuing with configured trusted identities
03:08:58.796 [warning] CommitStore: local write would be DENIED by trust gate (dry_run — write still lands) doc_uuid=85975e96-ba50-4dfa-bfe9-b434f82364fa commit_id=2077449b57370f681720d8e3d015fadd705f08ceee394251bd66e9d952569d6b reason=:unsigned
03:08:58.805 [warning] CommitStore: local write would be DENIED by trust gate (dry_run — write still lands) doc_uuid=842f6cab-9671-4d01-8454-b591814f563a commit_id=4e7fc2e5cd6995ed4e58d4fb21a089d6b5f356f013203f86eb0e85c045ada8ef reason=:unsigned
03:08:58.808 [warning] CommitStore: local write would be DENIED by trust gate (dry_run — write still lands) doc_uuid=cf74f21d-d992-4dee-a721-8d4a154ab961 commit_id=33f5be9325dbddd94c8738551d7b049fac0f24306e1152652d9196d81ed42579 reason=:unsigned
03:08:58.812 [warning] CommitStore: local write would be DENIED by trust gate (dry_run — write still lands) doc_uuid=8a211499-f366-457a-b391-3f36b9fd8572 commit_id=078bece630c8e542718c22f89b69941bf74fd43906876c8a077635cb6636ed07 reason={:untrusted_signer, "c7460e80-f4ac-4aca-95d8-97b815e140f9"}
03:08:58.815 [warning] CommitStore: local write would be DENIED by trust gate (dry_run — write still lands) doc_uuid=70fe69f4-de2f-47d6-b8bc-1429a935f614 commit_id=308a626161bb702214f66e39809d6f959c926c228e989da1abbe3f9019499e30 reason={:untrusted_signer, "c7460e80-f4ac-4aca-95d8-97b815e140f9"}
03:08:58.818 [warning] CommitStore: local write would be DENIED by trust gate (dry_run — write still lands) doc_uuid=1038c560-350c-4f42-8344-6977c25714e8 commit_id=3c5c6ec05dc0dad9021f66dbc329d04d4938d6a3cdeaf5a6b54d3c5ad992936e reason={:untrusted_signer, "c7460e80-f4ac-4aca-95d8-97b815e140f9"}
03:08:58.824 [warning] CommitStore: local write would be DENIED by trust gate (dry_run — write still lands) doc_uuid=f1532e98-2d5b-4e87-8e1a-aa922c14598b commit_id=f0b56e7e7bac28175eecf8d237bfeaa2d4d9fcb6cc51b614cbd383b02e4949b3 reason={:untrusted_signer, "c7460e80-f4ac-4aca-95d8-97b815e140f9"}
03:08:58.829 [warning] CommitStore: local write would be DENIED by trust gate (dry_run — write still lands) doc_uuid=5f6ba17b-ffb8-4d2a-a57f-54a724811d2d commit_id=6d727acfe8e33c39bf5ab8fbbb4fef5569ae9f9f1a79630e0e96f9a72fb32ad0 reason={:untrusted_signer, "c7460e80-f4ac-4aca-95d8-97b815e140f9"}
03:08:58.833 [warning] CommitStore: local write would be DENIED by trust gate (dry_run — write still lands) doc_uuid=f1532e98-2d5b-4e87-8e1a-aa922c14598b commit_id=453c97171daa788eda63e16328ae5e01c61e7d01d378a6a2d3f0f490dd36bfab reason={:untrusted_signer, "c7460e80-f4ac-4aca-95d8-97b815e140f9"}
03:08:58.836 [warning] CommitStore: local write would be DENIED by trust gate (dry_run — write still lands) doc_uuid=8a211499-f366-457a-b391-3f36b9fd8572 commit_id=0a4f4c135798a57ecc3d787de4533da99dbfa0f82fe446991b99dea06594800d reason={:untrusted_signer, "c7460e80-f4ac-4aca-95d8-97b815e140f9"}
03:08:58.840 [warning] CommitStore: local write would be DENIED by trust gate (dry_run — write still lands) doc_uuid=23658f00-260c-4cef-9728-c4c66c1f7649 commit_id=0bf52116dbb91b9e874b16a1c966bb4e666d9b25412365c307f22e468403b205 reason={:untrusted_signer, "c7460e80-f4ac-4aca-95d8-97b815e140f9"}
03:08:58.844 [warning] CommitStore: local write would be DENIED by trust gate (dry_run — write still lands) doc_uuid=85975e96-ba50-4dfa-bfe9-b434f82364fa commit_id=962fe46666a082e57cd3b047c4c8292cc8b75b05457523122b8356a43b2e7dfd reason={:untrusted_signer, "c7460e80-f4ac-4aca-95d8-97b815e140f9"}
03:08:58.846 [warning] EngineModule :look ("100ca11b-1004-4e55-9f66-a07788990011") fell back to last-good/floor: {:compile, :not_found}
03:08:58.889 [warning] CommitStore: local write would be DENIED by trust gate (dry_run — write still lands) doc_uuid=cd0cf254-a38a-452f-81df-c231a588ddd6 commit_id=cd2a0de3afaa4d515a6a9f59b458b9d58c89ee16f64d571dd5d99efd544e46d6 reason={:untrusted_signer, "fabd398d-1d1e-40e0-8b77-6e7070c9b8b9"}
03:08:58.893 [warning] CommitStore: local write would be DENIED by trust gate (dry_run — write still lands) doc_uuid=40a20dc4-64c4-495e-adaf-32a27d0d5652 commit_id=44e41a089f5be6820bbcb29d19359346cd41f25521179fb5f8b81515d241c4bb reason={:untrusted_signer, "fabd398d-1d1e-40e0-8b77-6e7070c9b8b9"}
03:08:58.897 [warning] CommitStore: local write would be DENIED by trust gate (dry_run — write still lands) doc_uuid=03e75da6-0799-4107-88a6-a35a17ffe578 commit_id=6d85c271d639db2b8035590930a0ef92e20513606cb92c83ffb6dac8c5156f3d reason={:untrusted_signer, "fabd398d-1d1e-40e0-8b77-6e7070c9b8b9"}
03:08:58.900 [warning] CommitStore: local write would be DENIED by trust gate (dry_run — write still lands) doc_uuid=40a20dc4-64c4-495e-adaf-32a27d0d5652 commit_id=d26b9db5ec9af05f7f0fd53878d054f63b2e0bbdc835c8691d3818562d994192 reason={:untrusted_signer, "fabd398d-1d1e-40e0-8b77-6e7070c9b8b9"}
03:08:58.904 [warning] CommitStore: local write would be DENIED by trust gate (dry_run — write still lands) doc_uuid=8a211499-f366-457a-b391-3f36b9fd8572 commit_id=05189571e0cc2a850a4aaa1356e5de6bed4d43bd5e308f1f5672dbf871f332ec reason={:untrusted_signer, "fabd398d-1d1e-40e0-8b77-6e7070c9b8b9"}
03:08:58.909 [warning] CommitStore: local write would be DENIED by trust gate (dry_run — write still lands) doc_uuid=0db0b026-a47e-4866-8b6d-c24af6bb403f commit_id=4782b77340d008c55a79f8671946d844a5d0c6bb66f6c44dc6aeee4e1842cc45 reason={:untrusted_signer, "fabd398d-1d1e-40e0-8b77-6e7070c9b8b9"}
03:08:58.914 [warning] CommitStore: local write would be DENIED by trust gate (dry_run — write still lands) doc_uuid=cf74f21d-d992-4dee-a721-8d4a154ab961 commit_id=df841b676788969f5b1737055eefcb28b9aebfdde6733be8dbfd1c5b27bb759c reason={:untrusted_signer, "fabd398d-1d1e-40e0-8b77-6e7070c9b8b9"}
03:08:58.920 [warning] EngineModule :look ("100ca11b-1004-4e55-9f66-a07788990011") fell back to last-good/floor: {:compile, :not_found}
03:08:58.962 [warning] EngineModule :parser ("aa11bb22-cc33-4d44-8e55-ff6677889900") fell back to last-good/floor: {:compile, :not_found}
03:08:59.139 [warning] EngineModule :parser ("aa11bb22-cc33-4d44-8e55-ff6677889900") fell back to last-good/floor: {:compile, :not_found}
03:08:59.141 [warning] EngineModule :say ("400fc44e-4007-4b88-c299-d3a011223344") fell back to last-good/floor: {:compile, :not_found}
.03:08:59.252 [error] local node self-trust was not added: node signing public-key artifact is absent — continuing with configured trusted identities
03:08:59.253 [warning] CommitStore: local write would be DENIED by trust gate (dry_run — write still lands) doc_uuid=0b3b8a65-74cc-44b2-bb6a-8f495c475451 commit_id=1be01712a4951dfddebb5e13cb13e7d49214f9798311950be065d940c6d36e60 reason=:unsigned
03:08:59.255 [error] local node self-trust was not added: node signing public-key artifact is absent — continuing with configured trusted identities
03:08:59.255 [warning] CommitStore: local write would be DENIED by trust gate (dry_run — write still lands) doc_uuid=86fad932-2fb4-4ab6-93c0-7e166a047bca commit_id=628fa40d54072882b9ad6913068a4e7ce0191875a32200138a62b0043f4e541a reason=:unsigned
03:08:59.257 [error] local node self-trust was not added: node signing public-key artifact is absent — continuing with configured trusted identities
03:08:59.258 [warning] CommitStore: local write would be DENIED by trust gate (dry_run — write still lands) doc_uuid=ca371a5c-2072-417e-92e8-b37d78be5100 commit_id=b9ffa82b80dd8148d4d63e3c68ccbb7809e2df283d846bb12e774a3c9bb9205c reason=:unsigned
03:08:59.260 [error] local node self-trust was not added: node signing public-key artifact is absent — continuing with configured trusted identities
03:08:59.260 [warning] CommitStore: local write would be DENIED by trust gate (dry_run — write still lands) doc_uuid=815713cf-d7c4-48e2-8999-2f686778b573 commit_id=01e960704614a6e6b0cf280f620f4652e610ff035a5bab30822e9f96092b57e2 reason=:unsigned
.03:08:59.283 [error] local node self-trust was not added: node signing public-key artifact is absent — continuing with configured trusted identities
03:08:59.283 [warning] CommitStore: local write would be DENIED by trust gate (dry_run — write still lands) doc_uuid=85171278-6a80-4fb8-81b7-525ddb95579c commit_id=c76fcd11d0486a93579e13a7fa0949e6fd63a1d695aef8b4fd3e309489b0c2b3 reason=:unsigned
03:08:59.286 [error] local node self-trust was not added: node signing public-key artifact is absent — continuing with configured trusted identities
03:08:59.286 [warning] CommitStore: local write would be DENIED by trust gate (dry_run — write still lands) doc_uuid=2a0424f0-469e-43a1-9f3d-21f5b3754c84 commit_id=9fb075c9d2a35b3ab956ae9a98a250a5de4e8f2ebdaec202bf57067088adb5d1 reason=:unsigned
03:08:59.288 [error] local node self-trust was not added: node signing public-key artifact is absent — continuing with configured trusted identities
03:08:59.288 [warning] CommitStore: local write would be DENIED by trust gate (dry_run — write still lands) doc_uuid=125aa73c-1fb6-4bd4-aa52-de706b167dbb commit_id=0d9b4cff75e1bad17b3c2c03c7fa0274cac42088d349c8e79cd9dcc101778c44 reason=:unsigned
03:08:59.293 [error] local node self-trust was not added: node signing public-key artifact is absent — continuing with configured trusted identities
03:08:59.293 [warning] CommitStore: local write would be DENIED by trust gate (dry_run — write still lands) doc_uuid=4415f40d-dc2c-4218-b1d5-8a088ae490db commit_id=af03066672ca78b152c4454aa0c9f55587f2a7592c2eda8e3086c0d0fbb25107 reason=:unsigned
03:08:59.296 [error] local node self-trust was not added: node signing public-key artifact is absent — continuing with configured trusted identities
03:08:59.296 [warning] CommitStore: local write would be DENIED by trust gate (dry_run — write still lands) doc_uuid=0fb3eed1-b837-4989-9443-233687cea660 commit_id=0cf693d6c62d8d6edf58a030f983acc046d21ba50a8102dc2acc0017a4d015ec reason=:unsigned
03:08:59.301 [error] local node self-trust was not added: node signing public-key artifact is absent — continuing with configured trusted identities
03:08:59.302 [warning] CommitStore: local write would be DENIED by trust gate (dry_run — write still lands) doc_uuid=5e9082e7-a110-4614-980f-6ab97008adfb commit_id=0a82e48a77ced9cee070f54593aa9444ab208e598f2fc3e6d8ac0fe321f02630 reason=:unsigned
03:08:59.306 [error] local node self-trust was not added: node signing public-key artifact is absent — continuing with configured trusted identities
03:08:59.307 [warning] CommitStore: local write would be DENIED by trust gate (dry_run — write still lands) doc_uuid=59255198-9429-4b11-9787-8385eb56d2ea commit_id=b9d11f89cadc668bec354831f7c42b0dd80e770a20bae76824e7d62755479d23 reason={:untrusted_signer, "ef4c951a-ad42-4791-8862-f097ca2857f4"}
03:08:59.312 [error] local node self-trust was not added: node signing public-key artifact is absent — continuing with configured trusted identities
03:08:59.312 [warning] CommitStore: local write would be DENIED by trust gate (dry_run — write still lands) doc_uuid=577c4202-a41d-485e-a681-c3ee124c7935 commit_id=11039473e47eecb1656bb139bf252728d4325ead8e3b0376516f61fe2614ca95 reason={:untrusted_signer, "ef4c951a-ad42-4791-8862-f097ca2857f4"}
03:08:59.315 [error] local node self-trust was not added: node signing public-key artifact is absent — continuing with configured trusted identities
03:08:59.316 [warning] CommitStore: local write would be DENIED by trust gate (dry_run — write still lands) doc_uuid=a7107fe5-13d2-483c-a3cb-0bfaaef1e857 commit_id=ac697af098c368abeac6128b653f21a746e01b731ff3049800021be9e754ed75 reason={:untrusted_signer, "ef4c951a-ad42-4791-8862-f097ca2857f4"}
03:08:59.319 [error] local node self-trust was not added: node signing public-key artifact is absent — continuing with configured trusted identities
03:08:59.319 [warning] CommitStore: local write would be DENIED by trust gate (dry_run — write still lands) doc_uuid=32701399-8f43-4174-98dd-41bd538222c3 commit_id=5061325afd507d2a47b3774c35cd85b0af78d6bb982047e00ffa2ab3f83e3c60 reason={:untrusted_signer, "ef4c951a-ad42-4791-8862-f097ca2857f4"}
03:08:59.323 [error] local node self-trust was not added: node signing public-key artifact is absent — continuing with configured trusted identities
03:08:59.323 [warning] CommitStore: local write would be DENIED by trust gate (dry_run — write still lands) doc_uuid=63e9accc-deb6-46d1-b5a3-0f9c83f3ed3d commit_id=18a3bb46b5dc5b4dfab73cf02dcbeb5e3f44bcc85c76b717291d1ebd2e3b160e reason={:untrusted_signer, "ef4c951a-ad42-4791-8862-f097ca2857f4"}
03:08:59.326 [error] local node self-trust was not added: node signing public-key artifact is absent — continuing with configured trusted identities
03:08:59.326 [warning] CommitStore: local write would be DENIED by trust gate (dry_run — write still lands) doc_uuid=32701399-8f43-4174-98dd-41bd538222c3 commit_id=1cd3513f869e9716adee0878f8d82607e2f90c1b85a9d74682ccf64d67734a8f reason={:untrusted_signer, "ef4c951a-ad42-4791-8862-f097ca2857f4"}
03:08:59.329 [error] local node self-trust was not added: node signing public-key artifact is absent — continuing with configured trusted identities
03:08:59.330 [warning] CommitStore: local write would be DENIED by trust gate (dry_run — write still lands) doc_uuid=59255198-9429-4b11-9787-8385eb56d2ea commit_id=fd9c5bbd51f907d98cfe71ec9f2c3003d2686546cb719487618e3b5297e08c5b reason={:untrusted_signer, "ef4c951a-ad42-4791-8862-f097ca2857f4"}
03:08:59.333 [error] local node self-trust was not added: node signing public-key artifact is absent — continuing with configured trusted identities
03:08:59.334 [warning] CommitStore: local write would be DENIED by trust gate (dry_run — write still lands) doc_uuid=c22f2802-1873-40dd-b1b8-dbc705419426 commit_id=07f735d03e17914775c266a80b6daeed618f71b04e9d7c6b2f634e5434e650a9 reason={:untrusted_signer, "ef4c951a-ad42-4791-8862-f097ca2857f4"}
03:08:59.336 [error] local node self-trust was not added: node signing public-key artifact is absent — continuing with configured trusted identities
03:08:59.337 [warning] CommitStore: local write would be DENIED by trust gate (dry_run — write still lands) doc_uuid=4415f40d-dc2c-4218-b1d5-8a088ae490db commit_id=bd771243c736ebc4f10bb26d841bf51043ca44c576d3e2560377bb33b2ef9810 reason={:untrusted_signer, "ef4c951a-ad42-4791-8862-f097ca2857f4"}
03:08:59.340 [error] local node self-trust was not added: node signing public-key artifact is absent — continuing with configured trusted identities
03:08:59.340 [warning] EngineModule :look ("100ca11b-1004-4e55-9f66-a07788990011") fell back to last-good/floor: {:compile, :not_found}
03:08:59.341 [error] local node self-trust was not added: node signing public-key artifact is absent — continuing with configured trusted identities
03:08:59.385 [error] local node self-trust was not added: node signing public-key artifact is absent — continuing with configured trusted identities
03:08:59.385 [warning] CommitStore: local write would be DENIED by trust gate (dry_run — write still lands) doc_uuid=72ec1333-35f8-4377-88ee-a3d4e4db3517 commit_id=449c86bb735af3c7ac51b34c7d9fbe6ef33ebfe11c9d3034c5c72c233a1bc969 reason={:untrusted_signer, "70569277-8c35-4621-807c-1864851411a7"}
03:08:59.389 [error] local node self-trust was not added: node signing public-key artifact is absent — continuing with configured trusted identities
03:08:59.389 [warning] CommitStore: local write would be DENIED by trust gate (dry_run — write still lands) doc_uuid=7ac96668-01e6-44b0-ab8b-bf41c99380df commit_id=d1bd2aad7a2899fe2d3c0719809c139661c3edaa2b5b48a1d85c85c05c04c646 reason={:untrusted_signer, "70569277-8c35-4621-807c-1864851411a7"}
03:08:59.393 [error] local node self-trust was not added: node signing public-key artifact is absent — continuing with configured trusted identities
03:08:59.393 [warning] CommitStore: local write would be DENIED by trust gate (dry_run — write still lands) doc_uuid=3c84cc6d-f72c-4f52-83cc-0d0984bdc604 commit_id=d399fc84269de060d537acbcfa566f8d277976fa5b513bc2afea82a51cd5a25d reason={:untrusted_signer, "70569277-8c35-4621-807c-1864851411a7"}
03:08:59.398 [error] local node self-trust was not added: node signing public-key artifact is absent — continuing with configured trusted identities
03:08:59.399 [warning] CommitStore: local write would be DENIED by trust gate (dry_run — write still lands) doc_uuid=7ac96668-01e6-44b0-ab8b-bf41c99380df commit_id=71003d59250c2ce754728259eb3c27490369cef813bfb6e43a4b92f07ddb818d reason={:untrusted_signer, "70569277-8c35-4621-807c-1864851411a7"}
03:08:59.404 [error] local node self-trust was not added: node signing public-key artifact is absent — continuing with configured trusted identities
03:08:59.405 [warning] CommitStore: local write would be DENIED by trust gate (dry_run — write still lands) doc_uuid=59255198-9429-4b11-9787-8385eb56d2ea commit_id=2b6919e46f238c8402f7a08aae2cf24d0dcb7ec3a6232d57eeff08406cc8bd65 reason={:untrusted_signer, "70569277-8c35-4621-807c-1864851411a7"}
03:08:59.413 [error] local node self-trust was not added: node signing public-key artifact is absent — continuing with configured trusted identities
03:08:59.413 [warning] CommitStore: local write would be DENIED by trust gate (dry_run — write still lands) doc_uuid=f08f015c-f60b-4a17-a287-06dee8dce9b0 commit_id=1d62506347cd7c948f58dceef5c070ec3609ad4e9c8c6bfab25a2f6b40021c4c reason={:untrusted_signer, "70569277-8c35-4621-807c-1864851411a7"}
03:08:59.418 [error] local node self-trust was not added: node signing public-key artifact is absent — continuing with configured trusted identities
03:08:59.419 [warning] CommitStore: local write would be DENIED by trust gate (dry_run — write still lands) doc_uuid=5e9082e7-a110-4614-980f-6ab97008adfb commit_id=030e6f3feff7683d9815ccb5b3c53f3245f82957239d260e718e1e363f2783d3 reason={:untrusted_signer, "70569277-8c35-4621-807c-1864851411a7"}
03:08:59.422 [error] local node self-trust was not added: node signing public-key artifact is absent — continuing with configured trusted identities
03:08:59.422 [warning] EngineModule :look ("100ca11b-1004-4e55-9f66-a07788990011") fell back to last-good/floor: {:compile, :not_found}
03:08:59.469 [error] local node self-trust was not added: node signing public-key artifact is absent — continuing with configured trusted identities
03:08:59.469 [warning] EngineModule :parser ("aa11bb22-cc33-4d44-8e55-ff6677889900") fell back to last-good/floor: {:compile, :not_found}
03:08:59.470 [error] local node self-trust was not added: node signing public-key artifact is absent — continuing with configured trusted identities
03:08:59.470 [warning] EngineModule :go ("1a2b3c4d-5e6f-4a7b-8c9d-0e1f2a3b4c5d") fell back to last-good/floor: {:compile, :not_found}
03:08:59.472 [error] local node self-trust was not added: node signing public-key artifact is absent — continuing with configured trusted identities
03:08:59.574 [error] local node self-trust was not added: node signing public-key artifact is absent — continuing with configured trusted identities
03:08:59.575 [warning] EngineModule :parser ("aa11bb22-cc33-4d44-8e55-ff6677889900") fell back to last-good/floor: {:compile, :not_found}
03:08:59.577 [error] local node self-trust was not added: node signing public-key artifact is absent — continuing with configured trusted identities
03:08:59.577 [warning] EngineModule :say ("400fc44e-4007-4b88-c299-d3a011223344") fell back to last-good/floor: {:compile, :not_found}
03:08:59.607 [error] local node self-trust was not added: node signing public-key artifact is absent — continuing with configured trusted identities
03:08:59.608 [warning] CommitStore: local write would be DENIED by trust gate (dry_run — write still lands) doc_uuid=f5f50b11-5f2a-499a-bccf-ef3d955c88cb commit_id=059dd48f955c7f1a44e5eb7f583f62306dc73c984be8776e513d2d8b28ceab98 reason={:untrusted_signer, "37b9ee1d-2de3-4418-9e70-8b850575eb9f"}
.03:08:59.696 [warning] CommitStore: local write DENIED by trust gate (enforce) doc_uuid=5efd1b54-bd88-457f-99a4-1fbe2c69fdae commit_id=47362bcacf6445b9ba239e0be4acad05de8b842213b0612bbed808ba15f2bdd4 reason={:untrusted_signer, "sess-392913681"}
03:08:59.698 [warning] CommitStore: local write DENIED by trust gate (enforce) doc_uuid=0e0e66f7-856f-4daa-8bda-cc46e2b1e504 commit_id=220b666321487b87373961c1204514d739063f426fd4e08af9c12b417b1e6469 reason={:untrusted_signer, "sess-392913681"}
.03:08:59.737 [warning] CommitStore: local write DENIED by trust gate (enforce) doc_uuid=62e885b3-e3a2-4875-b590-438d71e877ce commit_id=3f3508404cf2dd77669e48ed4b03caa7dde9a9b7455b65e89191f0944b68eb22 reason={:untrusted_signer, "sess-632923804"}
.03:08:59.762 [warning] CommitStore: local write DENIED by trust gate (enforce) doc_uuid=c22b40f4-117b-463a-9957-49f3771cf3f2 commit_id=340b3588361dc7be5faab0379546bc3fbb6b4416c6757a92b8c9fabc92c9fcb6 reason=:capability_insufficient
......03:08:59.852 [warning] CommitStore: local write DENIED by trust gate (enforce) doc_uuid=3acc1cb3-570d-40b4-a8a2-1988ac376b59 commit_id=c5ab829236eebaf04ed7a3e5d7983b21f0147b6ad383fec56654c1ee2b0d063c reason=:unsigned
.....03:09:00.146 [warning] CommitStore: local write DENIED by trust gate (enforce) doc_uuid=a865760a-4d9e-45f3-bc64-67cc79d83ab6 commit_id=e4e96a1ffdd698c268f0777ce0413b898eb124be777e098ab4753bf99c8f3767 reason=:unsigned
03:09:00.151 [warning] CommitStore: local write DENIED by trust gate (enforce) doc_uuid=a865760a-4d9e-45f3-bc64-67cc79d83ab6 commit_id=7dce5a9dce72e13571a12a1998203f8b0cf6aef7adace6ee2c88c6c54051b9ed reason=:unsigned
................FORMATTER ERROR: bad return value
...FORMATTER ERROR: bad return value
..03:09:00.694 [error] Trust.authorized_to_execute?: authorization walk for doc 34fa44fb-51c3-44cc-847c-6e0143474f51 exceeded the 5-commit total ceiling (CX-klpi) after 2 page(s) — treating as a runaway/adversarial chain
.03:09:00.736 [error] DefineVerbGate.authorized_to_define?: authorization walk for doc 56d20659-c70f-4c8a-92f9-3c0968529007 exceeded the 5-commit total ceiling (CX-klpi) after 2 page(s) — treating as a runaway/adversarial chain
.03:09:00.751 [warning] CommitStore: local write would be DENIED by trust gate (dry_run — write still lands) doc_uuid=95411d19-52d2-4fc6-9f4f-508ccf6310bf commit_id=467a309f2c819637ba0c0d46414db48e4f588db6d8a1cceecd67db77a78ea748 reason=:capability_insufficient
..03:09:00.799 [warning] CommitStore: local write would be DENIED by trust gate (dry_run — write still lands) doc_uuid=661f7e8b-a4f0-46d1-a876-13b443eb7283 commit_id=5cd3d4942bb0d46918a6de8a6a72cc387820662b2a0100aa953630045cf3abfe reason=:unsigned
.03:09:00.813 [warning] CommitStore: local write would be DENIED by trust gate (dry_run — write still lands) doc_uuid=a95ed26c-7eaa-4d3b-8fd2-2a9b6f3dc216 commit_id=5b3bf5c30f24156be250c4ca7e0ead6217e61914b522d7e144c6d59b13753a18 reason=:capability_insufficient
.03:09:00.824 [warning] CommitStore: local write would be DENIED by trust gate (dry_run — write still lands) doc_uuid=03de4e53-1516-4736-9403-de44ffae1f52 commit_id=c9e5453d10e77e26a2ab285e0a7803f25d412c2dfbc4d2cf7b7c0b720ca1227d reason={:untrusted_signer, "def1111-312661542598"}
...03:09:00.891 [warning] CommitStore: local write would be DENIED by trust gate (dry_run — write still lands) doc_uuid=f5b8f318-b427-4d40-98ab-ce74d95c630a commit_id=402b381a480ecd35b8039efce8fcb3a7669c1ff34eff78235af8ab9ddf940c8d reason={:untrusted_signer, "def1111-449710280791"}
.03:09:00.909 [warning] CommitStore: local write would be DENIED by trust gate (dry_run — write still lands) doc_uuid=39a86342-c63c-4dd8-8f7f-145ed9905217 commit_id=858fd0bfeb51a5f445e09e8291b72cd809bc067950af15ff0644dd7a0fdf001d reason=:capability_insufficient
...03:09:00.980 [error] local node self-trust was not added: node signing public-key artifact is absent — continuing with configured trusted identities
03:09:00.983 [error] local node self-trust was not added: node signing public-key artifact is absent — continuing with configured trusted identities
03:09:00.984 [error] local node self-trust was not added: node signing public-key artifact is absent — continuing with configured trusted identities
03:09:00.984 [warning] CommitStore: local write would be DENIED by trust gate (dry_run — write still lands) doc_uuid=fb8bfb5d-2408-45c0-9840-0503800558b5 commit_id=ff99d05331df8cb17520f3ae60bdd5a8740045e6d953d018e250eecbac7408b6 reason={:untrusted_signer, "b0b22222-0000-0000-0000-904963650434"}
03:09:00.986 [error] local node self-trust was not added: node signing public-key artifact is absent — continuing with configured trusted identities
.03:09:00.996 [error] local node self-trust was not added: node signing public-key artifact is absent — continuing with configured trusted identities
03:09:00.998 [error] local node self-trust was not added: node signing public-key artifact is absent — continuing with configured trusted identities
03:09:00.999 [error] local node self-trust was not added: node signing public-key artifact is absent — continuing with configured trusted identities
03:09:01.002 [error] local node self-trust was not added: node signing public-key artifact is absent — continuing with configured trusted identities
..03:09:01.027 [error] local node self-trust was not added: node signing public-key artifact is absent — continuing with configured trusted identities
03:09:01.030 [error] local node self-trust was not added: node signing public-key artifact is absent — continuing with configured trusted identities
03:09:01.034 [error] local node self-trust was not added: node signing public-key artifact is absent — continuing with configured trusted identities
03:09:01.037 [error] local node self-trust was not added: node signing public-key artifact is absent — continuing with configured trusted identities
03:09:01.037 [warning] CommitStore: local write would be DENIED by trust gate (dry_run — write still lands) doc_uuid=fab6742e-3fd8-48c8-a876-dfd951d776a6 commit_id=10dea6933ccf4f4e2ffe9c4384bc89839f447941f87cc77552b47892b8dd0f0e reason=:unsigned
03:09:01.040 [error] local node self-trust was not added: node signing public-key artifact is absent — continuing with configured trusted identities
03:09:01.040 [warning] CommitStore: local write would be DENIED by trust gate (dry_run — write still lands) doc_uuid=a2fd58ee-f6f0-4ac5-8ac0-415cfff5cd4a commit_id=7e1fdb02e4df97fd860ea0c6349b592ce7e78ead871ef39255f51d7162b22b6b reason=:unsigned
03:09:01.043 [error] local node self-trust was not added: node signing public-key artifact is absent — continuing with configured trusted identities
03:09:01.043 [warning] CommitStore: local write would be DENIED by trust gate (dry_run — write still lands) doc_uuid=f9879e8a-47cc-4ac3-905e-fbbd421ec937 commit_id=137b1fb8c0bfbec2e2081053338ae762b93a467b7560de61ac0ec6e131bd9cc0 reason=:unsigned
.........................03:09:02.619 [error] local node self-trust was not added: node signing public-key artifact is absent — continuing with configured trusted identities
03:09:02.622 [error] local node self-trust was not added: node signing public-key artifact is absent — continuing with configured trusted identities
03:09:02.622 [warning] Orchestrator running with a permissive trust config: declared processes (including code docs synced from peers) will auto-execute ungated. Pin identities / set accept_unsigned:false in trust.json for strict gating.
.03:09:02.735 [error] local node self-trust was not added: node signing public-key artifact is absent — continuing with configured trusted identities
03:09:02.738 [error] local node self-trust was not added: node signing public-key artifact is absent — continuing with configured trusted identities
03:09:02.741 [error] local node self-trust was not added: node signing public-key artifact is absent — continuing with configured trusted identities
03:09:02.744 [error] local node self-trust was not added: node signing public-key artifact is absent — continuing with configured trusted identities
03:09:02.744 [warning] Orchestrator running with a permissive trust config: declared processes (including code docs synced from peers) will auto-execute ungated. Pin identities / set accept_unsigned:false in trust.json for strict gating.
03:09:02.745 [error] local node self-trust was not added: node signing public-key artifact is absent — continuing with configured trusted identities
03:09:02.780 [error] Process 51d67c19-882a-49c6-862b-08e95c1937a2: log capability delegation failed: {:error, {:capability_store_unavailable, {:noproc, {GenServer, :call, [nil, {:store_capability, %Commonplace.Trust.Capability{issuer: {"49f0d49b-c45c-4774-ad19-787319d5d5ce", <<23, 64, 152, 227, 65, 3, 69, 174, 13, 79, 188, 114, 254, 6, 80, 63, 144, 93, 199, 218, 241, 126, 227, 65, 134, 197, 230, 62, 87, 225, 211, 168>>}, audience: {"51d67c19-882a-49c6-862b-08e95c1937a2", <<235, 124, 253, 99, 196, 250, 39, 160, 219, 250, 112, 125, 94, 171, 74, 106, 2, 177, 223, 65, 183, 117, 228, 228, 148, 136, 255, 236, 52, 238, 47, 71>>}, claim: %{scope: {:docs, ["0efe88fa-83dc-59c5-909c-36c080f81b8e"]}, verbs: [:write], caveats: %{not_before: nil, not_after: nil}}, proof: nil, sig: <<46, 170, 162, 99, 94, 194, 115, 78, 192, 140, 49, 21, 131, 119, 98, 53, 172, 24, 232, 234, 176, 45, 191, 98, 208, 243, 8, 183, 123, 120, 34, 26, ...>>, id: <<205, 26, 90, 177, 6, 69, 131, 169, 215, 230, 191, 215, 85, 142, 151, 153, 54, 163, 82, 236, 79, 233, 189, 159, 151, 163, 216, 30, 91, 130, 107, ...>>}}, 5000]}}}}
03:09:02.838 [warning] flock failed on /tmp/cp_sandbox_192176/__identities__/sleeper.bot: :enoent, proceeding without lock
03:09:02.842 [warning] flock failed on /tmp/cp_sandbox_192176/__processes.json: :enoent, proceeding without lock
03:09:02.939 [warning] flock failed on /tmp/cp_sandbox_192176/__reflog/server/__snapshot: :enoent, proceeding without lock
...03:09:08.699 [warning] CommitStore: local write DENIED by trust gate (enforce) doc_uuid=d6bbb414-150c-45bb-abf1-5891dce05527 commit_id=d38c34c1a8992d670c4c435888495b8c4418904b9a6c278ab229f41000857899 reason=:capability_insufficient
...................................03:09:09.452 [warning] Orchestrator running with a permissive trust config: declared processes (including code docs synced from peers) will auto-execute ungated. Pin identities / set accept_unsigned:false in trust.json for strict gating.
03:09:09.578 [error] Process aeded603-dacd-4dac-94ad-cf9a8612ef62: log capability delegation failed: {:error, {:capability_store_unavailable, {:noproc, {GenServer, :call, [nil, {:store_capability, %Commonplace.Trust.Capability{issuer: {"37b9ee1d-2de3-4418-9e70-8b850575eb9f", <<83, 82, 228, 6, 228, 128, 203, 149, 83, 155, 144, 56, 1, 4, 212, 202, 13, 62, 25, 172, 29, 70, 200, 72, 0, 99, 243, 68, 89, 191, 146, 129>>}, audience: {"aeded603-dacd-4dac-94ad-cf9a8612ef62", <<95, 104, 185, 198, 14, 212, 187, 169, 90, 247, 63, 210, 240, 32, 146, 242, 27, 133, 170, 122, 98, 54, 155, 31, 95, 42, 31, 80, 44, 8, 203, 41>>}, claim: %{scope: {:docs, ["bbb47c27-02cc-515f-8e9f-baa932039d27"]}, verbs: [:write], caveats: %{not_before: nil, not_after: nil}}, proof: nil, sig: <<117, 47, 67, 15, 214, 83, 161, 2, 209, 139, 243, 203, 35, 168, 94, 114, 201, 217, 181, 59, 55, 132, 223, 178, 116, 140, 14, 23, 87, 80, 165, 223, ...>>, id: <<37, 188, 126, 72, 13, 219, 3, 206, 212, 72, 212, 69, 236, 81, 180, 161, 250, 128, 54, 236, 192, 43, 69, 189, 212, 28, 125, 8, 236, 45, 113, ...>>}}, 5000]}}}}
03:09:09.720 [error] Process aeded603-dacd-4dac-94ad-cf9a8612ef62: log capability delegation failed: {:error, {:capability_store_unavailable, {:noproc, {GenServer, :call, [nil, {:store_capability, %Commonplace.Trust.Capability{issuer: {"37b9ee1d-2de3-4418-9e70-8b850575eb9f", <<83, 82, 228, 6, 228, 128, 203, 149, 83, 155, 144, 56, 1, 4, 212, 202, 13, 62, 25, 172, 29, 70, 200, 72, 0, 99, 243, 68, 89, 191, 146, 129>>}, audience: {"aeded603-dacd-4dac-94ad-cf9a8612ef62", <<95, 104, 185, 198, 14, 212, 187, 169, 90, 247, 63, 210, 240, 32, 146, 242, 27, 133, 170, 122, 98, 54, 155, 31, 95, 42, 31, 80, 44, 8, 203, 41>>}, claim: %{scope: {:docs, ["bbb47c27-02cc-515f-8e9f-baa932039d27"]}, verbs: [:write], caveats: %{not_before: nil, not_after: nil}}, proof: nil, sig: <<117, 47, 67, 15, 214, 83, 161, 2, 209, 139, 243, 203, 35, 168, 94, 114, 201, 217, 181, 59, 55, 132, 223, 178, 116, 140, 14, 23, 87, 80, 165, 223, ...>>, id: <<37, 188, 126, 72, 13, 219, 3, 206, 212, 72, 212, 69, 236, 81, 180, 161, 250, 128, 54, 236, 192, 43, 69, 189, 212, 28, 125, 8, 236, 45, 113, ...>>}}, 5000]}}}}
03:09:09.824 [error] Process aeded603-dacd-4dac-94ad-cf9a8612ef62: log capability delegation failed: {:error, {:capability_store_unavailable, {:noproc, {GenServer, :call, [nil, {:store_capability, %Commonplace.Trust.Capability{issuer: {"37b9ee1d-2de3-4418-9e70-8b850575eb9f", <<83, 82, 228, 6, 228, 128, 203, 149, 83, 155, 144, 56, 1, 4, 212, 202, 13, 62, 25, 172, 29, 70, 200, 72, 0, 99, 243, 68, 89, 191, 146, 129>>}, audience: {"aeded603-dacd-4dac-94ad-cf9a8612ef62", <<95, 104, 185, 198, 14, 212, 187, 169, 90, 247, 63, 210, 240, 32, 146, 242, 27, 133, 170, 122, 98, 54, 155, 31, 95, 42, 31, 80, 44, 8, 203, 41>>}, claim: %{scope: {:docs, ["bbb47c27-02cc-515f-8e9f-baa932039d27"]}, verbs: [:write], caveats: %{not_before: nil, not_after: nil}}, proof: nil, sig: <<117, 47, 67, 15, 214, 83, 161, 2, 209, 139, 243, 203, 35, 168, 94, 114, 201, 217, 181, 59, 55, 132, 223, 178, 116, 140, 14, 23, 87, 80, 165, 223, ...>>, id: <<37, 188, 126, 72, 13, 219, 3, 206, 212, 72, 212, 69, 236, 81, 180, 161, 250, 128, 54, 236, 192, 43, 69, 189, 212, 28, 125, 8, 236, 45, 113, ...>>}}, 5000]}}}}
03:09:09.960 [error] Process aeded603-dacd-4dac-94ad-cf9a8612ef62: log capability delegation failed: {:error, {:capability_store_unavailable, {:noproc, {GenServer, :call, [nil, {:store_capability, %Commonplace.Trust.Capability{issuer: {"37b9ee1d-2de3-4418-9e70-8b850575eb9f", <<83, 82, 228, 6, 228, 128, 203, 149, 83, 155, 144, 56, 1, 4, 212, 202, 13, 62, 25, 172, 29, 70, 200, 72, 0, 99, 243, 68, 89, 191, 146, 129>>}, audience: {"aeded603-dacd-4dac-94ad-cf9a8612ef62", <<95, 104, 185, 198, 14, 212, 187, 169, 90, 247, 63, 210, 240, 32, 146, 242, 27, 133, 170, 122, 98, 54, 155, 31, 95, 42, 31, 80, 44, 8, 203, 41>>}, claim: %{scope: {:docs, ["bbb47c27-02cc-515f-8e9f-baa932039d27"]}, verbs: [:write], caveats: %{not_before: nil, not_after: nil}}, proof: nil, sig: <<117, 47, 67, 15, 214, 83, 161, 2, 209, 139, 243, 203, 35, 168, 94, 114, 201, 217, 181, 59, 55, 132, 223, 178, 116, 140, 14, 23, 87, 80, 165, 223, ...>>, id: <<37, 188, 126, 72, 13, 219, 3, 206, 212, 72, 212, 69, 236, 81, 180, 161, 250, 128, 54, 236, 192, 43, 69, 189, 212, 28, 125, 8, 236, 45, 113, ...>>}}, 5000]}}}}
03:09:10.064 [error] Process aeded603-dacd-4dac-94ad-cf9a8612ef62: log capability delegation failed: {:error, {:capability_store_unavailable, {:noproc, {GenServer, :call, [nil, {:store_capability, %Commonplace.Trust.Capability{issuer: {"37b9ee1d-2de3-4418-9e70-8b850575eb9f", <<83, 82, 228, 6, 228, 128, 203, 149, 83, 155, 144, 56, 1, 4, 212, 202, 13, 62, 25, 172, 29, 70, 200, 72, 0, 99, 243, 68, 89, 191, 146, 129>>}, audience: {"aeded603-dacd-4dac-94ad-cf9a8612ef62", <<95, 104, 185, 198, 14, 212, 187, 169, 90, 247, 63, 210, 240, 32, 146, 242, 27, 133, 170, 122, 98, 54, 155, 31, 95, 42, 31, 80, 44, 8, 203, 41>>}, claim: %{scope: {:docs, ["bbb47c27-02cc-515f-8e9f-baa932039d27"]}, verbs: [:write], caveats: %{not_before: nil, not_after: nil}}, proof: nil, sig: <<117, 47, 67, 15, 214, 83, 161, 2, 209, 139, 243, 203, 35, 168, 94, 114, 201, 217, 181, 59, 55, 132, 223, 178, 116, 140, 14, 23, 87, 80, 165, 223, ...>>, id: <<37, 188, 126, 72, 13, 219, 3, 206, 212, 72, 212, 69, 236, 81, 180, 161, 250, 128, 54, 236, 192, 43, 69, 189, 212, 28, 125, 8, 236, 45, 113, ...>>}}, 5000]}}}}
.03:09:10.080 [warning] Orchestrator running with a permissive trust config: declared processes (including code docs synced from peers) will auto-execute ungated. Pin identities / set accept_unsigned:false in trust.json for strict gating.
03:09:10.203 [error] Process 88eaf677-fb7b-4f21-b759-6c2ddc2f23ab: log capability delegation failed: {:error, {:capability_store_unavailable, {:noproc, {GenServer, :call, [nil, {:store_capability, %Commonplace.Trust.Capability{issuer: {"37b9ee1d-2de3-4418-9e70-8b850575eb9f", <<83, 82, 228, 6, 228, 128, 203, 149, 83, 155, 144, 56, 1, 4, 212, 202, 13, 62, 25, 172, 29, 70, 200, 72, 0, 99, 243, 68, 89, 191, 146, 129>>}, audience: {"88eaf677-fb7b-4f21-b759-6c2ddc2f23ab", <<138, 122, 221, 209, 216, 31, 125, 144, 134, 59, 82, 80, 148, 152, 32, 251, 36, 195, 37, 107, 133, 242, 180, 249, 65, 153, 85, 193, 0, 36, 35, 84>>}, claim: %{scope: {:docs, ["7004c590-7624-5c3a-91ad-c77b51473b45"]}, verbs: [:write], caveats: %{not_before: nil, not_after: nil}}, proof: nil, sig: <<57, 83, 84, 176, 57, 45, 151, 250, 123, 177, 94, 255, 134, 239, 217, 98, 196, 36, 17, 101, 199, 40, 216, 87, 223, 163, 92, 24, 87, 176, 82, 37, ...>>, id: <<229, 230, 167, 164, 204, 132, 227, 236, 163, 246, 187, 174, 164, 58, 52, 155, 135, 101, 47, 181, 211, 153, 29, 146, 239, 119, 120, 123, 126, 44, 245, ...>>}}, 5000]}}}}
03:09:10.343 [error] Process 88eaf677-fb7b-4f21-b759-6c2ddc2f23ab: log capability delegation failed: {:error, {:capability_store_unavailable, {:noproc, {GenServer, :call, [nil, {:store_capability, %Commonplace.Trust.Capability{issuer: {"37b9ee1d-2de3-4418-9e70-8b850575eb9f", <<83, 82, 228, 6, 228, 128, 203, 149, 83, 155, 144, 56, 1, 4, 212, 202, 13, 62, 25, 172, 29, 70, 200, 72, 0, 99, 243, 68, 89, 191, 146, 129>>}, audience: {"88eaf677-fb7b-4f21-b759-6c2ddc2f23ab", <<138, 122, 221, 209, 216, 31, 125, 144, 134, 59, 82, 80, 148, 152, 32, 251, 36, 195, 37, 107, 133, 242, 180, 249, 65, 153, 85, 193, 0, 36, 35, 84>>}, claim: %{scope: {:docs, ["7004c590-7624-5c3a-91ad-c77b51473b45"]}, verbs: [:write], caveats: %{not_before: nil, not_after: nil}}, proof: nil, sig: <<57, 83, 84, 176, 57, 45, 151, 250, 123, 177, 94, 255, 134, 239, 217, 98, 196, 36, 17, 101, 199, 40, 216, 87, 223, 163, 92, 24, 87, 176, 82, 37, ...>>, id: <<229, 230, 167, 164, 204, 132, 227, 236, 163, 246, 187, 174, 164, 58, 52, 155, 135, 101, 47, 181, 211, 153, 29, 146, 239, 119, 120, 123, 126, 44, 245, ...>>}}, 5000]}}}}
03:09:10.449 [error] Process 88eaf677-fb7b-4f21-b759-6c2ddc2f23ab: log capability delegation failed: {:error, {:capability_store_unavailable, {:noproc, {GenServer, :call, [nil, {:store_capability, %Commonplace.Trust.Capability{issuer: {"37b9ee1d-2de3-4418-9e70-8b850575eb9f", <<83, 82, 228, 6, 228, 128, 203, 149, 83, 155, 144, 56, 1, 4, 212, 202, 13, 62, 25, 172, 29, 70, 200, 72, 0, 99, 243, 68, 89, 191, 146, 129>>}, audience: {"88eaf677-fb7b-4f21-b759-6c2ddc2f23ab", <<138, 122, 221, 209, 216, 31, 125, 144, 134, 59, 82, 80, 148, 152, 32, 251, 36, 195, 37, 107, 133, 242, 180, 249, 65, 153, 85, 193, 0, 36, 35, 84>>}, claim: %{scope: {:docs, ["7004c590-7624-5c3a-91ad-c77b51473b45"]}, verbs: [:write], caveats: %{not_before: nil, not_after: nil}}, proof: nil, sig: <<57, 83, 84, 176, 57, 45, 151, 250, 123, 177, 94, 255, 134, 239, 217, 98, 196, 36, 17, 101, 199, 40, 216, 87, 223, 163, 92, 24, 87, 176, 82, 37, ...>>, id: <<229, 230, 167, 164, 204, 132, 227, 236, 163, 246, 187, 174, 164, 58, 52, 155, 135, 101, 47, 181, 211, 153, 29, 146, 239, 119, 120, 123, 126, 44, 245, ...>>}}, 5000]}}}}
03:09:10.592 [error] Process 88eaf677-fb7b-4f21-b759-6c2ddc2f23ab: log capability delegation failed: {:error, {:capability_store_unavailable, {:noproc, {GenServer, :call, [nil, {:store_capability, %Commonplace.Trust.Capability{issuer: {"37b9ee1d-2de3-4418-9e70-8b850575eb9f", <<83, 82, 228, 6, 228, 128, 203, 149, 83, 155, 144, 56, 1, 4, 212, 202, 13, 62, 25, 172, 29, 70, 200, 72, 0, 99, 243, 68, 89, 191, 146, 129>>}, audience: {"88eaf677-fb7b-4f21-b759-6c2ddc2f23ab", <<138, 122, 221, 209, 216, 31, 125, 144, 134, 59, 82, 80, 148, 152, 32, 251, 36, 195, 37, 107, 133, 242, 180, 249, 65, 153, 85, 193, 0, 36, 35, 84>>}, claim: %{scope: {:docs, ["7004c590-7624-5c3a-91ad-c77b51473b45"]}, verbs: [:write], caveats: %{not_before: nil, not_after: nil}}, proof: nil, sig: <<57, 83, 84, 176, 57, 45, 151, 250, 123, 177, 94, 255, 134, 239, 217, 98, 196, 36, 17, 101, 199, 40, 216, 87, 223, 163, 92, 24, 87, 176, 82, 37, ...>>, id: <<229, 230, 167, 164, 204, 132, 227, 236, 163, 246, 187, 174, 164, 58, 52, 155, 135, 101, 47, 181, 211, 153, 29, 146, 239, 119, 120, 123, 126, 44, 245, ...>>}}, 5000]}}}}
.....................................................03:09:19.200 [warning] CommitStore: local write DENIED by trust gate (enforce) doc_uuid=409479f6-0ba6-41d9-b71f-2e0f804c69f8 commit_id=34a5d460c6b125052cda8eaf6ee96f6f4f45e45c1da9c1af4aada2bffab8aaa7 reason=:unsigned
03:09:19.201 [warning] CommitStore: local write DENIED by trust gate (enforce) doc_uuid=15d664eb-b990-4014-9cc8-d2a8fcd6bea6 commit_id=c20c8fc026ec15ba930638a091bd3f595d68777be8ac0b0bc43703767aa10f85 reason=:unsigned
...............03:09:20.099 [warning] flock failed on /tmp/cp_inode_sync_60792/__reflog/server/__snapshot: :enoent, proceeding without lock
.03:09:21.330 [warning] EngineModule :look (nil) fell back to last-good/floor: {:runtime_crash, Commonplace.MUD.EngineLook, {:rescue, %FunctionClauseError{module: Commonplace.MUD.EngineLook, function: :run, arity: 2, kind: nil, args: nil, clauses: nil}}}
..03:09:22.704 [warning] EngineModule :look (nil) fell back to last-good/floor: {:runtime_crash, Commonplace.MUD.EngineLook, {:rescue, %FunctionClauseError{module: Commonplace.MUD.EngineLook, function: :run, arity: 2, kind: nil, args: nil, clauses: nil}}}
..03:09:24.257 [warning] EngineModule :look (nil) fell back to last-good/floor: {:runtime_crash, Commonplace.MUD.EngineLook, {:rescue, %FunctionClauseError{module: Commonplace.MUD.EngineLook, function: :run, arity: 2, kind: nil, args: nil, clauses: nil}}}
..03:09:25.709 [warning] EngineModule :look (nil) fell back to last-good/floor: {:runtime_crash, Commonplace.MUD.EngineLook, {:rescue, %FunctionClauseError{module: Commonplace.MUD.EngineLook, function: :run, arity: 2, kind: nil, args: nil, clauses: nil}}}
......create_commit.metadata = %{}
update_commit.metadata = %{}
close_commit.metadata = %{kind: :regular, bd_terminal_pin: "{\"claimed_by\":null,\"closed_at\":\"2026-08-11T03:09:29.772472Z\",\"closed_reason\":\"done\",\"created_at\":\"2026-08-11T03:09:29.745006Z\",\"done_when\":\"manual\",\"done_witness\":[],\"id\":\"CX-gnjp\",\"labels\":[],\"legacy_id\":null,\"needs\":[],\"owner\":null,\"priority\":\"p2\",\"status\":\"closed\",\"title\":\"A, renamed\",\"type\":\"task\",\"updated_at\":\"2026-08-11T03:09:29.772472Z\"}"}
CREATE import_commit/3 result: :ok
UPDATE import_commit/3 result: :ok
CLOSE import_commit/3 result: :ok
.03:09:29.814 [error] local node self-trust was not added: node signing public-key artifact is absent — continuing with configured trusted identities
.03:09:29.926 [error] local node self-trust was not added: node signing public-key artifact is absent — continuing with configured trusted identities
.03:09:30.090 [error] local node self-trust was not added: node signing public-key artifact is absent — continuing with configured trusted identities
.03:09:30.239 [error] local node self-trust was not added: node signing public-key artifact is absent — continuing with configured trusted identities
.03:09:30.377 [error] local node self-trust was not added: node signing public-key artifact is absent — continuing with configured trusted identities
.03:09:30.599 [error] local node self-trust was not added: node signing public-key artifact is absent — continuing with configured trusted identities
.03:09:30.725 [error] local node self-trust was not added: node signing public-key artifact is absent — continuing with configured trusted identities
..................................03:09:31.883 [warning] flock failed on /tmp/cp_rec_export_852026/a/b/deep.txt: :enoent, proceeding without lock
03:09:31.885 [warning] flock failed on /tmp/cp_rec_export_852026/top.txt: :enoent, proceeding without lock
............................03:09:34.738 [warning] DocBuilder.reconstruct_doc: chain for doc doc-gap does not reach genesis — oldest fetched commit has a parent_id the store is missing; reconstruction starts mid-chain and content may be silently wrong (CX-vzod)
.............03:09:35.093 [error] local node self-trust was not added: node signing public-key artifact is absent — continuing with configured trusted identities
03:09:35.096 [error] local node self-trust was not added: node signing public-key artifact is absent — continuing with configured trusted identities
03:09:35.096 [warning] Orchestrator running with a permissive trust config: declared processes (including code docs synced from peers) will auto-execute ungated. Pin identities / set accept_unsigned:false in trust.json for strict gating.
.....03:09:35.108 [error] local node self-trust was not added: node signing public-key artifact is absent — continuing with configured trusted identities
..03:09:35.122 [error] local node self-trust was not added: node signing public-key artifact is absent — continuing with configured trusted identities
................................................03:11:24.622 [error] Commonplace.Trust.AuditLog: handler failed ({:raised, %BadMapError{term: :measurements_are_not_a_map}}) — SWALLOWED so :telemetry does not detach it. Denial auditing may have lost this record; enforcement is unaffected.     (elixir 1.18.4) lib/map.ex:535: Map.get(:measurements_are_not_a_map, :system_time, nil)
    (commonplace 0.1.0) lib/commonplace/trust/audit_log.ex:314: Commonplace.Trust.AuditLog.build_payload/3
    (commonplace 0.1.0) lib/commonplace/trust/audit_log.ex:204: Commonplace.Trust.AuditLog.handle_event/4
    test/commonplace/trust/audit_log_counter_test.exs:115: Commonplace.Trust.AuditLogCounterTest."test build_payload raise increments handler_failed but not built"/1
    (ex_unit 1.18.4) lib/ex_unit/runner.ex:511: ExUnit.Runner.exec_test/2
    (stdlib 6.2.2.3) timer.erl:595: :timer.tc/2
    (ex_unit 1.18.4) lib/ex_unit/runner.ex:433: anonymous fn/6 in ExUnit.Runner.spawn_test_monitor/4

AUDIT_STAGE_COUNTERS build_payload_raises before=%{boot_id: "951f61af57a70238", entered: 69, built: 69, guarded: 0, offer_events: 45, offered: 45, rate_suppressed: 24, handler_failed: 0} after=%{boot_id: "951f61af57a70238", entered: 70, built: 69, guarded: 0, offer_events: 45, offered: 45, rate_suppressed: 24, handler_failed: 1}
.AUDIT_STAGE_COUNTERS ordinary_denial_under_cap before=%{boot_id: "951f61af57a70238", entered: 70, built: 69, guarded: 0, offer_events: 45, offered: 45, rate_suppressed: 24, handler_failed: 1} after=%{boot_id: "951f61af57a70238", entered: 71, built: 70, guarded: 0, offer_events: 46, offered: 46, rate_suppressed: 24, handler_failed: 1}
.AUDIT_STAGE_COUNTERS rate_limit_summary before=%{boot_id: "951f61af57a70238", entered: 71, built: 70, guarded: 0, offer_events: 46, offered: 46, rate_suppressed: 24, handler_failed: 1} after=%{boot_id: "951f61af57a70238", entered: 72, built: 71, guarded: 0, offer_events: 47, offered: 48, rate_suppressed: 24, handler_failed: 1}
.03:11:24.623 [error] Commonplace.Trust.AuditLog: RECURSION GUARD — a denial of the AUDIT LOG's own doc (f4e8eac8-7bab-5ecd-ad86-e09f3a9ff900) was not enqueued for auditing (that would loop). This means audit writes are themselves being refused: denial auditing is DEGRADED. record=%{"event" => "commonplace.commit.rejected.local_trust", "mode" => :enforce, "reason" => ":unsigned"}
AUDIT_STAGE_COUNTERS audit_log_own_doc before=%{boot_id: "951f61af57a70238", entered: 72, built: 71, guarded: 0, offer_events: 47, offered: 48, rate_suppressed: 24, handler_failed: 1} after=%{boot_id: "951f61af57a70238", entered: 73, built: 72, guarded: 1, offer_events: 47, offered: 48, rate_suppressed: 24, handler_failed: 1}
.AUDIT_STAGE_COUNTERS past_rate_cap_20 before=%{boot_id: "951f61af57a70238", entered: 73, built: 72, guarded: 1, offer_events: 47, offered: 48, rate_suppressed: 24, handler_failed: 1} after=%{boot_id: "951f61af57a70238", entered: 94, built: 93, guarded: 1, offer_events: 67, offered: 68, rate_suppressed: 25, handler_failed: 1}
...................03:11:25.355 [warning] CommitStore: local write DENIED by trust gate (enforce) doc_uuid=ca838650-3022-40d1-9d90-c3b99753808e commit_id=2a2a72f511fc0dc979e93ba58f57de41e4d24886420cf0a36d4bd79409cc3351 reason=:unsigned
........03:11:25.769 [error] Commonplace.Trust.AuditLog: RECURSION GUARD — a denial of the AUDIT LOG's own doc (f4e8eac8-7bab-5ecd-ad86-e09f3a9ff900) was not enqueued for auditing (that would loop). This means audit writes are themselves being refused: denial auditing is DEGRADED. record=%{"event" => "commonplace.commit.rejected.local_trust", "mode" => :enforce, "reason" => ":unsigned"}
CELL unnamed/foreign + audit-log-own-doc: record=no provocation_process=%{"pid" => "#PID<0.26544.0>", "registered_name" => "unnamed"}
.CELL CommitStore + other-doc: record=yes firing_process=%{"pid" => "#PID<0.26563.0>", "registered_name" => "audit_matrix_store_109474"}
.CELL unnamed/foreign + other-doc: record=yes firing_process=%{"pid" => "#PID<0.26578.0>", "registered_name" => "unnamed"}
.03:11:25.839 [error] Commonplace.Trust.AuditLog: RECURSION GUARD — a denial of the AUDIT LOG's own doc (f4e8eac8-7bab-5ecd-ad86-e09f3a9ff900) was not enqueued for auditing (that would loop). This means audit writes are themselves being refused: denial auditing is DEGRADED. record=%{"event" => "commonplace.commit.rejected.local_trust", "mode" => :enforce, "reason" => ":unsigned"}
CELL CommitStore + audit-log-own-doc: record=no provocation_process=%{"pid" => "#PID<0.26599.0>", "registered_name" => "audit_matrix_store_109666"}
..03:11:27.432 [warning] flock failed on /tmp/cp_entry_sync_302030/matching.txt: :enoent, proceeding without lock
03:11:27.434 [warning] flock failed on /tmp/cp_entry_sync_302030/matching.txt: :enoent, proceeding without lock
.03:11:28.552 [warning] flock failed on /tmp/cp_entry_sync_238249/hello.txt: :enoent, proceeding without lock
03:11:28.553 [warning] flock failed on /tmp/cp_entry_sync_238249/hello.txt: :enoent, proceeding without lock
..03:11:28.578 [warning] flock failed on /tmp/cp_entry_sync_396281/editable.txt: :enoent, proceeding without lock
03:11:28.578 [warning] flock failed on /tmp/cp_entry_sync_396281/editable.txt: :enoent, proceeding without lock
.03:11:28.598 [warning] flock failed on /tmp/cp_entry_sync_375980/guarded.txt: :enoent, proceeding without lock
03:11:28.599 [warning] flock failed on /tmp/cp_entry_sync_375980/guarded.txt: :enoent, proceeding without lock
.03:11:28.623 [warning] flock failed on /tmp/cp_entry_sync_530008/bidir.txt: :enoent, proceeding without lock
03:11:28.624 [warning] flock failed on /tmp/cp_entry_sync_530008/bidir.txt: :enoent, proceeding without lock
.03:11:28.644 [warning] flock failed on /tmp/cp_entry_sync_285945/new_file.txt: :enoent, proceeding without lock
03:11:28.644 [warning] flock failed on /tmp/cp_entry_sync_285945/new_file.txt: :enoent, proceeding without lock
..03:11:28.681 [warning] flock failed on /tmp/cp_entry_sync_313772/idempotent.txt: :enoent, proceeding without lock
03:11:28.681 [warning] flock failed on /tmp/cp_entry_sync_313772/idempotent.txt: :enoent, proceeding without lock
.03:11:28.695 [warning] flock failed on /tmp/cp_entry_sync_369234/stable.txt: :enoent, proceeding without lock
03:11:28.695 [warning] flock failed on /tmp/cp_entry_sync_369234/stable.txt: :enoent, proceeding without lock
.....03:11:30.137 [warning] flock failed on /tmp/cp_gb_sup_repo1_293326377/a.txt: :enoent, proceeding without lock
03:11:30.140 [warning] flock failed on /tmp/cp_gb_sup_repo1_293326377/.commonplace/a.txt.json: :enoent, proceeding without lock
03:11:30.143 [warning] flock failed on /tmp/cp_gb_sup_repo1_293326377/.commonplace/mount.json: :enoent, proceeding without lock
03:11:30.148 [warning] flock failed on /tmp/cp_gb_sup_repo1_293326377/.commonplace/archive/doc-a/fd43b36bfe002cafdaebdf35b355eaa994f90187e20b36d172a2d398ba1923eb.json: :enoent, proceeding without lock
03:11:30.151 [warning] flock failed on /tmp/cp_gb_sup_repo1_293326377/.commonplace/archive/doc-a/1fcea0c52030b836cd20be1f48074705db00a9bbe93f2e7ca1f78c66a575c48c.json: :enoent, proceeding without lock
03:11:30.153 [warning] flock failed on /tmp/cp_gb_sup_repo1_293326377/.commonplace/archive/mount-uuid/a279d83519f03527a1094d25e114c1608e0adb8e897051934ff895f50ca5f0a3.json: :enoent, proceeding without lock
03:11:30.156 [warning] flock failed on /tmp/cp_gb_sup_repo1_293326377/.commonplace/archive/mount-uuid/374e6955cf14f712738077fb21aaa8e209a234b9612289c3ba20f593bd536549.json: :enoent, proceeding without lock
03:11:30.158 [warning] flock failed on /tmp/cp_gb_sup_repo1_293326377/.commonplace/archive/mount-uuid/5210258533afe2f8a6d3f3af728440f4f3f563aea3f65f97fc8bb97a9eda367c.json: :enoent, proceeding without lock
03:11:30.160 [warning] flock failed on /tmp/cp_gb_sup_repo1_293326377/.commonplace/archive/mount-uuid/4a4b38d4ab444c8be8e9be1b98ca0d356bf51622b1a47ada5c4dd0d94ab30cd0.json: :enoent, proceeding without lock
03:11:30.163 [warning] flock failed on /tmp/cp_gb_sup_repo1_293326377/.commonplace/archive/watermarks.json: :enoent, proceeding without lock
...03:11:30.324 [error] GitBridge.Supervisor: failed to decode /tmp/cp_gb_sup_data_76203544/git_bridges.json ({:error, %Jason.DecodeError{position: 1, token: nil, data: "{not valid json"}}) — archiving the corrupt file and starting with zero mappings
.....03:11:30.467 [warning] Commonplace.MUD.Sections: section cert <<124, 77, 173, 64, 6, 213, 98, 138, 69, 85, 137, 186, 90, 239, 138, 141, 23, 213, 224, 152, 176, 93, 78, 166, 81, 160, 81, 42, 248, 7, 114, 49>> covering room 004abb7d-2c22-4a8f-80e8-0d1096a4a2f6 was NOT auto-extended to new room fb7cb4d8-873f-40bb-8dca-9d9d3e12ac1c — issuer is not this node's identity; extend manually.
.03:11:30.474 [error] local node self-trust was not added: node signing public-key artifact is absent — continuing with configured trusted identities
.03:11:30.564 [error] local node self-trust was not added: node signing public-key artifact is absent — continuing with configured trusted identities
.03:11:30.645 [error] local node self-trust was not added: node signing public-key artifact is absent — continuing with configured trusted identities
.03:11:30.690 [error] local node self-trust was not added: node signing public-key artifact is absent — continuing with configured trusted identities
.03:11:30.853 [error] local node self-trust was not added: node signing public-key artifact is absent — continuing with configured trusted identities
.................03:11:30.957 [error] local node self-trust was not added: node signing public-key artifact is absent — continuing with configured trusted identities
...................03:11:31.935 [warning] CommitStore: local write would be DENIED by trust gate (dry_run — write still lands) doc_uuid=783a6aa7-823e-4971-a793-5b063016826d commit_id=973742f326cba7fe4ddd13483249bc8afbd5e44178e305f7ade7db1c7965db51 reason=:capability_insufficient
03:11:31.941 [warning] CommitStore: local write would be DENIED by trust gate (dry_run — write still lands) doc_uuid=68e5dadd-8fe3-4bf7-8467-2c56a17418e8 commit_id=9526c8f903f8c1c7ad2676235cdcd626c7a22ba8bdc8e41aaaaae2fe1805f5dd reason=:capability_insufficient
03:11:31.945 [warning] CommitStore: local write would be DENIED by trust gate (dry_run — write still lands) doc_uuid=788d6e55-4dac-4fcd-a8a4-6f2c8187c504 commit_id=7187533fdec221f9eabaaa8b6475cdd386750358eb7f49347e8749e0daeb6b38 reason=:capability_insufficient
03:11:31.949 [warning] CommitStore: local write would be DENIED by trust gate (dry_run — write still lands) doc_uuid=cc7b3090-aaba-4068-8c95-49e5610da725 commit_id=b35c015c9c04f6641117a652d1f1f9e369bf54a0131a2b0f745ad01988c5b6c0 reason=:capability_insufficient
03:11:31.952 [warning] CommitStore: local write would be DENIED by trust gate (dry_run — write still lands) doc_uuid=37f02d8c-3c78-48f0-9d27-3c606bfea62f commit_id=0c34ea48e19e60741d351c50e4b9697f7744805bba7eaec75b480c67bff4aa24 reason=:capability_insufficient
03:11:31.955 [warning] CommitStore: local write would be DENIED by trust gate (dry_run — write still lands) doc_uuid=cc7b3090-aaba-4068-8c95-49e5610da725 commit_id=5a32a7a4989bbc4f60481033384f65d66096e5d02085bc8e2415786e0003c382 reason=:capability_insufficient
03:11:31.959 [warning] CommitStore: local write would be DENIED by trust gate (dry_run — write still lands) doc_uuid=783a6aa7-823e-4971-a793-5b063016826d commit_id=33cd0345f49fcbabcf6c029b0d87afb35ead3e1d1b4f80cc639b7d55b8447b40 reason=:capability_insufficient
.03:11:32.416 [warning] CommitStore: local write would be DENIED by trust gate (dry_run — write still lands) doc_uuid=45ddb448-3157-4417-a637-83016449f499 commit_id=f8e0ed485e7ea1dfba0036b3fe8d2ddb1939d065e115a8e01b9f2e8538d6b497 reason=:capability_insufficient
03:11:32.422 [warning] CommitStore: local write would be DENIED by trust gate (dry_run — write still lands) doc_uuid=b6d8befc-1d3a-4f3e-a045-67b8dd2c8deb commit_id=aea1ece00fd8a15b4ddb54f44baddcba8edb50af628865d87986d3ebf2dd64fb reason=:capability_insufficient
03:11:32.427 [warning] CommitStore: local write would be DENIED by trust gate (dry_run — write still lands) doc_uuid=e8748ef7-a0e1-4778-8b76-1b661e29554b commit_id=0d52b58166995bfbf9ee083bc779adcc180d9f5e6e02d1e727bf50c1be802c02 reason=:capability_insufficient
03:11:32.430 [warning] CommitStore: local write would be DENIED by trust gate (dry_run — write still lands) doc_uuid=6aee8401-a7fc-4ad3-8be1-da9ab3e7b36c commit_id=2e99de43eabec672aa7eacc0228f219d69df0671485862a6f7b7d467b8fbbb5b reason=:capability_insufficient
03:11:32.434 [warning] CommitStore: local write would be DENIED by trust gate (dry_run — write still lands) doc_uuid=f312285d-ec89-42f2-960d-bfc1d9c7f03a commit_id=5bf25992f47822fd5bd0beeff9b7900e3cfc90cb6378a673a00cf62871a876a0 reason=:capability_insufficient
03:11:32.438 [warning] CommitStore: local write would be DENIED by trust gate (dry_run — write still lands) doc_uuid=6aee8401-a7fc-4ad3-8be1-da9ab3e7b36c commit_id=c204e9b388f598533be5f9b96a721ed8822cc34e315b9e798bed557f4582e2b4 reason=:capability_insufficient
03:11:32.443 [warning] CommitStore: local write would be DENIED by trust gate (dry_run — write still lands) doc_uuid=45ddb448-3157-4417-a637-83016449f499 commit_id=af308a0a9a7ce8806e506c36802851e152b671a8badc5fc5f5bfae66060b6992 reason=:capability_insufficient
.03:11:59.713 [warning] CommitStore: local write would be DENIED by trust gate (dry_run — write still lands) doc_uuid=f6924b54-eabf-463c-b3a6-bd5020be1edb commit_id=01ac4be3768b79fc993535036cb040f3c16c0e6562cda7a1fa134764966c0319 reason=:capability_insufficient
03:11:59.723 [warning] CommitStore: local write would be DENIED by trust gate (dry_run — write still lands) doc_uuid=3a12c2c0-fe3d-4748-9744-3a5f08ae4f3b commit_id=1ebc0c61e1ef79bc7e1694b85e8a8d1b19f658b0e559df868fdced1e5ce66842 reason=:capability_insufficient
03:11:59.729 [warning] CommitStore: local write would be DENIED by trust gate (dry_run — write still lands) doc_uuid=586a57ab-89b7-489c-903f-9cf31f4a2812 commit_id=ee852daad8231a2bfcb43e137c42c0bad712a31563b2f9b4b33b11419df5560d reason=:capability_insufficient
03:11:59.733 [warning] CommitStore: local write would be DENIED by trust gate (dry_run — write still lands) doc_uuid=a7e7f835-4a14-4283-9973-c6f0002df2d0 commit_id=17fbbd4bc349639468d7cddfefe220a6a05b5cf4b363002794f06eec5f4086ad reason=:capability_insufficient
03:11:59.738 [warning] CommitStore: local write would be DENIED by trust gate (dry_run — write still lands) doc_uuid=dd75451c-591c-4ca6-b469-83b9c2084398 commit_id=54f380a4d726c4f54eaa3e7b336699ea5629144bd961ae485ac11661ad7ba49b reason=:capability_insufficient
03:11:59.744 [warning] CommitStore: local write would be DENIED by trust gate (dry_run — write still lands) doc_uuid=a7e7f835-4a14-4283-9973-c6f0002df2d0 commit_id=bf47ea789da5f0449ff40b293e92554558d62c10ef0a3f1a9c6dd4b28fce6852 reason=:capability_insufficient
03:11:59.748 [warning] CommitStore: local write would be DENIED by trust gate (dry_run — write still lands) doc_uuid=f6924b54-eabf-463c-b3a6-bd5020be1edb commit_id=987dc91b2389c6f9555c2ed35a03d2e1ada747dc115cddd5faba12432dd0cb47 reason=:capability_insufficient
.....................03:12:01.288 [error] local node self-trust was not added: node signing public-key artifact is absent — continuing with configured trusted identities
03:12:01.289 [warning] CommitStore: local write DENIED by trust gate (enforce) doc_uuid=5f196598-84ea-5a89-823b-456eda24e47c commit_id=66a8cc79a333e293f3bcb39cdd7434ba4a5e0461dc55dfd3096d4c7943835425 reason=:unsigned
03:12:01.395 [warning] CommitStore: local write DENIED by trust gate (enforce) doc_uuid=5f196598-84ea-5a89-823b-456eda24e47c commit_id=fc6de142967a653249d7365f963bff0d4bfec01ab1ca952ca2d747ffee610418 reason=:unsigned
03:12:01.496 [error] Commonplace.Trust.AuditCanary: ALARM (parity_divergence) — mechanism A and mechanism B disagree on the denial count for this boot (a=9 b=2) — one of the two sinks is losing records
.03:12:01.507 [error] local node self-trust was not added: node signing public-key artifact is absent — continuing with configured trusted identities
03:12:01.507 [warning] CommitStore: local write DENIED by trust gate (enforce) doc_uuid=5f196598-84ea-5a89-823b-456eda24e47c commit_id=ba20aa2f5cc6b6300f98f969d16fc4dc39662eead6ee4fcc9062fa858807a10f reason=:unsigned
..03:12:01.630 [error] local node self-trust was not added: node signing public-key artifact is absent — continuing with configured trusted identities
03:12:01.631 [warning] CommitStore: local write DENIED by trust gate (enforce) doc_uuid=5f196598-84ea-5a89-823b-456eda24e47c commit_id=e7e14ba15883ccfa29ba168116d963b65a00cd3263de250a4ebf03292d5c5ff4 reason=:unsigned
03:12:01.642 [error] local node self-trust was not added: node signing public-key artifact is absent — continuing with configured trusted identities
03:12:01.643 [warning] CommitStore: local write DENIED by trust gate (enforce) doc_uuid=f4e8eac8-7bab-5ecd-ad86-e09f3a9ff900 commit_id=e73f1200362faa6946f7e9416cb1ec20ef7bdfe53bd2bc03934eecbd453da229 reason=:unsigned
03:12:01.643 [error] Commonplace.Trust.AuditLog: RECURSION GUARD — a denial of the AUDIT LOG's own doc (f4e8eac8-7bab-5ecd-ad86-e09f3a9ff900) was not enqueued for auditing (that would loop). This means audit writes are themselves being refused: denial auditing is DEGRADED. record=%{"event" => "commonplace.commit.rejected.local_trust", "mode" => :enforce, "reason" => ":unsigned"}
03:12:01.643 [error] Commonplace.Trust.AuditDispatcher: FAILED to persist 1 denial audit record(s) — denials are still being ENFORCED but are no longer being RECORDED in the substrate. reason={:trust_rejected, :unsigned}
03:12:02.641 [error] Commonplace.Trust.AuditCanary: ALARM (round_trip_timeout) — a deliberately provoked denial did NOT round-trip within 1000ms. Short: [:mechanism_a_in_band, :mechanism_b_substrate]. Denials are still being ENFORCED; they are not being RECORDED.
.03:12:02.659 [error] local node self-trust was not added: node signing public-key artifact is absent — continuing with configured trusted identities
03:12:02.659 [warning] CommitStore: local write DENIED by trust gate (enforce) doc_uuid=5f196598-84ea-5a89-823b-456eda24e47c commit_id=572647f695976cb55f4ff1bdb6956cfb9c494fd72d7f95c9091f107b5fe0d9f3 reason=:unsigned
03:12:02.812 [warning] CommitStore: local write DENIED by trust gate (enforce) doc_uuid=5f196598-84ea-5a89-823b-456eda24e47c commit_id=c6b242a962da319f02ee4d22bd4118c32072670bfed0084d91ea16b16c13eed5 reason=:unsigned
.03:12:02.922 [error] local node self-trust was not added: node signing public-key artifact is absent — continuing with configured trusted identities
03:12:02.923 [warning] CommitStore: local write DENIED by trust gate (enforce) doc_uuid=5f196598-84ea-5a89-823b-456eda24e47c commit_id=b47520c20d96b4a79b42625d1aaffbf037cbb31963d189342c5dcc94638014f4 reason=:unsigned
..03:12:03.094 [error] local node self-trust was not added: node signing public-key artifact is absent — continuing with configured trusted identities
03:12:03.094 [warning] CommitStore: local write DENIED by trust gate (enforce) doc_uuid=5f196598-84ea-5a89-823b-456eda24e47c commit_id=635f8238d0197847a06bbad75012f6d790ad701749a64fda35245d123d7cc437 reason=:unsigned
03:12:03.195 [error] Commonplace.Trust.AuditCanary: ALARM (handler_detached) — the trust-audit telemetry handler is NOT ATTACHED — denials are still being ENFORCED, but nothing is recording them. This is the exact CX-t3xv failure.
...........................03:12:04.333 [warning] Orchestrator running with a permissive trust config: declared processes (including code docs synced from peers) will auto-execute ungated. Pin identities / set accept_unsigned:false in trust.json for strict gating.
03:12:04.457 [error] Process ce061a94-8517-4fe5-bdd4-a61f52e249bf: log capability delegation failed: {:error, {:capability_store_unavailable, {:noproc, {GenServer, :call, [nil, {:store_capability, %Commonplace.Trust.Capability{issuer: {"37b9ee1d-2de3-4418-9e70-8b850575eb9f", <<83, 82, 228, 6, 228, 128, 203, 149, 83, 155, 144, 56, 1, 4, 212, 202, 13, 62, 25, 172, 29, 70, 200, 72, 0, 99, 243, 68, 89, 191, 146, 129>>}, audience: {"ce061a94-8517-4fe5-bdd4-a61f52e249bf", <<17, 46, 151, 139, 149, 179, 176, 227, 167, 150, 146, 60, 27, 25, 0, 81, 59, 48, 236, 14, 180, 72, 226, 151, 242, 223, 251, 238, 215, 140, 226, 130>>}, claim: %{scope: {:docs, ["6f63ca2e-d1bc-51e0-a05d-d5cc028ea5ff"]}, verbs: [:write], caveats: %{not_before: nil, not_after: nil}}, proof: nil, sig: <<138, 59, 43, 184, 240, 171, 203, 49, 214, 186, 103, 104, 118, 11, 90, 217, 249, 73, 25, 120, 179, 204, 250, 211, 113, 228, 182, 216, 109, 185, 59, 175, ...>>, id: <<1, 82, 137, 227, 106, 58, 242, 67, 123, 196, 124, 154, 153, 171, 64, 189, 239, 94, 46, 134, 143, 164, 50, 245, 191, 110, 7, 216, 72, 90, 73, ...>>}}, 5000]}}}}
03:12:04.473 [error] Process 7434bdcb-0b88-41ab-bdd1-c33c208de247: log capability delegation failed: {:error, {:capability_store_unavailable, {:noproc, {GenServer, :call, [nil, {:store_capability, %Commonplace.Trust.Capability{issuer: {"37b9ee1d-2de3-4418-9e70-8b850575eb9f", <<83, 82, 228, 6, 228, 128, 203, 149, 83, 155, 144, 56, 1, 4, 212, 202, 13, 62, 25, 172, 29, 70, 200, 72, 0, 99, 243, 68, 89, 191, 146, 129>>}, audience: {"7434bdcb-0b88-41ab-bdd1-c33c208de247", <<251, 90, 9, 88, 218, 232, 72, 247, 70, 253, 207, 31, 33, 219, 114, 242, 126, 13, 97, 2, 109, 146, 74, 171, 177, 254, 209, 208, 16, 219, 119, 36>>}, claim: %{scope: {:docs, ["7a77d2ba-5741-5e68-bbc0-961a61eabbf9"]}, verbs: [:write], caveats: %{not_before: nil, not_after: nil}}, proof: nil, sig: <<149, 23, 246, 121, 141, 170, 171, 3, 158, 203, 104, 25, 136, 228, 29, 149, 233, 254, 199, 79, 239, 19, 5, 173, 65, 6, 91, 136, 78, 168, 120, 228, ...>>, id: <<79, 98, 7, 84, 235, 4, 202, 216, 198, 186, 59, 140, 86, 103, 96, 247, 86, 62, 223, 157, 241, 126, 65, 98, 39, 201, 88, 218, 252, 198, 70, ...>>}}, 5000]}}}}
03:12:04.558 [warning] flock failed on /tmp/cp_sandbox_597612/__processes.json: :enoent, proceeding without lock
03:12:04.635 [warning] flock failed on /tmp/cp_sandbox_597612/__reflog/server/__snapshot: :enoent, proceeding without lock
03:12:04.812 [error] Process ce061a94-8517-4fe5-bdd4-a61f52e249bf: log capability delegation failed: {:error, {:capability_store_unavailable, {:noproc, {GenServer, :call, [nil, {:store_capability, %Commonplace.Trust.Capability{issuer: {"37b9ee1d-2de3-4418-9e70-8b850575eb9f", <<83, 82, 228, 6, 228, 128, 203, 149, 83, 155, 144, 56, 1, 4, 212, 202, 13, 62, 25, 172, 29, 70, 200, 72, 0, 99, 243, 68, 89, 191, 146, 129>>}, audience: {"ce061a94-8517-4fe5-bdd4-a61f52e249bf", <<17, 46, 151, 139, 149, 179, 176, 227, 167, 150, 146, 60, 27, 25, 0, 81, 59, 48, 236, 14, 180, 72, 226, 151, 242, 223, 251, 238, 215, 140, 226, 130>>}, claim: %{scope: {:docs, ["6f63ca2e-d1bc-51e0-a05d-d5cc028ea5ff"]}, verbs: [:write], caveats: %{not_before: nil, not_after: nil}}, proof: nil, sig: <<138, 59, 43, 184, 240, 171, 203, 49, 214, 186, 103, 104, 118, 11, 90, 217, 249, 73, 25, 120, 179, 204, 250, 211, 113, 228, 182, 216, 109, 185, 59, 175, ...>>, id: <<1, 82, 137, 227, 106, 58, 242, 67, 123, 196, 124, 154, 153, 171, 64, 189, 239, 94, 46, 134, 143, 164, 50, 245, 191, 110, 7, 216, 72, 90, 73, ...>>}}, 5000]}}}}
03:12:04.816 [error] Process 7434bdcb-0b88-41ab-bdd1-c33c208de247: log capability delegation failed: {:error, {:capability_store_unavailable, {:noproc, {GenServer, :call, [nil, {:store_capability, %Commonplace.Trust.Capability{issuer: {"37b9ee1d-2de3-4418-9e70-8b850575eb9f", <<83, 82, 228, 6, 228, 128, 203, 149, 83, 155, 144, 56, 1, 4, 212, 202, 13, 62, 25, 172, 29, 70, 200, 72, 0, 99, 243, 68, 89, 191, 146, 129>>}, audience: {"7434bdcb-0b88-41ab-bdd1-c33c208de247", <<251, 90, 9, 88, 218, 232, 72, 247, 70, 253, 207, 31, 33, 219, 114, 242, 126, 13, 97, 2, 109, 146, 74, 171, 177, 254, 209, 208, 16, 219, 119, 36>>}, claim: %{scope: {:docs, ["7a77d2ba-5741-5e68-bbc0-961a61eabbf9"]}, verbs: [:write], caveats: %{not_before: nil, not_after: nil}}, proof: nil, sig: <<149, 23, 246, 121, 141, 170, 171, 3, 158, 203, 104, 25, 136, 228, 29, 149, 233, 254, 199, 79, 239, 19, 5, 173, 65, 6, 91, 136, 78, 168, 120, 228, ...>>, id: <<79, 98, 7, 84, 235, 4, 202, 216, 198, 186, 59, 140, 86, 103, 96, 247, 86, 62, 223, 157, 241, 126, 65, 98, 39, 201, 88, 218, 252, 198, 70, ...>>}}, 5000]}}}}
.03:12:09.909 [warning] Orchestrator running with a permissive trust config: declared processes (including code docs synced from peers) will auto-execute ungated. Pin identities / set accept_unsigned:false in trust.json for strict gating.
03:12:10.036 [error] Process b5e0fb13-be7a-4aed-a3ba-aaff1151a419: log capability delegation failed: {:error, {:capability_store_unavailable, {:noproc, {GenServer, :call, [nil, {:store_capability, %Commonplace.Trust.Capability{issuer: {"37b9ee1d-2de3-4418-9e70-8b850575eb9f", <<83, 82, 228, 6, 228, 128, 203, 149, 83, 155, 144, 56, 1, 4, 212, 202, 13, 62, 25, 172, 29, 70, 200, 72, 0, 99, 243, 68, 89, 191, 146, 129>>}, audience: {"b5e0fb13-be7a-4aed-a3ba-aaff1151a419", <<55, 38, 91, 27, 182, 38, 165, 166, 46, 11, 183, 66, 50, 30, 42, 53, 222, 4, 207, 7, 125, 110, 84, 194, 206, 13, 222, 7, 132, 24, 202, 246>>}, claim: %{scope: {:docs, ["edc56260-7df1-562c-9e98-99c598a53e3c"]}, verbs: [:write], caveats: %{not_before: nil, not_after: nil}}, proof: nil, sig: <<122, 230, 43, 12, 100, 215, 81, 114, 165, 202, 23, 148, 238, 144, 97, 43, 47, 16, 52, 142, 61, 46, 69, 216, 240, 195, 174, 121, 112, 178, 32, 179, ...>>, id: <<1, 84, 51, 207, 82, 129, 84, 186, 22, 52, 185, 13, 236, 241, 145, 223, 228, 91, 47, 147, 78, 113, 3, 84, 249, 190, 139, 21, 123, 7, 18, ...>>}}, 5000]}}}}
.03:12:10.133 [warning] Orchestrator running with a permissive trust config: declared processes (including code docs synced from peers) will auto-execute ungated. Pin identities / set accept_unsigned:false in trust.json for strict gating.
03:12:10.262 [error] Process 87a79fe9-3226-446e-9a2c-af961c900bc0: log capability delegation failed: {:error, {:capability_store_unavailable, {:noproc, {GenServer, :call, [nil, {:store_capability, %Commonplace.Trust.Capability{issuer: {"37b9ee1d-2de3-4418-9e70-8b850575eb9f", <<83, 82, 228, 6, 228, 128, 203, 149, 83, 155, 144, 56, 1, 4, 212, 202, 13, 62, 25, 172, 29, 70, 200, 72, 0, 99, 243, 68, 89, 191, 146, 129>>}, audience: {"87a79fe9-3226-446e-9a2c-af961c900bc0", <<177, 133, 35, 42, 73, 174, 142, 89, 7, 66, 236, 42, 167, 95, 249, 187, 120, 250, 43, 229, 117, 191, 124, 14, 69, 131, 232, 95, 40, 11, 34, 202>>}, claim: %{scope: {:docs, ["ca5a7ebd-0354-50c0-9d8d-3e2a32eebde9"]}, verbs: [:write], caveats: %{not_before: nil, not_after: nil}}, proof: nil, sig: <<39, 46, 94, 234, 255, 210, 13, 175, 162, 247, 204, 127, 59, 190, 120, 196, 7, 188, 113, 237, 76, 205, 75, 237, 134, 92, 4, 51, 17, 143, 77, 47, ...>>, id: <<36, 127, 238, 238, 218, 93, 245, 56, 176, 20, 144, 155, 82, 173, 39, 173, 47, 242, 72, 43, 126, 14, 251, 65, 226, 90, 50, 233, 61, 155, 46, ...>>}}, 5000]}}}}
.03:12:10.352 [warning] Orchestrator running with a permissive trust config: declared processes (including code docs synced from peers) will auto-execute ungated. Pin identities / set accept_unsigned:false in trust.json for strict gating.
03:12:10.480 [error] Process c145e0c5-bb15-4a9a-9d82-c7126c3e5d1c: log capability delegation failed: {:error, {:capability_store_unavailable, {:noproc, {GenServer, :call, [nil, {:store_capability, %Commonplace.Trust.Capability{issuer: {"37b9ee1d-2de3-4418-9e70-8b850575eb9f", <<83, 82, 228, 6, 228, 128, 203, 149, 83, 155, 144, 56, 1, 4, 212, 202, 13, 62, 25, 172, 29, 70, 200, 72, 0, 99, 243, 68, 89, 191, 146, 129>>}, audience: {"c145e0c5-bb15-4a9a-9d82-c7126c3e5d1c", <<107, 76, 205, 32, 227, 198, 243, 6, 84, 1, 103, 177, 166, 79, 44, 255, 235, 174, 217, 101, 84, 235, 96, 224, 243, 115, 46, 222, 66, 194, 248, 71>>}, claim: %{scope: {:docs, ["625e69be-ed4a-57b6-9fe1-fbeb31b017c8"]}, verbs: [:write], caveats: %{not_before: nil, not_after: nil}}, proof: nil, sig: <<226, 202, 9, 253, 101, 183, 65, 42, 149, 252, 30, 238, 226, 56, 124, 161, 174, 219, 206, 11, 22, 171, 235, 118, 102, 47, 89, 180, 208, 75, 69, 220, ...>>, id: <<179, 13, 180, 232, 156, 66, 101, 157, 89, 3, 46, 44, 184, 24, 42, 65, 97, 92, 206, 135, 59, 39, 96, 126, 162, 104, 92, 132, 111, 11, 51, ...>>}}, 5000]}}}}
.03:12:10.786 [warning] Orchestrator running with a permissive trust config: declared processes (including code docs synced from peers) will auto-execute ungated. Pin identities / set accept_unsigned:false in trust.json for strict gating.
03:12:10.913 [error] Process c35e7225-c6b7-4408-89ba-f8fec9c67830: log capability delegation failed: {:error, {:capability_store_unavailable, {:noproc, {GenServer, :call, [nil, {:store_capability, %Commonplace.Trust.Capability{issuer: {"37b9ee1d-2de3-4418-9e70-8b850575eb9f", <<83, 82, 228, 6, 228, 128, 203, 149, 83, 155, 144, 56, 1, 4, 212, 202, 13, 62, 25, 172, 29, 70, 200, 72, 0, 99, 243, 68, 89, 191, 146, 129>>}, audience: {"c35e7225-c6b7-4408-89ba-f8fec9c67830", <<146, 123, 54, 90, 244, 1, 253, 175, 93, 134, 154, 138, 170, 238, 5, 120, 52, 114, 62, 230, 190, 156, 53, 12, 11, 229, 243, 83, 58, 222, 53, 123>>}, claim: %{scope: {:docs, ["ba89a11e-3027-5d23-923d-22b84438e192"]}, verbs: [:write], caveats: %{not_before: nil, not_after: nil}}, proof: nil, sig: <<54, 117, 233, 27, 231, 140, 245, 235, 146, 12, 130, 129, 254, 60, 48, 15, 251, 154, 200, 6, 50, 130, 216, 148, 226, 51, 167, 195, 166, 244, 199, 205, ...>>, id: <<32, 253, 81, 129, 111, 70, 251, 36, 63, 165, 118, 244, 160, 4, 171, 55, 21, 71, 91, 248, 82, 120, 154, 233, 229, 118, 68, 170, 170, 59, 160, ...>>}}, 5000]}}}}
03:12:11.049 [error] Process c35e7225-c6b7-4408-89ba-f8fec9c67830: log capability delegation failed: {:error, {:capability_store_unavailable, {:noproc, {GenServer, :call, [nil, {:store_capability, %Commonplace.Trust.Capability{issuer: {"37b9ee1d-2de3-4418-9e70-8b850575eb9f", <<83, 82, 228, 6, 228, 128, 203, 149, 83, 155, 144, 56, 1, 4, 212, 202, 13, 62, 25, 172, 29, 70, 200, 72, 0, 99, 243, 68, 89, 191, 146, 129>>}, audience: {"c35e7225-c6b7-4408-89ba-f8fec9c67830", <<146, 123, 54, 90, 244, 1, 253, 175, 93, 134, 154, 138, 170, 238, 5, 120, 52, 114, 62, 230, 190, 156, 53, 12, 11, 229, 243, 83, 58, 222, 53, 123>>}, claim: %{scope: {:docs, ["ba89a11e-3027-5d23-923d-22b84438e192"]}, verbs: [:write], caveats: %{not_before: nil, not_after: nil}}, proof: nil, sig: <<54, 117, 233, 27, 231, 140, 245, 235, 146, 12, 130, 129, 254, 60, 48, 15, 251, 154, 200, 6, 50, 130, 216, 148, 226, 51, 167, 195, 166, 244, 199, 205, ...>>, id: <<32, 253, 81, 129, 111, 70, 251, 36, 63, 165, 118, 244, 160, 4, 171, 55, 21, 71, 91, 248, 82, 120, 154, 233, 229, 118, 68, 170, 170, 59, 160, ...>>}}, 5000]}}}}
03:12:11.184 [error] Process c35e7225-c6b7-4408-89ba-f8fec9c67830: log capability delegation failed: {:error, {:capability_store_unavailable, {:noproc, {GenServer, :call, [nil, {:store_capability, %Commonplace.Trust.Capability{issuer: {"37b9ee1d-2de3-4418-9e70-8b850575eb9f", <<83, 82, 228, 6, 228, 128, 203, 149, 83, 155, 144, 56, 1, 4, 212, 202, 13, 62, 25, 172, 29, 70, 200, 72, 0, 99, 243, 68, 89, 191, 146, 129>>}, audience: {"c35e7225-c6b7-4408-89ba-f8fec9c67830", <<146, 123, 54, 90, 244, 1, 253, 175, 93, 134, 154, 138, 170, 238, 5, 120, 52, 114, 62, 230, 190, 156, 53, 12, 11, 229, 243, 83, 58, 222, 53, 123>>}, claim: %{scope: {:docs, ["ba89a11e-3027-5d23-923d-22b84438e192"]}, verbs: [:write], caveats: %{not_before: nil, not_after: nil}}, proof: nil, sig: <<54, 117, 233, 27, 231, 140, 245, 235, 146, 12, 130, 129, 254, 60, 48, 15, 251, 154, 200, 6, 50, 130, 216, 148, 226, 51, 167, 195, 166, 244, 199, 205, ...>>, id: <<32, 253, 81, 129, 111, 70, 251, 36, 63, 165, 118, 244, 160, 4, 171, 55, 21, 71, 91, 248, 82, 120, 154, 233, 229, 118, 68, 170, 170, 59, 160, ...>>}}, 5000]}}}}
03:12:11.290 [error] Process c35e7225-c6b7-4408-89ba-f8fec9c67830: log capability delegation failed: {:error, {:capability_store_unavailable, {:noproc, {GenServer, :call, [nil, {:store_capability, %Commonplace.Trust.Capability{issuer: {"37b9ee1d-2de3-4418-9e70-8b850575eb9f", <<83, 82, 228, 6, 228, 128, 203, 149, 83, 155, 144, 56, 1, 4, 212, 202, 13, 62, 25, 172, 29, 70, 200, 72, 0, 99, 243, 68, 89, 191, 146, 129>>}, audience: {"c35e7225-c6b7-4408-89ba-f8fec9c67830", <<146, 123, 54, 90, 244, 1, 253, 175, 93, 134, 154, 138, 170, 238, 5, 120, 52, 114, 62, 230, 190, 156, 53, 12, 11, 229, 243, 83, 58, 222, 53, 123>>}, claim: %{scope: {:docs, ["ba89a11e-3027-5d23-923d-22b84438e192"]}, verbs: [:write], caveats: %{not_before: nil, not_after: nil}}, proof: nil, sig: <<54, 117, 233, 27, 231, 140, 245, 235, 146, 12, 130, 129, 254, 60, 48, 15, 251, 154, 200, 6, 50, 130, 216, 148, 226, 51, 167, 195, 166, 244, 199, 205, ...>>, id: <<32, 253, 81, 129, 111, 70, 251, 36, 63, 165, 118, 244, 160, 4, 171, 55, 21, 71, 91, 248, 82, 120, 154, 233, 229, 118, 68, 170, 170, 59, 160, ...>>}}, 5000]}}}}
........................03:12:12.173 [warning] flock failed on /tmp/cp_syncdir_581409/__reflog/server/__snapshot: :enoent, proceeding without lock
...03:12:12.858 [warning] flock failed on /tmp/cp_syncdir_658354/__reflog/server/__snapshot: :enoent, proceeding without lock
.03:12:12.951 [warning] flock failed on /tmp/cp_syncdir_468575/from_crdt.txt: :enoent, proceeding without lock
....................03:12:14.037 [error] local node self-trust was not added: node signing public-key artifact is absent — continuing with configured trusted identities
03:12:14.039 [error] local node self-trust was not added: node signing public-key artifact is absent — continuing with configured trusted identities
03:12:14.041 [error] local node self-trust was not added: node signing public-key artifact is absent — continuing with configured trusted identities
03:12:14.043 [error] local node self-trust was not added: node signing public-key artifact is absent — continuing with configured trusted identities
03:12:14.046 [error] local node self-trust was not added: node signing public-key artifact is absent — continuing with configured trusted identities
03:12:14.048 [error] local node self-trust was not added: node signing public-key artifact is absent — continuing with configured trusted identities
03:12:14.052 [error] local node self-trust was not added: node signing public-key artifact is absent — continuing with configured trusted identities
03:12:14.054 [error] local node self-trust was not added: node signing public-key artifact is absent — continuing with configured trusted identities
03:12:14.057 [error] local node self-trust was not added: node signing public-key artifact is absent — continuing with configured trusted identities
03:12:14.060 [error] local node self-trust was not added: node signing public-key artifact is absent — continuing with configured trusted identities
03:12:14.062 [error] local node self-trust was not added: node signing public-key artifact is absent — continuing with configured trusted identities
.03:12:14.075 [error] local node self-trust was not added: node signing public-key artifact is absent — continuing with configured trusted identities
03:12:14.078 [error] local node self-trust was not added: node signing public-key artifact is absent — continuing with configured trusted identities
03:12:14.080 [error] local node self-trust was not added: node signing public-key artifact is absent — continuing with configured trusted identities
03:12:14.082 [error] local node self-trust was not added: node signing public-key artifact is absent — continuing with configured trusted identities
03:12:14.084 [error] local node self-trust was not added: node signing public-key artifact is absent — continuing with configured trusted identities
03:12:14.086 [error] local node self-trust was not added: node signing public-key artifact is absent — continuing with configured trusted identities
03:12:14.088 [error] local node self-trust was not added: node signing public-key artifact is absent — continuing with configured trusted identities
03:12:14.091 [error] local node self-trust was not added: node signing public-key artifact is absent — continuing with configured trusted identities
03:12:14.095 [error] local node self-trust was not added: node signing public-key artifact is absent — continuing with configured trusted identities
03:12:14.098 [error] local node self-trust was not added: node signing public-key artifact is absent — continuing with configured trusted identities
.03:12:14.111 [error] local node self-trust was not added: node signing public-key artifact is absent — continuing with configured trusted identities
03:12:14.115 [error] local node self-trust was not added: node signing public-key artifact is absent — continuing with configured trusted identities
03:12:14.118 [error] local node self-trust was not added: node signing public-key artifact is absent — continuing with configured trusted identities
03:12:14.120 [error] local node self-trust was not added: node signing public-key artifact is absent — continuing with configured trusted identities
03:12:14.122 [error] local node self-trust was not added: node signing public-key artifact is absent — continuing with configured trusted identities
03:12:14.128 [error] local node self-trust was not added: node signing public-key artifact is absent — continuing with configured trusted identities
03:12:14.130 [error] local node self-trust was not added: node signing public-key artifact is absent — continuing with configured trusted identities
03:12:14.132 [error] local node self-trust was not added: node signing public-key artifact is absent — continuing with configured trusted identities
03:12:14.135 [error] local node self-trust was not added: node signing public-key artifact is absent — continuing with configured trusted identities
03:12:14.138 [error] local node self-trust was not added: node signing public-key artifact is absent — continuing with configured trusted identities
.03:12:14.149 [error] local node self-trust was not added: node signing public-key artifact is absent — continuing with configured trusted identities
03:12:14.151 [error] local node self-trust was not added: node signing public-key artifact is absent — continuing with configured trusted identities
03:12:14.153 [error] local node self-trust was not added: node signing public-key artifact is absent — continuing with configured trusted identities
03:12:14.155 [error] local node self-trust was not added: node signing public-key artifact is absent — continuing with configured trusted identities
03:12:14.157 [error] local node self-trust was not added: node signing public-key artifact is absent — continuing with configured trusted identities
03:12:14.160 [error] local node self-trust was not added: node signing public-key artifact is absent — continuing with configured trusted identities
03:12:14.162 [error] local node self-trust was not added: node signing public-key artifact is absent — continuing with configured trusted identities
03:12:14.165 [error] local node self-trust was not added: node signing public-key artifact is absent — continuing with configured trusted identities
03:12:14.167 [error] local node self-trust was not added: node signing public-key artifact is absent — continuing with configured trusted identities
03:12:14.171 [error] local node self-trust was not added: node signing public-key artifact is absent — continuing with configured trusted identities
.03:12:14.185 [error] local node self-trust was not added: node signing public-key artifact is absent — continuing with configured trusted identities
03:12:14.188 [error] local node self-trust was not added: node signing public-key artifact is absent — continuing with configured trusted identities
03:12:14.191 [error] local node self-trust was not added: node signing public-key artifact is absent — continuing with configured trusted identities
03:12:14.193 [error] local node self-trust was not added: node signing public-key artifact is absent — continuing with configured trusted identities
03:12:14.199 [error] local node self-trust was not added: node signing public-key artifact is absent — continuing with configured trusted identities
03:12:14.203 [error] local node self-trust was not added: node signing public-key artifact is absent — continuing with configured trusted identities
03:12:14.206 [error] local node self-trust was not added: node signing public-key artifact is absent — continuing with configured trusted identities
03:12:14.208 [error] local node self-trust was not added: node signing public-key artifact is absent — continuing with configured trusted identities
03:12:14.211 [error] local node self-trust was not added: node signing public-key artifact is absent — continuing with configured trusted identities
03:12:14.214 [error] local node self-trust was not added: node signing public-key artifact is absent — continuing with configured trusted identities
.03:12:14.238 [error] local node self-trust was not added: node signing public-key artifact is absent — continuing with configured trusted identities
03:12:14.241 [error] local node self-trust was not added: node signing public-key artifact is absent — continuing with configured trusted identities
03:12:14.243 [error] local node self-trust was not added: node signing public-key artifact is absent — continuing with configured trusted identities
03:12:14.245 [error] local node self-trust was not added: node signing public-key artifact is absent — continuing with configured trusted identities
03:12:14.248 [error] local node self-trust was not added: node signing public-key artifact is absent — continuing with configured trusted identities
03:12:14.250 [error] local node self-trust was not added: node signing public-key artifact is absent — continuing with configured trusted identities
03:12:14.252 [error] local node self-trust was not added: node signing public-key artifact is absent — continuing with configured trusted identities
03:12:14.255 [error] local node self-trust was not added: node signing public-key artifact is absent — continuing with configured trusted identities
03:12:14.257 [error] local node self-trust was not added: node signing public-key artifact is absent — continuing with configured trusted identities
03:12:14.259 [error] local node self-trust was not added: node signing public-key artifact is absent — continuing with configured trusted identities
.03:12:14.271 [error] local node self-trust was not added: node signing public-key artifact is absent — continuing with configured trusted identities
03:12:14.273 [error] local node self-trust was not added: node signing public-key artifact is absent — continuing with configured trusted identities
03:12:14.275 [error] local node self-trust was not added: node signing public-key artifact is absent — continuing with configured trusted identities
03:12:14.277 [error] local node self-trust was not added: node signing public-key artifact is absent — continuing with configured trusted identities
03:12:14.279 [error] local node self-trust was not added: node signing public-key artifact is absent — continuing with configured trusted identities
03:12:14.282 [error] local node self-trust was not added: node signing public-key artifact is absent — continuing with configured trusted identities
03:12:14.284 [error] local node self-trust was not added: node signing public-key artifact is absent — continuing with configured trusted identities
03:12:14.286 [error] local node self-trust was not added: node signing public-key artifact is absent — continuing with configured trusted identities
03:12:14.288 [error] local node self-trust was not added: node signing public-key artifact is absent — continuing with configured trusted identities
03:12:14.291 [error] local node self-trust was not added: node signing public-key artifact is absent — continuing with configured trusted identities
..........03:12:14.462 [warning] EngineModule :look ("100ca11b-1004-4e55-9f66-a07788990011") fell back to last-good/floor: {:compile, :not_found}
03:12:14.464 [warning] EngineModule :parser ("aa11bb22-cc33-4d44-8e55-ff6677889900") fell back to last-good/floor: {:compile, :not_found}
03:12:14.465 [warning] EngineModule :look ("100ca11b-1004-4e55-9f66-a07788990011") fell back to last-good/floor: {:compile, :not_found}
03:12:14.466 [warning] EngineModule :parser ("aa11bb22-cc33-4d44-8e55-ff6677889900") fell back to last-good/floor: {:compile, :not_found}
03:12:14.472 [warning] EngineModule :parser ("aa11bb22-cc33-4d44-8e55-ff6677889900") fell back to last-good/floor: {:compile, :not_found}
03:12:14.473 [warning] EngineModule :go ("1a2b3c4d-5e6f-4a7b-8c9d-0e1f2a3b4c5d") fell back to last-good/floor: {:compile, :not_found}
03:12:14.499 [warning] EngineModule :look ("100ca11b-1004-4e55-9f66-a07788990011") fell back to last-good/floor: {:compile, :not_found}
03:12:14.501 [warning] EngineModule :parser ("aa11bb22-cc33-4d44-8e55-ff6677889900") fell back to last-good/floor: {:compile, :not_found}
03:12:14.502 [warning] EngineModule :look ("100ca11b-1004-4e55-9f66-a07788990011") fell back to last-good/floor: {:compile, :not_found}
03:12:14.503 [warning] EngineModule :parser ("aa11bb22-cc33-4d44-8e55-ff6677889900") fell back to last-good/floor: {:compile, :not_found}
03:12:14.506 [warning] CommitStore: local write DENIED by trust gate (enforce) doc_uuid=c1433f6d-2ef6-427d-a94f-bf22ecac4eea commit_id=00ee893d82b2a8984702c91bbe8899df05dbaeaa0c74530332201c6f6e88d0e9 reason=:capability_insufficient
.03:12:14.519 [error] local node self-trust was not added: node signing public-key artifact is absent — continuing with configured trusted identities
.03:12:14.584 [error] local node self-trust was not added: node signing public-key artifact is absent — continuing with configured trusted identities
.03:12:14.685 [error] local node self-trust was not added: node signing public-key artifact is absent — continuing with configured trusted identities
.03:12:14.758 [error] local node self-trust was not added: node signing public-key artifact is absent — continuing with configured trusted identities
.03:12:14.810 [error] local node self-trust was not added: node signing public-key artifact is absent — continuing with configured trusted identities
.03:12:14.921 [error] local node self-trust was not added: node signing public-key artifact is absent — continuing with configured trusted identities
.03:12:15.005 [error] local node self-trust was not added: node signing public-key artifact is absent — continuing with configured trusted identities
.03:12:15.084 [error] local node self-trust was not added: node signing public-key artifact is absent — continuing with configured trusted identities
.......MEASURED: flock reacquire after kill took 0 ms
.03:12:15.960 [error] CommitStore: refusing to open /tmp/cx2479_dup_270836830/commits — the commits store is LOCKED by another live process (flock on /tmp/cx2479_dup_270836830/commits.lock, :would_block).
  Holder hint (NOT proof — diagnostic content of the lock file): 3 nonode@nohost
  This store is held by a live process. Read it through the running serve (:erpc into the serve node, or Commonplace.Store.CommitStoreClient against it), or from a CubDB.back_up/2 copy. Do NOT retry the direct open and do NOT delete the lock file — a second opener on one CubDB directory is how the store gets corrupted.
No CubDB open was attempted; nothing on disk was touched. (CX-2479)
.03:12:15.967 [error] GenServer #PID<0.31693.0> terminating
** (stop) killed
Last message: {:EXIT, #PID<0.31690.0>, :killed}
..03:12:15.983 [error] CommitStore: refusing to open /tmp/cx2479_flock_unavailable_580540992/commits — flock_nif.so is unavailable, so single-opener exclusion cannot be guaranteed.
  flock NIF load failed (:nofile). Reinstall or rebuild the CLI so commonplace/priv/flock_nif.so is present and loadable; refusing the local CommitStore rather than opening it without an OS lock.
No CubDB open was attempted. (CX-a449)
..........03:12:16.123 [error] local node self-trust was not added: node signing public-key artifact is absent — continuing with configured trusted identities
.03:12:16.334 [error] local node self-trust was not added: node signing public-key artifact is absent — continuing with configured trusted identities
.03:12:16.410 [error] local node self-trust was not added: node signing public-key artifact is absent — continuing with configured trusted identities
.03:12:16.491 [error] local node self-trust was not added: node signing public-key artifact is absent — continuing with configured trusted identities
.03:12:16.561 [error] local node self-trust was not added: node signing public-key artifact is absent — continuing with configured trusted identities
.03:12:16.807 [error] local node self-trust was not added: node signing public-key artifact is absent — continuing with configured trusted identities
.03:12:16.898 [error] local node self-trust was not added: node signing public-key artifact is absent — continuing with configured trusted identities
.03:12:16.967 [error] local node self-trust was not added: node signing public-key artifact is absent — continuing with configured trusted identities
.03:12:17.054 [error] local node self-trust was not added: node signing public-key artifact is absent — continuing with configured trusted identities
.03:12:17.151 [error] local node self-trust was not added: node signing public-key artifact is absent — continuing with configured trusted identities
.03:12:17.230 [error] local node self-trust was not added: node signing public-key artifact is absent — continuing with configured trusted identities
...............................03:12:19.267 [error] local node self-trust was not added: node signing public-key artifact is absent — continuing with configured trusted identities
.03:12:19.322 [error] local node self-trust was not added: node signing public-key artifact is absent — continuing with configured trusted identities
.03:12:19.363 [error] local node self-trust was not added: node signing public-key artifact is absent — continuing with configured trusted identities
.03:12:19.416 [error] local node self-trust was not added: node signing public-key artifact is absent — continuing with configured trusted identities
.......................03:12:20.285 [warning] flock failed on /tmp/cp_gb_archive_repo_68694362/a.txt: :enoent, proceeding without lock
03:12:20.288 [warning] flock failed on /tmp/cp_gb_archive_repo_68694362/b.json: :enoent, proceeding without lock
03:12:20.293 [warning] flock failed on /tmp/cp_gb_archive_repo_68694362/nested/nested.txt: :enoent, proceeding without lock
03:12:20.297 [warning] flock failed on /tmp/cp_gb_archive_repo_68694362/.commonplace/a.txt.json: :enoent, proceeding without lock
03:12:20.300 [warning] flock failed on /tmp/cp_gb_archive_repo_68694362/.commonplace/b.json.json: :enoent, proceeding without lock
03:12:20.302 [warning] flock failed on /tmp/cp_gb_archive_repo_68694362/.commonplace/nested/nested.txt.json: :enoent, proceeding without lock
03:12:20.305 [warning] flock failed on /tmp/cp_gb_archive_repo_68694362/.commonplace/mount.json: :enoent, proceeding without lock
03:12:20.309 [warning] flock failed on /tmp/cp_gb_archive_repo_68694362/.commonplace/archive/doc-a/02d6d304f1a271a704ef67115978162b530aa0bc1667790904070a0da20c923a.json: :enoent, proceeding without lock
03:12:20.312 [warning] flock failed on /tmp/cp_gb_archive_repo_68694362/.commonplace/archive/doc-a/1fcea0c52030b836cd20be1f48074705db00a9bbe93f2e7ca1f78c66a575c48c.json: :enoent, proceeding without lock
03:12:20.315 [warning] flock failed on /tmp/cp_gb_archive_repo_68694362/.commonplace/archive/doc-b/48219a7a0af25462ec36a50912cb60f0dd363242be735227da9d542c5fd1e1af.json: :enoent, proceeding without lock
03:12:20.320 [warning] flock failed on /tmp/cp_gb_archive_repo_68694362/.commonplace/archive/doc-b/f9ba6b41370d5fd0e074664d7c3507bf9e6f570dbf4a1ef21ca5578f2bb0f580.json: :enoent, proceeding without lock
03:12:20.326 [warning] flock failed on /tmp/cp_gb_archive_repo_68694362/.commonplace/archive/doc-nested/8367d704ab7506e10fe2fdd3bf974b3c75be252c4a2e2ebe6e0ad8d6eae0c72c.json: :enoent, proceeding without lock
03:12:20.329 [warning] flock failed on /tmp/cp_gb_archive_repo_68694362/.commonplace/archive/doc-nested/2252523025b3dcbbb0203c318ee41827aef9eed64274a132f52080a38ae6ccdc.json: :enoent, proceeding without lock
03:12:20.332 [warning] flock failed on /tmp/cp_gb_archive_repo_68694362/.commonplace/archive/mount-uuid-11419799/076ff4f779b3457f1ec05c020e07cdcb43c467eecaeadc974075bc5e115b6541.json: :enoent, proceeding without lock
03:12:20.337 [warning] flock failed on /tmp/cp_gb_archive_repo_68694362/.commonplace/archive/mount-uuid-11419799/e26109240df7e00d8e83ce970735f4b43d1d2a6fe152a2df952991273a0074ea.json: :enoent, proceeding without lock
03:12:20.340 [warning] flock failed on /tmp/cp_gb_archive_repo_68694362/.commonplace/archive/sub-uuid-463151850/d960b728d44fce1a38415a76a0c26cef55b609a6baf1f476c21ce962f3c768a9.json: :enoent, proceeding without lock
03:12:20.342 [warning] flock failed on /tmp/cp_gb_archive_repo_68694362/.commonplace/archive/sub-uuid-463151850/954175a0518c22944a3ae776c3b222ca8243d61f0bc79a082d371115aec70e2c.json: :enoent, proceeding without lock
03:12:20.345 [warning] flock failed on /tmp/cp_gb_archive_repo_68694362/.commonplace/archive/watermarks.json: :enoent, proceeding without lock
03:12:20.414 [warning] flock failed on /tmp/cp_gb_archive_repo_68694362/.commonplace/archive/watermarks.json: :enoent, proceeding without lock
.03:12:20.519 [warning] flock failed on /tmp/cp_gb_archive_repo_862775935/a.txt: :enoent, proceeding without lock
03:12:20.521 [warning] flock failed on /tmp/cp_gb_archive_repo_862775935/b.json: :enoent, proceeding without lock
03:12:20.525 [warning] flock failed on /tmp/cp_gb_archive_repo_862775935/nested/nested.txt: :enoent, proceeding without lock
03:12:20.528 [warning] flock failed on /tmp/cp_gb_archive_repo_862775935/.commonplace/a.txt.json: :enoent, proceeding without lock
03:12:20.531 [warning] flock failed on /tmp/cp_gb_archive_repo_862775935/.commonplace/b.json.json: :enoent, proceeding without lock
03:12:20.533 [warning] flock failed on /tmp/cp_gb_archive_repo_862775935/.commonplace/nested/nested.txt.json: :enoent, proceeding without lock
03:12:20.535 [warning] flock failed on /tmp/cp_gb_archive_repo_862775935/.commonplace/mount.json: :enoent, proceeding without lock
03:12:20.538 [warning] flock failed on /tmp/cp_gb_archive_repo_862775935/.commonplace/archive/doc-a/833c817c308422b8d47115050a3b0d95a27715098d7da1f888b3562cb41ff5df.json: :enoent, proceeding without lock
03:12:20.541 [warning] flock failed on /tmp/cp_gb_archive_repo_862775935/.commonplace/archive/doc-a/1fcea0c52030b836cd20be1f48074705db00a9bbe93f2e7ca1f78c66a575c48c.json: :enoent, proceeding without lock
03:12:20.544 [warning] flock failed on /tmp/cp_gb_archive_repo_862775935/.commonplace/archive/doc-b/bc951e94dd93f3467f67f73698176f575043964c5e723fef0e0d667b0bdc7920.json: :enoent, proceeding without lock
03:12:20.547 [warning] flock failed on /tmp/cp_gb_archive_repo_862775935/.commonplace/archive/doc-b/f9ba6b41370d5fd0e074664d7c3507bf9e6f570dbf4a1ef21ca5578f2bb0f580.json: :enoent, proceeding without lock
03:12:20.550 [warning] flock failed on /tmp/cp_gb_archive_repo_862775935/.commonplace/archive/doc-nested/8ca037869964131a2d71ede7ba16368735c2dd871eeddfb9da49979e8a3a0e3b.json: :enoent, proceeding without lock
03:12:20.552 [warning] flock failed on /tmp/cp_gb_archive_repo_862775935/.commonplace/archive/doc-nested/2252523025b3dcbbb0203c318ee41827aef9eed64274a132f52080a38ae6ccdc.json: :enoent, proceeding without lock
03:12:20.555 [warning] flock failed on /tmp/cp_gb_archive_repo_862775935/.commonplace/archive/mount-uuid-664138666/e487a4ae3f80021d74a7f74713f7ef1bdf717abf17e876498e62a64e3ee18d83.json: :enoent, proceeding without lock
03:12:20.558 [warning] flock failed on /tmp/cp_gb_archive_repo_862775935/.commonplace/archive/mount-uuid-664138666/0aefbb81ce944d1ec7668f517b0d33f5bb75c1de435ff92f34638b0a7c0db5bb.json: :enoent, proceeding without lock
03:12:20.562 [warning] flock failed on /tmp/cp_gb_archive_repo_862775935/.commonplace/archive/sub-uuid-483280143/0110278a517062b6ca552afd15a9dddb06ab0ca5930ee6a95e42126d5a165c44.json: :enoent, proceeding without lock
03:12:20.565 [warning] flock failed on /tmp/cp_gb_archive_repo_862775935/.commonplace/archive/sub-uuid-483280143/f6f2cc079f0cc4d862f5c1a8aec75a8d21d622c4a4be78b45cb03c0b34f8f1a6.json: :enoent, proceeding without lock
03:12:20.567 [warning] flock failed on /tmp/cp_gb_archive_repo_862775935/.commonplace/archive/watermarks.json: :enoent, proceeding without lock
.03:12:20.708 [warning] flock failed on /tmp/cp_gb_archive_repo_598680047/a.txt: :enoent, proceeding without lock
03:12:20.711 [warning] flock failed on /tmp/cp_gb_archive_repo_598680047/b.json: :enoent, proceeding without lock
03:12:20.715 [warning] flock failed on /tmp/cp_gb_archive_repo_598680047/nested/nested.txt: :enoent, proceeding without lock
03:12:20.718 [warning] flock failed on /tmp/cp_gb_archive_repo_598680047/.commonplace/a.txt.json: :enoent, proceeding without lock
03:12:20.720 [warning] flock failed on /tmp/cp_gb_archive_repo_598680047/.commonplace/b.json.json: :enoent, proceeding without lock
03:12:20.722 [warning] flock failed on /tmp/cp_gb_archive_repo_598680047/.commonplace/nested/nested.txt.json: :enoent, proceeding without lock
03:12:20.724 [warning] flock failed on /tmp/cp_gb_archive_repo_598680047/.commonplace/mount.json: :enoent, proceeding without lock
03:12:20.727 [warning] flock failed on /tmp/cp_gb_archive_repo_598680047/.commonplace/archive/doc-a/b0f7de11eab14b29105eb404c619b6eef5584adcecc46213d9222d06cbafbe00.json: :enoent, proceeding without lock
03:12:20.729 [warning] flock failed on /tmp/cp_gb_archive_repo_598680047/.commonplace/archive/doc-a/1fcea0c52030b836cd20be1f48074705db00a9bbe93f2e7ca1f78c66a575c48c.json: :enoent, proceeding without lock
03:12:20.732 [warning] flock failed on /tmp/cp_gb_archive_repo_598680047/.commonplace/archive/doc-b/a51bef12515e8eab2f41c5acecd7f8103bc8bf73ca3ea9c6a8a89a6ead5bc024.json: :enoent, proceeding without lock
03:12:20.734 [warning] flock failed on /tmp/cp_gb_archive_repo_598680047/.commonplace/archive/doc-b/f9ba6b41370d5fd0e074664d7c3507bf9e6f570dbf4a1ef21ca5578f2bb0f580.json: :enoent, proceeding without lock
03:12:20.738 [warning] flock failed on /tmp/cp_gb_archive_repo_598680047/.commonplace/archive/doc-nested/d79db04ff1e2bca9129bc1a5534a0a497147d3bf60d22a6a3277e197ecdd3c5c.json: :enoent, proceeding without lock
03:12:20.740 [warning] flock failed on /tmp/cp_gb_archive_repo_598680047/.commonplace/archive/doc-nested/2252523025b3dcbbb0203c318ee41827aef9eed64274a132f52080a38ae6ccdc.json: :enoent, proceeding without lock
03:12:20.744 [warning] flock failed on /tmp/cp_gb_archive_repo_598680047/.commonplace/archive/mount-uuid-647477415/26fad90a67c9f2b7f5f2c211f5853abab07b81a9fec54471a9d73dacaf696d4d.json: :enoent, proceeding without lock
03:12:20.747 [warning] flock failed on /tmp/cp_gb_archive_repo_598680047/.commonplace/archive/mount-uuid-647477415/4b0564aaffe22c8e0d29c00dbe7e2625f75fe445267c4acd51b7dcd33884dcf7.json: :enoent, proceeding without lock
03:12:20.752 [warning] flock failed on /tmp/cp_gb_archive_repo_598680047/.commonplace/archive/sub-uuid-764337894/1a07c0a408dcf66a6bf15ce8fc7c4e11a0b1bbcbd7cf153c1c862f74a39b2033.json: :enoent, proceeding without lock
03:12:20.755 [warning] flock failed on /tmp/cp_gb_archive_repo_598680047/.commonplace/archive/sub-uuid-764337894/50cbd4f47c426b4a6e6cee796cc2650dadaefe501d2665c29326675d64f57636.json: :enoent, proceeding without lock
03:12:20.758 [warning] flock failed on /tmp/cp_gb_archive_repo_598680047/.commonplace/archive/watermarks.json: :enoent, proceeding without lock
03:12:20.822 [warning] flock failed on /tmp/cp_gb_archive_repo_598680047/.commonplace/archive/doc-a/2fede21217594a3298d02354966b1595b11e7a63de820e92caff898fec0fe2ef.json: :enoent, proceeding without lock
.03:12:20.972 [warning] flock failed on /tmp/cp_gb_archive_repo_889889468/a.txt: :enoent, proceeding without lock
03:12:20.975 [warning] flock failed on /tmp/cp_gb_archive_repo_889889468/b.json: :enoent, proceeding without lock
03:12:20.978 [warning] flock failed on /tmp/cp_gb_archive_repo_889889468/nested/nested.txt: :enoent, proceeding without lock
03:12:20.981 [warning] flock failed on /tmp/cp_gb_archive_repo_889889468/.commonplace/a.txt.json: :enoent, proceeding without lock
03:12:20.983 [warning] flock failed on /tmp/cp_gb_archive_repo_889889468/.commonplace/b.json.json: :enoent, proceeding without lock
03:12:20.984 [warning] flock failed on /tmp/cp_gb_archive_repo_889889468/.commonplace/nested/nested.txt.json: :enoent, proceeding without lock
03:12:20.986 [warning] flock failed on /tmp/cp_gb_archive_repo_889889468/.commonplace/mount.json: :enoent, proceeding without lock
03:12:20.989 [warning] flock failed on /tmp/cp_gb_archive_repo_889889468/.commonplace/archive/doc-a/4846f6c57c01d24d56c90c86fc9cfeeea8420ebafb7cb35d295f0e586a4736a5.json: :enoent, proceeding without lock
03:12:20.993 [warning] flock failed on /tmp/cp_gb_archive_repo_889889468/.commonplace/archive/doc-a/1fcea0c52030b836cd20be1f48074705db00a9bbe93f2e7ca1f78c66a575c48c.json: :enoent, proceeding without lock
03:12:20.995 [warning] flock failed on /tmp/cp_gb_archive_repo_889889468/.commonplace/archive/doc-b/03845001a7626c103afeb1815f11977f30bfb4e3e441f61985f30b8df1e483cb.json: :enoent, proceeding without lock
03:12:20.998 [warning] flock failed on /tmp/cp_gb_archive_repo_889889468/.commonplace/archive/doc-b/f9ba6b41370d5fd0e074664d7c3507bf9e6f570dbf4a1ef21ca5578f2bb0f580.json: :enoent, proceeding without lock
03:12:21.000 [warning] flock failed on /tmp/cp_gb_archive_repo_889889468/.commonplace/archive/doc-nested/ba3c39fe0b1d21ae88a7318e4608158f848665e599c54874df9246c1d058583a.json: :enoent, proceeding without lock
03:12:21.004 [warning] flock failed on /tmp/cp_gb_archive_repo_889889468/.commonplace/archive/doc-nested/2252523025b3dcbbb0203c318ee41827aef9eed64274a132f52080a38ae6ccdc.json: :enoent, proceeding without lock
03:12:21.006 [warning] flock failed on /tmp/cp_gb_archive_repo_889889468/.commonplace/archive/mount-uuid-831159923/41735c039a5ca8d702bd0e63ec3948b3d08229fe01722e08d952b29b3ce7391a.json: :enoent, proceeding without lock
03:12:21.008 [warning] flock failed on /tmp/cp_gb_archive_repo_889889468/.commonplace/archive/mount-uuid-831159923/9e7da99834044072e79a70bd389f475160c9b469bc87f51976dbe7a10c701abc.json: :enoent, proceeding without lock
03:12:21.010 [warning] flock failed on /tmp/cp_gb_archive_repo_889889468/.commonplace/archive/sub-uuid-119531724/2eeb45dad9b86c352704bd2e21c95dce09fcabc65d81fdd5f8d91096c9a46569.json: :enoent, proceeding without lock
03:12:21.013 [warning] flock failed on /tmp/cp_gb_archive_repo_889889468/.commonplace/archive/sub-uuid-119531724/454b0875cb1d569034f6baed49be8a5a8225e70f3f15d2aa5a2bc4a179e4d27f.json: :enoent, proceeding without lock
03:12:21.014 [warning] flock failed on /tmp/cp_gb_archive_repo_889889468/.commonplace/archive/watermarks.json: :enoent, proceeding without lock
03:12:21.076 [warning] flock failed on /tmp/cp_gb_archive_repo_889889468/.commonplace/archive/doc-a/607b03c249b55bcf29f9b0b85fb70506117f619e2e0f2bd339b42f512e8ccec9.json: :enoent, proceeding without lock
03:12:21.078 [warning] flock failed on /tmp/cp_gb_archive_repo_889889468/.commonplace/archive/doc-a/71de01ae9271eb9ea3926ffa4c093645fb2cd2fa1b4281de6f13fcded8ab0574.json: :enoent, proceeding without lock
.03:12:21.207 [warning] flock failed on /tmp/cp_gb_archive_repo_910256126/a.txt: :enoent, proceeding without lock
03:12:21.211 [warning] flock failed on /tmp/cp_gb_archive_repo_910256126/b.json: :enoent, proceeding without lock
03:12:21.215 [warning] flock failed on /tmp/cp_gb_archive_repo_910256126/nested/nested.txt: :enoent, proceeding without lock
03:12:21.227 [warning] flock failed on /tmp/cp_gb_archive_repo_910256126/.commonplace/a.txt.json: :enoent, proceeding without lock
03:12:21.230 [warning] flock failed on /tmp/cp_gb_archive_repo_910256126/.commonplace/b.json.json: :enoent, proceeding without lock
03:12:21.232 [warning] flock failed on /tmp/cp_gb_archive_repo_910256126/.commonplace/nested/nested.txt.json: :enoent, proceeding without lock
03:12:21.235 [warning] flock failed on /tmp/cp_gb_archive_repo_910256126/.commonplace/mount.json: :enoent, proceeding without lock
03:12:21.239 [warning] flock failed on /tmp/cp_gb_archive_repo_910256126/.commonplace/archive/doc-a/8d21166feb744559f36ee17f4be0a83b0c862558af1c9b94941242e58f7e3192.json: :enoent, proceeding without lock
03:12:21.241 [warning] flock failed on /tmp/cp_gb_archive_repo_910256126/.commonplace/archive/doc-a/1fcea0c52030b836cd20be1f48074705db00a9bbe93f2e7ca1f78c66a575c48c.json: :enoent, proceeding without lock
03:12:21.245 [warning] flock failed on /tmp/cp_gb_archive_repo_910256126/.commonplace/archive/doc-b/f387b468bce28be2da3c4b6e7534635301c7f5c1214761818598a2fe9f28b6f7.json: :enoent, proceeding without lock
03:12:21.249 [warning] flock failed on /tmp/cp_gb_archive_repo_910256126/.commonplace/archive/doc-b/f9ba6b41370d5fd0e074664d7c3507bf9e6f570dbf4a1ef21ca5578f2bb0f580.json: :enoent, proceeding without lock
03:12:21.253 [warning] flock failed on /tmp/cp_gb_archive_repo_910256126/.commonplace/archive/doc-nested/7bdc73d98b62410c2961177d232ed56a3ef799e42b7580d54feab7719a58244d.json: :enoent, proceeding without lock
03:12:21.258 [warning] flock failed on /tmp/cp_gb_archive_repo_910256126/.commonplace/archive/doc-nested/2252523025b3dcbbb0203c318ee41827aef9eed64274a132f52080a38ae6ccdc.json: :enoent, proceeding without lock
03:12:21.261 [warning] flock failed on /tmp/cp_gb_archive_repo_910256126/.commonplace/archive/mount-uuid-758774441/852c32b8b233815e69e24bd3ddf034aeffdc623b4723720395dc5c6ac61abd60.json: :enoent, proceeding without lock
03:12:21.264 [warning] flock failed on /tmp/cp_gb_archive_repo_910256126/.commonplace/archive/mount-uuid-758774441/ad48fd608dc7ae6f5d442b4e4e472bdff713bd0d5752fbd81eb61bff7d50d971.json: :enoent, proceeding without lock
03:12:21.268 [warning] flock failed on /tmp/cp_gb_archive_repo_910256126/.commonplace/archive/sub-uuid-241328407/43406fa3a9e19ca6272d215caf55ec78b14763eb566f988c53d4769d0a43a550.json: :enoent, proceeding without lock
03:12:21.270 [warning] flock failed on /tmp/cp_gb_archive_repo_910256126/.commonplace/archive/sub-uuid-241328407/5eac8eaa5e222950aeed8a07e35c9efeb958913c848b070fbdbda3ff56a12e85.json: :enoent, proceeding without lock
03:12:21.272 [warning] flock failed on /tmp/cp_gb_archive_repo_910256126/.commonplace/archive/watermarks.json: :enoent, proceeding without lock
..03:12:21.441 [warning] flock failed on /tmp/cp_gb_archive_repo_593259054/a.txt: :enoent, proceeding without lock
03:12:21.444 [warning] flock failed on /tmp/cp_gb_archive_repo_593259054/b.json: :enoent, proceeding without lock
03:12:21.447 [warning] flock failed on /tmp/cp_gb_archive_repo_593259054/nested/nested.txt: :enoent, proceeding without lock
03:12:21.451 [warning] flock failed on /tmp/cp_gb_archive_repo_593259054/.commonplace/a.txt.json: :enoent, proceeding without lock
03:12:21.454 [warning] flock failed on /tmp/cp_gb_archive_repo_593259054/.commonplace/b.json.json: :enoent, proceeding without lock
03:12:21.457 [warning] flock failed on /tmp/cp_gb_archive_repo_593259054/.commonplace/nested/nested.txt.json: :enoent, proceeding without lock
03:12:21.460 [warning] flock failed on /tmp/cp_gb_archive_repo_593259054/.commonplace/mount.json: :enoent, proceeding without lock
03:12:21.468 [warning] flock failed on /tmp/cp_gb_archive_repo_593259054/.commonplace/archive/doc-a/30e40b4c926d2ef9ad9c32f540430e5ba8edae90c2cc7072ffac66f345d7fe9c.json: :enoent, proceeding without lock
03:12:21.472 [warning] flock failed on /tmp/cp_gb_archive_repo_593259054/.commonplace/archive/doc-a/1fcea0c52030b836cd20be1f48074705db00a9bbe93f2e7ca1f78c66a575c48c.json: :enoent, proceeding without lock
03:12:21.476 [warning] flock failed on /tmp/cp_gb_archive_repo_593259054/.commonplace/archive/doc-b/ef08c5f0af2b870291602f7e37e8635fcec8e22d9814885a7ce80e5fea5cb871.json: :enoent, proceeding without lock
03:12:21.479 [warning] flock failed on /tmp/cp_gb_archive_repo_593259054/.commonplace/archive/doc-b/f9ba6b41370d5fd0e074664d7c3507bf9e6f570dbf4a1ef21ca5578f2bb0f580.json: :enoent, proceeding without lock
03:12:21.483 [warning] flock failed on /tmp/cp_gb_archive_repo_593259054/.commonplace/archive/doc-nested/8e7e200e5cec88159c202d12cf5feea439755d4dcd68df1c8129deeaea7a35c3.json: :enoent, proceeding without lock
03:12:21.487 [warning] flock failed on /tmp/cp_gb_archive_repo_593259054/.commonplace/archive/doc-nested/2252523025b3dcbbb0203c318ee41827aef9eed64274a132f52080a38ae6ccdc.json: :enoent, proceeding without lock
03:12:21.489 [warning] flock failed on /tmp/cp_gb_archive_repo_593259054/.commonplace/archive/mount-uuid-501702209/efa1cdb24a67211b004731439f4e1c2c8ddd26e75669111cd124d4cc8e69a9dc.json: :enoent, proceeding without lock
03:12:21.492 [warning] flock failed on /tmp/cp_gb_archive_repo_593259054/.commonplace/archive/mount-uuid-501702209/2c9228d9cdf56681a9c01522a0398874337783c3cc586f834e83df5d1a1e6062.json: :enoent, proceeding without lock
03:12:21.495 [warning] flock failed on /tmp/cp_gb_archive_repo_593259054/.commonplace/archive/sub-uuid-739789104/2f546bb707221c786123fc485496f5b47cf7d05dd936d95d95da09db875394b9.json: :enoent, proceeding without lock
03:12:21.497 [warning] flock failed on /tmp/cp_gb_archive_repo_593259054/.commonplace/archive/sub-uuid-739789104/63e7faae9b69d9c40d1ed0726b743e26e0f1b402ff2515fff145066af3f3f665.json: :enoent, proceeding without lock
03:12:21.499 [warning] flock failed on /tmp/cp_gb_archive_repo_593259054/.commonplace/archive/watermarks.json: :enoent, proceeding without lock
03:12:21.563 [warning] flock failed on /tmp/cp_gb_archive_repo_593259054/.commonplace/archive/doc-a/0302edf4e5371cf85d892d23af228b9e419ab82c1486e23592834ff102814bf5.json: :enoent, proceeding without lock
03:12:21.565 [warning] flock failed on /tmp/cp_gb_archive_repo_593259054/.commonplace/archive/doc-a/70c88f44ccb366e75c8165ca2c9554825071d04dccdd7aaf2baf25dd243e3a52.json: :enoent, proceeding without lock
.03:12:21.666 [warning] flock failed on /tmp/cp_gb_archive_repo_62879448/subdir/a.txt: :enoent, proceeding without lock
.........03:12:21.993 [warning] CubDB failed to open ({{:badmatch, {:error, :eisdir}}, [{CubDB.Store.File, :init, 1, [file: ~c"lib/cubdb/store/file.ex", line: 35]}, {Agent.Server, :init, 1, [file: ~c"lib/agent/server.ex", line: 8]}, {:gen_server, :init_it, 2, [file: ~c"gen_server.erl", line: 2229]}, {:gen_server, :init_it, 6, [file: ~c"gen_server.erl", line: 2184]}, {:proc_lib, :init_p_do_apply, 3, [file: ~c"proc_lib.erl", line: 329]}]}). A PRIOR WORLD EXISTS (/tmp/cxpm68_override_652817476/root present) but :accept_fresh_reinit is set — proceeding with archive-and-fresh by explicit operator consent. A {:fresh_reinit_fact, <iso8601>} row is being written into the fresh store so this empty world is durably marked empty-because-broke, not empty-because-new. (CX-pm68)
.03:12:22.088 [error] CommitStore: REFUSING TO BOOT — will not re-initialize an empty world over a prior one.
  Corrupt commits store: /tmp/cxpm68_refuse_689020568/commits
  CubDB failed to open: {{:badmatch, {:error, :eisdir}}, [{CubDB.Store.File, :init, 1, [file: ~c"lib/cubdb/store/file.ex", line: 35]}, {Agent.Server, :init, 1, [file: ~c"lib/agent/server.ex", line: 8]}, {:gen_server, :init_it, 2, [file: ~c"gen_server.erl", line: 2229]}, {:gen_server, :init_it, 6, [file: ~c"gen_server.erl", line: 2184]}, {:proc_lib, :init_p_do_apply, 3, [file: ~c"proc_lib.erl", line: 329]}]}
  Prior world EXISTS: /tmp/cxpm68_refuse_689020568/root is present, so this workspace held a world before this boot.
  NO archive and NO re-initialization was performed. Nothing on disk was changed.
  Recovery is a HUMAN/OPERATOR decision, not an automatic one. Options:
    * truncate-to-last-valid-header on the damaged .cub, then reopen;
    * salvage what is readable with Commonplace.Store.CommitStore.salvage_corrupt_archive/2 into a fresh store;
    * if the empty world is genuinely what you want: set COMMONPLACE_ACCEPT_FRESH_REINIT=1 (app env :accept_fresh_reinit) and reboot — this is a deliberate, recorded act and the fresh store will carry a :fresh_reinit_fact row naming the archived predecessor.
(CX-pm68)
...03:12:22.179 [warning] CubDB failed to open ({{:badmatch, {:error, :eisdir}}, [{CubDB.Store.File, :init, 1, [file: ~c"lib/cubdb/store/file.ex", line: 35]}, {Agent.Server, :init, 1, [file: ~c"lib/agent/server.ex", line: 8]}, {:gen_server, :init_it, 2, [file: ~c"gen_server.erl", line: 2229]}, {:gen_server, :init_it, 6, [file: ~c"gen_server.erl", line: 2184]}, {:proc_lib, :init_p_do_apply, 3, [file: ~c"proc_lib.erl", line: 329]}]}). No prior-world evidence (no /tmp/cxpm68_fresh_465656467/root) — treating as a first boot, archiving and starting fresh.
.......................03:12:23.049 [error] local node self-trust was not added: node signing public-key artifact is absent — continuing with configured trusted identities
03:12:23.052 [error] local node self-trust was not added: node signing public-key artifact is absent — continuing with configured trusted identities
03:12:23.055 [error] local node self-trust was not added: node signing public-key artifact is absent — continuing with configured trusted identities
03:12:23.058 [error] local node self-trust was not added: node signing public-key artifact is absent — continuing with configured trusted identities
03:12:23.061 [error] local node self-trust was not added: node signing public-key artifact is absent — continuing with configured trusted identities
03:12:23.064 [error] local node self-trust was not added: node signing public-key artifact is absent — continuing with configured trusted identities
03:12:23.064 [warning] Orchestrator running with a permissive trust config: declared processes (including code docs synced from peers) will auto-execute ungated. Pin identities / set accept_unsigned:false in trust.json for strict gating.
03:12:23.166 [error] local node self-trust was not added: node signing public-key artifact is absent — continuing with configured trusted identities
03:12:23.189 [error] Process c4002506-4ca8-4cd7-bc44-bb0b28eed4a8: log capability delegation failed: {:error, {:capability_store_unavailable, {:noproc, {GenServer, :call, [nil, {:store_capability, %Commonplace.Trust.Capability{issuer: {"0c474763-038e-44a0-a5d3-dbd3df1d6b5b", <<172, 119, 95, 227, 101, 152, 178, 203, 245, 237, 93, 15, 206, 82, 127, 32, 120, 29, 101, 91, 44, 26, 217, 236, 191, 38, 107, 154, 184, 28, 44, 86>>}, audience: {"c4002506-4ca8-4cd7-bc44-bb0b28eed4a8", <<42, 139, 201, 86, 104, 249, 169, 9, 70, 150, 30, 128, 8, 64, 143, 130, 163, 90, 121, 164, 200, 251, 211, 202, 89, 69, 127, 251, 232, 73, 131, 104>>}, claim: %{scope: {:docs, ["8a0b075c-8b25-5e48-9623-1b303d572bb3"]}, verbs: [:write], caveats: %{not_before: nil, not_after: nil}}, proof: nil, sig: <<169, 216, 149, 9, 17, 154, 233, 186, 131, 125, 226, 156, 12, 95, 138, 44, 153, 104, 236, 52, 56, 149, 226, 163, 197, 156, 227, 158, 152, 37, 74, 87, ...>>, id: <<174, 223, 10, 227, 31, 215, 164, 159, 222, 188, 23, 238, 13, 205, 110, 214, 180, 109, 218, 24, 15, 247, 179, 59, 95, 93, 207, 170, 52, 58, 25, ...>>}}, 5000]}}}}
.03:12:23.740 [error] local node self-trust was not added: node signing public-key artifact is absent — continuing with configured trusted identities
03:12:23.744 [error] local node self-trust was not added: node signing public-key artifact is absent — continuing with configured trusted identities
03:12:23.747 [error] local node self-trust was not added: node signing public-key artifact is absent — continuing with configured trusted identities
03:12:23.751 [error] local node self-trust was not added: node signing public-key artifact is absent — continuing with configured trusted identities
03:12:23.753 [error] local node self-trust was not added: node signing public-key artifact is absent — continuing with configured trusted identities
03:12:23.756 [error] local node self-trust was not added: node signing public-key artifact is absent — continuing with configured trusted identities
03:12:23.756 [warning] Orchestrator running with a permissive trust config: declared processes (including code docs synced from peers) will auto-execute ungated. Pin identities / set accept_unsigned:false in trust.json for strict gating.
03:12:23.858 [error] local node self-trust was not added: node signing public-key artifact is absent — continuing with configured trusted identities
03:12:23.880 [error] Process 60132a5f-4434-4807-8ea0-bad434392083: log capability delegation failed: {:error, {:capability_store_unavailable, {:noproc, {GenServer, :call, [nil, {:store_capability, %Commonplace.Trust.Capability{issuer: {"dfcec739-7de8-4dab-9c85-f7bd580d020c", <<213, 36, 7, 55, 50, 158, 67, 4, 152, 113, 6, 70, 180, 163, 17, 251, 63, 225, 200, 19, 97, 247, 60, 177, 185, 19, 32, 239, 218, 77, 138, 102>>}, audience: {"60132a5f-4434-4807-8ea0-bad434392083", <<209, 37, 228, 36, 206, 46, 136, 221, 60, 215, 135, 205, 157, 234, 187, 14, 147, 172, 89, 223, 57, 197, 212, 182, 53, 146, 228, 131, 180, 207, 86, 226>>}, claim: %{scope: {:docs, ["19534c5c-84e2-56c5-aec8-6dc5a50c7db0"]}, verbs: [:write], caveats: %{not_before: nil, not_after: nil}}, proof: nil, sig: <<234, 132, 112, 28, 13, 120, 19, 135, 4, 49, 13, 124, 153, 230, 63, 22, 10, 43, 201, 66, 115, 123, 249, 239, 40, 148, 54, 76, 249, 186, 111, 120, ...>>, id: <<27, 98, 79, 156, 103, 105, 94, 208, 214, 79, 56, 232, 89, 22, 211, 229, 220, 205, 78, 250, 21, 50, 8, 144, 156, 76, 146, 254, 55, 218, 39, ...>>}}, 5000]}}}}
.03:12:23.919 [error] local node self-trust was not added: node signing public-key artifact is absent — continuing with configured trusted identities
03:12:23.922 [error] local node self-trust was not added: node signing public-key artifact is absent — continuing with configured trusted identities
03:12:23.924 [error] local node self-trust was not added: node signing public-key artifact is absent — continuing with configured trusted identities
03:12:23.926 [error] local node self-trust was not added: node signing public-key artifact is absent — continuing with configured trusted identities
03:12:23.928 [error] local node self-trust was not added: node signing public-key artifact is absent — continuing with configured trusted identities
03:12:23.930 [error] local node self-trust was not added: node signing public-key artifact is absent — continuing with configured trusted identities
03:12:23.930 [warning] Orchestrator running with a permissive trust config: declared processes (including code docs synced from peers) will auto-execute ungated. Pin identities / set accept_unsigned:false in trust.json for strict gating.
03:12:24.043 [error] local node self-trust was not added: node signing public-key artifact is absent — continuing with configured trusted identities
03:12:24.075 [error] Process bd2b56e9-aa83-471e-9283-12a851f0ace0: log capability delegation failed: {:error, {:capability_store_unavailable, {:noproc, {GenServer, :call, [nil, {:store_capability, %Commonplace.Trust.Capability{issuer: {"346ab00e-30d0-48fc-a5f9-d81129e092bd", <<187, 14, 84, 229, 50, 161, 59, 73, 163, 230, 126, 23, 102, 176, 144, 10, 57, 81, 230, 241, 170, 111, 227, 96, 54, 197, 204, 117, 27, 107, 185, 22>>}, audience: {"bd2b56e9-aa83-471e-9283-12a851f0ace0", <<97, 34, 36, 12, 122, 101, 212, 198, 93, 138, 197, 192, 191, 91, 176, 67, 171, 183, 29, 250, 220, 203, 239, 133, 35, 141, 188, 118, 83, 43, 15, 114>>}, claim: %{scope: {:docs, ["f6f033e1-7bb9-5728-bdef-88ebffa69e15"]}, verbs: [:write], caveats: %{not_before: nil, not_after: nil}}, proof: nil, sig: <<200, 166, 39, 19, 146, 217, 133, 46, 94, 170, 74, 160, 193, 113, 119, 58, 206, 125, 186, 221, 89, 171, 112, 129, 57, 172, 126, 15, 240, 155, 55, 74, ...>>, id: <<192, 89, 159, 182, 91, 160, 147, 100, 10, 160, 63, 95, 77, 92, 28, 163, 154, 172, 204, 84, 95, 80, 100, 25, 169, 105, 215, 55, 135, 236, 0, ...>>}}, 5000]}}}}
.03:12:24.121 [error] local node self-trust was not added: node signing public-key artifact is absent — continuing with configured trusted identities
03:12:24.123 [error] local node self-trust was not added: node signing public-key artifact is absent — continuing with configured trusted identities
03:12:24.126 [error] local node self-trust was not added: node signing public-key artifact is absent — continuing with configured trusted identities
03:12:24.128 [error] local node self-trust was not added: node signing public-key artifact is absent — continuing with configured trusted identities
03:12:24.131 [error] local node self-trust was not added: node signing public-key artifact is absent — continuing with configured trusted identities
03:12:24.133 [error] local node self-trust was not added: node signing public-key artifact is absent — continuing with configured trusted identities
03:12:24.133 [warning] Orchestrator running with a permissive trust config: declared processes (including code docs synced from peers) will auto-execute ungated. Pin identities / set accept_unsigned:false in trust.json for strict gating.
03:12:24.234 [error] local node self-trust was not added: node signing public-key artifact is absent — continuing with configured trusted identities
03:12:24.256 [error] Process b417af69-5c63-4662-9fda-b2dc05379d9c: log capability delegation failed: {:error, {:capability_store_unavailable, {:noproc, {GenServer, :call, [nil, {:store_capability, %Commonplace.Trust.Capability{issuer: {"3a8f8534-3f04-4c9e-bfc0-7959c4ffcfc1", <<161, 145, 99, 247, 127, 161, 206, 177, 230, 197, 41, 68, 99, 163, 66, 27, 204, 52, 182, 29, 152, 155, 31, 253, 19, 162, 54, 204, 25, 45, 215, 92>>}, audience: {"b417af69-5c63-4662-9fda-b2dc05379d9c", <<99, 15, 38, 119, 41, 202, 52, 116, 198, 28, 35, 190, 144, 108, 158, 242, 208, 26, 133, 8, 0, 35, 179, 54, 208, 94, 57, 141, 55, 197, 159, 155>>}, claim: %{scope: {:docs, ["c6fd3604-7837-551a-8a51-5753d94eea72"]}, verbs: [:write], caveats: %{not_before: nil, not_after: nil}}, proof: nil, sig: <<183, 70, 169, 203, 12, 50, 205, 220, 154, 208, 241, 193, 108, 139, 77, 25, 130, 170, 52, 231, 44, 171, 34, 229, 207, 6, 97, 39, 217, 198, 203, 73, ...>>, id: <<201, 167, 161, 254, 14, 163, 100, 53, 111, 225, 173, 84, 41, 130, 10, 51, 231, 129, 35, 116, 207, 227, 203, 187, 28, 94, 126, 40, 94, 230, 107, ...>>}}, 5000]}}}}
03:12:24.289 [warning] Orchestrator running with a permissive trust config: declared processes (including code docs synced from peers) will auto-execute ungated. Pin identities / set accept_unsigned:false in trust.json for strict gating.
03:12:24.394 [error] Process b417af69-5c63-4662-9fda-b2dc05379d9c: log capability delegation failed: {:error, {:capability_store_unavailable, {:noproc, {GenServer, :call, [nil, {:store_capability, %Commonplace.Trust.Capability{issuer: {"3a8f8534-3f04-4c9e-bfc0-7959c4ffcfc1", <<161, 145, 99, 247, 127, 161, 206, 177, 230, 197, 41, 68, 99, 163, 66, 27, 204, 52, 182, 29, 152, 155, 31, 253, 19, 162, 54, 204, 25, 45, 215, 92>>}, audience: {"b417af69-5c63-4662-9fda-b2dc05379d9c", <<99, 15, 38, 119, 41, 202, 52, 116, 198, 28, 35, 190, 144, 108, 158, 242, 208, 26, 133, 8, 0, 35, 179, 54, 208, 94, 57, 141, 55, 197, 159, 155>>}, claim: %{scope: {:docs, ["c6fd3604-7837-551a-8a51-5753d94eea72"]}, verbs: [:write], caveats: %{not_before: nil, not_after: nil}}, proof: nil, sig: <<183, 70, 169, 203, 12, 50, 205, 220, 154, 208, 241, 193, 108, 139, 77, 25, 130, 170, 52, 231, 44, 171, 34, 229, 207, 6, 97, 39, 217, 198, 203, 73, ...>>, id: <<201, 167, 161, 254, 14, 163, 100, 53, 111, 225, 173, 84, 41, 130, 10, 51, 231, 129, 35, 116, 207, 227, 203, 187, 28, 94, 126, 40, 94, 230, 107, ...>>}}, 5000]}}}}
.03:12:24.432 [error] local node self-trust was not added: node signing public-key artifact is absent — continuing with configured trusted identities
03:12:24.434 [error] local node self-trust was not added: node signing public-key artifact is absent — continuing with configured trusted identities
03:12:24.437 [error] local node self-trust was not added: node signing public-key artifact is absent — continuing with configured trusted identities
03:12:24.439 [error] local node self-trust was not added: node signing public-key artifact is absent — continuing with configured trusted identities
03:12:24.442 [error] local node self-trust was not added: node signing public-key artifact is absent — continuing with configured trusted identities
03:12:24.445 [error] local node self-trust was not added: node signing public-key artifact is absent — continuing with configured trusted identities
03:12:24.445 [warning] Orchestrator running with a permissive trust config: declared processes (including code docs synced from peers) will auto-execute ungated. Pin identities / set accept_unsigned:false in trust.json for strict gating.
03:12:24.546 [error] local node self-trust was not added: node signing public-key artifact is absent — continuing with configured trusted identities
03:12:24.570 [error] Process 2408fbc6-07d4-4647-9e2b-5ba5beffe7bb: log capability delegation failed: {:error, {:capability_store_unavailable, {:noproc, {GenServer, :call, [nil, {:store_capability, %Commonplace.Trust.Capability{issuer: {"00f44877-e162-4fe9-b9ef-c1b4d1aecf8f", <<214, 233, 228, 4, 167, 132, 133, 15, 149, 24, 71, 40, 230, 223, 231, 83, 135, 183, 140, 160, 70, 55, 78, 245, 130, 108, 125, 168, 128, 120, 7, 138>>}, audience: {"2408fbc6-07d4-4647-9e2b-5ba5beffe7bb", <<139, 97, 245, 9, 157, 10, 248, 95, 15, 7, 228, 27, 73, 239, 49, 6, 68, 209, 72, 200, 131, 254, 62, 52, 40, 149, 74, 240, 141, 73, 169, 219>>}, claim: %{scope: {:docs, ["6a9d5f46-aae3-59bb-96bc-02031e80cba3"]}, verbs: [:write], caveats: %{not_before: nil, not_after: nil}}, proof: nil, sig: <<106, 211, 240, 102, 118, 17, 238, 210, 131, 67, 94, 20, 173, 54, 189, 216, 139, 229, 80, 140, 250, 223, 255, 51, 103, 0, 211, 1, 110, 202, 0, 68, ...>>, id: <<196, 92, 236, 162, 140, 94, 136, 194, 63, 26, 221, 84, 45, 211, 95, 123, 183, 165, 239, 25, 119, 212, 103, 173, 222, 72, 80, 215, 218, 66, 25, ...>>}}, 5000]}}}}
.03:12:24.611 [error] local node self-trust was not added: node signing public-key artifact is absent — continuing with configured trusted identities
03:12:24.614 [error] local node self-trust was not added: node signing public-key artifact is absent — continuing with configured trusted identities
03:12:24.617 [error] local node self-trust was not added: node signing public-key artifact is absent — continuing with configured trusted identities
03:12:24.619 [error] local node self-trust was not added: node signing public-key artifact is absent — continuing with configured trusted identities
03:12:24.621 [error] local node self-trust was not added: node signing public-key artifact is absent — continuing with configured trusted identities
03:12:24.623 [error] local node self-trust was not added: node signing public-key artifact is absent — continuing with configured trusted identities
03:12:24.625 [error] local node self-trust was not added: node signing public-key artifact is absent — continuing with configured trusted identities
03:12:24.630 [error] local node self-trust was not added: node signing public-key artifact is absent — continuing with configured trusted identities
03:12:24.633 [error] local node self-trust was not added: node signing public-key artifact is absent — continuing with configured trusted identities
03:12:24.636 [error] local node self-trust was not added: node signing public-key artifact is absent — continuing with configured trusted identities
03:12:24.639 [error] local node self-trust was not added: node signing public-key artifact is absent — continuing with configured trusted identities
03:12:24.641 [error] local node self-trust was not added: node signing public-key artifact is absent — continuing with configured trusted identities
03:12:24.644 [error] local node self-trust was not added: node signing public-key artifact is absent — continuing with configured trusted identities
03:12:24.647 [error] local node self-trust was not added: node signing public-key artifact is absent — continuing with configured trusted identities
03:12:24.649 [error] local node self-trust was not added: node signing public-key artifact is absent — continuing with configured trusted identities
03:12:24.652 [error] local node self-trust was not added: node signing public-key artifact is absent — continuing with configured trusted identities
03:12:24.654 [error] local node self-trust was not added: node signing public-key artifact is absent — continuing with configured trusted identities
03:12:24.656 [error] local node self-trust was not added: node signing public-key artifact is absent — continuing with configured trusted identities
03:12:24.659 [error] local node self-trust was not added: node signing public-key artifact is absent — continuing with configured trusted identities
03:12:24.661 [error] local node self-trust was not added: node signing public-key artifact is absent — continuing with configured trusted identities
03:12:24.663 [error] local node self-trust was not added: node signing public-key artifact is absent — continuing with configured trusted identities
03:12:24.667 [error] local node self-trust was not added: node signing public-key artifact is absent — continuing with configured trusted identities
03:12:24.669 [error] local node self-trust was not added: node signing public-key artifact is absent — continuing with configured trusted identities
03:12:24.672 [error] local node self-trust was not added: node signing public-key artifact is absent — continuing with configured trusted identities
03:12:24.675 [error] local node self-trust was not added: node signing public-key artifact is absent — continuing with configured trusted identities
03:12:24.678 [error] local node self-trust was not added: node signing public-key artifact is absent — continuing with configured trusted identities
03:12:24.681 [error] local node self-trust was not added: node signing public-key artifact is absent — continuing with configured trusted identities
03:12:24.684 [error] local node self-trust was not added: node signing public-key artifact is absent — continuing with configured trusted identities
03:12:24.688 [error] local node self-trust was not added: node signing public-key artifact is absent — continuing with configured trusted identities
03:12:24.692 [error] local node self-trust was not added: node signing public-key artifact is absent — continuing with configured trusted identities
03:12:24.695 [error] local node self-trust was not added: node signing public-key artifact is absent — continuing with configured trusted identities
03:12:24.698 [error] local node self-trust was not added: node signing public-key artifact is absent — continuing with configured trusted identities
03:12:24.702 [error] local node self-trust was not added: node signing public-key artifact is absent — continuing with configured trusted identities
03:12:24.706 [error] local node self-trust was not added: node signing public-key artifact is absent — continuing with configured trusted identities
03:12:24.709 [error] local node self-trust was not added: node signing public-key artifact is absent — continuing with configured trusted identities
03:12:24.712 [error] local node self-trust was not added: node signing public-key artifact is absent — continuing with configured trusted identities
03:12:24.716 [error] local node self-trust was not added: node signing public-key artifact is absent — continuing with configured trusted identities
03:12:24.719 [error] local node self-trust was not added: node signing public-key artifact is absent — continuing with configured trusted identities
03:12:24.723 [error] local node self-trust was not added: node signing public-key artifact is absent — continuing with configured trusted identities
03:12:24.728 [error] local node self-trust was not added: node signing public-key artifact is absent — continuing with configured trusted identities
03:12:24.732 [error] local node self-trust was not added: node signing public-key artifact is absent — continuing with configured trusted identities
03:12:24.736 [error] local node self-trust was not added: node signing public-key artifact is absent — continuing with configured trusted identities
03:12:24.743 [error] local node self-trust was not added: node signing public-key artifact is absent — continuing with configured trusted identities
03:12:24.747 [error] local node self-trust was not added: node signing public-key artifact is absent — continuing with configured trusted identities
03:12:24.750 [error] local node self-trust was not added: node signing public-key artifact is absent — continuing with configured trusted identities
03:12:24.754 [error] local node self-trust was not added: node signing public-key artifact is absent — continuing with configured trusted identities
03:12:24.759 [error] local node self-trust was not added: node signing public-key artifact is absent — continuing with configured trusted identities
03:12:24.763 [error] local node self-trust was not added: node signing public-key artifact is absent — continuing with configured trusted identities
03:12:24.767 [error] local node self-trust was not added: node signing public-key artifact is absent — continuing with configured trusted identities
03:12:24.770 [error] local node self-trust was not added: node signing public-key artifact is absent — continuing with configured trusted identities
03:12:24.774 [error] local node self-trust was not added: node signing public-key artifact is absent — continuing with configured trusted identities
03:12:24.778 [error] local node self-trust was not added: node signing public-key artifact is absent — continuing with configured trusted identities
03:12:24.782 [error] local node self-trust was not added: node signing public-key artifact is absent — continuing with configured trusted identities
03:12:24.786 [error] local node self-trust was not added: node signing public-key artifact is absent — continuing with configured trusted identities
03:12:24.790 [error] local node self-trust was not added: node signing public-key artifact is absent — continuing with configured trusted identities
03:12:24.795 [error] local node self-trust was not added: node signing public-key artifact is absent — continuing with configured trusted identities
03:12:24.799 [error] local node self-trust was not added: node signing public-key artifact is absent — continuing with configured trusted identities
03:12:24.802 [error] local node self-trust was not added: node signing public-key artifact is absent — continuing with configured trusted identities
03:12:24.810 [error] local node self-trust was not added: node signing public-key artifact is absent — continuing with configured trusted identities
03:12:24.815 [error] local node self-trust was not added: node signing public-key artifact is absent — continuing with configured trusted identities
03:12:24.820 [error] local node self-trust was not added: node signing public-key artifact is absent — continuing with configured trusted identities
03:12:24.824 [error] local node self-trust was not added: node signing public-key artifact is absent — continuing with configured trusted identities
03:12:24.828 [error] local node self-trust was not added: node signing public-key artifact is absent — continuing with configured trusted identities
03:12:24.832 [error] local node self-trust was not added: node signing public-key artifact is absent — continuing with configured trusted identities
03:12:24.836 [error] local node self-trust was not added: node signing public-key artifact is absent — continuing with configured trusted identities
03:12:24.841 [error] local node self-trust was not added: node signing public-key artifact is absent — continuing with configured trusted identities
03:12:24.846 [error] local node self-trust was not added: node signing public-key artifact is absent — continuing with configured trusted identities
03:12:24.851 [error] local node self-trust was not added: node signing public-key artifact is absent — continuing with configured trusted identities
03:12:24.855 [error] local node self-trust was not added: node signing public-key artifact is absent — continuing with configured trusted identities
03:12:24.860 [error] local node self-trust was not added: node signing public-key artifact is absent — continuing with configured trusted identities
03:12:24.864 [error] local node self-trust was not added: node signing public-key artifact is absent — continuing with configured trusted identities
03:12:24.869 [error] local node self-trust was not added: node signing public-key artifact is absent — continuing with configured trusted identities
03:12:24.873 [error] local node self-trust was not added: node signing public-key artifact is absent — continuing with configured trusted identities
03:12:24.877 [error] local node self-trust was not added: node signing public-key artifact is absent — continuing with configured trusted identities
03:12:24.882 [error] local node self-trust was not added: node signing public-key artifact is absent — continuing with configured trusted identities
03:12:24.886 [error] local node self-trust was not added: node signing public-key artifact is absent — continuing with configured trusted identities
03:12:24.891 [error] local node self-trust was not added: node signing public-key artifact is absent — continuing with configured trusted identities
03:12:24.895 [error] local node self-trust was not added: node signing public-key artifact is absent — continuing with configured trusted identities
03:12:24.901 [error] local node self-trust was not added: node signing public-key artifact is absent — continuing with configured trusted identities
03:12:24.909 [error] local node self-trust was not added: node signing public-key artifact is absent — continuing with configured trusted identities
03:12:24.914 [error] local node self-trust was not added: node signing public-key artifact is absent — continuing with configured trusted identities
03:12:24.918 [error] local node self-trust was not added: node signing public-key artifact is absent — continuing with configured trusted identities
03:12:24.922 [error] local node self-trust was not added: node signing public-key artifact is absent — continuing with configured trusted identities
03:12:24.927 [error] local node self-trust was not added: node signing public-key artifact is absent — continuing with configured trusted identities
03:12:24.933 [error] local node self-trust was not added: node signing public-key artifact is absent — continuing with configured trusted identities
03:12:24.936 [error] local node self-trust was not added: node signing public-key artifact is absent — continuing with configured trusted identities
03:12:24.939 [error] local node self-trust was not added: node signing public-key artifact is absent — continuing with configured trusted identities
03:12:24.945 [error] local node self-trust was not added: node signing public-key artifact is absent — continuing with configured trusted identities
03:12:24.948 [error] local node self-trust was not added: node signing public-key artifact is absent — continuing with configured trusted identities
03:12:24.952 [error] local node self-trust was not added: node signing public-key artifact is absent — continuing with configured trusted identities
03:12:24.957 [error] local node self-trust was not added: node signing public-key artifact is absent — continuing with configured trusted identities
03:12:24.960 [error] local node self-trust was not added: node signing public-key artifact is absent — continuing with configured trusted identities
03:12:24.963 [error] local node self-trust was not added: node signing public-key artifact is absent — continuing with configured trusted identities
03:12:24.966 [error] local node self-trust was not added: node signing public-key artifact is absent — continuing with configured trusted identities
03:12:24.970 [error] local node self-trust was not added: node signing public-key artifact is absent — continuing with configured trusted identities
03:12:24.974 [error] local node self-trust was not added: node signing public-key artifact is absent — continuing with configured trusted identities
03:12:24.977 [error] local node self-trust was not added: node signing public-key artifact is absent — continuing with configured trusted identities
03:12:24.980 [error] local node self-trust was not added: node signing public-key artifact is absent — continuing with configured trusted identities
03:12:24.983 [error] local node self-trust was not added: node signing public-key artifact is absent — continuing with configured trusted identities
03:12:24.987 [error] local node self-trust was not added: node signing public-key artifact is absent — continuing with configured trusted identities
03:12:24.992 [error] local node self-trust was not added: node signing public-key artifact is absent — continuing with configured trusted identities
03:12:24.996 [error] local node self-trust was not added: node signing public-key artifact is absent — continuing with configured trusted identities
03:12:25.001 [error] local node self-trust was not added: node signing public-key artifact is absent — continuing with configured trusted identities
03:12:25.005 [error] local node self-trust was not added: node signing public-key artifact is absent — continuing with configured trusted identities
03:12:25.009 [error] local node self-trust was not added: node signing public-key artifact is absent — continuing with configured trusted identities
03:12:25.012 [error] local node self-trust was not added: node signing public-key artifact is absent — continuing with configured trusted identities
03:12:25.018 [error] local node self-trust was not added: node signing public-key artifact is absent — continuing with configured trusted identities
03:12:25.023 [error] local node self-trust was not added: node signing public-key artifact is absent — continuing with configured trusted identities
03:12:25.028 [error] local node self-trust was not added: node signing public-key artifact is absent — continuing with configured trusted identities
03:12:25.031 [error] local node self-trust was not added: node signing public-key artifact is absent — continuing with configured trusted identities
03:12:25.035 [error] local node self-trust was not added: node signing public-key artifact is absent — continuing with configured trusted identities
03:12:25.038 [error] local node self-trust was not added: node signing public-key artifact is absent — continuing with configured trusted identities
03:12:25.042 [error] local node self-trust was not added: node signing public-key artifact is absent — continuing with configured trusted identities
03:12:25.047 [error] local node self-trust was not added: node signing public-key artifact is absent — continuing with configured trusted identities
03:12:25.052 [error] local node self-trust was not added: node signing public-key artifact is absent — continuing with configured trusted identities
03:12:25.058 [error] local node self-trust was not added: node signing public-key artifact is absent — continuing with configured trusted identities
03:12:25.062 [error] local node self-trust was not added: node signing public-key artifact is absent — continuing with configured trusted identities
03:12:25.066 [error] local node self-trust was not added: node signing public-key artifact is absent — continuing with configured trusted identities
03:12:25.071 [error] local node self-trust was not added: node signing public-key artifact is absent — continuing with configured trusted identities
03:12:25.077 [error] local node self-trust was not added: node signing public-key artifact is absent — continuing with configured trusted identities
03:12:25.082 [error] local node self-trust was not added: node signing public-key artifact is absent — continuing with configured trusted identities
03:12:25.088 [error] local node self-trust was not added: node signing public-key artifact is absent — continuing with configured trusted identities
03:12:25.094 [error] local node self-trust was not added: node signing public-key artifact is absent — continuing with configured trusted identities
03:12:25.099 [error] local node self-trust was not added: node signing public-key artifact is absent — continuing with configured trusted identities
03:12:25.106 [error] local node self-trust was not added: node signing public-key artifact is absent — continuing with configured trusted identities
03:12:25.111 [error] local node self-trust was not added: node signing public-key artifact is absent — continuing with configured trusted identities
03:12:25.116 [error] local node self-trust was not added: node signing public-key artifact is absent — continuing with configured trusted identities
03:12:25.120 [error] local node self-trust was not added: node signing public-key artifact is absent — continuing with configured trusted identities
03:12:25.125 [error] local node self-trust was not added: node signing public-key artifact is absent — continuing with configured trusted identities
03:12:25.129 [error] local node self-trust was not added: node signing public-key artifact is absent — continuing with configured trusted identities
03:12:25.134 [error] local node self-trust was not added: node signing public-key artifact is absent — continuing with configured trusted identities
03:12:25.140 [error] local node self-trust was not added: node signing public-key artifact is absent — continuing with configured trusted identities
03:12:25.145 [error] local node self-trust was not added: node signing public-key artifact is absent — continuing with configured trusted identities
03:12:25.150 [error] local node self-trust was not added: node signing public-key artifact is absent — continuing with configured trusted identities
03:12:25.156 [error] local node self-trust was not added: node signing public-key artifact is absent — continuing with configured trusted identities
03:12:25.164 [error] local node self-trust was not added: node signing public-key artifact is absent — continuing with configured trusted identities
03:12:25.170 [error] local node self-trust was not added: node signing public-key artifact is absent — continuing with configured trusted identities
03:12:25.175 [error] local node self-trust was not added: node signing public-key artifact is absent — continuing with configured trusted identities
03:12:25.181 [error] local node self-trust was not added: node signing public-key artifact is absent — continuing with configured trusted identities
03:12:25.186 [error] local node self-trust was not added: node signing public-key artifact is absent — continuing with configured trusted identities
03:12:25.190 [error] local node self-trust was not added: node signing public-key artifact is absent — continuing with configured trusted identities
03:12:25.195 [error] local node self-trust was not added: node signing public-key artifact is absent — continuing with configured trusted identities
03:12:25.200 [error] local node self-trust was not added: node signing public-key artifact is absent — continuing with configured trusted identities
03:12:25.205 [error] local node self-trust was not added: node signing public-key artifact is absent — continuing with configured trusted identities
03:12:25.210 [error] local node self-trust was not added: node signing public-key artifact is absent — continuing with configured trusted identities
03:12:25.217 [error] local node self-trust was not added: node signing public-key artifact is absent — continuing with configured trusted identities
03:12:25.223 [error] local node self-trust was not added: node signing public-key artifact is absent — continuing with configured trusted identities
03:12:25.228 [error] local node self-trust was not added: node signing public-key artifact is absent — continuing with configured trusted identities
03:12:25.233 [error] local node self-trust was not added: node signing public-key artifact is absent — continuing with configured trusted identities
03:12:25.238 [error] local node self-trust was not added: node signing public-key artifact is absent — continuing with configured trusted identities
03:12:25.244 [error] local node self-trust was not added: node signing public-key artifact is absent — continuing with configured trusted identities
03:12:25.251 [error] local node self-trust was not added: node signing public-key artifact is absent — continuing with configured trusted identities
03:12:25.257 [error] local node self-trust was not added: node signing public-key artifact is absent — continuing with configured trusted identities
03:12:25.262 [error] local node self-trust was not added: node signing public-key artifact is absent — continuing with configured trusted identities
03:12:25.269 [error] local node self-trust was not added: node signing public-key artifact is absent — continuing with configured trusted identities
03:12:25.275 [error] local node self-trust was not added: node signing public-key artifact is absent — continuing with configured trusted identities
03:12:25.286 [error] local node self-trust was not added: node signing public-key artifact is absent — continuing with configured trusted identities
03:12:25.291 [error] local node self-trust was not added: node signing public-key artifact is absent — continuing with configured trusted identities
03:12:25.296 [error] local node self-trust was not added: node signing public-key artifact is absent — continuing with configured trusted identities
03:12:25.302 [error] local node self-trust was not added: node signing public-key artifact is absent — continuing with configured trusted identities
03:12:25.308 [error] local node self-trust was not added: node signing public-key artifact is absent — continuing with configured trusted identities
03:12:25.314 [error] local node self-trust was not added: node signing public-key artifact is absent — continuing with configured trusted identities
03:12:25.320 [error] local node self-trust was not added: node signing public-key artifact is absent — continuing with configured trusted identities
03:12:25.327 [error] local node self-trust was not added: node signing public-key artifact is absent — continuing with configured trusted identities
03:12:25.332 [error] local node self-trust was not added: node signing public-key artifact is absent — continuing with configured trusted identities
03:12:25.337 [error] local node self-trust was not added: node signing public-key artifact is absent — continuing with configured trusted identities
03:12:25.342 [error] local node self-trust was not added: node signing public-key artifact is absent — continuing with configured trusted identities
03:12:25.347 [error] local node self-trust was not added: node signing public-key artifact is absent — continuing with configured trusted identities
03:12:25.352 [error] local node self-trust was not added: node signing public-key artifact is absent — continuing with configured trusted identities
03:12:25.357 [error] local node self-trust was not added: node signing public-key artifact is absent — continuing with configured trusted identities
03:12:25.362 [error] local node self-trust was not added: node signing public-key artifact is absent — continuing with configured trusted identities
03:12:25.369 [error] local node self-trust was not added: node signing public-key artifact is absent — continuing with configured trusted identities
03:12:25.375 [error] local node self-trust was not added: node signing public-key artifact is absent — continuing with configured trusted identities
03:12:25.380 [error] local node self-trust was not added: node signing public-key artifact is absent — continuing with configured trusted identities
03:12:25.385 [error] local node self-trust was not added: node signing public-key artifact is absent — continuing with configured trusted identities
03:12:25.391 [error] local node self-trust was not added: node signing public-key artifact is absent — continuing with configured trusted identities
03:12:25.396 [error] local node self-trust was not added: node signing public-key artifact is absent — continuing with configured trusted identities
03:12:25.401 [error] local node self-trust was not added: node signing public-key artifact is absent — continuing with configured trusted identities
03:12:25.406 [error] local node self-trust was not added: node signing public-key artifact is absent — continuing with configured trusted identities
03:12:25.411 [error] local node self-trust was not added: node signing public-key artifact is absent — continuing with configured trusted identities
03:12:25.419 [error] local node self-trust was not added: node signing public-key artifact is absent — continuing with configured trusted identities
03:12:25.430 [error] local node self-trust was not added: node signing public-key artifact is absent — continuing with configured trusted identities
03:12:25.434 [error] local node self-trust was not added: node signing public-key artifact is absent — continuing with configured trusted identities
03:12:25.440 [error] local node self-trust was not added: node signing public-key artifact is absent — continuing with configured trusted identities
03:12:25.445 [error] local node self-trust was not added: node signing public-key artifact is absent — continuing with configured trusted identities
03:12:25.454 [error] local node self-trust was not added: node signing public-key artifact is absent — continuing with configured trusted identities
03:12:25.460 [error] local node self-trust was not added: node signing public-key artifact is absent — continuing with configured trusted identities
03:12:25.468 [error] local node self-trust was not added: node signing public-key artifact is absent — continuing with configured trusted identities
03:12:25.490 [error] local node self-trust was not added: node signing public-key artifact is absent — continuing with configured trusted identities
03:12:25.499 [error] local node self-trust was not added: node signing public-key artifact is absent — continuing with configured trusted identities
03:12:25.505 [error] local node self-trust was not added: node signing public-key artifact is absent — continuing with configured trusted identities
03:12:25.511 [error] local node self-trust was not added: node signing public-key artifact is absent — continuing with configured trusted identities
03:12:25.517 [error] local node self-trust was not added: node signing public-key artifact is absent — continuing with configured trusted identities
03:12:25.522 [error] local node self-trust was not added: node signing public-key artifact is absent — continuing with configured trusted identities
03:12:25.528 [error] local node self-trust was not added: node signing public-key artifact is absent — continuing with configured trusted identities
03:12:25.536 [error] local node self-trust was not added: node signing public-key artifact is absent — continuing with configured trusted identities
03:12:25.541 [error] local node self-trust was not added: node signing public-key artifact is absent — continuing with configured trusted identities
03:12:25.547 [error] local node self-trust was not added: node signing public-key artifact is absent — continuing with configured trusted identities
03:12:25.553 [error] local node self-trust was not added: node signing public-key artifact is absent — continuing with configured trusted identities
03:12:25.560 [error] local node self-trust was not added: node signing public-key artifact is absent — continuing with configured trusted identities
03:12:25.565 [error] local node self-trust was not added: node signing public-key artifact is absent — continuing with configured trusted identities
03:12:25.570 [error] local node self-trust was not added: node signing public-key artifact is absent — continuing with configured trusted identities
03:12:25.577 [error] local node self-trust was not added: node signing public-key artifact is absent — continuing with configured trusted identities
03:12:25.582 [error] local node self-trust was not added: node signing public-key artifact is absent — continuing with configured trusted identities
03:12:25.589 [error] local node self-trust was not added: node signing public-key artifact is absent — continuing with configured trusted identities
03:12:25.594 [error] local node self-trust was not added: node signing public-key artifact is absent — continuing with configured trusted identities
03:12:25.600 [error] local node self-trust was not added: node signing public-key artifact is absent — continuing with configured trusted identities
03:12:25.606 [error] local node self-trust was not added: node signing public-key artifact is absent — continuing with configured trusted identities
03:12:25.612 [error] local node self-trust was not added: node signing public-key artifact is absent — continuing with configured trusted identities
03:12:25.621 [error] local node self-trust was not added: node signing public-key artifact is absent — continuing with configured trusted identities
03:12:25.631 [error] local node self-trust was not added: node signing public-key artifact is absent — continuing with configured trusted identities
03:12:25.643 [error] local node self-trust was not added: node signing public-key artifact is absent — continuing with configured trusted identities
03:12:25.653 [error] local node self-trust was not added: node signing public-key artifact is absent — continuing with configured trusted identities
03:12:25.661 [error] local node self-trust was not added: node signing public-key artifact is absent — continuing with configured trusted identities
03:12:25.666 [error] local node self-trust was not added: node signing public-key artifact is absent — continuing with configured trusted identities
03:12:25.674 [error] local node self-trust was not added: node signing public-key artifact is absent — continuing with configured trusted identities
03:12:25.681 [error] local node self-trust was not added: node signing public-key artifact is absent — continuing with configured trusted identities
03:12:25.687 [error] local node self-trust was not added: node signing public-key artifact is absent — continuing with configured trusted identities
03:12:25.694 [error] local node self-trust was not added: node signing public-key artifact is absent — continuing with configured trusted identities
03:12:25.700 [error] local node self-trust was not added: node signing public-key artifact is absent — continuing with configured trusted identities
03:12:25.705 [error] local node self-trust was not added: node signing public-key artifact is absent — continuing with configured trusted identities
03:12:25.714 [error] local node self-trust was not added: node signing public-key artifact is absent — continuing with configured trusted identities
03:12:25.725 [error] local node self-trust was not added: node signing public-key artifact is absent — continuing with configured trusted identities
03:12:25.732 [error] local node self-trust was not added: node signing public-key artifact is absent — continuing with configured trusted identities
03:12:25.738 [error] local node self-trust was not added: node signing public-key artifact is absent — continuing with configured trusted identities
03:12:25.744 [error] local node self-trust was not added: node signing public-key artifact is absent — continuing with configured trusted identities
03:12:25.754 [error] local node self-trust was not added: node signing public-key artifact is absent — continuing with configured trusted identities
03:12:25.761 [error] local node self-trust was not added: node signing public-key artifact is absent — continuing with configured trusted identities
03:12:25.768 [error] local node self-trust was not added: node signing public-key artifact is absent — continuing with configured trusted identities
03:12:25.774 [error] local node self-trust was not added: node signing public-key artifact is absent — continuing with configured trusted identities
03:12:25.780 [error] local node self-trust was not added: node signing public-key artifact is absent — continuing with configured trusted identities
03:12:25.785 [error] local node self-trust was not added: node signing public-key artifact is absent — continuing with configured trusted identities
03:12:25.792 [error] local node self-trust was not added: node signing public-key artifact is absent — continuing with configured trusted identities
03:12:25.801 [error] local node self-trust was not added: node signing public-key artifact is absent — continuing with configured trusted identities
03:12:25.808 [error] local node self-trust was not added: node signing public-key artifact is absent — continuing with configured trusted identities
03:12:25.816 [error] local node self-trust was not added: node signing public-key artifact is absent — continuing with configured trusted identities
03:12:25.823 [error] local node self-trust was not added: node signing public-key artifact is absent — continuing with configured trusted identities
03:12:25.833 [error] local node self-trust was not added: node signing public-key artifact is absent — continuing with configured trusted identities
03:12:25.840 [error] local node self-trust was not added: node signing public-key artifact is absent — continuing with configured trusted identities
03:12:25.846 [error] local node self-trust was not added: node signing public-key artifact is absent — continuing with configured trusted identities
03:12:25.857 [error] local node self-trust was not added: node signing public-key artifact is absent — continuing with configured trusted identities
03:12:25.869 [error] local node self-trust was not added: node signing public-key artifact is absent — continuing with configured trusted identities
03:12:25.874 [error] local node self-trust was not added: node signing public-key artifact is absent — continuing with configured trusted identities
03:12:25.879 [error] local node self-trust was not added: node signing public-key artifact is absent — continuing with configured trusted identities
03:12:25.884 [error] local node self-trust was not added: node signing public-key artifact is absent — continuing with configured trusted identities
03:12:25.891 [error] local node self-trust was not added: node signing public-key artifact is absent — continuing with configured trusted identities
03:12:25.896 [error] local node self-trust was not added: node signing public-key artifact is absent — continuing with configured trusted identities
03:12:25.901 [error] local node self-trust was not added: node signing public-key artifact is absent — continuing with configured trusted identities
03:12:25.905 [error] local node self-trust was not added: node signing public-key artifact is absent — continuing with configured trusted identities
03:12:25.915 [error] local node self-trust was not added: node signing public-key artifact is absent — continuing with configured trusted identities
03:12:25.922 [error] local node self-trust was not added: node signing public-key artifact is absent — continuing with configured trusted identities
03:12:25.928 [error] local node self-trust was not added: node signing public-key artifact is absent — continuing with configured trusted identities
03:12:25.942 [error] local node self-trust was not added: node signing public-key artifact is absent — continuing with configured trusted identities
03:12:25.950 [error] local node self-trust was not added: node signing public-key artifact is absent — continuing with configured trusted identities
03:12:25.957 [error] local node self-trust was not added: node signing public-key artifact is absent — continuing with configured trusted identities
03:12:25.965 [error] local node self-trust was not added: node signing public-key artifact is absent — continuing with configured trusted identities
03:12:25.972 [error] local node self-trust was not added: node signing public-key artifact is absent — continuing with configured trusted identities
03:12:25.979 [error] local node self-trust was not added: node signing public-key artifact is absent — continuing with configured trusted identities
03:12:25.985 [error] local node self-trust was not added: node signing public-key artifact is absent — continuing with configured trusted identities
03:12:25.993 [error] local node self-trust was not added: node signing public-key artifact is absent — continuing with configured trusted identities
03:12:25.999 [error] local node self-trust was not added: node signing public-key artifact is absent — continuing with configured trusted identities
03:12:26.006 [error] local node self-trust was not added: node signing public-key artifact is absent — continuing with configured trusted identities
03:12:26.014 [error] local node self-trust was not added: node signing public-key artifact is absent — continuing with configured trusted identities
03:12:26.022 [error] local node self-trust was not added: node signing public-key artifact is absent — continuing with configured trusted identities
03:12:26.028 [error] local node self-trust was not added: node signing public-key artifact is absent — continuing with configured trusted identities
03:12:26.033 [error] local node self-trust was not added: node signing public-key artifact is absent — continuing with configured trusted identities
03:12:26.039 [error] local node self-trust was not added: node signing public-key artifact is absent — continuing with configured trusted identities
03:12:26.048 [error] local node self-trust was not added: node signing public-key artifact is absent — continuing with configured trusted identities
03:12:26.053 [error] local node self-trust was not added: node signing public-key artifact is absent — continuing with configured trusted identities
03:12:26.064 [error] local node self-trust was not added: node signing public-key artifact is absent — continuing with configured trusted identities
03:12:26.072 [error] local node self-trust was not added: node signing public-key artifact is absent — continuing with configured trusted identities
03:12:26.079 [error] local node self-trust was not added: node signing public-key artifact is absent — continuing with configured trusted identities
03:12:26.086 [error] local node self-trust was not added: node signing public-key artifact is absent — continuing with configured trusted identities
03:12:26.093 [error] local node self-trust was not added: node signing public-key artifact is absent — continuing with configured trusted identities
03:12:26.101 [error] local node self-trust was not added: node signing public-key artifact is absent — continuing with configured trusted identities
03:12:26.108 [error] local node self-trust was not added: node signing public-key artifact is absent — continuing with configured trusted identities
03:12:26.116 [error] local node self-trust was not added: node signing public-key artifact is absent — continuing with configured trusted identities
03:12:26.126 [error] local node self-trust was not added: node signing public-key artifact is absent — continuing with configured trusted identities
03:12:26.131 [error] local node self-trust was not added: node signing public-key artifact is absent — continuing with configured trusted identities
03:12:26.140 [error] local node self-trust was not added: node signing public-key artifact is absent — continuing with configured trusted identities
03:12:26.150 [error] local node self-trust was not added: node signing public-key artifact is absent — continuing with configured trusted identities
03:12:26.158 [error] local node self-trust was not added: node signing public-key artifact is absent — continuing with configured trusted identities
03:12:26.164 [error] local node self-trust was not added: node signing public-key artifact is absent — continuing with configured trusted identities
03:12:26.170 [error] local node self-trust was not added: node signing public-key artifact is absent — continuing with configured trusted identities
03:12:26.177 [error] local node self-trust was not added: node signing public-key artifact is absent — continuing with configured trusted identities
03:12:26.184 [error] local node self-trust was not added: node signing public-key artifact is absent — continuing with configured trusted identities
03:12:26.191 [error] local node self-trust was not added: node signing public-key artifact is absent — continuing with configured trusted identities
03:12:26.201 [error] local node self-trust was not added: node signing public-key artifact is absent — continuing with configured trusted identities
03:12:26.212 [error] local node self-trust was not added: node signing public-key artifact is absent — continuing with configured trusted identities
03:12:26.221 [error] local node self-trust was not added: node signing public-key artifact is absent — continuing with configured trusted identities
03:12:26.227 [error] local node self-trust was not added: node signing public-key artifact is absent — continuing with configured trusted identities
03:12:26.232 [error] local node self-trust was not added: node signing public-key artifact is absent — continuing with configured trusted identities
03:12:26.240 [error] local node self-trust was not added: node signing public-key artifact is absent — continuing with configured trusted identities
03:12:26.251 [error] local node self-trust was not added: node signing public-key artifact is absent — continuing with configured trusted identities
03:12:26.261 [error] local node self-trust was not added: node signing public-key artifact is absent — continuing with configured trusted identities
03:12:26.270 [error] local node self-trust was not added: node signing public-key artifact is absent — continuing with configured trusted identities
03:12:26.275 [error] local node self-trust was not added: node signing public-key artifact is absent — continuing with configured trusted identities
03:12:26.285 [error] local node self-trust was not added: node signing public-key artifact is absent — continuing with configured trusted identities
03:12:26.294 [error] local node self-trust was not added: node signing public-key artifact is absent — continuing with configured trusted identities
03:12:26.299 [error] local node self-trust was not added: node signing public-key artifact is absent — continuing with configured trusted identities
03:12:26.304 [error] local node self-trust was not added: node signing public-key artifact is absent — continuing with configured trusted identities
03:12:26.309 [error] local node self-trust was not added: node signing public-key artifact is absent — continuing with configured trusted identities
03:12:26.313 [error] local node self-trust was not added: node signing public-key artifact is absent — continuing with configured trusted identities
03:12:26.320 [error] local node self-trust was not added: node signing public-key artifact is absent — continuing with configured trusted identities
03:12:26.326 [error] local node self-trust was not added: node signing public-key artifact is absent — continuing with configured trusted identities
03:12:26.331 [error] local node self-trust was not added: node signing public-key artifact is absent — continuing with configured trusted identities
03:12:26.341 [error] local node self-trust was not added: node signing public-key artifact is absent — continuing with configured trusted identities
03:12:26.347 [error] local node self-trust was not added: node signing public-key artifact is absent — continuing with configured trusted identities
03:12:26.355 [error] local node self-trust was not added: node signing public-key artifact is absent — continuing with configured trusted identities
03:12:26.360 [error] local node self-trust was not added: node signing public-key artifact is absent — continuing with configured trusted identities
03:12:26.366 [error] local node self-trust was not added: node signing public-key artifact is absent — continuing with configured trusted identities
03:12:26.371 [error] local node self-trust was not added: node signing public-key artifact is absent — continuing with configured trusted identities
03:12:26.379 [error] local node self-trust was not added: node signing public-key artifact is absent — continuing with configured trusted identities
03:12:26.388 [error] local node self-trust was not added: node signing public-key artifact is absent — continuing with configured trusted identities
03:12:26.397 [error] local node self-trust was not added: node signing public-key artifact is absent — continuing with configured trusted identities
03:12:26.402 [error] local node self-trust was not added: node signing public-key artifact is absent — continuing with configured trusted identities
03:12:26.407 [error] local node self-trust was not added: node signing public-key artifact is absent — continuing with configured trusted identities
03:12:26.413 [error] local node self-trust was not added: node signing public-key artifact is absent — continuing with configured trusted identities
03:12:26.419 [error] local node self-trust was not added: node signing public-key artifact is absent — continuing with configured trusted identities
03:12:26.425 [error] local node self-trust was not added: node signing public-key artifact is absent — continuing with configured trusted identities
03:12:26.431 [error] local node self-trust was not added: node signing public-key artifact is absent — continuing with configured trusted identities
03:12:26.436 [error] local node self-trust was not added: node signing public-key artifact is absent — continuing with configured trusted identities
03:12:26.443 [error] local node self-trust was not added: node signing public-key artifact is absent — continuing with configured trusted identities
03:12:26.452 [error] local node self-trust was not added: node signing public-key artifact is absent — continuing with configured trusted identities
03:12:26.458 [error] local node self-trust was not added: node signing public-key artifact is absent — continuing with configured trusted identities
03:12:26.465 [error] local node self-trust was not added: node signing public-key artifact is absent — continuing with configured trusted identities
03:12:26.470 [error] local node self-trust was not added: node signing public-key artifact is absent — continuing with configured trusted identities
03:12:26.481 [error] local node self-trust was not added: node signing public-key artifact is absent — continuing with configured trusted identities
03:12:26.489 [error] local node self-trust was not added: node signing public-key artifact is absent — continuing with configured trusted identities
03:12:26.496 [error] local node self-trust was not added: node signing public-key artifact is absent — continuing with configured trusted identities
03:12:26.507 [error] local node self-trust was not added: node signing public-key artifact is absent — continuing with configured trusted identities
03:12:26.516 [error] local node self-trust was not added: node signing public-key artifact is absent — continuing with configured trusted identities
03:12:26.523 [error] local node self-trust was not added: node signing public-key artifact is absent — continuing with configured trusted identities
03:12:26.528 [error] local node self-trust was not added: node signing public-key artifact is absent — continuing with configured trusted identities
03:12:26.535 [error] local node self-trust was not added: node signing public-key artifact is absent — continuing with configured trusted identities
03:12:26.541 [error] local node self-trust was not added: node signing public-key artifact is absent — continuing with configured trusted identities
03:12:26.547 [error] local node self-trust was not added: node signing public-key artifact is absent — continuing with configured trusted identities
03:12:26.553 [error] local node self-trust was not added: node signing public-key artifact is absent — continuing with configured trusted identities
03:12:26.561 [error] local node self-trust was not added: node signing public-key artifact is absent — continuing with configured trusted identities
03:12:26.573 [error] local node self-trust was not added: node signing public-key artifact is absent — continuing with configured trusted identities
03:12:26.581 [error] local node self-trust was not added: node signing public-key artifact is absent — continuing with configured trusted identities
03:12:26.593 [error] local node self-trust was not added: node signing public-key artifact is absent — continuing with configured trusted identities
03:12:26.603 [error] local node self-trust was not added: node signing public-key artifact is absent — continuing with configured trusted identities
03:12:26.611 [error] local node self-trust was not added: node signing public-key artifact is absent — continuing with configured trusted identities
03:12:26.620 [error] local node self-trust was not added: node signing public-key artifact is absent — continuing with configured trusted identities
03:12:26.628 [error] local node self-trust was not added: node signing public-key artifact is absent — continuing with configured trusted identities
03:12:26.645 [error] local node self-trust was not added: node signing public-key artifact is absent — continuing with configured trusted identities
03:12:26.662 [error] local node self-trust was not added: node signing public-key artifact is absent — continuing with configured trusted identities
03:12:26.669 [error] local node self-trust was not added: node signing public-key artifact is absent — continuing with configured trusted identities
03:12:26.676 [error] local node self-trust was not added: node signing public-key artifact is absent — continuing with configured trusted identities
03:12:26.683 [error] local node self-trust was not added: node signing public-key artifact is absent — continuing with configured trusted identities
03:12:26.695 [error] local node self-trust was not added: node signing public-key artifact is absent — continuing with configured trusted identities
03:12:26.702 [error] local node self-trust was not added: node signing public-key artifact is absent — continuing with configured trusted identities
03:12:26.708 [error] local node self-trust was not added: node signing public-key artifact is absent — continuing with configured trusted identities
03:12:26.716 [error] local node self-trust was not added: node signing public-key artifact is absent — continuing with configured trusted identities
03:12:26.723 [error] local node self-trust was not added: node signing public-key artifact is absent — continuing with configured trusted identities
03:12:26.731 [error] local node self-trust was not added: node signing public-key artifact is absent — continuing with configured trusted identities
03:12:26.737 [error] local node self-trust was not added: node signing public-key artifact is absent — continuing with configured trusted identities
03:12:26.744 [error] local node self-trust was not added: node signing public-key artifact is absent — continuing with configured trusted identities
03:12:26.751 [error] local node self-trust was not added: node signing public-key artifact is absent — continuing with configured trusted identities
03:12:26.757 [error] local node self-trust was not added: node signing public-key artifact is absent — continuing with configured trusted identities
03:12:26.765 [error] local node self-trust was not added: node signing public-key artifact is absent — continuing with configured trusted identities
03:12:26.774 [error] local node self-trust was not added: node signing public-key artifact is absent — continuing with configured trusted identities
03:12:26.780 [error] local node self-trust was not added: node signing public-key artifact is absent — continuing with configured trusted identities
03:12:26.788 [error] local node self-trust was not added: node signing public-key artifact is absent — continuing with configured trusted identities
03:12:26.797 [error] local node self-trust was not added: node signing public-key artifact is absent — continuing with configured trusted identities
03:12:26.805 [error] local node self-trust was not added: node signing public-key artifact is absent — continuing with configured trusted identities
03:12:26.814 [error] local node self-trust was not added: node signing public-key artifact is absent — continuing with configured trusted identities
03:12:26.822 [error] local node self-trust was not added: node signing public-key artifact is absent — continuing with configured trusted identities
03:12:26.830 [error] local node self-trust was not added: node signing public-key artifact is absent — continuing with configured trusted identities
03:12:26.836 [error] local node self-trust was not added: node signing public-key artifact is absent — continuing with configured trusted identities
03:12:26.842 [error] local node self-trust was not added: node signing public-key artifact is absent — continuing with configured trusted identities
03:12:26.848 [error] local node self-trust was not added: node signing public-key artifact is absent — continuing with configured trusted identities
03:12:26.854 [error] local node self-trust was not added: node signing public-key artifact is absent — continuing with configured trusted identities
03:12:26.859 [error] local node self-trust was not added: node signing public-key artifact is absent — continuing with configured trusted identities
03:12:26.866 [error] local node self-trust was not added: node signing public-key artifact is absent — continuing with configured trusted identities
03:12:26.875 [error] local node self-trust was not added: node signing public-key artifact is absent — continuing with configured trusted identities
03:12:26.884 [error] local node self-trust was not added: node signing public-key artifact is absent — continuing with configured trusted identities
03:12:26.892 [error] local node self-trust was not added: node signing public-key artifact is absent — continuing with configured trusted identities
03:12:26.900 [error] local node self-trust was not added: node signing public-key artifact is absent — continuing with configured trusted identities
03:12:26.908 [error] local node self-trust was not added: node signing public-key artifact is absent — continuing with configured trusted identities
03:12:26.916 [error] local node self-trust was not added: node signing public-key artifact is absent — continuing with configured trusted identities
03:12:26.924 [error] local node self-trust was not added: node signing public-key artifact is absent — continuing with configured trusted identities
03:12:26.931 [error] local node self-trust was not added: node signing public-key artifact is absent — continuing with configured trusted identities
03:12:26.939 [error] local node self-trust was not added: node signing public-key artifact is absent — continuing with configured trusted identities
03:12:26.948 [error] local node self-trust was not added: node signing public-key artifact is absent — continuing with configured trusted identities
03:12:26.954 [error] local node self-trust was not added: node signing public-key artifact is absent — continuing with configured trusted identities
03:12:26.959 [error] local node self-trust was not added: node signing public-key artifact is absent — continuing with configured trusted identities
03:12:26.964 [error] local node self-trust was not added: node signing public-key artifact is absent — continuing with configured trusted identities
03:12:26.970 [error] local node self-trust was not added: node signing public-key artifact is absent — continuing with configured trusted identities
03:12:26.976 [error] local node self-trust was not added: node signing public-key artifact is absent — continuing with configured trusted identities
03:12:26.982 [error] local node self-trust was not added: node signing public-key artifact is absent — continuing with configured trusted identities
03:12:26.989 [error] local node self-trust was not added: node signing public-key artifact is absent — continuing with configured trusted identities
03:12:26.999 [error] local node self-trust was not added: node signing public-key artifact is absent — continuing with configured trusted identities
03:12:27.006 [error] local node self-trust was not added: node signing public-key artifact is absent — continuing with configured trusted identities
03:12:27.015 [error] local node self-trust was not added: node signing public-key artifact is absent — continuing with configured trusted identities
03:12:27.028 [error] local node self-trust was not added: node signing public-key artifact is absent — continuing with configured trusted identities
03:12:27.037 [error] local node self-trust was not added: node signing public-key artifact is absent — continuing with configured trusted identities
03:12:27.042 [error] local node self-trust was not added: node signing public-key artifact is absent — continuing with configured trusted identities
03:12:27.047 [error] local node self-trust was not added: node signing public-key artifact is absent — continuing with configured trusted identities
03:12:27.053 [error] local node self-trust was not added: node signing public-key artifact is absent — continuing with configured trusted identities
03:12:27.061 [error] local node self-trust was not added: node signing public-key artifact is absent — continuing with configured trusted identities
03:12:27.066 [error] local node self-trust was not added: node signing public-key artifact is absent — continuing with configured trusted identities
03:12:27.073 [error] local node self-trust was not added: node signing public-key artifact is absent — continuing with configured trusted identities
03:12:27.078 [error] local node self-trust was not added: node signing public-key artifact is absent — continuing with configured trusted identities
03:12:27.084 [error] local node self-trust was not added: node signing public-key artifact is absent — continuing with configured trusted identities
03:12:27.096 [error] local node self-trust was not added: node signing public-key artifact is absent — continuing with configured trusted identities
03:12:27.105 [error] local node self-trust was not added: node signing public-key artifact is absent — continuing with configured trusted identities
03:12:27.111 [error] local node self-trust was not added: node signing public-key artifact is absent — continuing with configured trusted identities
03:12:27.120 [error] local node self-trust was not added: node signing public-key artifact is absent — continuing with configured trusted identities
03:12:27.126 [error] local node self-trust was not added: node signing public-key artifact is absent — continuing with configured trusted identities
03:12:27.133 [error] local node self-trust was not added: node signing public-key artifact is absent — continuing with configured trusted identities
03:12:27.138 [error] local node self-trust was not added: node signing public-key artifact is absent — continuing with configured trusted identities
03:12:27.143 [error] local node self-trust was not added: node signing public-key artifact is absent — continuing with configured trusted identities
03:12:27.148 [error] local node self-trust was not added: node signing public-key artifact is absent — continuing with configured trusted identities
03:12:27.156 [error] local node self-trust was not added: node signing public-key artifact is absent — continuing with configured trusted identities
03:12:27.160 [error] local node self-trust was not added: node signing public-key artifact is absent — continuing with configured trusted identities
03:12:27.166 [error] local node self-trust was not added: node signing public-key artifact is absent — continuing with configured trusted identities
03:12:27.171 [error] local node self-trust was not added: node signing public-key artifact is absent — continuing with configured trusted identities
03:12:27.175 [error] local node self-trust was not added: node signing public-key artifact is absent — continuing with configured trusted identities
03:12:27.182 [error] local node self-trust was not added: node signing public-key artifact is absent — continuing with configured trusted identities
03:12:27.188 [error] local node self-trust was not added: node signing public-key artifact is absent — continuing with configured trusted identities
03:12:27.193 [error] local node self-trust was not added: node signing public-key artifact is absent — continuing with configured trusted identities
03:12:27.198 [error] local node self-trust was not added: node signing public-key artifact is absent — continuing with configured trusted identities
03:12:27.203 [error] local node self-trust was not added: node signing public-key artifact is absent — continuing with configured trusted identities
03:12:27.212 [error] local node self-trust was not added: node signing public-key artifact is absent — continuing with configured trusted identities
03:12:27.218 [error] local node self-trust was not added: node signing public-key artifact is absent — continuing with configured trusted identities
03:12:27.226 [error] local node self-trust was not added: node signing public-key artifact is absent — continuing with configured trusted identities
03:12:27.232 [error] local node self-trust was not added: node signing public-key artifact is absent — continuing with configured trusted identities
03:12:27.240 [error] local node self-trust was not added: node signing public-key artifact is absent — continuing with configured trusted identities
03:12:27.247 [error] local node self-trust was not added: node signing public-key artifact is absent — continuing with configured trusted identities
03:12:27.255 [error] local node self-trust was not added: node signing public-key artifact is absent — continuing with configured trusted identities
03:12:27.261 [error] local node self-trust was not added: node signing public-key artifact is absent — continuing with configured trusted identities
03:12:27.268 [error] local node self-trust was not added: node signing public-key artifact is absent — continuing with configured trusted identities
03:12:27.273 [error] local node self-trust was not added: node signing public-key artifact is absent — continuing with configured trusted identities
03:12:27.282 [error] local node self-trust was not added: node signing public-key artifact is absent — continuing with configured trusted identities
03:12:27.288 [error] local node self-trust was not added: node signing public-key artifact is absent — continuing with configured trusted identities
03:12:27.294 [error] local node self-trust was not added: node signing public-key artifact is absent — continuing with configured trusted identities
03:12:27.302 [error] local node self-trust was not added: node signing public-key artifact is absent — continuing with configured trusted identities
03:12:27.307 [error] local node self-trust was not added: node signing public-key artifact is absent — continuing with configured trusted identities

ALLOW path, n=200 per arm
  baseline    p50=5036us p99=11712us
  with audit  p50=6743us p99=14403us
  ratio       p50=1.339 p99=1.23

..03:12:27.333 [error] local node self-trust was not added: node signing public-key artifact is absent — continuing with configured trusted identities
03:12:27.333 [warning] CommitStore: local write DENIED by trust gate (enforce) doc_uuid=8cf066b3-64e8-4c72-b68d-d50cb7cfb866 commit_id=0b8a0f234237e128b3714dd94d19a2109c9c9de6f8b17a90eddf683b45a6e505 reason=:unsigned
03:12:27.333 [error] local node self-trust was not added: node signing public-key artifact is absent — continuing with configured trusted identities
03:12:27.334 [warning] CommitStore: local write DENIED by trust gate (enforce) doc_uuid=9afe1f91-5d63-4939-9549-1188bf3270be commit_id=615023bddd0e2c34dc692f66209719a721e9619f8e20199c27ed3f0a4fac0cf6 reason=:unsigned
03:12:27.334 [error] local node self-trust was not added: node signing public-key artifact is absent — continuing with configured trusted identities
03:12:27.334 [warning] CommitStore: local write DENIED by trust gate (enforce) doc_uuid=f8f34d3c-998e-4f76-97e4-261f91deacd5 commit_id=0a63fb2dc8d3f3c43e9b179942b5d8b8156e5b0221946d06d4970078ab4ff10f reason=:unsigned
03:12:27.334 [error] local node self-trust was not added: node signing public-key artifact is absent — continuing with configured trusted identities
03:12:27.334 [warning] CommitStore: local write DENIED by trust gate (enforce) doc_uuid=184ade32-cce6-4d7e-b7d9-cc69adb21e51 commit_id=7f4cba5764e7fac3218c618455d87f838c07342cc2b04ba4e5ea8cc70678b614 reason=:unsigned
03:12:27.335 [error] local node self-trust was not added: node signing public-key artifact is absent — continuing with configured trusted identities
03:12:27.335 [warning] CommitStore: local write DENIED by trust gate (enforce) doc_uuid=cc248e07-7803-4513-956c-ee55924cb87e commit_id=1fa7d082194cb6c75fe403e9e8d26c74d029630dbdf1d206bb7afeb0a0bec68f reason=:unsigned
03:12:27.335 [error] local node self-trust was not added: node signing public-key artifact is absent — continuing with configured trusted identities
03:12:27.335 [warning] CommitStore: local write DENIED by trust gate (enforce) doc_uuid=4da5642f-8930-4c53-aeac-496ef51cb781 commit_id=fc3378cd09c7a5cb29fc16ac216413a0cdd9b162cf02e22d7007952b893c459d reason=:unsigned
03:12:27.335 [error] local node self-trust was not added: node signing public-key artifact is absent — continuing with configured trusted identities
03:12:27.335 [warning] CommitStore: local write DENIED by trust gate (enforce) doc_uuid=554917e7-a36d-4a6d-a689-90ac38e05807 commit_id=15a1ebb85eb9afa6467b4c228d5065b4c68d9e54569940e3279d546bd7b39d45 reason=:unsigned
03:12:27.336 [error] local node self-trust was not added: node signing public-key artifact is absent — continuing with configured trusted identities
03:12:27.336 [warning] CommitStore: local write DENIED by trust gate (enforce) doc_uuid=4e36a4ff-7961-4a84-b2c0-a0fdf38a2bd3 commit_id=80a9f1c086fc49b6bd631b9670be7219a535dcb8844b4776bdc0d72cc4aeb167 reason=:unsigned
03:12:27.336 [error] local node self-trust was not added: node signing public-key artifact is absent — continuing with configured trusted identities
03:12:27.336 [warning] CommitStore: local write DENIED by trust gate (enforce) doc_uuid=e0e1e8cf-a7b3-4bf5-be47-da3879969150 commit_id=a61c824d9bd75588482fa0f1c0d5a10105685dcb2e9a0d36e25cc6a633ab3f00 reason=:unsigned
03:12:27.336 [error] local node self-trust was not added: node signing public-key artifact is absent — continuing with configured trusted identities
03:12:27.337 [warning] CommitStore: local write DENIED by trust gate (enforce) doc_uuid=3476241f-76b6-4217-ae91-b9cf8c4f6db1 commit_id=1fbca2ec0dd8260e1ceef41fb0275d80a0b26e2124f8fbed8803d7e078f27f2e reason=:unsigned
03:12:27.337 [error] local node self-trust was not added: node signing public-key artifact is absent — continuing with configured trusted identities
03:12:27.337 [warning] CommitStore: local write DENIED by trust gate (enforce) doc_uuid=e251d9c5-85ce-4917-8193-539948f20de3 commit_id=ada4ce22873bdf482b242d529cbbe8ac69d23aca4cdea70dfd27efe70a50c505 reason=:unsigned
03:12:27.337 [error] local node self-trust was not added: node signing public-key artifact is absent — continuing with configured trusted identities
03:12:27.337 [warning] CommitStore: local write DENIED by trust gate (enforce) doc_uuid=1c5c3a53-629d-4d49-8da6-8a8fda5a148f commit_id=6c402afbdcbdd98d45190367758443906226f5e4f408260ba5b241786fffe320 reason=:unsigned
03:12:27.338 [error] local node self-trust was not added: node signing public-key artifact is absent — continuing with configured trusted identities
03:12:27.338 [warning] CommitStore: local write DENIED by trust gate (enforce) doc_uuid=91dcbca6-4cc1-448d-ac73-752a8b3db5e4 commit_id=df8f65b9e8b2fe72e77afa0730553a8eb96d8ba6b8738504e1bc10cc50205ab0 reason=:unsigned
03:12:27.339 [error] local node self-trust was not added: node signing public-key artifact is absent — continuing with configured trusted identities
03:12:27.339 [warning] CommitStore: local write DENIED by trust gate (enforce) doc_uuid=f09cf935-f660-44ce-bf0b-d62a7b97ed47 commit_id=2360927a926f3225ab27353fdaa2ddd8e3f274abda2b89fbe7fc8437526afadc reason=:unsigned
03:12:27.339 [error] local node self-trust was not added: node signing public-key artifact is absent — continuing with configured trusted identities
03:12:27.339 [warning] CommitStore: local write DENIED by trust gate (enforce) doc_uuid=1c835398-7982-4793-a9fe-410a97e62424 commit_id=33cce793c8efcec757198d31fe0662ed4a8cc81ec3d28e55e5f4a05602a6880b reason=:unsigned
03:12:27.340 [error] local node self-trust was not added: node signing public-key artifact is absent — continuing with configured trusted identities
03:12:27.340 [warning] CommitStore: local write DENIED by trust gate (enforce) doc_uuid=da9ee143-1700-49f8-8133-8e5173660122 commit_id=b0b3bd2d6d647f6eebc00b3782d0bd757fb15188e36a2f3ebf3f5c5f4c821367 reason=:unsigned
03:12:27.341 [error] local node self-trust was not added: node signing public-key artifact is absent — continuing with configured trusted identities
03:12:27.341 [warning] CommitStore: local write DENIED by trust gate (enforce) doc_uuid=7556639f-1aa9-44a9-a172-736a046f5230 commit_id=1ed0e10bd28823c9c4afffd399c581c467e6d227ec3e7c984c72e2728dd7e712 reason=:unsigned
03:12:27.342 [error] local node self-trust was not added: node signing public-key artifact is absent — continuing with configured trusted identities
03:12:27.342 [warning] CommitStore: local write DENIED by trust gate (enforce) doc_uuid=5ba25296-17a3-4712-882c-fcc38fc08f9b commit_id=beb8678584fc2cffad42ccfc51d8588cdf22ac3727e28cc0814c32629f561e88 reason=:unsigned
03:12:27.342 [error] local node self-trust was not added: node signing public-key artifact is absent — continuing with configured trusted identities
03:12:27.342 [warning] CommitStore: local write DENIED by trust gate (enforce) doc_uuid=2cd252a2-62d7-4365-beda-2e10cd16785d commit_id=a0d22a924e2fbefec1b78ee2af47e4bcc03daeeff97873a3329136e3933f1520 reason=:unsigned
03:12:27.343 [error] local node self-trust was not added: node signing public-key artifact is absent — continuing with configured trusted identities
03:12:27.343 [warning] CommitStore: local write DENIED by trust gate (enforce) doc_uuid=fd3c1f96-ed6c-43ad-beb6-6b0857fc4789 commit_id=fa68f91e2aa15719fd49e4b3f2828484b82355de7b3350d6d3c0b64d632fea55 reason=:unsigned
03:12:27.344 [error] local node self-trust was not added: node signing public-key artifact is absent — continuing with configured trusted identities
03:12:27.344 [warning] CommitStore: local write DENIED by trust gate (enforce) doc_uuid=ba1535d4-1bf0-4ad9-81ed-6813049e2aec commit_id=3416381651d381a9c2d6433de2da259f50f441ba94c8561cefa87cdcd11c54a4 reason=:unsigned
03:12:27.344 [error] local node self-trust was not added: node signing public-key artifact is absent — continuing with configured trusted identities
03:12:27.344 [warning] CommitStore: local write DENIED by trust gate (enforce) doc_uuid=24993515-3771-4db9-9692-153b06e19b73 commit_id=7c37e7711b0a38f67314e9e4ea6d2f48f5fd9348e66a0a0c033204e22cc3a377 reason=:unsigned
03:12:27.345 [error] local node self-trust was not added: node signing public-key artifact is absent — continuing with configured trusted identities
03:12:27.345 [warning] CommitStore: local write DENIED by trust gate (enforce) doc_uuid=42b4521f-3019-4963-9b04-f3b347eba089 commit_id=4bb3be983a7086becaf4b19c796a6e532866d5b3e01adc64e32b0914283a76a5 reason=:unsigned
03:12:27.345 [error] local node self-trust was not added: node signing public-key artifact is absent — continuing with configured trusted identities
03:12:27.346 [warning] CommitStore: local write DENIED by trust gate (enforce) doc_uuid=ff037180-cdac-4610-a37f-d5df6231ebef commit_id=5e578bbac08cb9eda57060c73e3454095bec2c977ede14c61b3820682bbb847b reason=:unsigned
03:12:27.346 [error] local node self-trust was not added: node signing public-key artifact is absent — continuing with configured trusted identities
03:12:27.346 [warning] CommitStore: local write DENIED by trust gate (enforce) doc_uuid=885e4b7c-a611-4302-97fc-9128caafcc85 commit_id=80ddf0a0b69ebcb84378e3384daa21a25ffac9a207245d189d1ca5f88ed37a5b reason=:unsigned
03:12:27.346 [error] local node self-trust was not added: node signing public-key artifact is absent — continuing with configured trusted identities
03:12:27.347 [warning] CommitStore: local write DENIED by trust gate (enforce) doc_uuid=c3efec62-b4fc-46be-b975-0536cf0aeb8d commit_id=47640dacfeeff406b0c80a4aa1f28007d2e4626c2167010c0828ed159ebb3ff7 reason=:unsigned
03:12:27.347 [error] local node self-trust was not added: node signing public-key artifact is absent — continuing with configured trusted identities
03:12:27.347 [warning] CommitStore: local write DENIED by trust gate (enforce) doc_uuid=ffb1b6a9-094b-4f88-b696-1079ff52dbb1 commit_id=75c0f80fcaaddc855ea0dd351a4508de2c0cd7ed1873ddf853415fec8d6ad755 reason=:unsigned
03:12:27.348 [error] local node self-trust was not added: node signing public-key artifact is absent — continuing with configured trusted identities
03:12:27.348 [warning] CommitStore: local write DENIED by trust gate (enforce) doc_uuid=9247b5df-d39a-459c-af06-fc4c4b2b4046 commit_id=35bc2821079f88a54a6b15caea4ce410bcf3f707202a98aee23d8b9d237ab082 reason=:unsigned
03:12:27.348 [error] local node self-trust was not added: node signing public-key artifact is absent — continuing with configured trusted identities
03:12:27.348 [warning] CommitStore: local write DENIED by trust gate (enforce) doc_uuid=9ba5d1b1-f632-43cd-898c-6063e3f37a4f commit_id=0411d3ce0971d132cd0947f107e46a21a047a58d5a213682756890001d245ca6 reason=:unsigned
03:12:27.349 [error] local node self-trust was not added: node signing public-key artifact is absent — continuing with configured trusted identities
03:12:27.349 [warning] CommitStore: local write DENIED by trust gate (enforce) doc_uuid=493bddf5-1490-4f44-b5de-c2df3e026bc8 commit_id=30c09f5dd94b803d10e58ad77aa7c2c985a57a05a7ca41942b2b3ae5172c2109 reason=:unsigned
03:12:27.349 [error] local node self-trust was not added: node signing public-key artifact is absent — continuing with configured trusted identities
03:12:27.349 [warning] CommitStore: local write DENIED by trust gate (enforce) doc_uuid=ad0ae0eb-cf14-4608-86fd-7435410a1dcd commit_id=643a682c361801b914f0fc5bd66cb26d4a6437ee2db91d438ab1acf17a549863 reason=:unsigned
03:12:27.350 [error] local node self-trust was not added: node signing public-key artifact is absent — continuing with configured trusted identities
03:12:27.350 [warning] CommitStore: local write DENIED by trust gate (enforce) doc_uuid=9bc2804b-186e-43dc-a0a5-e3a74d706e9a commit_id=6156456212f8c122c1929b2a2311fb70084158febb822526dca4e5bde4d716fc reason=:unsigned
03:12:27.350 [error] local node self-trust was not added: node signing public-key artifact is absent — continuing with configured trusted identities
03:12:27.350 [warning] CommitStore: local write DENIED by trust gate (enforce) doc_uuid=96857d99-7708-4a86-8f82-0cf07207cf48 commit_id=71d9293df41ea4052c717a94dade1cdcacbebb92438c13d70c60c3c62a7b2c10 reason=:unsigned
03:12:27.351 [error] local node self-trust was not added: node signing public-key artifact is absent — continuing with configured trusted identities
03:12:27.351 [warning] CommitStore: local write DENIED by trust gate (enforce) doc_uuid=7d86f380-cee5-401d-86e9-0ea41a59412f commit_id=507bdb1f4e18f105d2e5c7214665972779e007eeaaeee916c0bd61f02e9f8af9 reason=:unsigned
03:12:27.351 [error] local node self-trust was not added: node signing public-key artifact is absent — continuing with configured trusted identities
03:12:27.351 [warning] CommitStore: local write DENIED by trust gate (enforce) doc_uuid=75197265-f055-4451-95eb-2327444ce529 commit_id=421ad832afe6283eadd272374df20f783e048c16b1d89a57eb278987ab47ccaf reason=:unsigned
03:12:27.352 [error] local node self-trust was not added: node signing public-key artifact is absent — continuing with configured trusted identities
03:12:27.352 [warning] CommitStore: local write DENIED by trust gate (enforce) doc_uuid=6c377090-61b7-4767-bc3a-1ea424f97f86 commit_id=c01f34dbe507f8ceccc1986f7d4591886324e331c4a3bedf5748f58db29a4186 reason=:unsigned
03:12:27.352 [error] local node self-trust was not added: node signing public-key artifact is absent — continuing with configured trusted identities
03:12:27.352 [warning] CommitStore: local write DENIED by trust gate (enforce) doc_uuid=156d83ef-f031-4b08-9d1d-0b541e2efc2d commit_id=94dee7b05458b36454e71f2c01cc319b6ccec8b4f86f9a97deb5fb26aa6eb21d reason=:unsigned
03:12:27.353 [error] local node self-trust was not added: node signing public-key artifact is absent — continuing with configured trusted identities
03:12:27.353 [warning] CommitStore: local write DENIED by trust gate (enforce) doc_uuid=027d6b16-ffb5-47c0-b9a7-c42f8310b828 commit_id=c12524f8b8329fee98fb3698f5c39193f3207e96d371ef15c85f5022761f66fa reason=:unsigned
03:12:27.353 [error] local node self-trust was not added: node signing public-key artifact is absent — continuing with configured trusted identities
03:12:27.353 [warning] CommitStore: local write DENIED by trust gate (enforce) doc_uuid=e1cab891-9916-4d53-8b5f-e1876fb284ff commit_id=bd9da806da28f23ce444ac430a6be626bf32a5ce3be231fb7290a1ad28b78cfa reason=:unsigned
03:12:27.354 [error] local node self-trust was not added: node signing public-key artifact is absent — continuing with configured trusted identities
03:12:27.354 [warning] CommitStore: local write DENIED by trust gate (enforce) doc_uuid=8bf3c6d0-e2e3-4ce8-b4fa-b53bce13e53d commit_id=e4783b3f6bc151592cc26775fad3bb759df5b87f0b1386d25be134ce281ae4f6 reason=:unsigned
03:12:27.354 [error] local node self-trust was not added: node signing public-key artifact is absent — continuing with configured trusted identities
03:12:27.354 [warning] CommitStore: local write DENIED by trust gate (enforce) doc_uuid=0092a780-2b31-44d4-8f62-e8308423d742 commit_id=3097dc66c32bcdb511e1ff871de570864dfcd3c540ef3ea47fd90e1a04510c48 reason=:unsigned
03:12:27.354 [error] local node self-trust was not added: node signing public-key artifact is absent — continuing with configured trusted identities
03:12:27.355 [warning] CommitStore: local write DENIED by trust gate (enforce) doc_uuid=3757bf22-dea4-4b4d-98fe-158cb66c8a71 commit_id=96d328dfd22ea9b73b1e0733c20604eddc1935eb70cf32c22962861459867f4e reason=:unsigned
03:12:27.355 [error] local node self-trust was not added: node signing public-key artifact is absent — continuing with configured trusted identities
03:12:27.355 [warning] CommitStore: local write DENIED by trust gate (enforce) doc_uuid=6abb7482-e188-4122-9e4f-51ab48d79f82 commit_id=e2425c259f04197fec6af2d77dc4c7a9df4a7dee6481494da0104854cfd9d7ca reason=:unsigned
03:12:27.355 [error] local node self-trust was not added: node signing public-key artifact is absent — continuing with configured trusted identities
03:12:27.356 [warning] CommitStore: local write DENIED by trust gate (enforce) doc_uuid=accc6242-715a-482c-b500-612440f8a320 commit_id=00cd693af1117bc2c173fc4a99d1b9843d6baf3177c7f5721d5552b31eba2b44 reason=:unsigned
03:12:27.356 [error] local node self-trust was not added: node signing public-key artifact is absent — continuing with configured trusted identities
03:12:27.356 [warning] CommitStore: local write DENIED by trust gate (enforce) doc_uuid=99166f01-91a2-4271-be33-30e6ba21f789 commit_id=ac51e1485e6ff37868f4f4df8c9433ad21d4cf4297e5a9ec97c20f99180bd233 reason=:unsigned
03:12:27.357 [error] local node self-trust was not added: node signing public-key artifact is absent — continuing with configured trusted identities
03:12:27.357 [warning] CommitStore: local write DENIED by trust gate (enforce) doc_uuid=ccb98082-4c77-497b-ae37-35b6ec05367c commit_id=28844f332461901b4c178a2365921eb627808033d1f56343097ae4d33174b25a reason=:unsigned
03:12:27.358 [error] local node self-trust was not added: node signing public-key artifact is absent — continuing with configured trusted identities
03:12:27.358 [warning] CommitStore: local write DENIED by trust gate (enforce) doc_uuid=1dff8035-69ce-40c6-a768-abd71bb177f7 commit_id=617a8646410e3106d8cc7a457b3dee9ecdf89962025b3d7b44d3b8f1063cbdf6 reason=:unsigned
03:12:27.359 [error] local node self-trust was not added: node signing public-key artifact is absent — continuing with configured trusted identities
03:12:27.359 [warning] CommitStore: local write DENIED by trust gate (enforce) doc_uuid=96fe3823-64d3-4d39-ab3a-440b24ffaefd commit_id=232fbb190521d74af25aae44b7692130e9c56a5fc4a8fa875ee931ccbd5e8508 reason=:unsigned
03:12:27.359 [error] local node self-trust was not added: node signing public-key artifact is absent — continuing with configured trusted identities
03:12:27.360 [warning] CommitStore: local write DENIED by trust gate (enforce) doc_uuid=ecc51f64-616d-4247-befe-d98c1ef69e47 commit_id=3f1e1d9f528e679d1e9d5be01dce40c36bb1c003f15f95d6203c60f6a99f43a6 reason=:unsigned
03:12:27.360 [error] local node self-trust was not added: node signing public-key artifact is absent — continuing with configured trusted identities
03:12:27.360 [warning] CommitStore: local write DENIED by trust gate (enforce) doc_uuid=327d3c5f-a7db-4cea-8c2d-7943c17d5312 commit_id=8ee04f3bd5396645bf7a3b3fb5d1364c1430683732fd60d7ca94d2e92cc195a1 reason=:unsigned
03:12:27.361 [error] local node self-trust was not added: node signing public-key artifact is absent — continuing with configured trusted identities
03:12:27.361 [warning] CommitStore: local write DENIED by trust gate (enforce) doc_uuid=1910a852-29a5-4f1e-ad27-837c3d62f732 commit_id=2f367eeacca3c8313ca4d5d8e07a4cc55a9e09cda012e7da69471884136ed110 reason=:unsigned
03:12:27.361 [error] local node self-trust was not added: node signing public-key artifact is absent — continuing with configured trusted identities
03:12:27.361 [warning] CommitStore: local write DENIED by trust gate (enforce) doc_uuid=219f38d0-c5cc-4555-9bd2-3962f2235f6b commit_id=0113de02247d3bc2e46da2dd295f2d18a107ce692a0a2460a68ba4b0af46a8cb reason=:unsigned
03:12:27.362 [error] local node self-trust was not added: node signing public-key artifact is absent — continuing with configured trusted identities
03:12:27.362 [warning] CommitStore: local write DENIED by trust gate (enforce) doc_uuid=0e04892e-94f0-4f75-a995-a2bab355bcd6 commit_id=9d2ec201d7a38df70a83a7cf5d2c72f51148df1d212620950709c92eb653d8e9 reason=:unsigned
03:12:27.362 [error] local node self-trust was not added: node signing public-key artifact is absent — continuing with configured trusted identities
03:12:27.362 [warning] CommitStore: local write DENIED by trust gate (enforce) doc_uuid=61195062-dc55-41a5-9ae2-8f359e6e36e1 commit_id=c58180478eb87243fc799cbd7fa90273ffca2cba87254a4194a0dc5e0a6e7362 reason=:unsigned
03:12:27.363 [error] local node self-trust was not added: node signing public-key artifact is absent — continuing with configured trusted identities
03:12:27.363 [warning] CommitStore: local write DENIED by trust gate (enforce) doc_uuid=cd963b1a-125a-4757-ba95-22e47be6a384 commit_id=9023ed665db45663461d1ecb47adc5f30c95225860351a002b7d1b18646096f1 reason=:unsigned
03:12:27.363 [error] local node self-trust was not added: node signing public-key artifact is absent — continuing with configured trusted identities
03:12:27.363 [warning] CommitStore: local write DENIED by trust gate (enforce) doc_uuid=abc1c7fe-ab45-4254-8f44-645d3804906a commit_id=4fdf8a33bec7e529d4c84a4d56be5e0569f39e9cf1068f8ebfda9b047f28c0f3 reason=:unsigned
03:12:27.363 [error] local node self-trust was not added: node signing public-key artifact is absent — continuing with configured trusted identities
03:12:27.364 [warning] CommitStore: local write DENIED by trust gate (enforce) doc_uuid=b3631841-17fe-4fb5-9e48-eb3183b5b546 commit_id=d55351b8f70399dd8d21e34aef7e701977da41ff63a8aae95699dd1d032656d5 reason=:unsigned
03:12:27.364 [error] local node self-trust was not added: node signing public-key artifact is absent — continuing with configured trusted identities
03:12:27.364 [warning] CommitStore: local write DENIED by trust gate (enforce) doc_uuid=b4df374a-87bf-4217-9e55-1dcb8d9b1d43 commit_id=943c35c34c484bb0f9564c644f3f123993b19f625b963593e22bef115c5f18c6 reason=:unsigned
03:12:27.364 [error] local node self-trust was not added: node signing public-key artifact is absent — continuing with configured trusted identities
03:12:27.365 [warning] CommitStore: local write DENIED by trust gate (enforce) doc_uuid=793543d1-6b6c-4f5a-845f-bc74302aabf7 commit_id=ac3123bb13a3d77ba1a950c8b7bdc9c1c68ac9e7487a68a5439c31676aba8e77 reason=:unsigned
03:12:27.365 [error] local node self-trust was not added: node signing public-key artifact is absent — continuing with configured trusted identities
03:12:27.365 [warning] CommitStore: local write DENIED by trust gate (enforce) doc_uuid=4764bedf-5744-46af-9345-1e657bab0e9f commit_id=523347846a083a4db467dcc7c164c656a6e74e803cb1e9657025544d48f94b01 reason=:unsigned
03:12:27.365 [error] local node self-trust was not added: node signing public-key artifact is absent — continuing with configured trusted identities
03:12:27.366 [warning] CommitStore: local write DENIED by trust gate (enforce) doc_uuid=7942f1ac-1666-44a6-99f6-af22b7232049 commit_id=30c515a6b2cf44e67fb648f26f83bf698bceb98e5b5c89e57521c3a292f93786 reason=:unsigned
03:12:27.366 [error] local node self-trust was not added: node signing public-key artifact is absent — continuing with configured trusted identities
03:12:27.366 [warning] CommitStore: local write DENIED by trust gate (enforce) doc_uuid=fcd1d1bc-2667-4f05-97df-c80b874b67d4 commit_id=ac1f8965c5c5b88e71969cc93f6db850b8dded056c283eb171b7d82e488858f6 reason=:unsigned
03:12:27.366 [error] local node self-trust was not added: node signing public-key artifact is absent — continuing with configured trusted identities
03:12:27.366 [warning] CommitStore: local write DENIED by trust gate (enforce) doc_uuid=0b8bb8e7-a37d-4f66-b597-5d75bfac2a7e commit_id=a871d9651df0077de349c2499810a2c52c963600698571c8fc28f7520362d43a reason=:unsigned
03:12:27.367 [error] local node self-trust was not added: node signing public-key artifact is absent — continuing with configured trusted identities
03:12:27.367 [warning] CommitStore: local write DENIED by trust gate (enforce) doc_uuid=b89a9513-539c-41d8-89a0-4d554933822c commit_id=9cece92ae899519bd82fbf1b9fa323e164bb431878b121166239094e5c4774d7 reason=:unsigned
03:12:27.367 [error] local node self-trust was not added: node signing public-key artifact is absent — continuing with configured trusted identities
03:12:27.368 [warning] CommitStore: local write DENIED by trust gate (enforce) doc_uuid=14d8d0a1-f941-4b32-aa2a-b8fe5e093937 commit_id=25894aab2a520950987e118ad52667be6a212ed339e96d66144ed8e828f38d43 reason=:unsigned
03:12:27.368 [error] local node self-trust was not added: node signing public-key artifact is absent — continuing with configured trusted identities
03:12:27.368 [warning] CommitStore: local write DENIED by trust gate (enforce) doc_uuid=3c17a50f-1ba0-47c9-b564-abd9367fe75a commit_id=1b69a6c25a3e75d484a29997f1c211266ae628b99f3b9ca3ed2f8ceebae19e6e reason=:unsigned
03:12:27.368 [error] local node self-trust was not added: node signing public-key artifact is absent — continuing with configured trusted identities
03:12:27.369 [warning] CommitStore: local write DENIED by trust gate (enforce) doc_uuid=1e0911bd-d1cb-4cb7-ac02-098028dde8e3 commit_id=2a49b5c6dd648964b3e4761063c96362d43779d7e5f5b5dcc9cbb3355b2cac5f reason=:unsigned
03:12:27.369 [error] local node self-trust was not added: node signing public-key artifact is absent — continuing with configured trusted identities
03:12:27.369 [warning] CommitStore: local write DENIED by trust gate (enforce) doc_uuid=9c648744-9379-4f04-9816-8772cdebeec2 commit_id=1d1d920106bd2f0314ee7eaf5842e1017fd128ad55d3675daa7d74677580c543 reason=:unsigned
03:12:27.369 [error] local node self-trust was not added: node signing public-key artifact is absent — continuing with configured trusted identities
03:12:27.370 [warning] CommitStore: local write DENIED by trust gate (enforce) doc_uuid=615a7b12-cb00-46bc-8c91-6af2b199f927 commit_id=8336cefef8f43d0428e9cd30b8c76a057dcc67c6ec18f8547a411ee52e5425c8 reason=:unsigned
03:12:27.370 [error] local node self-trust was not added: node signing public-key artifact is absent — continuing with configured trusted identities
03:12:27.370 [warning] CommitStore: local write DENIED by trust gate (enforce) doc_uuid=838a540d-26f7-412f-940d-993764026824 commit_id=e04ea19dc03d9e7eed83fe0cd9356b44b9f2a0554c381591bf574ed05f9b6d11 reason=:unsigned
03:12:27.370 [error] local node self-trust was not added: node signing public-key artifact is absent — continuing with configured trusted identities
03:12:27.371 [warning] CommitStore: local write DENIED by trust gate (enforce) doc_uuid=fe6fce28-30ad-4969-a256-fc8d57fac082 commit_id=d573f938761bf6c0d3431cfc125a9f582af08b0de5d9b3edbe70d2a4a58e023d reason=:unsigned
03:12:27.371 [error] local node self-trust was not added: node signing public-key artifact is absent — continuing with configured trusted identities
03:12:27.371 [warning] CommitStore: local write DENIED by trust gate (enforce) doc_uuid=427afe7e-d803-4ce0-90c1-57044b6e3837 commit_id=82f386cec510ba7ab4f0029c68e746cd824fedb20ce5921c1bfce922c1d47c88 reason=:unsigned
03:12:27.371 [error] local node self-trust was not added: node signing public-key artifact is absent — continuing with configured trusted identities
03:12:27.371 [warning] CommitStore: local write DENIED by trust gate (enforce) doc_uuid=d8544d0d-8f43-4f6b-90f7-057bc46661e9 commit_id=7929b9abe641fb3b2cab7c060cede31b08994c57a2e549eac4e7c2c5cf5ee803 reason=:unsigned
03:12:27.372 [error] local node self-trust was not added: node signing public-key artifact is absent — continuing with configured trusted identities
03:12:27.372 [warning] CommitStore: local write DENIED by trust gate (enforce) doc_uuid=8667243e-c2cd-499e-80bf-6e8529da11ec commit_id=b8ef6acc461e29d647b85ff3896553af67ad5d47ef38528840aeb379425c5eb3 reason=:unsigned
03:12:27.372 [error] local node self-trust was not added: node signing public-key artifact is absent — continuing with configured trusted identities
03:12:27.372 [warning] CommitStore: local write DENIED by trust gate (enforce) doc_uuid=6c6515ca-e335-4f8b-b157-7fa6802c70e2 commit_id=86d1e13c9bec4824bdf400215f15a13cae9ce01c0738ad5e56e694f2c86e81cf reason=:unsigned
03:12:27.373 [error] local node self-trust was not added: node signing public-key artifact is absent — continuing with configured trusted identities
03:12:27.373 [warning] CommitStore: local write DENIED by trust gate (enforce) doc_uuid=27e3414c-98af-4820-a44b-ed2912ed0da5 commit_id=3dc88f0e129bf73035d03f65bd20b4c5bb69af19d7e9ce91d0b0bd29d82d6da7 reason=:unsigned
03:12:27.373 [error] local node self-trust was not added: node signing public-key artifact is absent — continuing with configured trusted identities
03:12:27.373 [warning] CommitStore: local write DENIED by trust gate (enforce) doc_uuid=1bc1ab2d-654d-4098-bc79-4fd6b8bbbd78 commit_id=98f4ee660aa5515deee0a69c31554715f06cec0e485fc2da26b5e0c32d849e00 reason=:unsigned
03:12:27.374 [error] local node self-trust was not added: node signing public-key artifact is absent — continuing with configured trusted identities
03:12:27.374 [warning] CommitStore: local write DENIED by trust gate (enforce) doc_uuid=a0901258-172b-4e01-91de-39cdb94cffaa commit_id=cca1411d97d6c562672bbfebddd3f5a30148c8d851015e76a41cebae770f2f5f reason=:unsigned
03:12:27.374 [error] local node self-trust was not added: node signing public-key artifact is absent — continuing with configured trusted identities
03:12:27.374 [warning] CommitStore: local write DENIED by trust gate (enforce) doc_uuid=6319832e-7f91-46d8-8ebd-2be87801fa3c commit_id=d58f8da881a1875e74c6cbb306ddc91084dd3656c00b6ebf9977e07243732643 reason=:unsigned
03:12:27.375 [error] local node self-trust was not added: node signing public-key artifact is absent — continuing with configured trusted identities
03:12:27.375 [warning] CommitStore: local write DENIED by trust gate (enforce) doc_uuid=5a9247c8-5adb-4f4a-ad2b-7321d7d91c8b commit_id=cde63d0410f98967aed9c408b34437e2049087d687ea91448eba57648454781b reason=:unsigned
03:12:27.375 [error] local node self-trust was not added: node signing public-key artifact is absent — continuing with configured trusted identities
03:12:27.375 [warning] CommitStore: local write DENIED by trust gate (enforce) doc_uuid=82fc6c39-1026-4985-93e0-1a5a0b60b333 commit_id=c0deb5a23588eb335d85adbb2f2c360c827bc4cf7b59ef858e1efbf80e6b8f9e reason=:unsigned
03:12:27.375 [error] local node self-trust was not added: node signing public-key artifact is absent — continuing with configured trusted identities
03:12:27.376 [warning] CommitStore: local write DENIED by trust gate (enforce) doc_uuid=4eb8afd7-2090-4870-9c5c-d713308fb449 commit_id=8cf330546754b0785617780e7f6e3de735b8adb08e39a62b3a8f3fc2394bd41b reason=:unsigned
03:12:27.376 [error] local node self-trust was not added: node signing public-key artifact is absent — continuing with configured trusted identities
03:12:27.376 [warning] CommitStore: local write DENIED by trust gate (enforce) doc_uuid=4c33e89e-405b-435a-bfe2-18528ebff0fe commit_id=50a2244ec8057f3630256dce9f624907b186a54793ca2c678084c463185b6bb8 reason=:unsigned
03:12:27.376 [error] local node self-trust was not added: node signing public-key artifact is absent — continuing with configured trusted identities
03:12:27.377 [warning] CommitStore: local write DENIED by trust gate (enforce) doc_uuid=c56b7bb4-5855-49ee-9438-d8765ffb523a commit_id=d1ec5db563ace4403906d1e5b6de38cb1d5b397ca824a31e309f591d851410c4 reason=:unsigned
03:12:27.377 [error] local node self-trust was not added: node signing public-key artifact is absent — continuing with configured trusted identities
03:12:27.377 [warning] CommitStore: local write DENIED by trust gate (enforce) doc_uuid=4a7d4094-328b-4265-a14f-303790b384ea commit_id=9805b58b7a4705a18287a060006e3c82e11d523a49e43e4f5ff9e93051b48ace reason=:unsigned
03:12:27.377 [error] local node self-trust was not added: node signing public-key artifact is absent — continuing with configured trusted identities
03:12:27.378 [warning] CommitStore: local write DENIED by trust gate (enforce) doc_uuid=5acebb1b-52e9-4584-ae19-d08e4c3de32e commit_id=7a3c47bd6d12ea9c1ff382268d54e1fc14f0e40947f79a33af88820489677c23 reason=:unsigned
03:12:27.378 [error] local node self-trust was not added: node signing public-key artifact is absent — continuing with configured trusted identities
03:12:27.378 [warning] CommitStore: local write DENIED by trust gate (enforce) doc_uuid=fa4ce44e-5e20-4979-88c5-f5ee92ae94ef commit_id=2d442452524e3b3ad1504cc6186bf79c4ca0a29cd26353281e6d1fe65aba666f reason=:unsigned
03:12:27.378 [error] local node self-trust was not added: node signing public-key artifact is absent — continuing with configured trusted identities
03:12:27.378 [warning] CommitStore: local write DENIED by trust gate (enforce) doc_uuid=d713af30-043d-4835-b589-2d7e8df49ea8 commit_id=72ba1e2113b2e779ee85e76be708891091c63114fc6a3968c00393f4df560891 reason=:unsigned
03:12:27.379 [error] local node self-trust was not added: node signing public-key artifact is absent — continuing with configured trusted identities
03:12:27.379 [warning] CommitStore: local write DENIED by trust gate (enforce) doc_uuid=4c4d7488-da92-4f22-ad17-cdcd2845081e commit_id=b87c8408cdf306ec9a629323e7078d439548dcde6309f20be78317d47417049b reason=:unsigned
03:12:27.379 [error] local node self-trust was not added: node signing public-key artifact is absent — continuing with configured trusted identities
03:12:27.379 [warning] CommitStore: local write DENIED by trust gate (enforce) doc_uuid=643620a5-4a62-430b-9891-0d073a4094fc commit_id=200c0862279bfd629eb8c37a7e21d8b0f22e3e8c181d7f98f4bf8970e5c5119c reason=:unsigned
03:12:27.379 [error] local node self-trust was not added: node signing public-key artifact is absent — continuing with configured trusted identities
03:12:27.380 [warning] CommitStore: local write DENIED by trust gate (enforce) doc_uuid=aefd2cd3-23fe-4650-b941-b7e6b0ff9626 commit_id=ee080397d76379abd6dadabe763b5da66a222592580e6a0f912e5d2c36c3ec69 reason=:unsigned
03:12:27.380 [error] local node self-trust was not added: node signing public-key artifact is absent — continuing with configured trusted identities
03:12:27.380 [warning] CommitStore: local write DENIED by trust gate (enforce) doc_uuid=fbe0be0f-a9d6-4e25-9295-46db1d4e16ca commit_id=e0e9c6eaccc78d1bcb435076e62a1a727b675b79787ccd67890307d0f986bbac reason=:unsigned
03:12:27.380 [error] local node self-trust was not added: node signing public-key artifact is absent — continuing with configured trusted identities
03:12:27.380 [warning] CommitStore: local write DENIED by trust gate (enforce) doc_uuid=6cf5ee90-203b-44da-8757-3c280e941db6 commit_id=4375ff903194e80409c5728302bf1f85c88f332a414fbf6ab4d6a6503fc48216 reason=:unsigned
03:12:27.380 [error] local node self-trust was not added: node signing public-key artifact is absent — continuing with configured trusted identities
03:12:27.381 [warning] CommitStore: local write DENIED by trust gate (enforce) doc_uuid=6f3c39a3-28a8-478f-bceb-30daf90797f2 commit_id=5580a68b3cc17ea9862bd189a427f58071537fe7d49d58435b38b6a6dde69090 reason=:unsigned
03:12:27.381 [error] local node self-trust was not added: node signing public-key artifact is absent — continuing with configured trusted identities
03:12:27.381 [warning] CommitStore: local write DENIED by trust gate (enforce) doc_uuid=b624712c-69a2-47e3-b1b6-156a86bc0fce commit_id=b409501bec6238df71c1b7082ca35be1d01fb291a69deffd543541d019144663 reason=:unsigned
03:12:27.381 [error] local node self-trust was not added: node signing public-key artifact is absent — continuing with configured trusted identities
03:12:27.381 [warning] CommitStore: local write DENIED by trust gate (enforce) doc_uuid=f97f92d5-e0b6-425c-aa51-c88ad21db948 commit_id=be49412262ca725c5d9457fced865ccb1d07110f5792cd5724e6922d617ad308 reason=:unsigned
03:12:27.382 [error] local node self-trust was not added: node signing public-key artifact is absent — continuing with configured trusted identities
03:12:27.382 [warning] CommitStore: local write DENIED by trust gate (enforce) doc_uuid=00e912f6-6e69-4a4a-882c-3e39a925d8ab commit_id=163e03128c3fe1d9e6dfdf019d0a16ee098c9e7f7bf593df733a90cf196be8f1 reason=:unsigned
03:12:27.382 [error] local node self-trust was not added: node signing public-key artifact is absent — continuing with configured trusted identities
03:12:27.382 [warning] CommitStore: local write DENIED by trust gate (enforce) doc_uuid=5cbd81f0-32b0-401f-a132-fad994a0751a commit_id=49c975a5a4760ee2a8c48530683bdffe5443c7ed3da7fbc8c0bd40360a5b5066 reason=:unsigned
03:12:27.383 [error] local node self-trust was not added: node signing public-key artifact is absent — continuing with configured trusted identities
03:12:27.383 [warning] CommitStore: local write DENIED by trust gate (enforce) doc_uuid=8c52f99d-f0f8-4ac9-a3e8-a75fc87e8e92 commit_id=4a4bfd799b4effaac5323aec1cd47246f6111423fc3415b190268914d5e4f8e6 reason=:unsigned
03:12:27.383 [error] local node self-trust was not added: node signing public-key artifact is absent — continuing with configured trusted identities
03:12:27.383 [warning] CommitStore: local write DENIED by trust gate (enforce) doc_uuid=76cc824f-1f05-4dd8-8f0a-5293c8645db9 commit_id=125d531fc0bad2a1200e8ce365a27d19f692e0a37ba8b5d7e0c58a4454323e8b reason=:unsigned
03:12:27.384 [error] local node self-trust was not added: node signing public-key artifact is absent — continuing with configured trusted identities
03:12:27.384 [warning] CommitStore: local write DENIED by trust gate (enforce) doc_uuid=21cfb87a-aceb-452e-82e9-fd83b17f974a commit_id=1b197e216d88f1797f90923cb3b71da14689837f804c4e9ceb6e7c99818c96e1 reason=:unsigned
03:12:27.384 [error] local node self-trust was not added: node signing public-key artifact is absent — continuing with configured trusted identities
03:12:27.384 [warning] CommitStore: local write DENIED by trust gate (enforce) doc_uuid=5ee4393e-6264-4274-961f-0d9d891e5e13 commit_id=050ee6f4ed71a366163a6f61ada3c24e391b460acb4f7c0a721c4fc2d41e4c2e reason=:unsigned
03:12:27.385 [error] local node self-trust was not added: node signing public-key artifact is absent — continuing with configured trusted identities
03:12:27.385 [warning] CommitStore: local write DENIED by trust gate (enforce) doc_uuid=d23f45c4-6776-4e53-8f05-923063aded51 commit_id=09edbfd6efd0aca94a69bd7f1b143d90cb63dc0167bd00fd2825a07856577f6f reason=:unsigned
03:12:27.385 [error] local node self-trust was not added: node signing public-key artifact is absent — continuing with configured trusted identities
03:12:27.386 [warning] CommitStore: local write DENIED by trust gate (enforce) doc_uuid=c73a6bd8-fb20-4ca1-9c8e-39a8a5966601 commit_id=9167de795c51431466b433adb74c50199e809015bc9550c485a9a76aef3edcf1 reason=:unsigned
03:12:27.386 [error] local node self-trust was not added: node signing public-key artifact is absent — continuing with configured trusted identities
03:12:27.386 [warning] CommitStore: local write DENIED by trust gate (enforce) doc_uuid=8a21c1a2-1863-42f2-ab0f-7a1e72e88ad5 commit_id=775b69c27f792d7a2d9046ab9cf701d094062a39ac5b52757d4b179c97286bc4 reason=:unsigned
03:12:27.386 [error] local node self-trust was not added: node signing public-key artifact is absent — continuing with configured trusted identities
03:12:27.387 [warning] CommitStore: local write DENIED by trust gate (enforce) doc_uuid=1c5057e1-6538-40f6-8770-bbd1e36dc450 commit_id=197ff462e216719bc898dae0a942826e4d938ffa745ecfe6ce568243a2f45642 reason=:unsigned
03:12:27.387 [error] local node self-trust was not added: node signing public-key artifact is absent — continuing with configured trusted identities
03:12:27.387 [warning] CommitStore: local write DENIED by trust gate (enforce) doc_uuid=dec5c09e-b818-4641-8c2d-e1ff0a77f884 commit_id=f47081d944e5f58492f33524476f268c7bee4cb7d08d92e704b8c7b3645cbb62 reason=:unsigned
03:12:27.387 [error] local node self-trust was not added: node signing public-key artifact is absent — continuing with configured trusted identities
03:12:27.387 [warning] CommitStore: local write DENIED by trust gate (enforce) doc_uuid=f1e0c5ed-9df0-4a94-9a46-6aa3a90b1722 commit_id=2db30f86f3e7c381a3d975fff32d8b08262a4531969898a21e6375a5e83bf283 reason=:unsigned
03:12:27.388 [error] local node self-trust was not added: node signing public-key artifact is absent — continuing with configured trusted identities
03:12:27.388 [warning] CommitStore: local write DENIED by trust gate (enforce) doc_uuid=84a3cbe4-9bbc-4226-bd2c-ae9959b07740 commit_id=f7cb5d598ffc2cd4588a475b6556bd43eb93bee90ac06999f6fd5690899ffb18 reason=:unsigned
03:12:27.388 [error] local node self-trust was not added: node signing public-key artifact is absent — continuing with configured trusted identities
03:12:27.388 [warning] CommitStore: local write DENIED by trust gate (enforce) doc_uuid=c82656b7-9883-4b66-9e0c-b1c570b5732e commit_id=4a85acc8a435551cd469593661dc56fa8735dc46ebca914d8323bd6fa83c0f85 reason=:unsigned
03:12:27.388 [error] local node self-trust was not added: node signing public-key artifact is absent — continuing with configured trusted identities
03:12:27.389 [warning] CommitStore: local write DENIED by trust gate (enforce) doc_uuid=3e2bc7a9-0dfa-4c3f-a3f6-9a0c8a3b39d4 commit_id=9789b1b09f498214147a023d74e182161a6745c6f68a9ce7e6bcd2d74e7760ef reason=:unsigned
03:12:27.389 [error] local node self-trust was not added: node signing public-key artifact is absent — continuing with configured trusted identities
03:12:27.389 [warning] CommitStore: local write DENIED by trust gate (enforce) doc_uuid=765e1af4-f138-4b4d-a9cb-8a45d75e1593 commit_id=8a80402280b3dbce85c500607fe4cc8232d802b9c958f889c212331e20b5ef16 reason=:unsigned
03:12:27.390 [error] local node self-trust was not added: node signing public-key artifact is absent — continuing with configured trusted identities
03:12:27.390 [warning] CommitStore: local write DENIED by trust gate (enforce) doc_uuid=53d2b991-0873-4774-8581-709634dfa0ab commit_id=692db28827b7072ee10de6fdba9cd00a81aefea4b497bbe083c8789fe9e6a38e reason=:unsigned
03:12:27.390 [error] local node self-trust was not added: node signing public-key artifact is absent — continuing with configured trusted identities
03:12:27.390 [warning] CommitStore: local write DENIED by trust gate (enforce) doc_uuid=8a80e57f-19c3-4543-8f8f-b5ce92d5646e commit_id=17658de96bc0199ff70a001aa26c4263c5e0a42bc666ceb322efb91490269473 reason=:unsigned
03:12:27.390 [error] local node self-trust was not added: node signing public-key artifact is absent — continuing with configured trusted identities
03:12:27.390 [warning] CommitStore: local write DENIED by trust gate (enforce) doc_uuid=34ae23c4-593c-4594-8bc7-9c26187ffecc commit_id=7a40835c6ea62e8eb2c2262e8b98d17d65642c8eb8c77fc7b16e381c9b3d155a reason=:unsigned
03:12:27.391 [error] local node self-trust was not added: node signing public-key artifact is absent — continuing with configured trusted identities
03:12:27.391 [warning] CommitStore: local write DENIED by trust gate (enforce) doc_uuid=6656afa5-8f43-4077-931c-92760c58bf37 commit_id=f672f1ad05ff0d2f20162c65efcb76bbda3e913a5bc3625c338876321c424410 reason=:unsigned
03:12:27.391 [error] local node self-trust was not added: node signing public-key artifact is absent — continuing with configured trusted identities
03:12:27.391 [warning] CommitStore: local write DENIED by trust gate (enforce) doc_uuid=c54d480a-fe97-48e3-8d3f-8bd9a829d32f commit_id=fe0881bd30ce44f8e7d7e962ccce101078fc8acdab2e65f4b5c9a5bef84f600a reason=:unsigned
03:12:27.392 [error] local node self-trust was not added: node signing public-key artifact is absent — continuing with configured trusted identities
03:12:27.392 [warning] CommitStore: local write DENIED by trust gate (enforce) doc_uuid=4b5898ac-2635-4754-9372-4e58e6c82bac commit_id=9a6775309700aaed171a550f7789cb237ba2cfda5d7974f8a7d2ca086edeb5ff reason=:unsigned
03:12:27.392 [error] local node self-trust was not added: node signing public-key artifact is absent — continuing with configured trusted identities
03:12:27.392 [warning] CommitStore: local write DENIED by trust gate (enforce) doc_uuid=0f39bedf-3a89-41c5-9a3e-2a0c3e87e26c commit_id=157a8086fce9da6a87be7d1188f0e8a6aebb2dfc165da09e8a3dff0d75f94a71 reason=:unsigned
03:12:27.393 [error] local node self-trust was not added: node signing public-key artifact is absent — continuing with configured trusted identities
03:12:27.393 [warning] CommitStore: local write DENIED by trust gate (enforce) doc_uuid=9b4892de-6cf7-43f3-9845-d60008ae8e7b commit_id=f774f0197b6ac2efe15a702d0a0369adeba7066722797b66443b209a1cf7f3d5 reason=:unsigned
03:12:27.393 [error] local node self-trust was not added: node signing public-key artifact is absent — continuing with configured trusted identities
03:12:27.393 [warning] CommitStore: local write DENIED by trust gate (enforce) doc_uuid=debafd10-6f29-4721-9ec4-a8a1ecf0989f commit_id=1033e9844546a145e0bd050eac742c48623d374365f3d61457bf5f84e4e7dcbe reason=:unsigned
03:12:27.394 [error] local node self-trust was not added: node signing public-key artifact is absent — continuing with configured trusted identities
03:12:27.394 [warning] CommitStore: local write DENIED by trust gate (enforce) doc_uuid=8763a95d-54ef-4553-bb31-8f98ebbbbebf commit_id=6abef0e40cd45eef216ad3d0bc5ddb0ed7d9770a45bddade232129200a4f44ba reason=:unsigned
03:12:27.394 [error] local node self-trust was not added: node signing public-key artifact is absent — continuing with configured trusted identities
03:12:27.394 [warning] CommitStore: local write DENIED by trust gate (enforce) doc_uuid=4f90789e-467f-4e19-9eec-eb3826c28510 commit_id=19e75844b29c827da54b3f4522dbe35cec1da9b1e1d942eadf0edcb5dd32d18d reason=:unsigned
03:12:27.395 [error] local node self-trust was not added: node signing public-key artifact is absent — continuing with configured trusted identities
03:12:27.395 [warning] CommitStore: local write DENIED by trust gate (enforce) doc_uuid=98979a7f-2edb-48b7-a6b7-14e0f4783b2a commit_id=381e76fb625c3296dacf438c4690ceac3ff107ffac7b34b6b9907ef90fb3381c reason=:unsigned
03:12:27.395 [error] local node self-trust was not added: node signing public-key artifact is absent — continuing with configured trusted identities
03:12:27.396 [warning] CommitStore: local write DENIED by trust gate (enforce) doc_uuid=c3629691-f766-4816-a301-2150adf8e370 commit_id=fee471c244137f9eb4a3178ad14dfd51c9d2df8d45738b034a844bae2748b29a reason=:unsigned
03:12:27.396 [error] local node self-trust was not added: node signing public-key artifact is absent — continuing with configured trusted identities
03:12:27.396 [warning] CommitStore: local write DENIED by trust gate (enforce) doc_uuid=b3f0be5b-4803-44fc-8d20-03680f757e52 commit_id=796a2c2a389b0d8584d907f9d52871fe7e984e18cf69a19d8e42c6dae2b88476 reason=:unsigned
03:12:27.397 [error] local node self-trust was not added: node signing public-key artifact is absent — continuing with configured trusted identities
03:12:27.397 [warning] CommitStore: local write DENIED by trust gate (enforce) doc_uuid=65882677-002b-4f11-a399-cefb89970ac3 commit_id=582a145dd6fd14b6d392b756390427cad88cfc1e3fd19cf23b846f354ab54d03 reason=:unsigned
03:12:27.397 [error] local node self-trust was not added: node signing public-key artifact is absent — continuing with configured trusted identities
03:12:27.397 [warning] CommitStore: local write DENIED by trust gate (enforce) doc_uuid=f5550c5b-e677-44b9-9e7d-b6e167f1f1f0 commit_id=3e0179a99027bb286095ec12808bb3f5dd2ec68a3a2f9f998bd97bf51ed75339 reason=:unsigned
03:12:27.398 [error] local node self-trust was not added: node signing public-key artifact is absent — continuing with configured trusted identities
03:12:27.398 [warning] CommitStore: local write DENIED by trust gate (enforce) doc_uuid=e6151d3f-9f37-4c10-91b2-92c6025a4de8 commit_id=b4e1b4f2f84583f96ba4769be7a1ced9162f31c4399f430cc3ba4057bb9adf90 reason=:unsigned
03:12:27.399 [error] local node self-trust was not added: node signing public-key artifact is absent — continuing with configured trusted identities
03:12:27.399 [warning] CommitStore: local write DENIED by trust gate (enforce) doc_uuid=262b82de-0053-4026-a937-af7488636f67 commit_id=c1ad8d907f9b26cb7526e98a69de85eb0b949542ed1d84039fc9d8d06df4dfc0 reason=:unsigned
03:12:27.399 [error] local node self-trust was not added: node signing public-key artifact is absent — continuing with configured trusted identities
03:12:27.399 [warning] CommitStore: local write DENIED by trust gate (enforce) doc_uuid=8b86f0b6-2068-46ce-a672-841299dc244f commit_id=c1fbc3331c5189b86d578ad02c17798c63e986b9c0994bd4f6efd5d20ba82474 reason=:unsigned
03:12:27.400 [error] local node self-trust was not added: node signing public-key artifact is absent — continuing with configured trusted identities
03:12:27.400 [warning] CommitStore: local write DENIED by trust gate (enforce) doc_uuid=62bd5b30-e4ec-48e7-9b58-7cc11dd64247 commit_id=1a243c7d68e643341d09940c9579cd1351e25084b046ced2990be1fd2c86bb45 reason=:unsigned
03:12:27.400 [error] local node self-trust was not added: node signing public-key artifact is absent — continuing with configured trusted identities
03:12:27.401 [warning] CommitStore: local write DENIED by trust gate (enforce) doc_uuid=c172447b-7cd8-4fe5-b943-ab386c992bdc commit_id=a129f734215d58d0b5e797ede74a660d1dde0d19a4847408105224d52e9fe22d reason=:unsigned
03:12:27.401 [error] local node self-trust was not added: node signing public-key artifact is absent — continuing with configured trusted identities
03:12:27.401 [warning] CommitStore: local write DENIED by trust gate (enforce) doc_uuid=bb1372a0-b6ec-4aad-bf4c-f4c9fd02402f commit_id=f201013f9eccb07dc200c132a00aa77d924bef2ae81672bf3afded414637051b reason=:unsigned
03:12:27.401 [error] local node self-trust was not added: node signing public-key artifact is absent — continuing with configured trusted identities
03:12:27.401 [warning] CommitStore: local write DENIED by trust gate (enforce) doc_uuid=644996a9-3ddf-4e95-baa9-68edb1c21de3 commit_id=f7817830a0f1f558d8112fb33afaf948fe816a9f29d032ebefff746f3b1756e1 reason=:unsigned
03:12:27.402 [error] local node self-trust was not added: node signing public-key artifact is absent — continuing with configured trusted identities
03:12:27.402 [warning] CommitStore: local write DENIED by trust gate (enforce) doc_uuid=3c6acd09-287c-4a4f-82da-18a18ef1e3ee commit_id=30bd4f00c961e3bf091b052465a0645883afa32372dd865ae690ba672b2eda7e reason=:unsigned
03:12:27.402 [error] local node self-trust was not added: node signing public-key artifact is absent — continuing with configured trusted identities
03:12:27.402 [warning] CommitStore: local write DENIED by trust gate (enforce) doc_uuid=2dffd31f-7dfa-4d1e-8ef5-1ad249c67e27 commit_id=825971c87fe2af4c18ff360f0e396eed926f51a86abd78feaeba2431fc7f5072 reason=:unsigned
03:12:27.403 [error] local node self-trust was not added: node signing public-key artifact is absent — continuing with configured trusted identities
03:12:27.403 [warning] CommitStore: local write DENIED by trust gate (enforce) doc_uuid=e2019221-03a1-4260-8497-56a14683af0e commit_id=a86194f2c32953a825b4d7aa975845c4e5a3d8644f1eb7308f1107d3769b659f reason=:unsigned
03:12:27.403 [error] local node self-trust was not added: node signing public-key artifact is absent — continuing with configured trusted identities
03:12:27.403 [warning] CommitStore: local write DENIED by trust gate (enforce) doc_uuid=82a53fa1-d567-4beb-8128-77a9eb478745 commit_id=f667f69b0b77c1c0a23a1dd415ec5e29b06407bef092f1acbe6dc4f8d34d6457 reason=:unsigned
03:12:27.403 [error] local node self-trust was not added: node signing public-key artifact is absent — continuing with configured trusted identities
03:12:27.403 [warning] CommitStore: local write DENIED by trust gate (enforce) doc_uuid=6b59b9f9-5fbb-4e74-a242-a4a112c1bdd9 commit_id=3cff0dcb43aaa12fc4c2b629802513c470598dc1aee33dc97b661272be85088f reason=:unsigned
03:12:27.404 [error] local node self-trust was not added: node signing public-key artifact is absent — continuing with configured trusted identities
03:12:27.404 [warning] CommitStore: local write DENIED by trust gate (enforce) doc_uuid=cbba116c-ef51-407b-ade8-0dc5acca4c87 commit_id=e6fb1d40e60f1401a8cfdc63cb568e124e660049474ea5b6d39c2415f9d9f95b reason=:unsigned
03:12:27.404 [error] local node self-trust was not added: node signing public-key artifact is absent — continuing with configured trusted identities
03:12:27.405 [warning] CommitStore: local write DENIED by trust gate (enforce) doc_uuid=e2f1a2e1-ad8a-4ba2-a0fb-94ce0c267d50 commit_id=866e48426d211d005c465a548ac5bf8fbff3ac9dbb0158760f05df488d6b19bd reason=:unsigned
03:12:27.405 [error] local node self-trust was not added: node signing public-key artifact is absent — continuing with configured trusted identities
03:12:27.405 [warning] CommitStore: local write DENIED by trust gate (enforce) doc_uuid=bf9dceb5-e033-41f3-ad13-4acb8b145a03 commit_id=be2a3e121608eb7a572c2ff7ddf55b6aa392a48a6d940541308ea8bce75413ae reason=:unsigned
03:12:27.406 [error] local node self-trust was not added: node signing public-key artifact is absent — continuing with configured trusted identities
03:12:27.406 [warning] CommitStore: local write DENIED by trust gate (enforce) doc_uuid=d0e4b11e-6a44-44d1-81b7-b5bd92c07caa commit_id=48eea7693577a322bd4282ecb7fad5a4f658f7750699e8932c8b016000461074 reason=:unsigned
03:12:27.406 [error] local node self-trust was not added: node signing public-key artifact is absent — continuing with configured trusted identities
03:12:27.406 [warning] CommitStore: local write DENIED by trust gate (enforce) doc_uuid=d6a8f347-b359-4244-b7c3-a6c20cdae02d commit_id=c22b254f0a9b3a6ac5e20a4972e8a1bdab90ed6c6b68d4ed60cbfee927cfe9ad reason=:unsigned
03:12:27.407 [error] local node self-trust was not added: node signing public-key artifact is absent — continuing with configured trusted identities
03:12:27.407 [warning] CommitStore: local write DENIED by trust gate (enforce) doc_uuid=1ce45443-f66f-487f-a1e9-e2407f88324f commit_id=6bb425c5384c6e21a4154a3a4ba4136b392244c8e788332df485b6de6949ac1b reason=:unsigned
03:12:27.407 [error] local node self-trust was not added: node signing public-key artifact is absent — continuing with configured trusted identities
03:12:27.407 [warning] CommitStore: local write DENIED by trust gate (enforce) doc_uuid=f9774510-74be-4fd8-ac31-d417d5277f00 commit_id=f85732c75a0e346432c1cd7ab685313e300407b3ecf009465573110a9b007248 reason=:unsigned
03:12:27.408 [error] local node self-trust was not added: node signing public-key artifact is absent — continuing with configured trusted identities
03:12:27.408 [warning] CommitStore: local write DENIED by trust gate (enforce) doc_uuid=7585432b-221e-4872-aaab-6a7c62fe3dc4 commit_id=e05236633a54fd20c8f5af371f76058561a483e7149c9b64f323c87f6ae033c9 reason=:unsigned
03:12:27.409 [error] local node self-trust was not added: node signing public-key artifact is absent — continuing with configured trusted identities
03:12:27.409 [warning] CommitStore: local write DENIED by trust gate (enforce) doc_uuid=b3bfeb95-1043-4bc7-b64e-ef4d181dfe48 commit_id=a66a3a575b16b84b4607345e70afc91b4725b7c6acc2a87a36e2e5626a6378bd reason=:unsigned
03:12:27.409 [error] local node self-trust was not added: node signing public-key artifact is absent — continuing with configured trusted identities
03:12:27.409 [warning] CommitStore: local write DENIED by trust gate (enforce) doc_uuid=60212c4e-8f5f-4932-ad3e-1b61dad92515 commit_id=86a6461e606aff5162d04de3166173228bb510a954edaa5d70505d67bcf287ad reason=:unsigned
03:12:27.410 [error] local node self-trust was not added: node signing public-key artifact is absent — continuing with configured trusted identities
03:12:27.410 [warning] CommitStore: local write DENIED by trust gate (enforce) doc_uuid=b20c7970-72be-4413-a114-70dc5b94a82b commit_id=6d0dcde2cc26b8774d053dc43849aebf82e69f9d88a6e75ef636579254e528c9 reason=:unsigned
03:12:27.410 [error] local node self-trust was not added: node signing public-key artifact is absent — continuing with configured trusted identities
03:12:27.410 [warning] CommitStore: local write DENIED by trust gate (enforce) doc_uuid=ce6bfb63-cd9d-463b-b81f-bdb3eb565321 commit_id=516d9fa88021815bbebdff7bd22c9b88e4c85a22bfecb7cc2169deed18f63177 reason=:unsigned
03:12:27.410 [error] local node self-trust was not added: node signing public-key artifact is absent — continuing with configured trusted identities
03:12:27.411 [warning] CommitStore: local write DENIED by trust gate (enforce) doc_uuid=dbaefc5f-5c2b-44f6-85f9-d5f5b5c33ca1 commit_id=a617e1a486a787caef590c7fa7b55a4dfe77036b203f1d7515b2fe3ed2a6d18c reason=:unsigned
03:12:27.411 [error] local node self-trust was not added: node signing public-key artifact is absent — continuing with configured trusted identities
03:12:27.411 [warning] CommitStore: local write DENIED by trust gate (enforce) doc_uuid=58852254-d059-4d34-ae98-bbc1387ed2d7 commit_id=17210b0dd7877d1efd587ad1b291cdd9f8fb5d8e5326fd74cee27ef6e3fabae5 reason=:unsigned
03:12:27.411 [error] local node self-trust was not added: node signing public-key artifact is absent — continuing with configured trusted identities
03:12:27.411 [warning] CommitStore: local write DENIED by trust gate (enforce) doc_uuid=b181a51d-924c-486f-a8e6-0e41b8a68f9e commit_id=823a8b403cbd586524b53e2fb18c9f5016a7ef0122ef1411dc3e6f515121f2af reason=:unsigned
03:12:27.412 [error] local node self-trust was not added: node signing public-key artifact is absent — continuing with configured trusted identities
03:12:27.412 [warning] CommitStore: local write DENIED by trust gate (enforce) doc_uuid=e8eced44-b512-41a0-ad33-95fafb6bfd61 commit_id=706761837d7b942d6c8249ba1781ef77018a920ce4b40524355170152a081a66 reason=:unsigned
03:12:27.412 [error] local node self-trust was not added: node signing public-key artifact is absent — continuing with configured trusted identities
03:12:27.412 [warning] CommitStore: local write DENIED by trust gate (enforce) doc_uuid=66d2573e-ce66-462c-9cf7-4430690a7f50 commit_id=9d0a67c25137fd5d1896e772bf4a2e0902560f9a94b792b75cdfeabbd2a38934 reason=:unsigned
03:12:27.412 [error] local node self-trust was not added: node signing public-key artifact is absent — continuing with configured trusted identities
03:12:27.413 [warning] CommitStore: local write DENIED by trust gate (enforce) doc_uuid=d33d7dbd-d1e1-45aa-8c34-2a3cd60cf35e commit_id=dfb0ca21255ee7291d0e02f6d71dc6623930a44bccc47d07f04b96ef304e66e0 reason=:unsigned
03:12:27.413 [error] local node self-trust was not added: node signing public-key artifact is absent — continuing with configured trusted identities
03:12:27.413 [warning] CommitStore: local write DENIED by trust gate (enforce) doc_uuid=2ca44dcc-3e5e-4b53-81d1-3fb0c249ce09 commit_id=cbcf5630a9d44428689ef79db85bcba264d8f1b988d0df6bcf6884ef25553f33 reason=:unsigned
03:12:27.413 [error] local node self-trust was not added: node signing public-key artifact is absent — continuing with configured trusted identities
03:12:27.413 [warning] CommitStore: local write DENIED by trust gate (enforce) doc_uuid=341e50cb-ae75-4cb4-bf2f-cb40686d1e14 commit_id=05d23f03f589829682585016ae8b0fbceacce7105ee1c770995527bfc0b2ea88 reason=:unsigned
03:12:27.414 [error] local node self-trust was not added: node signing public-key artifact is absent — continuing with configured trusted identities
03:12:27.414 [warning] CommitStore: local write DENIED by trust gate (enforce) doc_uuid=c222deb8-3b8a-46cb-850e-23afbf2e89b0 commit_id=bf7367ba73a94d503c5cc33f2581bacdd2b94987e7003209c312613b846adb27 reason=:unsigned
03:12:27.414 [error] local node self-trust was not added: node signing public-key artifact is absent — continuing with configured trusted identities
03:12:27.414 [warning] CommitStore: local write DENIED by trust gate (enforce) doc_uuid=375a9a41-89ed-44fe-b69b-fadf03575c72 commit_id=70a02955bf0af05314bbe83e94ad284ebfb4b97115643807042a020d2fb7ae6e reason=:unsigned
03:12:27.414 [error] local node self-trust was not added: node signing public-key artifact is absent — continuing with configured trusted identities
03:12:27.415 [warning] CommitStore: local write DENIED by trust gate (enforce) doc_uuid=75c73f4f-ff0d-4990-a36d-40910c525b8a commit_id=580957eeeac6e005bbb23daec0e006f3bc16061be3661cf51939f701e1b872cc reason=:unsigned
03:12:27.415 [error] local node self-trust was not added: node signing public-key artifact is absent — continuing with configured trusted identities
03:12:27.415 [warning] CommitStore: local write DENIED by trust gate (enforce) doc_uuid=49c38ef3-f722-4645-a7e3-eec1184a6fa9 commit_id=255520dec0892f6beb2d5bb325d5f37864d234d64efad7b032de2284e25aa987 reason=:unsigned
03:12:27.415 [error] local node self-trust was not added: node signing public-key artifact is absent — continuing with configured trusted identities
03:12:27.415 [warning] CommitStore: local write DENIED by trust gate (enforce) doc_uuid=e7861fbf-b7ed-482f-930e-df885d32f866 commit_id=f165bd1af3a6556e5c7a39ba459f5c20824a715684296f455661ab9dc9804e0e reason=:unsigned
03:12:27.416 [error] local node self-trust was not added: node signing public-key artifact is absent — continuing with configured trusted identities
03:12:27.416 [warning] CommitStore: local write DENIED by trust gate (enforce) doc_uuid=47574d9b-12ca-4ff7-bcaf-237f2b45a7ff commit_id=2f9a2acc11f33244babe617b686cb42d37c3fb9f29d9d982bbec5babb45237b6 reason=:unsigned
03:12:27.416 [error] local node self-trust was not added: node signing public-key artifact is absent — continuing with configured trusted identities
03:12:27.416 [warning] CommitStore: local write DENIED by trust gate (enforce) doc_uuid=f66f2dc8-fdf3-4c9c-831a-f693914d91ca commit_id=38552ca8ac224b81580f1db2976132b81a79b85994c640a4cbaa589a6f37720b reason=:unsigned
03:12:27.417 [error] local node self-trust was not added: node signing public-key artifact is absent — continuing with configured trusted identities
03:12:27.418 [warning] CommitStore: local write DENIED by trust gate (enforce) doc_uuid=f781398c-300b-43bc-99ca-2416ec9e39ce commit_id=1bc5a596a527828c2f7e230144c63ddb0614ecb99218eff8b47e46d568fdcc13 reason=:unsigned
03:12:27.418 [error] local node self-trust was not added: node signing public-key artifact is absent — continuing with configured trusted identities
03:12:27.418 [warning] CommitStore: local write DENIED by trust gate (enforce) doc_uuid=05efd8c8-c326-41d9-b002-f5e5de456645 commit_id=a77f6ec74c749c7e924237d2721d2aed8e8d670e111e8d067f727c1910862cdc reason=:unsigned
03:12:27.418 [error] local node self-trust was not added: node signing public-key artifact is absent — continuing with configured trusted identities
03:12:27.419 [warning] CommitStore: local write DENIED by trust gate (enforce) doc_uuid=86a23e97-021c-49c3-a12b-22d611670828 commit_id=7fba7ab4da0b18e84df341e4b04abbcde4dcecf4658e517a611a7d8d69814746 reason=:unsigned
03:12:27.419 [error] local node self-trust was not added: node signing public-key artifact is absent — continuing with configured trusted identities
03:12:27.419 [warning] CommitStore: local write DENIED by trust gate (enforce) doc_uuid=3abd0aed-826b-48bc-9d7d-1e6e680ca70f commit_id=baa32fa91636d9d492a4104535a00b88b04e188f0167a715cca2c24508fe1e7a reason=:unsigned
03:12:27.419 [error] local node self-trust was not added: node signing public-key artifact is absent — continuing with configured trusted identities
03:12:27.420 [warning] CommitStore: local write DENIED by trust gate (enforce) doc_uuid=db8e29bb-dcd6-40c6-a169-f6974538b881 commit_id=df33e14d1f33e6388c6ceb22449a99930c665096e0c275f1d0a1e473296369be reason=:unsigned
03:12:27.420 [error] local node self-trust was not added: node signing public-key artifact is absent — continuing with configured trusted identities
03:12:27.420 [warning] CommitStore: local write DENIED by trust gate (enforce) doc_uuid=7dcb43a4-baf3-407f-b240-4eb4dd90d473 commit_id=0ce38f81b2ffa916d519338fef32a3a6f69fd47b8a566d77793dbd81b7ee3052 reason=:unsigned
03:12:27.420 [error] local node self-trust was not added: node signing public-key artifact is absent — continuing with configured trusted identities
03:12:27.420 [warning] CommitStore: local write DENIED by trust gate (enforce) doc_uuid=969db139-fa2d-41e3-b691-21bedb01cdbf commit_id=79a80fbd4faae9d854c9c1228348b5b4b005c7732a9c7c637fa9e6b7dfd07f89 reason=:unsigned
03:12:27.421 [error] local node self-trust was not added: node signing public-key artifact is absent — continuing with configured trusted identities
03:12:27.421 [warning] CommitStore: local write DENIED by trust gate (enforce) doc_uuid=16c031d7-06e1-4fe9-8abc-3a73c848e177 commit_id=b33eb0a3cb325b97562814d65016172ffbab350123f67f7227ab878de93b103e reason=:unsigned
03:12:27.421 [error] local node self-trust was not added: node signing public-key artifact is absent — continuing with configured trusted identities
03:12:27.421 [warning] CommitStore: local write DENIED by trust gate (enforce) doc_uuid=42affbfa-56c0-4365-9db8-2d4363a35b8c commit_id=9fda5e82c2a44a4cb6f8565386f911a64e3b6105750ee99e7fe84ba359ca90fb reason=:unsigned
03:12:27.422 [error] local node self-trust was not added: node signing public-key artifact is absent — continuing with configured trusted identities
03:12:27.422 [warning] CommitStore: local write DENIED by trust gate (enforce) doc_uuid=1f5ca28b-aa76-4f00-be43-e40beb2d813d commit_id=62743bde0523cedc0a3618786a06e9a0391876cc03490da886584d3c1185f1b7 reason=:unsigned
03:12:27.422 [error] local node self-trust was not added: node signing public-key artifact is absent — continuing with configured trusted identities
03:12:27.422 [warning] CommitStore: local write DENIED by trust gate (enforce) doc_uuid=04f0ca4d-9279-41eb-8b65-32b19ee147da commit_id=fb52b48f43671bae0668b28724abd9c28ffef49b3543b31cbe172abc6a43f3d5 reason=:unsigned
03:12:27.422 [error] local node self-trust was not added: node signing public-key artifact is absent — continuing with configured trusted identities
03:12:27.422 [warning] CommitStore: local write DENIED by trust gate (enforce) doc_uuid=74826835-aa82-4be9-a9c2-75ab938b87e6 commit_id=0b4c167e82c641a674f7f7ed1a4ae7639a7c5d8ecdb86c07e8cb9762ac431a19 reason=:unsigned
03:12:27.423 [error] local node self-trust was not added: node signing public-key artifact is absent — continuing with configured trusted identities
03:12:27.423 [warning] CommitStore: local write DENIED by trust gate (enforce) doc_uuid=ae1d8faf-2398-4138-841a-b7952d8997c3 commit_id=a02793132cae8eb2fdb2f4b3d83ec0db695ba31a7d0287413e7cd32521a301be reason=:unsigned
03:12:27.423 [error] local node self-trust was not added: node signing public-key artifact is absent — continuing with configured trusted identities
03:12:27.423 [warning] CommitStore: local write DENIED by trust gate (enforce) doc_uuid=ea733a4f-2af5-418c-bd20-2b8a4fb894fb commit_id=0dd26c4181313f7abdf46cc0826811ca63dfe7ed686080b5f0c4e43a4d904a39 reason=:unsigned
03:12:27.423 [error] local node self-trust was not added: node signing public-key artifact is absent — continuing with configured trusted identities
03:12:27.424 [warning] CommitStore: local write DENIED by trust gate (enforce) doc_uuid=239c2c78-2081-4f41-bace-10aaee8c1deb commit_id=c6d8892feb2bac1a747b385c911932a5c6e7dfbb65151beab20db42e9df9618c reason=:unsigned
03:12:27.424 [error] local node self-trust was not added: node signing public-key artifact is absent — continuing with configured trusted identities
03:12:27.424 [warning] CommitStore: local write DENIED by trust gate (enforce) doc_uuid=a8004b29-4afc-4239-a215-c7b855d9737b commit_id=72517fd11c3897c493cb3be84730e7da304de2e19ad9f2bef3cf20eb34888b00 reason=:unsigned
03:12:27.424 [error] local node self-trust was not added: node signing public-key artifact is absent — continuing with configured trusted identities
03:12:27.424 [warning] CommitStore: local write DENIED by trust gate (enforce) doc_uuid=25d5f74a-e027-4e77-b11a-f5e6da750e19 commit_id=9e0a8b687d3109497dca407bea64f2c3f95b1a8015282993979151175154fc16 reason=:unsigned
03:12:27.424 [error] local node self-trust was not added: node signing public-key artifact is absent — continuing with configured trusted identities
03:12:27.425 [warning] CommitStore: local write DENIED by trust gate (enforce) doc_uuid=c81a8301-cf59-44af-850c-7b20e4b66e72 commit_id=1dd71e40b98af617705c4270c6e6b1d7d1e067d4c40106ca4af81d823143297a reason=:unsigned
03:12:27.425 [error] local node self-trust was not added: node signing public-key artifact is absent — continuing with configured trusted identities
03:12:27.425 [warning] CommitStore: local write DENIED by trust gate (enforce) doc_uuid=21454096-c9e4-4867-9b57-1d84aa530cdc commit_id=d30a1f03265cd5e94454b9db2189501b21ab48df4bd5f9aaa003e6fdd5a91704 reason=:unsigned
03:12:27.425 [error] local node self-trust was not added: node signing public-key artifact is absent — continuing with configured trusted identities
03:12:27.425 [warning] CommitStore: local write DENIED by trust gate (enforce) doc_uuid=a0a3dfb9-14a2-4ef8-aca9-ba0d4ef02c4d commit_id=84591f688c545eeabc61cbab49621ae1217037aa14b5329cc25de80d37f8c650 reason=:unsigned
03:12:27.426 [error] local node self-trust was not added: node signing public-key artifact is absent — continuing with configured trusted identities
03:12:27.426 [warning] CommitStore: local write DENIED by trust gate (enforce) doc_uuid=4d714cc5-efe9-4252-b7bc-32a0b559f79a commit_id=61712c7ded5039450c00d22ce4c859decf8bf109f0678f681a932860cbb6ac66 reason=:unsigned
03:12:27.426 [error] local node self-trust was not added: node signing public-key artifact is absent — continuing with configured trusted identities
03:12:27.426 [warning] CommitStore: local write DENIED by trust gate (enforce) doc_uuid=99d9f138-a7a0-4587-a660-3e3e1f3d174e commit_id=8d517e80647143de36ffaad948b7e0d23f8494ec1ff2c4e553edd93943fffbc4 reason=:unsigned
03:12:27.426 [error] local node self-trust was not added: node signing public-key artifact is absent — continuing with configured trusted identities
03:12:27.426 [warning] CommitStore: local write DENIED by trust gate (enforce) doc_uuid=5b802ea5-fe3e-4998-9b9b-64e32b79a259 commit_id=818da3e8aaf29b39dffa13852caf956130c47b1ec7bc539feedf4308f484de23 reason=:unsigned
03:12:27.427 [error] local node self-trust was not added: node signing public-key artifact is absent — continuing with configured trusted identities
03:12:27.427 [warning] CommitStore: local write DENIED by trust gate (enforce) doc_uuid=879be609-0373-4e7e-ab0e-75faedecfc81 commit_id=5c1dfc83d13017942f379bc0ae27f5d9498e034a5d86b962f26d07d3351346df reason=:unsigned
03:12:27.427 [error] local node self-trust was not added: node signing public-key artifact is absent — continuing with configured trusted identities
03:12:27.427 [warning] CommitStore: local write DENIED by trust gate (enforce) doc_uuid=d4d38f94-6d3d-4402-9dc6-399fd9c4e1ee commit_id=ff6e0a101fda1ecdcb7c6a96519f81dd63752cd28b2e1d823617e766cbfc5201 reason=:unsigned
03:12:27.428 [error] local node self-trust was not added: node signing public-key artifact is absent — continuing with configured trusted identities
03:12:27.428 [warning] CommitStore: local write DENIED by trust gate (enforce) doc_uuid=cf9dfe03-c434-4b01-8a89-8c09e5684008 commit_id=be8a4a3e0e1260897bebbe45acee7ffb3e5959e062953ea33fbbab54a5a61ad5 reason=:unsigned
03:12:27.428 [error] local node self-trust was not added: node signing public-key artifact is absent — continuing with configured trusted identities
03:12:27.428 [warning] CommitStore: local write DENIED by trust gate (enforce) doc_uuid=0fd4ff69-bdaa-4ca3-89c6-504a92ac9fbd commit_id=747d2ea7667950a835ca26910e008387d4315e6637cf1d50945a2fe93d60ab96 reason=:unsigned
03:12:27.428 [error] local node self-trust was not added: node signing public-key artifact is absent — continuing with configured trusted identities
03:12:27.428 [warning] CommitStore: local write DENIED by trust gate (enforce) doc_uuid=c07ae9fb-54de-4fd2-bb3b-2894b759a86d commit_id=daaac6a71946f2334176e0dc382af12e0ffbf72b8e766a5246de0da434d455d4 reason=:unsigned
03:12:27.429 [error] local node self-trust was not added: node signing public-key artifact is absent — continuing with configured trusted identities
03:12:27.429 [warning] CommitStore: local write DENIED by trust gate (enforce) doc_uuid=28f5da45-7e47-4f4b-8eb9-5d97f7f198e4 commit_id=29246b42af87979aedfb79a29a9a25a0f4d7ee1b8386f1df5cb5a6235d2633ce reason=:unsigned
03:12:27.429 [error] local node self-trust was not added: node signing public-key artifact is absent — continuing with configured trusted identities
03:12:27.429 [warning] CommitStore: local write DENIED by trust gate (enforce) doc_uuid=4b44e5e9-0d2b-4969-ae2d-8c1b1bbc1615 commit_id=b1d0d25ee9a252edc5456ac1b23904815a8cd7ec704323ff65da4d9b65fef351 reason=:unsigned
03:12:27.430 [error] local node self-trust was not added: node signing public-key artifact is absent — continuing with configured trusted identities
03:12:27.430 [warning] CommitStore: local write DENIED by trust gate (enforce) doc_uuid=9bc0aca4-8776-49f0-a345-67e0008e277d commit_id=f2cc6e4d9486346c68922872fab5582353e5e339c386d13e2e7ca63687694af1 reason=:unsigned
03:12:27.430 [error] local node self-trust was not added: node signing public-key artifact is absent — continuing with configured trusted identities
03:12:27.430 [warning] CommitStore: local write DENIED by trust gate (enforce) doc_uuid=6f7a7a49-f769-4ff1-b441-58771c507b90 commit_id=081e664039db86f3d6fdb923422c14bda45ebb25c07b87934c0914257366a27a reason=:unsigned
03:12:27.430 [error] local node self-trust was not added: node signing public-key artifact is absent — continuing with configured trusted identities
03:12:27.431 [warning] CommitStore: local write DENIED by trust gate (enforce) doc_uuid=e16626cb-e616-4333-a04b-e9007379ff1a commit_id=c5e64add02ce955d69a6715e8037a1d55d8361ca5842b68c358e9c4813c57ee9 reason=:unsigned
03:12:27.431 [error] local node self-trust was not added: node signing public-key artifact is absent — continuing with configured trusted identities
03:12:27.431 [warning] CommitStore: local write DENIED by trust gate (enforce) doc_uuid=8b4692fb-e6a3-47ce-8404-cd5d6430c801 commit_id=fa14aa4765bac35a3a12e716ad42854fda77625d5d42683046cdefb4bd2dd5cd reason=:unsigned
03:12:27.431 [error] local node self-trust was not added: node signing public-key artifact is absent — continuing with configured trusted identities
03:12:27.431 [warning] CommitStore: local write DENIED by trust gate (enforce) doc_uuid=07307cd4-f3a3-4a31-b9ed-c7511c87c73f commit_id=22eda0116d9a20b781d90e612c3a64b0d5bafb70c57da6d33648cde384adc9f7 reason=:unsigned
03:12:27.431 [error] local node self-trust was not added: node signing public-key artifact is absent — continuing with configured trusted identities
03:12:27.431 [warning] CommitStore: local write DENIED by trust gate (enforce) doc_uuid=1386f9ef-cbc6-4b71-9507-d677a3b16918 commit_id=a8ab4a9ebbcb812187aab1cac693dbcecda74c30ebce273b7e8527fb69bb2f2c reason=:unsigned
03:12:27.432 [error] local node self-trust was not added: node signing public-key artifact is absent — continuing with configured trusted identities
03:12:27.432 [warning] CommitStore: local write DENIED by trust gate (enforce) doc_uuid=d5167396-4eef-460f-a31c-da9ef87af245 commit_id=7435178dd9e5c760f684aed8117cf1a32daff9f8049217c182632a5f5d9f58af reason=:unsigned
03:12:27.432 [error] local node self-trust was not added: node signing public-key artifact is absent — continuing with configured trusted identities
03:12:27.432 [warning] CommitStore: local write DENIED by trust gate (enforce) doc_uuid=e1da2231-e7bd-452b-9f67-5932089f9377 commit_id=a11dcac9b6d9d42186a772fc935aeb5e8cc2760a843dbf38ae1754fcb545a885 reason=:unsigned
03:12:27.432 [error] local node self-trust was not added: node signing public-key artifact is absent — continuing with configured trusted identities
03:12:27.432 [warning] CommitStore: local write DENIED by trust gate (enforce) doc_uuid=fd88d8e5-cf8e-466f-a1b8-adc58e0f67c4 commit_id=cc79118fc25819095ce43c0cca86ec810904e6e87fba3c71deedc452bb048e3b reason=:unsigned
03:12:27.433 [error] local node self-trust was not added: node signing public-key artifact is absent — continuing with configured trusted identities
03:12:27.433 [warning] CommitStore: local write DENIED by trust gate (enforce) doc_uuid=916c389f-ecd8-4b2d-a613-5e31e9a857fd commit_id=182b5835970057b7059cbb26f2de27146ad3cbe1efdeb61fbf7005a80052eb9d reason=:unsigned
03:12:27.433 [error] local node self-trust was not added: node signing public-key artifact is absent — continuing with configured trusted identities
03:12:27.433 [warning] CommitStore: local write DENIED by trust gate (enforce) doc_uuid=2194eb2a-e47d-4d8b-bb58-c4d1455a47ac commit_id=727a4f6c0725a4bcbfdb8d311975e2381a8c8ef54218b8011094bc39faed1f5d reason=:unsigned
03:12:27.433 [error] local node self-trust was not added: node signing public-key artifact is absent — continuing with configured trusted identities
03:12:27.433 [warning] CommitStore: local write DENIED by trust gate (enforce) doc_uuid=77238fc6-90f2-45b3-b392-a0c5e233875c commit_id=4bc37d7e4904cbf6dcfb7a9e999572b9de92ba502b541e300c9efc7155e43504 reason=:unsigned
03:12:27.434 [error] local node self-trust was not added: node signing public-key artifact is absent — continuing with configured trusted identities
03:12:27.434 [warning] CommitStore: local write DENIED by trust gate (enforce) doc_uuid=433caf70-22ff-47c8-849f-073542efa069 commit_id=58d9e1f81ead1b6123ed8729ff30f8e009f6ce69aea61f2428df8fa0784783af reason=:unsigned
03:12:27.435 [error] local node self-trust was not added: node signing public-key artifact is absent — continuing with configured trusted identities
03:12:27.436 [warning] CommitStore: local write DENIED by trust gate (enforce) doc_uuid=611050ce-7c9e-45c8-b029-a84c7909228d commit_id=077fbe38724b24624dd9387d92d518ec0bd354c80afcb875e11f6a8089ee5f6c reason=:unsigned
03:12:27.436 [error] local node self-trust was not added: node signing public-key artifact is absent — continuing with configured trusted identities
03:12:27.436 [warning] CommitStore: local write DENIED by trust gate (enforce) doc_uuid=e50c2db7-312b-43fa-8114-8a037175f1a1 commit_id=996c6ce178f279a1d81d4149f122498e939965ad94ad622ea3dafc6bf32422fd reason=:unsigned
03:12:27.437 [error] local node self-trust was not added: node signing public-key artifact is absent — continuing with configured trusted identities
03:12:27.437 [warning] CommitStore: local write DENIED by trust gate (enforce) doc_uuid=97e8960d-006d-4fc7-a9e3-d7312723e0ff commit_id=1b966dc02b9f89ed633e0afbd43a8aec91984c269412e085bd36e99456207b3c reason=:unsigned
03:12:27.438 [error] local node self-trust was not added: node signing public-key artifact is absent — continuing with configured trusted identities
03:12:27.438 [warning] CommitStore: local write DENIED by trust gate (enforce) doc_uuid=337fc53d-f2c2-4694-bbfc-416794fea660 commit_id=ef9a61155eeebf33eff68b970c34c0ccf59316e1f704e32347986296c9dc3f24 reason=:unsigned
03:12:27.438 [error] local node self-trust was not added: node signing public-key artifact is absent — continuing with configured trusted identities
03:12:27.438 [warning] CommitStore: local write DENIED by trust gate (enforce) doc_uuid=965eced0-6bed-44d2-b2b2-9546d36b5efa commit_id=66708b020b5b319b4fb972d92f9e68705fc513509ffb5f3a81bf559ac9916a10 reason=:unsigned
03:12:27.438 [error] local node self-trust was not added: node signing public-key artifact is absent — continuing with configured trusted identities
03:12:27.439 [warning] CommitStore: local write DENIED by trust gate (enforce) doc_uuid=96d06fe1-5031-42e4-a8fe-0706b9b0c803 commit_id=991617e9c98e596d75a98a91a0c227948d12c49b8370ccaf784d0737758c3acc reason=:unsigned
03:12:27.439 [error] local node self-trust was not added: node signing public-key artifact is absent — continuing with configured trusted identities
03:12:27.439 [warning] CommitStore: local write DENIED by trust gate (enforce) doc_uuid=f677e2f4-5e94-4c37-94e7-82b5801f0708 commit_id=ac12ab872aca52eb70df8ca5b002bb1fc29e665ad138771450129ae8ed746847 reason=:unsigned
03:12:27.439 [error] local node self-trust was not added: node signing public-key artifact is absent — continuing with configured trusted identities
03:12:27.439 [warning] CommitStore: local write DENIED by trust gate (enforce) doc_uuid=433df447-2f07-45bc-a515-be2861fd4c74 commit_id=48a6d16a74035fcdff95adb13a3c537a384538525442bec98756e7e292be1b3f reason=:unsigned
03:12:27.440 [error] local node self-trust was not added: node signing public-key artifact is absent — continuing with configured trusted identities
03:12:27.440 [warning] CommitStore: local write DENIED by trust gate (enforce) doc_uuid=d57ec35e-0643-4c03-8b49-53290a30b930 commit_id=0b42e2063acc0ff8357d422f11d7ee589c0d7c131b738869bc00f4345275fcbe reason=:unsigned
03:12:27.440 [error] local node self-trust was not added: node signing public-key artifact is absent — continuing with configured trusted identities
03:12:27.440 [warning] CommitStore: local write DENIED by trust gate (enforce) doc_uuid=2373d7a3-8252-47e1-8c88-ff739aafb7cd commit_id=d15ebe1456f7c68c440253ca305738b461da6777e557187d6d903b12a8ca9b80 reason=:unsigned
03:12:27.440 [error] local node self-trust was not added: node signing public-key artifact is absent — continuing with configured trusted identities
03:12:27.440 [warning] CommitStore: local write DENIED by trust gate (enforce) doc_uuid=35bce964-0eda-44cc-94eb-17c5730b684e commit_id=75ad187e03e11d68e1d678d4ed178313839d93b5c47449185c146a5b855e89e4 reason=:unsigned
03:12:27.441 [error] local node self-trust was not added: node signing public-key artifact is absent — continuing with configured trusted identities
03:12:27.441 [warning] CommitStore: local write DENIED by trust gate (enforce) doc_uuid=261b6a84-ef40-43ca-9897-0c3efe364795 commit_id=167f8c4763e0dbb1a467ba6f11d539fb480ee496a08521f59c1c571ffde4354e reason=:unsigned
03:12:27.441 [error] local node self-trust was not added: node signing public-key artifact is absent — continuing with configured trusted identities
03:12:27.441 [warning] CommitStore: local write DENIED by trust gate (enforce) doc_uuid=c76aad6f-362e-4d92-8c42-443bbe2fbc5b commit_id=fbc4970ba2eba2f2d680aabe5aaf4a1cc35f2730f811ec5a97d8c3baa8a25032 reason=:unsigned
03:12:27.442 [error] local node self-trust was not added: node signing public-key artifact is absent — continuing with configured trusted identities
03:12:27.442 [warning] CommitStore: local write DENIED by trust gate (enforce) doc_uuid=5f3a7658-856c-4acc-9edb-a17934070c54 commit_id=766a3594cc8eed20fa67a484df1f9f9b0b4df6d4a998831fc977661f4cc99c82 reason=:unsigned
03:12:27.442 [error] local node self-trust was not added: node signing public-key artifact is absent — continuing with configured trusted identities
03:12:27.442 [warning] CommitStore: local write DENIED by trust gate (enforce) doc_uuid=f3d816d9-0696-4ea9-8405-a6e5ea96d12d commit_id=480858925b8a2c1193c20885a112e8b3ebadae10805e3c8eb049c89d595805bf reason=:unsigned
03:12:27.442 [error] local node self-trust was not added: node signing public-key artifact is absent — continuing with configured trusted identities
03:12:27.442 [warning] CommitStore: local write DENIED by trust gate (enforce) doc_uuid=332093cc-f673-4293-b242-11fdbb0e4d90 commit_id=1dcb7ac59812e02d65be01ca970184a08987b4d13f4a9edb3d9bf6359a96605f reason=:unsigned
03:12:27.443 [error] local node self-trust was not added: node signing public-key artifact is absent — continuing with configured trusted identities
03:12:27.443 [warning] CommitStore: local write DENIED by trust gate (enforce) doc_uuid=47661201-a1d8-4b2b-86e3-65ef0df21559 commit_id=4eb04ce45b0ff90f95f5159c848b2409e58da0b0693b0e9fe9f24d4330aa2354 reason=:unsigned
03:12:27.443 [error] local node self-trust was not added: node signing public-key artifact is absent — continuing with configured trusted identities
03:12:27.443 [warning] CommitStore: local write DENIED by trust gate (enforce) doc_uuid=866bde47-f92e-44fc-8470-8efca8229c79 commit_id=7f81073c83ad23e1cb8f44a23540dac954acacaf237e9a1ef1a0acd6ee6a50b2 reason=:unsigned
03:12:27.443 [error] local node self-trust was not added: node signing public-key artifact is absent — continuing with configured trusted identities
03:12:27.443 [warning] CommitStore: local write DENIED by trust gate (enforce) doc_uuid=66a70bc7-eab1-4dea-9414-b74182e38bf1 commit_id=73bc596d555eef0170041d6dd586288bed0b5d0d17b31c170cf7107ee1fba2d6 reason=:unsigned
03:12:27.444 [error] local node self-trust was not added: node signing public-key artifact is absent — continuing with configured trusted identities
03:12:27.444 [warning] CommitStore: local write DENIED by trust gate (enforce) doc_uuid=6b680b9f-1735-4b90-b05f-8f7939ef1f84 commit_id=7aef1ed6647156513de9143ff013dda1a2cf71ed20ffc1b03637ebb1fa89aee0 reason=:unsigned
03:12:27.444 [error] local node self-trust was not added: node signing public-key artifact is absent — continuing with configured trusted identities
03:12:27.444 [warning] CommitStore: local write DENIED by trust gate (enforce) doc_uuid=db29989d-92c4-4fde-b43c-630ab299d0ec commit_id=0d97863a1cea16023d1e0390d92d35d53fd1aa31f25af0c756fa8b1020ac92e8 reason=:unsigned
03:12:27.444 [error] local node self-trust was not added: node signing public-key artifact is absent — continuing with configured trusted identities
03:12:27.444 [warning] CommitStore: local write DENIED by trust gate (enforce) doc_uuid=b6f8849e-6813-4f3a-af1a-84228fffbfa9 commit_id=22909fd657d95e87621b0ea74ea3e62f0a74902d60d6c0bfc11c3f903e0f2a02 reason=:unsigned
03:12:27.445 [error] local node self-trust was not added: node signing public-key artifact is absent — continuing with configured trusted identities
03:12:27.445 [warning] CommitStore: local write DENIED by trust gate (enforce) doc_uuid=2a6a7ce2-e1f0-4094-a974-08bdbfb06db8 commit_id=1e5ea755e1c0f1ea866a8710007d922b661f0512a941561c10cb9c649c7233a4 reason=:unsigned
03:12:27.445 [error] local node self-trust was not added: node signing public-key artifact is absent — continuing with configured trusted identities
03:12:27.445 [warning] CommitStore: local write DENIED by trust gate (enforce) doc_uuid=0d70a186-6ebc-4f7d-9a3d-c0af3d3b6ae8 commit_id=ea9d539986bf9360b59450c4445307e6089fb7d285682971e8fd354a18a2a845 reason=:unsigned
03:12:27.445 [error] local node self-trust was not added: node signing public-key artifact is absent — continuing with configured trusted identities
03:12:27.446 [warning] CommitStore: local write DENIED by trust gate (enforce) doc_uuid=88990b50-b098-4073-ad5d-6961cca239a7 commit_id=e6b8674b7672df1996b720750a38f5d8d951218ea7274b59f7bc31e4487eff3a reason=:unsigned
03:12:27.446 [error] local node self-trust was not added: node signing public-key artifact is absent — continuing with configured trusted identities
03:12:27.446 [warning] CommitStore: local write DENIED by trust gate (enforce) doc_uuid=d2b194c3-76b0-448d-9ba3-8a29ccabec75 commit_id=3571314dc2e691901ae42a5033e977345323a34ee4551d43afdf87f262e33f1b reason=:unsigned
03:12:27.446 [error] local node self-trust was not added: node signing public-key artifact is absent — continuing with configured trusted identities
03:12:27.446 [warning] CommitStore: local write DENIED by trust gate (enforce) doc_uuid=81bd8d5e-13fc-4f39-bcc8-e05c53dae50c commit_id=a924bf1856fdd4beec70de2dfb4bc8756ec5aa58d0b470b106a49887c10e585c reason=:unsigned
03:12:27.446 [error] local node self-trust was not added: node signing public-key artifact is absent — continuing with configured trusted identities
03:12:27.447 [warning] CommitStore: local write DENIED by trust gate (enforce) doc_uuid=746d32e9-4f24-459a-8142-21e5f5a11973 commit_id=91faf05e47c5376ac9f5c8bf219974c85d9557ef9a75658ad9bd45fc5feb8c77 reason=:unsigned
03:12:27.447 [error] local node self-trust was not added: node signing public-key artifact is absent — continuing with configured trusted identities
03:12:27.447 [warning] CommitStore: local write DENIED by trust gate (enforce) doc_uuid=22c85298-ad39-40ad-b48f-81059a8506d1 commit_id=d21e5cfcb6d44bae9529cb094df4ce3bb6add0cc3400c073607883032df15e8d reason=:unsigned
03:12:27.447 [error] local node self-trust was not added: node signing public-key artifact is absent — continuing with configured trusted identities
03:12:27.447 [warning] CommitStore: local write DENIED by trust gate (enforce) doc_uuid=a9c2b091-a1a6-4bce-8656-492f525e482d commit_id=3f60670aec8ed349d74afa98252550c29565e68dadf309ad8555295e468fef46 reason=:unsigned
03:12:27.448 [error] local node self-trust was not added: node signing public-key artifact is absent — continuing with configured trusted identities
03:12:27.448 [warning] CommitStore: local write DENIED by trust gate (enforce) doc_uuid=3eed5fbc-86cf-42f2-a8a5-89f4a15b1f31 commit_id=93dabd47862541f4152c0aa14c6582834d70ed50be95283a4f22afc2b2dd4b17 reason=:unsigned
03:12:27.448 [error] local node self-trust was not added: node signing public-key artifact is absent — continuing with configured trusted identities
03:12:27.448 [warning] CommitStore: local write DENIED by trust gate (enforce) doc_uuid=30e2d67c-3c98-41f6-b522-4e84ba906041 commit_id=13adacfbd7d85525cf890054ccf552855d56400f1e325788f99ca18b6f865fa1 reason=:unsigned
03:12:27.448 [error] local node self-trust was not added: node signing public-key artifact is absent — continuing with configured trusted identities
03:12:27.448 [warning] CommitStore: local write DENIED by trust gate (enforce) doc_uuid=b0a21c74-ca84-42e3-8e61-748f67a48111 commit_id=50383acf20666aeaff7f53dda091deae5cb36ab666dd92c25ece5bbd037f6669 reason=:unsigned
03:12:27.449 [error] local node self-trust was not added: node signing public-key artifact is absent — continuing with configured trusted identities
03:12:27.449 [warning] CommitStore: local write DENIED by trust gate (enforce) doc_uuid=6445444d-9c21-4809-9f73-f0ae5a7b848f commit_id=f49d56402503d8b3882f4d15c666ebae110a229c49b218a79c570fb5b832adee reason=:unsigned
03:12:27.449 [error] local node self-trust was not added: node signing public-key artifact is absent — continuing with configured trusted identities
03:12:27.449 [warning] CommitStore: local write DENIED by trust gate (enforce) doc_uuid=aa5fb7b7-faba-4f8e-a071-fde1e8b06011 commit_id=a98485d5e2a9f26221aa3414eb5619ab2eab29ce020d7975541f0a816e9489eb reason=:unsigned
03:12:27.449 [error] local node self-trust was not added: node signing public-key artifact is absent — continuing with configured trusted identities
03:12:27.449 [warning] CommitStore: local write DENIED by trust gate (enforce) doc_uuid=6998fcd6-d2b1-4519-b0bb-518932041d5b commit_id=fe202df16f2716bc53defa75003349775027f1ac9c89b5e8e856e280e8f5df8a reason=:unsigned
03:12:27.450 [error] local node self-trust was not added: node signing public-key artifact is absent — continuing with configured trusted identities
03:12:27.450 [warning] CommitStore: local write DENIED by trust gate (enforce) doc_uuid=de6c9232-9a4d-4119-9d2a-9bba125caee4 commit_id=fb79251996358ff3d87a8e2541be90d7d5efa39c8f20a53f14a8d7ef6c66e28d reason=:unsigned
03:12:27.450 [error] local node self-trust was not added: node signing public-key artifact is absent — continuing with configured trusted identities
03:12:27.450 [warning] CommitStore: local write DENIED by trust gate (enforce) doc_uuid=2bf1edb1-d886-4c72-99ba-b4aa5a9c1172 commit_id=9673b9cb054d211512817e4ca6cc3045b34253c0a32b3992b2c8acb49dbc1e17 reason=:unsigned
03:12:27.450 [error] local node self-trust was not added: node signing public-key artifact is absent — continuing with configured trusted identities
03:12:27.450 [warning] CommitStore: local write DENIED by trust gate (enforce) doc_uuid=0e040d2f-dbfc-4ba3-bfbb-db573bf8e16e commit_id=2ef7ff8456fd4314831992c1a2986b0f29d03ba9f17e4dc1150851a540bc14b5 reason=:unsigned
03:12:27.451 [error] local node self-trust was not added: node signing public-key artifact is absent — continuing with configured trusted identities
03:12:27.451 [warning] CommitStore: local write DENIED by trust gate (enforce) doc_uuid=a8908192-67a5-45bd-a3f3-3ae676d8e779 commit_id=5609c58ba9a3f7251e00efe91e64f45c16369fd37e106fd814600427adc6694b reason=:unsigned
03:12:27.451 [error] local node self-trust was not added: node signing public-key artifact is absent — continuing with configured trusted identities
03:12:27.451 [warning] CommitStore: local write DENIED by trust gate (enforce) doc_uuid=81a8808b-978b-4fcb-b62e-dd5842ad60fd commit_id=527908d9a567fdbf3d68cd39491fb8be7ab3116b0de6d4e40b2d6ea022bdf9d6 reason=:unsigned
03:12:27.451 [error] local node self-trust was not added: node signing public-key artifact is absent — continuing with configured trusted identities
03:12:27.452 [warning] CommitStore: local write DENIED by trust gate (enforce) doc_uuid=329c1e6e-f932-4270-bd71-3e5dd65afed1 commit_id=54c247e14108889cb32432e41d369a38a00fd74799cd981625c9cdb4e18bfabb reason=:unsigned
03:12:27.452 [error] local node self-trust was not added: node signing public-key artifact is absent — continuing with configured trusted identities
03:12:27.452 [warning] CommitStore: local write DENIED by trust gate (enforce) doc_uuid=cae2e744-dc13-4fc9-a39f-f4e11f027f9e commit_id=deef3f439d91b36d950afc82db671f5e4a89f13ea4d9186ac7dd85f6d2a839fb reason=:unsigned
03:12:27.452 [error] local node self-trust was not added: node signing public-key artifact is absent — continuing with configured trusted identities
03:12:27.452 [warning] CommitStore: local write DENIED by trust gate (enforce) doc_uuid=0c514704-8702-4225-9b3c-5b2b7e07aa31 commit_id=7353e9c80a7a21cf80cb1217da3cc3752fbc9e4a56d2e7769fbb157c98dcc826 reason=:unsigned
03:12:27.452 [error] local node self-trust was not added: node signing public-key artifact is absent — continuing with configured trusted identities
03:12:27.453 [warning] CommitStore: local write DENIED by trust gate (enforce) doc_uuid=46392ee7-4f2a-44d4-8ab4-ebd3668626d3 commit_id=f083ce910ad824af6987155cc75764e63f4f203bd8d6636b90d2a1168a3c6c8d reason=:unsigned
03:12:27.453 [error] local node self-trust was not added: node signing public-key artifact is absent — continuing with configured trusted identities
03:12:27.454 [warning] CommitStore: local write DENIED by trust gate (enforce) doc_uuid=d9589f20-80b9-4071-959d-51dea1e68c8c commit_id=d43fc6c3eff575ec5345feeab50134beeff5a0d4cd37b28a791155006952929a reason=:unsigned
03:12:27.455 [error] local node self-trust was not added: node signing public-key artifact is absent — continuing with configured trusted identities
03:12:27.455 [warning] CommitStore: local write DENIED by trust gate (enforce) doc_uuid=5a46c376-a93f-4beb-8b16-4bc970bc4141 commit_id=83f04afad241a6c849c41d42d5ede1e39d922a115e2ea141fc1e47523309fa61 reason=:unsigned
03:12:27.455 [error] local node self-trust was not added: node signing public-key artifact is absent — continuing with configured trusted identities
03:12:27.455 [warning] CommitStore: local write DENIED by trust gate (enforce) doc_uuid=439d2e13-97c7-4b52-9df3-12dda76cecfe commit_id=fdbda17acdf1a6eaa448cd28ce6cf9814446e6841b6241bea55e91f0e7ff8b3e reason=:unsigned
03:12:27.455 [error] local node self-trust was not added: node signing public-key artifact is absent — continuing with configured trusted identities
03:12:27.456 [warning] CommitStore: local write DENIED by trust gate (enforce) doc_uuid=9352ceb2-9197-4d15-bc64-4f1fced0c7e4 commit_id=cc92b3a8516d499291875ef083b134ede6c82b1d15c7941c06a4f00e9edbd48b reason=:unsigned
03:12:27.456 [error] local node self-trust was not added: node signing public-key artifact is absent — continuing with configured trusted identities
03:12:27.456 [warning] CommitStore: local write DENIED by trust gate (enforce) doc_uuid=37897285-f7cb-4434-875f-5e3eb666fbfe commit_id=0d8426e2ff49d96ba85048873e2264a12941d64d44d749c748edf12b48f8acae reason=:unsigned
03:12:27.456 [error] local node self-trust was not added: node signing public-key artifact is absent — continuing with configured trusted identities
03:12:27.456 [warning] CommitStore: local write DENIED by trust gate (enforce) doc_uuid=8dd0ad2e-cd71-4b9b-bae0-bf457a266e46 commit_id=c9f73348f43df7490c2de4656ba063d44e4f34bde815a4b16aa027c4f6610c83 reason=:unsigned
03:12:27.456 [error] local node self-trust was not added: node signing public-key artifact is absent — continuing with configured trusted identities
03:12:27.457 [warning] CommitStore: local write DENIED by trust gate (enforce) doc_uuid=393e8ac3-39b6-413c-90e6-3b20b89b1b9a commit_id=8073f3ff848e757086ce72567e2e95ea3ac7b257853708b7c41dcae902206b60 reason=:unsigned
03:12:27.457 [error] local node self-trust was not added: node signing public-key artifact is absent — continuing with configured trusted identities
03:12:27.457 [warning] CommitStore: local write DENIED by trust gate (enforce) doc_uuid=0c817dc8-8aba-483b-8329-9fb9b69c8cd3 commit_id=b433949b0b3730f4fb0d3f8e620fe3514656508a026b7a3d6318f4116acca6d6 reason=:unsigned
03:12:27.457 [error] local node self-trust was not added: node signing public-key artifact is absent — continuing with configured trusted identities
03:12:27.457 [warning] CommitStore: local write DENIED by trust gate (enforce) doc_uuid=f8bd5f90-82aa-4505-be56-08c591930a95 commit_id=a6564d9d213b64d86122bdb56b0a3059c580257bd176298ecee92fe400020d31 reason=:unsigned
03:12:27.458 [error] local node self-trust was not added: node signing public-key artifact is absent — continuing with configured trusted identities
03:12:27.458 [warning] CommitStore: local write DENIED by trust gate (enforce) doc_uuid=b27c2d57-48b8-463d-b109-b813cd7a342f commit_id=842791fffdb1f53256a9e1dc0907fb396a49346cf089bd09f3198cfa487d7dc7 reason=:unsigned
03:12:27.458 [error] local node self-trust was not added: node signing public-key artifact is absent — continuing with configured trusted identities
03:12:27.458 [warning] CommitStore: local write DENIED by trust gate (enforce) doc_uuid=40b988be-a189-4458-91f1-e47fbf50a2a7 commit_id=667793c6b039a0bcc749bdf8c243707d26d57cd10908911c14fa0aed8f06c170 reason=:unsigned
03:12:27.458 [error] local node self-trust was not added: node signing public-key artifact is absent — continuing with configured trusted identities
03:12:27.458 [warning] CommitStore: local write DENIED by trust gate (enforce) doc_uuid=31601282-0d4e-461e-96f4-5a89e81992bd commit_id=c5f879c125d9e166770705cd111c524e33b8d34dfa91c244f354e1ae8f721f38 reason=:unsigned
03:12:27.459 [error] local node self-trust was not added: node signing public-key artifact is absent — continuing with configured trusted identities
03:12:27.459 [warning] CommitStore: local write DENIED by trust gate (enforce) doc_uuid=e2818fb3-f293-4044-af3d-0929e34c295d commit_id=6ce574731d0e970b2f1c99db0cae53475060da38edf42b0a51785ffa962feb50 reason=:unsigned
03:12:27.459 [error] local node self-trust was not added: node signing public-key artifact is absent — continuing with configured trusted identities
03:12:27.459 [warning] CommitStore: local write DENIED by trust gate (enforce) doc_uuid=430cc5e0-59e2-4ebe-8798-c5fbafb2969f commit_id=ddfff19237a3968f03d3ba4fe667faf4aef56ef119c7768d88931af00b2ec426 reason=:unsigned
03:12:27.460 [error] local node self-trust was not added: node signing public-key artifact is absent — continuing with configured trusted identities
03:12:27.460 [warning] CommitStore: local write DENIED by trust gate (enforce) doc_uuid=e1b57e38-b7d5-47ac-9600-21dca65b067f commit_id=57e68029b93733bf1dec2acac521f17f43ae3807090b1657b0c8b77030280b1b reason=:unsigned
03:12:27.460 [error] local node self-trust was not added: node signing public-key artifact is absent — continuing with configured trusted identities
03:12:27.461 [warning] CommitStore: local write DENIED by trust gate (enforce) doc_uuid=297d7621-259b-4f25-a7e5-48558c742050 commit_id=50ab37dfbb6c929082d565c9e88c873834ccd243110cb3194509506d7005eb2f reason=:unsigned
03:12:27.461 [error] local node self-trust was not added: node signing public-key artifact is absent — continuing with configured trusted identities
03:12:27.461 [warning] CommitStore: local write DENIED by trust gate (enforce) doc_uuid=53891b22-4906-46eb-a673-f0795f8cf337 commit_id=eb1373b0afb15834bcf08800098b1f6b9536c5c531214f1d99f44fbd0939df1f reason=:unsigned
03:12:27.462 [error] local node self-trust was not added: node signing public-key artifact is absent — continuing with configured trusted identities
03:12:27.462 [warning] CommitStore: local write DENIED by trust gate (enforce) doc_uuid=429679a6-c0b0-48bd-8847-bb3ba691d1a3 commit_id=e5c9c2e65044fb08322aee08a2f3f13a1dbd27d28bcbe2e56225091d8d81db4a reason=:unsigned
03:12:27.462 [error] local node self-trust was not added: node signing public-key artifact is absent — continuing with configured trusted identities
03:12:27.463 [warning] CommitStore: local write DENIED by trust gate (enforce) doc_uuid=a54e51be-47c0-467e-9ad1-d1f644011892 commit_id=f22133e11ff232dbde248dd930ca6227db50a5689fe06f9bb844addb8b77a7ae reason=:unsigned
03:12:27.463 [error] local node self-trust was not added: node signing public-key artifact is absent — continuing with configured trusted identities
03:12:27.463 [warning] CommitStore: local write DENIED by trust gate (enforce) doc_uuid=1630e6b9-e5cf-4bed-992a-6d31f5e6b3ae commit_id=02bd7b45c6e84824a2b020cedd97d45d25c8f31170ab2982325e8eefd08f795e reason=:unsigned
03:12:27.463 [error] local node self-trust was not added: node signing public-key artifact is absent — continuing with configured trusted identities
03:12:27.463 [warning] CommitStore: local write DENIED by trust gate (enforce) doc_uuid=22a5d448-d798-4d4a-b112-666adaeec916 commit_id=993777765db61e47b1f4427291c71dd3ff034d9da1812029ce38cfa2d1c988d1 reason=:unsigned
03:12:27.464 [error] local node self-trust was not added: node signing public-key artifact is absent — continuing with configured trusted identities
03:12:27.464 [warning] CommitStore: local write DENIED by trust gate (enforce) doc_uuid=738c0493-4197-4e8d-b347-a8a320329bfb commit_id=366c0187ae9285a01ef834de1e9b4ebe3a4a3488df9b73adef03cb088dfc5ee3 reason=:unsigned
03:12:27.464 [error] local node self-trust was not added: node signing public-key artifact is absent — continuing with configured trusted identities
03:12:27.464 [warning] CommitStore: local write DENIED by trust gate (enforce) doc_uuid=06dc610f-7dbd-44a8-9e20-3b9c4de833d6 commit_id=fa36b62d0c93e172fbe0fbf2c00bdc3705599a1457769a8dda22863fed5ef224 reason=:unsigned
03:12:27.465 [error] local node self-trust was not added: node signing public-key artifact is absent — continuing with configured trusted identities
03:12:27.465 [warning] CommitStore: local write DENIED by trust gate (enforce) doc_uuid=40faa2b3-8eb8-4c89-b08f-741e8802e804 commit_id=12519e0091ce0e217d226e46822ef3f5efea2bdd2595566032255869ee5b40d9 reason=:unsigned
03:12:27.465 [error] local node self-trust was not added: node signing public-key artifact is absent — continuing with configured trusted identities

DENY path, n=200 per arm
  baseline    p50=457us p99=1123us
  with audit  p50=322us p99=1970us
  ratio       p50=0.705 p99=1.754

.
DENY OFFERED path, n=200 per arm
  baseline    p50=275us p99=1236us calls=220
  with audit  p50=431us p99=6110us calls=220
  ratio       p50=1.567 p99=4.943
  offered     expected=220 observed=220

............03:12:29.025 [error] local node self-trust was not added: node signing public-key artifact is absent — continuing with configured trusted identities
03:12:29.025 [warning] CommitStore: local write DENIED by trust gate (enforce) doc_uuid=d08c6ced-c579-4406-aed2-881497be8c1a commit_id=eb0b514d4aa65b95ef2b8d99e4969ae4f407d92d881b0d3805ebe2e3c2f7a253 reason=:unsigned
.03:12:29.032 [error] local node self-trust was not added: node signing public-key artifact is absent — continuing with configured trusted identities
03:12:29.032 [warning] CommitStore: local write DENIED by trust gate (enforce) doc_uuid=f4e8eac8-7bab-5ecd-ad86-e09f3a9ff900 commit_id=1fa63976dc7ab0f47b3370066c1d7b016d008ff06f82832f273acf50ab3e4a44 reason=:unsigned
.03:12:29.038 [error] local node self-trust was not added: node signing public-key artifact is absent — continuing with configured trusted identities
03:12:29.038 [warning] CommitStore: local write DENIED by trust gate (enforce) doc_uuid=0aa10dd1-0c86-4476-bf6b-c1a1f3be2cad commit_id=420e81408ef5dea8362a9238b44b3b074c1cd5598aea4779ba67dec92d4b451e reason=:unsigned
.03:12:29.062 [error] local node self-trust was not added: node signing public-key artifact is absent — continuing with configured trusted identities
03:12:29.062 [warning] CommitStore: local write DENIED by trust gate (enforce) doc_uuid=643f2e18-a1e4-42f1-8a1c-08f74c647652 commit_id=3446801d9c4f99aeb0996a9ed485e5622e3719a8cb8feaca546cb78ebc2a889f reason=:unsigned
03:12:29.063 [error] local node self-trust was not added: node signing public-key artifact is absent — continuing with configured trusted identities
03:12:29.063 [warning] CommitStore: local write DENIED by trust gate (enforce) doc_uuid=76b9d5b0-a88c-44c1-8eb8-1e6b0fcfc0e8 commit_id=3bdff4b4eb4239d91aa96ab25adace81fec6b14b6d7a27060b37cdaa9ab9ea89 reason=:unsigned
....03:12:29.586 [warning] CommitStore: local write DENIED by trust gate (enforce) doc_uuid=ddeee21b-9f96-473b-896f-418e7abefbb7 commit_id=5d5ae9c863f7719b767f13069ade7fdeea491ec1d79674d1ca4011964a52666e reason=:unsigned
03:12:29.587 [warning] CommitStore: local write DENIED by trust gate (enforce) doc_uuid=aef97548-d687-4f1b-9719-6b27bcc4f448 commit_id=1e5a464a75d9b597a6d531057d37172091c3f8e6fd6ef83dc01d505e936b8a70 reason=:unsigned
..........................03:12:31.521 [warning] flock failed on /tmp/cp_dir_sync_345141/hello.txt: :enoent, proceeding without lock
03:12:31.523 [warning] flock failed on /tmp/cp_dir_sync_345141/hello.txt: :enoent, proceeding without lock
03:12:31.527 [warning] flock failed on /tmp/cp_dir_sync_345141/world.txt: :enoent, proceeding without lock
03:12:31.527 [warning] flock failed on /tmp/cp_dir_sync_345141/world.txt: :enoent, proceeding without lock
....03:12:31.578 [warning] flock failed on /tmp/cp_dir_sync_452768/doomed.txt: :enoent, proceeding without lock
03:12:31.580 [warning] flock failed on /tmp/cp_dir_sync_452768/doomed.txt: :enoent, proceeding without lock
03:12:31.591 [warning] flock failed on /tmp/cp_dir_sync_452768/doomed.txt: :enoent, proceeding without lock
03:12:31.592 [warning] flock failed on /tmp/cp_dir_sync_452768/doomed.txt: :enoent, proceeding without lock
.....03:12:31.788 [warning] GhostReaper: ABORTED run (fail-closed, reaped nothing) — {:session_state_unreadable, #PID<0.35395.0>}
...03:12:31.884 [error] local node self-trust was not added: node signing public-key artifact is absent — continuing with configured trusted identities
03:12:31.887 [error] local node self-trust was not added: node signing public-key artifact is absent — continuing with configured trusted identities
03:12:31.890 [error] local node self-trust was not added: node signing public-key artifact is absent — continuing with configured trusted identities
03:12:31.895 [error] local node self-trust was not added: node signing public-key artifact is absent — continuing with configured trusted identities
03:12:31.900 [error] local node self-trust was not added: node signing public-key artifact is absent — continuing with configured trusted identities
03:12:31.904 [error] local node self-trust was not added: node signing public-key artifact is absent — continuing with configured trusted identities
03:12:31.906 [error] local node self-trust was not added: node signing public-key artifact is absent — continuing with configured trusted identities
03:12:31.909 [error] local node self-trust was not added: node signing public-key artifact is absent — continuing with configured trusted identities
03:12:31.911 [error] local node self-trust was not added: node signing public-key artifact is absent — continuing with configured trusted identities
03:12:31.914 [error] local node self-trust was not added: node signing public-key artifact is absent — continuing with configured trusted identities
03:12:31.919 [error] local node self-trust was not added: node signing public-key artifact is absent — continuing with configured trusted identities
03:12:31.922 [error] local node self-trust was not added: node signing public-key artifact is absent — continuing with configured trusted identities
03:12:31.925 [error] local node self-trust was not added: node signing public-key artifact is absent — continuing with configured trusted identities
03:12:31.930 [error] local node self-trust was not added: node signing public-key artifact is absent — continuing with configured trusted identities
03:12:31.933 [error] local node self-trust was not added: node signing public-key artifact is absent — continuing with configured trusted identities
03:12:31.938 [error] local node self-trust was not added: node signing public-key artifact is absent — continuing with configured trusted identities
03:12:31.943 [error] local node self-trust was not added: node signing public-key artifact is absent — continuing with configured trusted identities
03:12:31.948 [error] local node self-trust was not added: node signing public-key artifact is absent — continuing with configured trusted identities
03:12:31.957 [error] local node self-trust was not added: node signing public-key artifact is absent — continuing with configured trusted identities
03:12:31.980 [error] local node self-trust was not added: node signing public-key artifact is absent — continuing with configured trusted identities
03:12:31.981 [error] local node self-trust was not added: node signing public-key artifact is absent — continuing with configured trusted identities
.03:12:32.011 [error] local node self-trust was not added: node signing public-key artifact is absent — continuing with configured trusted identities
03:12:32.014 [error] local node self-trust was not added: node signing public-key artifact is absent — continuing with configured trusted identities
03:12:32.017 [error] local node self-trust was not added: node signing public-key artifact is absent — continuing with configured trusted identities
03:12:32.020 [error] local node self-trust was not added: node signing public-key artifact is absent — continuing with configured trusted identities
03:12:32.024 [error] local node self-trust was not added: node signing public-key artifact is absent — continuing with configured trusted identities
03:12:32.027 [error] local node self-trust was not added: node signing public-key artifact is absent — continuing with configured trusted identities
03:12:32.030 [error] local node self-trust was not added: node signing public-key artifact is absent — continuing with configured trusted identities
03:12:32.032 [error] local node self-trust was not added: node signing public-key artifact is absent — continuing with configured trusted identities
03:12:32.036 [error] local node self-trust was not added: node signing public-key artifact is absent — continuing with configured trusted identities
03:12:32.039 [error] local node self-trust was not added: node signing public-key artifact is absent — continuing with configured trusted identities
03:12:32.042 [error] local node self-trust was not added: node signing public-key artifact is absent — continuing with configured trusted identities
03:12:32.045 [error] local node self-trust was not added: node signing public-key artifact is absent — continuing with configured trusted identities
03:12:32.048 [error] local node self-trust was not added: node signing public-key artifact is absent — continuing with configured trusted identities
03:12:32.051 [error] local node self-trust was not added: node signing public-key artifact is absent — continuing with configured trusted identities
03:12:32.055 [error] local node self-trust was not added: node signing public-key artifact is absent — continuing with configured trusted identities
03:12:32.058 [error] local node self-trust was not added: node signing public-key artifact is absent — continuing with configured trusted identities
03:12:32.060 [error] local node self-trust was not added: node signing public-key artifact is absent — continuing with configured trusted identities
03:12:32.063 [error] local node self-trust was not added: node signing public-key artifact is absent — continuing with configured trusted identities
03:12:32.067 [error] local node self-trust was not added: node signing public-key artifact is absent — continuing with configured trusted identities
03:12:32.070 [error] local node self-trust was not added: node signing public-key artifact is absent — continuing with configured trusted identities
03:12:32.072 [error] local node self-trust was not added: node signing public-key artifact is absent — continuing with configured trusted identities
03:12:32.075 [error] local node self-trust was not added: node signing public-key artifact is absent — continuing with configured trusted identities
03:12:32.078 [error] local node self-trust was not added: node signing public-key artifact is absent — continuing with configured trusted identities
03:12:32.084 [error] local node self-trust was not added: node signing public-key artifact is absent — continuing with configured trusted identities
03:12:32.088 [error] local node self-trust was not added: node signing public-key artifact is absent — continuing with configured trusted identities
03:12:32.091 [error] local node self-trust was not added: node signing public-key artifact is absent — continuing with configured trusted identities
03:12:32.096 [error] local node self-trust was not added: node signing public-key artifact is absent — continuing with configured trusted identities
03:12:32.123 [error] local node self-trust was not added: node signing public-key artifact is absent — continuing with configured trusted identities
03:12:32.125 [error] local node self-trust was not added: node signing public-key artifact is absent — continuing with configured trusted identities
03:12:32.126 [error] local node self-trust was not added: node signing public-key artifact is absent — continuing with configured trusted identities
.03:12:32.165 [error] local node self-trust was not added: node signing public-key artifact is absent — continuing with configured trusted identities
03:12:32.167 [error] local node self-trust was not added: node signing public-key artifact is absent — continuing with configured trusted identities
.03:12:32.180 [error] local node self-trust was not added: node signing public-key artifact is absent — continuing with configured trusted identities
03:12:32.183 [error] local node self-trust was not added: node signing public-key artifact is absent — continuing with configured trusted identities
03:12:32.189 [error] local node self-trust was not added: node signing public-key artifact is absent — continuing with configured trusted identities
03:12:32.193 [error] local node self-trust was not added: node signing public-key artifact is absent — continuing with configured trusted identities
03:12:32.196 [error] local node self-trust was not added: node signing public-key artifact is absent — continuing with configured trusted identities
03:12:32.198 [error] local node self-trust was not added: node signing public-key artifact is absent — continuing with configured trusted identities
03:12:32.200 [error] local node self-trust was not added: node signing public-key artifact is absent — continuing with configured trusted identities
03:12:32.203 [error] local node self-trust was not added: node signing public-key artifact is absent — continuing with configured trusted identities
03:12:32.208 [error] local node self-trust was not added: node signing public-key artifact is absent — continuing with configured trusted identities
03:12:32.212 [error] local node self-trust was not added: node signing public-key artifact is absent — continuing with configured trusted identities
03:12:32.216 [error] local node self-trust was not added: node signing public-key artifact is absent — continuing with configured trusted identities
03:12:32.220 [error] local node self-trust was not added: node signing public-key artifact is absent — continuing with configured trusted identities
03:12:32.223 [error] local node self-trust was not added: node signing public-key artifact is absent — continuing with configured trusted identities
03:12:32.226 [error] local node self-trust was not added: node signing public-key artifact is absent — continuing with configured trusted identities
03:12:32.229 [error] local node self-trust was not added: node signing public-key artifact is absent — continuing with configured trusted identities
03:12:32.233 [error] local node self-trust was not added: node signing public-key artifact is absent — continuing with configured trusted identities
03:12:32.237 [error] local node self-trust was not added: node signing public-key artifact is absent — continuing with configured trusted identities
03:12:32.240 [error] local node self-trust was not added: node signing public-key artifact is absent — continuing with configured trusted identities
03:12:32.243 [error] local node self-trust was not added: node signing public-key artifact is absent — continuing with configured trusted identities
03:12:32.279 [error] local node self-trust was not added: node signing public-key artifact is absent — continuing with configured trusted identities
03:12:32.283 [error] local node self-trust was not added: node signing public-key artifact is absent — continuing with configured trusted identities
03:12:32.284 [error] ViewCompute nil: write failed: "exit: {:shutdown, {GenServer, :call, [Commonplace.Store.CommitStore, {:put_built_commit, %Commonplace.Store.Commit{id: <<25, 29, 239, 220, 9, 196, 217, 147, 187, 217, 48, 237, 53, 91, 121, 29, 76, 111, 39, 202, 116, 30, 212, 245, 234, 152, 26, 36, 60, 61, 134, 180>>, doc_uuid: \"4a3bf847-e024-47e2-8f69-d9cd07e6809e\", parent_id: <<101, 5, 40, 253, 190, 210, 198, 175, 123, 244, 133, 81, 203, 160, 177, 156, 243, 40, 187, 143, 129, 239, 50, 186, 219, 147, 99, 182, 85, 246, 17, 51>>, update: <<2, 1, 169, 163, 171, 192, 4, 0, 4, 1, 7, 99, 111, 110, 116, 101, 110, 116, 138, 8, 60, 118, 105, 101, 119, 32, 115, 99, 104, 101, 109, 97, 61, 34, 49, 34, 62, ...>>, timestamp: ~U[2026-08-11 03:12:32.283034Z], signature: nil, signer_id: nil, post_state_hash: nil, metadata: %{}, merge_parents: []}, <<101, 5, 40, 253, 190, 210, 198, 175, 123, 244, 133, 81, 203, 160, 177, 156, 243, 40, 187, 143, 129, 239, 50, 186, 219, 147, 99, 182, 85, 246, 17, 51>>, nil}, 5000]}}"
.03:12:32.300 [error] local node self-trust was not added: node signing public-key artifact is absent — continuing with configured trusted identities
03:12:32.306 [error] local node self-trust was not added: node signing public-key artifact is absent — continuing with configured trusted identities
03:12:32.310 [error] local node self-trust was not added: node signing public-key artifact is absent — continuing with configured trusted identities
03:12:32.317 [error] local node self-trust was not added: node signing public-key artifact is absent — continuing with configured trusted identities
03:12:32.320 [error] local node self-trust was not added: node signing public-key artifact is absent — continuing with configured trusted identities
03:12:32.323 [error] local node self-trust was not added: node signing public-key artifact is absent — continuing with configured trusted identities
03:12:32.326 [error] local node self-trust was not added: node signing public-key artifact is absent — continuing with configured trusted identities
03:12:32.332 [error] local node self-trust was not added: node signing public-key artifact is absent — continuing with configured trusted identities
03:12:32.340 [error] local node self-trust was not added: node signing public-key artifact is absent — continuing with configured trusted identities
03:12:32.344 [error] local node self-trust was not added: node signing public-key artifact is absent — continuing with configured trusted identities
03:12:32.352 [error] local node self-trust was not added: node signing public-key artifact is absent — continuing with configured trusted identities
03:12:32.358 [error] local node self-trust was not added: node signing public-key artifact is absent — continuing with configured trusted identities
03:12:32.366 [error] local node self-trust was not added: node signing public-key artifact is absent — continuing with configured trusted identities
03:12:32.372 [error] local node self-trust was not added: node signing public-key artifact is absent — continuing with configured trusted identities
03:12:32.380 [error] local node self-trust was not added: node signing public-key artifact is absent — continuing with configured trusted identities
03:12:32.383 [error] local node self-trust was not added: node signing public-key artifact is absent — continuing with configured trusted identities
03:12:32.386 [error] local node self-trust was not added: node signing public-key artifact is absent — continuing with configured trusted identities
03:12:32.389 [error] local node self-trust was not added: node signing public-key artifact is absent — continuing with configured trusted identities
03:12:32.395 [error] local node self-trust was not added: node signing public-key artifact is absent — continuing with configured trusted identities
....................................03:12:33.011 [error] local node self-trust was not added: node signing public-key artifact is absent — continuing with configured trusted identities
.03:12:33.062 [error] local node self-trust was not added: node signing public-key artifact is absent — continuing with configured trusted identities
.03:12:33.095 [error] local node self-trust was not added: node signing public-key artifact is absent — continuing with configured trusted identities
.03:12:33.123 [error] local node self-trust was not added: node signing public-key artifact is absent — continuing with configured trusted identities
.................03:12:34.701 [warning] EngineModule :look ("100ca11b-1004-4e55-9f66-a07788990011") fell back to last-good/floor: {:compile, :not_found}
03:12:34.704 [warning] EngineModule :parser ("aa11bb22-cc33-4d44-8e55-ff6677889900") fell back to last-good/floor: {:compile, :not_found}
.03:12:34.787 [warning] EngineModule :look ("100ca11b-1004-4e55-9f66-a07788990011") fell back to last-good/floor: {:compile, :not_found}
.03:12:34.890 [warning] EngineModule :look ("100ca11b-1004-4e55-9f66-a07788990011") fell back to last-good/floor: {:compile, :not_found}
03:12:34.970 [warning] EngineModule :look ("100ca11b-1004-4e55-9f66-a07788990011") fell back to last-good/floor: {:compile, :not_found}
03:12:34.972 [warning] EngineModule :parser ("aa11bb22-cc33-4d44-8e55-ff6677889900") fell back to last-good/floor: {:compile, :not_found}
03:12:34.995 [warning] CommitStore: local write DENIED by trust gate (enforce) doc_uuid=d2226ef7-c6b9-4bdf-b29f-12c71bbecc34 commit_id=ed25f4796da2fd0545499218fbcecccdcf033aeeb13f3b609f6a9240c56a414e reason=:capability_insufficient
.03:12:35.115 [warning] EngineModule :look ("100ca11b-1004-4e55-9f66-a07788990011") fell back to last-good/floor: {:compile, :not_found}
03:12:35.117 [warning] EngineModule :parser ("aa11bb22-cc33-4d44-8e55-ff6677889900") fell back to last-good/floor: {:compile, :not_found}
03:12:35.118 [warning] EngineModule :look ("100ca11b-1004-4e55-9f66-a07788990011") fell back to last-good/floor: {:compile, :not_found}
.03:12:35.301 [warning] flock failed on /tmp/cp_peer_b_394208/__reflog/server/__snapshot: :enoent, proceeding without lock
03:12:35.312 [warning] flock failed on /tmp/cp_peer_a_662101/__reflog/server/__snapshot: :enoent, proceeding without lock
03:12:35.364 [warning] flock failed on /tmp/cp_peer_b_394208/from_a.txt: :enoent, proceeding without lock
.03:12:35.542 [warning] flock failed on /tmp/cp_peer_b_490926/__reflog/server/__snapshot: :enoent, proceeding without lock
03:12:35.550 [warning] flock failed on /tmp/cp_peer_a_681108/__reflog/server/__snapshot: :enoent, proceeding without lock
03:12:35.600 [warning] flock failed on /tmp/cp_peer_b_490926/shared.txt: :enoent, proceeding without lock
.03:12:35.920 [warning] flock failed on /tmp/cp_peer_a_576343/__reflog/server/__snapshot: :enoent, proceeding without lock
03:12:35.929 [warning] flock failed on /tmp/cp_peer_b_398115/__reflog/server/__snapshot: :enoent, proceeding without lock
03:12:35.976 [warning] flock failed on /tmp/cp_peer_a_576343/from_b.txt: :enoent, proceeding without lock
.03:12:36.190 [warning] flock failed on /tmp/cp_peer_b_414922/__reflog/server/__snapshot: :enoent, proceeding without lock
03:12:36.194 [warning] flock failed on /tmp/cp_peer_a_298903/__reflog/server/__snapshot: :enoent, proceeding without lock
03:12:36.197 [warning] flock failed on /tmp/cp_peer_a_298903/b_file.txt: :enoent, proceeding without lock
03:12:36.248 [warning] flock failed on /tmp/cp_peer_b_414922/a_file.txt: :enoent, proceeding without lock
...................03:12:37.335 [error] local node self-trust was not added: node signing public-key artifact is absent — continuing with configured trusted identities
03:12:37.337 [error] local node self-trust was not added: node signing public-key artifact is absent — continuing with configured trusted identities
03:12:37.339 [error] local node self-trust was not added: node signing public-key artifact is absent — continuing with configured trusted identities
03:12:37.340 [warning] CommitStore: local write would be DENIED by trust gate (dry_run — write still lands) doc_uuid=99b20ad1-8ece-484a-83f9-cced40a954ab commit_id=8104bea3a63a8598c2c9ce160aa4ca5fc3869ed07f46b149f9ee9b59aae9cf9f reason={:untrusted_signer, "b0b22222-0000-0000-0000-938859610836"}
03:12:37.342 [error] local node self-trust was not added: node signing public-key artifact is absent — continuing with configured trusted identities
03:12:37.342 [error] local node self-trust was not added: node signing public-key artifact is absent — continuing with configured trusted identities
.....03:12:37.408 [error] local node self-trust was not added: node signing public-key artifact is absent — continuing with configured trusted identities
03:12:37.411 [error] local node self-trust was not added: node signing public-key artifact is absent — continuing with configured trusted identities
03:12:37.412 [error] local node self-trust was not added: node signing public-key artifact is absent — continuing with configured trusted identities
03:12:37.415 [error] local node self-trust was not added: node signing public-key artifact is absent — continuing with configured trusted identities
03:12:37.415 [error] local node self-trust was not added: node signing public-key artifact is absent — continuing with configured trusted identities
....................................03:12:39.269 [error] local node self-trust was not added: node signing public-key artifact is absent — continuing with configured trusted identities
03:12:39.273 [error] local node self-trust was not added: node signing public-key artifact is absent — continuing with configured trusted identities
03:12:39.276 [error] local node self-trust was not added: node signing public-key artifact is absent — continuing with configured trusted identities
.03:12:39.285 [error] local node self-trust was not added: node signing public-key artifact is absent — continuing with configured trusted identities
.03:12:39.297 [error] local node self-trust was not added: node signing public-key artifact is absent — continuing with configured trusted identities
.03:12:39.307 [error] local node self-trust was not added: node signing public-key artifact is absent — continuing with configured trusted identities
03:12:39.311 [error] local node self-trust was not added: node signing public-key artifact is absent — continuing with configured trusted identities
03:12:39.312 [error] local node self-trust was not added: node signing public-key artifact is absent — continuing with configured trusted identities
.03:12:39.319 [error] local node self-trust was not added: node signing public-key artifact is absent — continuing with configured trusted identities
03:12:39.322 [error] local node self-trust was not added: node signing public-key artifact is absent — continuing with configured trusted identities
.03:12:39.328 [error] local node self-trust was not added: node signing public-key artifact is absent — continuing with configured trusted identities
03:12:39.331 [error] local node self-trust was not added: node signing public-key artifact is absent — continuing with configured trusted identities
.03:12:39.337 [error] local node self-trust was not added: node signing public-key artifact is absent — continuing with configured trusted identities
.03:12:39.347 [error] local node self-trust was not added: node signing public-key artifact is absent — continuing with configured trusted identities
03:12:39.349 [error] local node self-trust was not added: node signing public-key artifact is absent — continuing with configured trusted identities
.03:12:39.355 [error] local node self-trust was not added: node signing public-key artifact is absent — continuing with configured trusted identities
.03:12:39.364 [error] local node self-trust was not added: node signing public-key artifact is absent — continuing with configured trusted identities
03:12:39.367 [error] local node self-trust was not added: node signing public-key artifact is absent — continuing with configured trusted identities
.03:12:39.373 [error] local node self-trust was not added: node signing public-key artifact is absent — continuing with configured trusted identities
03:12:39.377 [error] local node self-trust was not added: node signing public-key artifact is absent — continuing with configured trusted identities
03:12:39.377 [warning] CommitStore: local write DENIED by trust gate (enforce) doc_uuid=f1490779-9852-4498-a66e-0cb6d74163ca commit_id=791b0a1a25d966f9b44ac425c00e3fb20b6dd65b4d9c7db98fd2e5d163e31c06 reason={:untrusted_signer, "bbbb0000-0000-0000-0000-201351558598"}
...........SITE B register commit.metadata = %{kind: :regular, snapshot_parent: <<218, 38, 89, 215, 82, 1, 192, 186, 159, 77, 8, 98, 187, 97, 149, 231, 126, 164, 88, 91, 197, 30, 201, 37, 197, 244, 252, 43, 39, 116, 162, 106>>}
SITE B touch_last_seen commit.metadata = %{kind: :regular, snapshot_parent: <<218, 38, 89, 215, 82, 1, 192, 186, 159, 77, 8, 98, 187, 97, 149, 231, 126, 164, 88, 91, 197, 30, 201, 37, 197, 244, 252, 43, 39, 116, 162, 106>>}
SITE B register import_commit/3 result: :already_exists
SITE B touch_last_seen import_commit/3 result: :ok
.CONTROL A commit.metadata = %{}
CONTROL A import_commit/3 result: :ok
.SITE B (legacy head) touch_last_seen commit.metadata = %{}
SITE B (legacy head) import_commit/3 result: :ok
.SITE A: target file's parent (pre-merge) metadata = %{}
SITE A merge commit.metadata = %{kind: :regular, pr_merge: "ab875dfc-9ae2-42a6-b9a0-742a9cc02afc"}
SITE A snapshot_parent present? false
SITE A import_commit/3 result: :ok
.CONTROL B commit.metadata = %{kind: :regular, some_key: "x"}
CONTROL B import_commit/3 result: :ok
.SITE C (legacy %{} parent) opts_for metadata = %{kind: :regular, capability_proof: <<43, 18, 219, 64, 216, 4, 72, 92, 188, 86, 57, 230, 97, 210, 39, 62, 6, 213, 171, 142, 66, 47, 32, 38, 1, 90, 126, 159, 33, 216, 148, 175>>}
03:12:40.209 [warning] CommitStore: local write would be DENIED by trust gate (dry_run — write still lands) doc_uuid=372ca7bb-ad80-4b3d-81a3-9ebfaad0ded2 commit_id=fac88cef5e60597e39d1069c3938bce4edab66fb616c29c405e0a17142d214f4 reason=:untrusted_root
SITE C (legacy parent) commit.metadata = %{kind: :regular, capability_proof: <<43, 18, 219, 64, 216, 4, 72, 92, 188, 86, 57, 230, 97, 210, 39, 62, 6, 213, 171, 142, 66, 47, 32, 38, 1, 90, 126, 159, 33, 216, 148, 175>>}
SITE C (legacy parent) snapshot_parent present? false
SITE C (legacy parent) result: %{import_commit: {:error, {:trust_rejected, :awaiting_capability}}, namespace_check_isolated: :ok}
.NEGATIVE CONTROL import_commit/3 result: {:error, {:namespace_rejected, {:unknown_reference, [999]}}}
.SITE C (fresh/genesis parent) opts_for metadata = %{kind: :regular, capability_proof: <<138, 107, 53, 253, 28, 236, 76, 64, 120, 177, 64, 73, 169, 178, 131, 71, 230, 126, 185, 236, 232, 13, 155, 244, 81, 201, 235, 114, 200, 45, 130, 90>>}
03:12:40.246 [warning] CommitStore: local write would be DENIED by trust gate (dry_run — write still lands) doc_uuid=31baa032-4211-4d45-959f-e15e0009981b commit_id=6df9111693d7fe1ed0838f4db1101220a868d0fee4b307809286ca1e8a7dc93c reason=:untrusted_root
SITE C (fresh parent) commit.metadata = %{kind: :regular, capability_proof: <<138, 107, 53, 253, 28, 236, 76, 64, 120, 177, 64, 73, 169, 178, 131, 71, 230, 126, 185, 236, 232, 13, 155, 244, 81, 201, 235, 114, 200, 45, 130, 90>>, snapshot_parent: <<39, 144, 9, 180, 120, 2, 40, 180, 3, 14, 55, 152, 109, 195, 43, 191, 129, 27, 141, 73, 118, 138, 89, 228, 170, 203, 120, 244, 176, 115, 58, 32>>}
SITE C (fresh parent) snapshot_parent present? true
SITE C (fresh parent) result: %{import_commit: {:error, {:trust_rejected, :awaiting_capability}}, namespace_check_isolated: :ok}
.....03:12:40.312 [warning] Commonplace.Application: could not write /tmp/cp_mode_b_node_name_missing_122699025/nested/deeper/node_name (:enoent); MCP serve discovery via <data_dir>/node_name will not find this node
..................03:12:42.839 [warning] CommitStore: local write DENIED by trust gate (enforce) doc_uuid=7f3d6340-e7f1-431f-8747-da6530b7b3ac commit_id=33dde86e280bdc0c4434e06a3627b6ecdd0ed760dca3895135401e8b74ce6d95 reason={:untrusted_signer, "8b0e37d3-08e8-4a84-8b2d-ee02b6baa82a"}
..03:12:42.872 [error] GenServer #PID<0.38595.0> terminating
** (stop) killed
Last message: {:EXIT, #PID<0.38592.0>, :killed}
.03:12:42.892 [error] local node self-trust was not added: node signing public-key artifact is absent — continuing with configured trusted identities
.03:12:42.998 [error] local node self-trust was not added: node signing public-key artifact is absent — continuing with configured trusted identities
.03:12:43.149 [error] local node self-trust was not added: node signing public-key artifact is absent — continuing with configured trusted identities
.03:12:43.249 [error] local node self-trust was not added: node signing public-key artifact is absent — continuing with configured trusted identities
.03:12:43.325 [error] local node self-trust was not added: node signing public-key artifact is absent — continuing with configured trusted identities
.03:12:43.415 [error] local node self-trust was not added: node signing public-key artifact is absent — continuing with configured trusted identities
.03:12:43.530 [error] local node self-trust was not added: node signing public-key artifact is absent — continuing with configured trusted identities
....03:12:43.822 [warning] CommitStore: local write DENIED by trust gate (enforce) doc_uuid=dcbd2666-0f99-4d67-a0d8-2a70ca48cdb5 commit_id=24a60de1ca26fc15d7cb58b11b450d5bc046c68b8396d23d526ce0b8b1c7ebb5 reason=:capability_insufficient
..03:12:43.973 [warning] CommitStore: local write DENIED by trust gate (enforce) doc_uuid=39adb5eb-9ef1-4368-9931-86432371f9a5 commit_id=438ba2b9b8b68b8dda303d113d509599e558a6a4a85b149cb88a89b02ca66514 reason={:untrusted_signer, "734a8dc7-e9cd-48fc-b50d-be422bc72d72"}
............03:12:44.354 [warning] CommitStore: doc commit index interrupted (state={:dirty, 1, {:range_scan_seed, <<255, 7, 7, 7, 7, 7, 7, 7, 7, 7, 7, 7, 7, 7, 7, 7, 7, 7, 7, 7, 7, 7, 7, 7, 7, 7, 7, 7, 7, 7, 7, 7>>}}); startup backfill repaired commit_rows=1 doc_uuids=1 removed_index_rows=0 scope=entire_commit_range
.03:12:44.368 [warning] CommitStore: doc commit index interrupted (state={:dirty, 1, {:range_scan_seed, <<254, 7, 7, 7, 7, 7, 7, 7, 7, 7, 7, 7, 7, 7, 7, 7, 7, 7, 7, 7, 7, 7, 7, 7, 7, 7, 7, 7, 7, 7, 7, 7>>}}); startup backfill repaired commit_rows=2 doc_uuids=2 removed_index_rows=0 scope=entire_commit_range
..03:12:44.398 [warning] CommitStore: doc commit index interrupted (state={:dirty, 1, {:range_scan_seed, <<255, 7, 7, 7, 7, 7, 7, 7, 7, 7, 7, 7, 7, 7, 7, 7, 7, 7, 7, 7, 7, 7, 7, 7, 7, 7, 7, 7, 7, 7, 7, 7>>}}); startup backfill repaired commit_rows=6 doc_uuids=1 removed_index_rows=0 scope=entire_commit_range
.03:12:44.410 [warning] CommitStore: doc commit index interrupted (state={:dirty, 1, {:range_scan_seed, <<255, 255, 255, 255, 255, 255, 255, 255, 255, 255, 255, 255, 255, 255, 255, 255, 255, 255, 255, 255, 255, 255, 255, 255, 255, 255, 255, 255, 255, 255, 255, 255>>}}); startup backfill repaired commit_rows=1 doc_uuids=1 removed_index_rows=0 scope=entire_commit_range
....03:12:44.854 [warning] CommitStore: local write DENIED by trust gate (enforce) doc_uuid=4690803c-e2ef-4738-8463-db517248fdf3 commit_id=58ddbfd7467abdaf29158f7caa4940276cbd2e4f1dbe72ea625a0d3a5b923112 reason={:untrusted_signer, "f59996b2-d097-4af8-b5c8-d49840dcfbfc"}
...................................03:12:46.338 [warning] CommitStore: local write DENIED by trust gate (enforce) doc_uuid=95b3985a-fac3-4cf1-bc49-a11b723795ba commit_id=19380e2996aa98e151eaf8b7b4b756d3f6aa686a2caa8ee22638ad090aaed419 reason=:unsigned
.....03:12:46.470 [warning] CommitStore: local write would be DENIED by trust gate (dry_run — write still lands) doc_uuid=eec0f589-0206-496b-ab6f-d29c3b922828 commit_id=f427d730bb2a713eadb3d22296f8b21755a6289801336465f7c202bda04230f5 reason={:untrusted_signer, "invB-731303009508"}
03:12:46.472 [warning] CommitStore: local write would be DENIED by trust gate (dry_run — write still lands) doc_uuid=d12ba7ea-8a28-4a31-bf76-91493bbdb554 commit_id=f5d60a648958cfb4c8715c18329c9c4ebacd75997d19335a33bbc7a78aa582dd reason=:unsigned
..................03:12:47.064 [warning] CommitStore: local write DENIED by trust gate (enforce) doc_uuid=84446ffd-c679-43fe-a7a0-0e7b7263f08f commit_id=1ecdaadd0fe9a3b819ae308605941d4d77f9ebb42a445243207fa0715e8950ec reason={:untrusted_signer, "invB-791390422266"}
....03:12:47.150 [warning] CommitStore: local write DENIED by trust gate (enforce) doc_uuid=3f17c5c1-f59f-4430-8ac9-2690f2b20bf6 commit_id=e7f28856ae83e18d189566248ad574cb261c5d39573f503fefa73cccc5bbba0d reason={:untrusted_signer, "invB-502459344771"}
..03:12:47.188 [warning] CommitStore: local write DENIED by trust gate (enforce) doc_uuid=dfefac4d-5e5c-4260-baeb-b4ac70e3f1f4 commit_id=a7a14e179ae4e0c55b28389eb82ae608a060e4c605bae7dc05ec8b1eea5f793b reason={:untrusted_signer, "invB-567690011116"}
.03:12:47.202 [warning] CommitStore: local write DENIED by trust gate (enforce) doc_uuid=31d0b0e2-9f14-44c6-b615-2d5090375d08 commit_id=fac64c1964ee9371c1537f1ee4f03d16810f43a1fa6e1b524ffd1bf13bd1a763 reason={:untrusted_signer, "invB-639436477927"}
................03:12:47.860 [warning] CommitStore: local write would be DENIED by trust gate (dry_run — write still lands) doc_uuid=ac53e6a9-af81-479f-9717-8cbb7bc155d9 commit_id=9d29ea9be7b8d4d6d11003088af854b29f794a2b763f479df69e23cb4df19e28 reason={:untrusted_signer, "invB-718811370508"}
03:12:47.863 [warning] CommitStore: local write would be DENIED by trust gate (dry_run — write still lands) doc_uuid=a6009d70-b000-4965-9dd8-88292753eb9e commit_id=58336969f0cc816b55aec27862fadfcce8866e5f6bc06001efe78d34b60078a5 reason=:unsigned
....03:12:48.031 [warning] CommitStore: local write would be DENIED by trust gate (dry_run — write still lands) doc_uuid=e31f6a96-00db-4c76-a222-a3bdac7db1e2 commit_id=48ab793c3f69f7da73a4a41707e7b1658841dfccc667ffc9414e656c9dc405fd reason={:untrusted_signer, "invB-246923323305"}
03:12:48.033 [warning] CommitStore: local write would be DENIED by trust gate (dry_run — write still lands) doc_uuid=69e2af91-c22c-4549-89e9-fa6aa01a6069 commit_id=04adff9eec8446292b389a3d237d96f86ae43363903665fb333c96d215786c61 reason=:unsigned
03:12:48.035 [warning] safe-verb reach bound fired: set_attr → :owner_grant_exceeded (via_verb={"06b9cfd8-0361-4834-985e-d91615264da4", "some-host"})
..........03:12:48.427 [warning] CommitStore: local write would be DENIED by trust gate (dry_run — write still lands) doc_uuid=e7d08152-70a9-4a71-8c6f-d844b4a593f6 commit_id=5e78baa195dbc1ea97e56bea90fd7791ff296e5d1824995c49779df3893eb59d reason={:untrusted_signer, "invB-327959481237"}
03:12:48.430 [warning] CommitStore: local write would be DENIED by trust gate (dry_run — write still lands) doc_uuid=3de720a2-ccca-4afc-b27c-7d7ea940e016 commit_id=e7223b0d30304342af979e6eb8892f12133cbbc0f3b369e6740990cf77d9dafe reason=:unsigned
..03:12:48.605 [warning] CommitStore: local write DENIED by trust gate (enforce) doc_uuid=25731669-c728-4979-ad7c-3cbb131ff3f9 commit_id=9bff1b4166b9ee7ed8b69e746be496314fd240b677266e41deb5512f57400295 reason={:untrusted_signer, "invB-583576172345"}
.03:12:48.623 [warning] CommitStore: local write would be DENIED by trust gate (dry_run — write still lands) doc_uuid=39aee628-a122-4995-9352-44518b12c112 commit_id=0a7bb3ea1602424ff352049f3372380104bd685d51262a514cdcb91d087b4e96 reason={:untrusted_signer, "invB-928047606901"}
03:12:48.627 [warning] CommitStore: local write would be DENIED by trust gate (dry_run — write still lands) doc_uuid=6c5fd5e7-c49c-4dca-8e99-d15c942340c2 commit_id=03f49bc5ccb3193be779bd4e4fd2afd67a51dc75bd12fb9b29030485b9654daf reason=:unsigned
.....03:12:48.924 [warning] DocBuilder.reconstruct_doc: commit_log hit the 20-commit cap for doc over-cap-2 with no snapshot found in the window — reconstruction may be silently truncated (CX-klpi)
03:12:48.929 [warning] DocBuilder.reconstruct_doc: commit_log hit the 20-commit cap for doc over-cap-2 with no snapshot found in the window — reconstruction may be silently truncated (CX-klpi)
03:12:48.933 [warning] DocBuilder.reconstruct_doc: commit_log hit the 20-commit cap for doc over-cap-2 with no snapshot found in the window — reconstruction may be silently truncated (CX-klpi)
03:12:48.938 [warning] DocBuilder.reconstruct_doc: commit_log hit the 20-commit cap for doc over-cap-2 with no snapshot found in the window — reconstruction may be silently truncated (CX-klpi)
03:12:48.942 [warning] DocBuilder.reconstruct_doc: commit_log hit the 20-commit cap for doc over-cap-2 with no snapshot found in the window — reconstruction may be silently truncated (CX-klpi)
03:12:48.946 [warning] DocBuilder.reconstruct_doc: commit_log hit the 20-commit cap for doc over-cap-2 with no snapshot found in the window — reconstruction may be silently truncated (CX-klpi)
03:12:48.951 [warning] DocBuilder.reconstruct_doc: commit_log hit the 20-commit cap for doc over-cap-2 with no snapshot found in the window — reconstruction may be silently truncated (CX-klpi)
03:12:48.958 [warning] DocBuilder.reconstruct_doc: commit_log hit the 20-commit cap for doc over-cap-2 with no snapshot found in the window — reconstruction may be silently truncated (CX-klpi)
03:12:48.963 [warning] DocBuilder.reconstruct_doc: commit_log hit the 20-commit cap for doc over-cap-2 with no snapshot found in the window — reconstruction may be silently truncated (CX-klpi)
03:12:48.968 [warning] DocBuilder.reconstruct_doc: commit_log hit the 20-commit cap for doc over-cap-2 with no snapshot found in the window — reconstruction may be silently truncated (CX-klpi)
03:12:48.974 [warning] DocBuilder.reconstruct_doc: commit_log hit the 20-commit cap for doc over-cap-2 with no snapshot found in the window — reconstruction may be silently truncated (CX-klpi)
03:12:48.979 [warning] DocBuilder.reconstruct_doc: commit_log hit the 20-commit cap for doc over-cap-2 with no snapshot found in the window — reconstruction may be silently truncated (CX-klpi)
03:12:48.983 [warning] DocBuilder.reconstruct_doc: commit_log hit the 20-commit cap for doc over-cap-2 with no snapshot found in the window — reconstruction may be silently truncated (CX-klpi)
03:12:48.990 [warning] DocBuilder.reconstruct_doc: commit_log hit the 20-commit cap for doc over-cap-2 with no snapshot found in the window — reconstruction may be silently truncated (CX-klpi)
03:12:48.997 [warning] DocBuilder.reconstruct_doc: commit_log hit the 20-commit cap for doc over-cap-2 with no snapshot found in the window — reconstruction may be silently truncated (CX-klpi)
03:12:49.007 [warning] DocBuilder.reconstruct_doc: commit_log hit the 20-commit cap for doc over-cap-2 with no snapshot found in the window — reconstruction may be silently truncated (CX-klpi)
03:12:49.014 [warning] DocBuilder.reconstruct_doc: commit_log hit the 20-commit cap for doc over-cap-2 with no snapshot found in the window — reconstruction may be silently truncated (CX-klpi)
03:12:49.020 [warning] DocBuilder.reconstruct_doc: commit_log hit the 20-commit cap for doc over-cap-2 with no snapshot found in the window — reconstruction may be silently truncated (CX-klpi)
03:12:49.025 [warning] DocBuilder.reconstruct_doc: commit_log hit the 20-commit cap for doc over-cap-2 with no snapshot found in the window — reconstruction may be silently truncated (CX-klpi)
03:12:49.030 [warning] DocBuilder.reconstruct_doc: commit_log hit the 20-commit cap for doc over-cap-2 with no snapshot found in the window — reconstruction may be silently truncated (CX-klpi)
03:12:49.035 [warning] DocBuilder.reconstruct_doc: commit_log hit the 20-commit cap for doc over-cap-2 with no snapshot found in the window — reconstruction may be silently truncated (CX-klpi)
03:12:49.039 [warning] DocBuilder.reconstruct_doc: commit_log hit the 20-commit cap for doc over-cap-2 with no snapshot found in the window — reconstruction may be silently truncated (CX-klpi)
03:12:49.045 [warning] DocBuilder.reconstruct_doc: commit_log hit the 20-commit cap for doc over-cap-2 with no snapshot found in the window — reconstruction may be silently truncated (CX-klpi)
03:12:49.051 [warning] DocBuilder.reconstruct_doc: commit_log hit the 20-commit cap for doc over-cap-2 with no snapshot found in the window — reconstruction may be silently truncated (CX-klpi)
03:12:49.056 [warning] DocBuilder.reconstruct_doc: commit_log hit the 20-commit cap for doc over-cap-2 with no snapshot found in the window — reconstruction may be silently truncated (CX-klpi)
03:12:49.062 [warning] DocBuilder.reconstruct_doc: commit_log hit the 20-commit cap for doc over-cap-2 with no snapshot found in the window — reconstruction may be silently truncated (CX-klpi)
03:12:49.066 [warning] DocBuilder.reconstruct_doc: commit_log hit the 20-commit cap for doc over-cap-2 with no snapshot found in the window — reconstruction may be silently truncated (CX-klpi)
03:12:49.071 [warning] DocBuilder.reconstruct_doc: commit_log hit the 20-commit cap for doc over-cap-2 with no snapshot found in the window — reconstruction may be silently truncated (CX-klpi)
03:12:49.078 [warning] DocBuilder.reconstruct_doc: commit_log hit the 20-commit cap for doc over-cap-2 with no snapshot found in the window — reconstruction may be silently truncated (CX-klpi)
03:12:49.082 [warning] DocBuilder.reconstruct_doc: commit_log hit the 20-commit cap for doc over-cap-2 with no snapshot found in the window — reconstruction may be silently truncated (CX-klpi)
03:12:49.089 [warning] DocBuilder.reconstruct_doc: commit_log hit the 20-commit cap for doc over-cap-2 with no snapshot found in the window — reconstruction may be silently truncated (CX-klpi)
03:12:49.094 [warning] DocBuilder.reconstruct_doc: commit_log hit the 20-commit cap for doc over-cap-2 with no snapshot found in the window — reconstruction may be silently truncated (CX-klpi)
03:12:49.099 [warning] DocBuilder.reconstruct_doc: commit_log hit the 20-commit cap for doc over-cap-2 with no snapshot found in the window — reconstruction may be silently truncated (CX-klpi)
03:12:49.106 [warning] DocBuilder.reconstruct_doc: commit_log hit the 20-commit cap for doc over-cap-2 with no snapshot found in the window — reconstruction may be silently truncated (CX-klpi)
03:12:49.111 [warning] DocBuilder.reconstruct_doc: commit_log hit the 20-commit cap for doc over-cap-2 with no snapshot found in the window — reconstruction may be silently truncated (CX-klpi)
03:12:49.118 [warning] DocBuilder.reconstruct_doc: commit_log hit the 20-commit cap for doc over-cap-2 with no snapshot found in the window — reconstruction may be silently truncated (CX-klpi)
03:12:49.123 [warning] DocBuilder.reconstruct_doc: commit_log hit the 20-commit cap for doc over-cap-2 with no snapshot found in the window — reconstruction may be silently truncated (CX-klpi)
03:12:49.129 [warning] DocBuilder.reconstruct_doc: commit_log hit the 20-commit cap for doc over-cap-2 with no snapshot found in the window — reconstruction may be silently truncated (CX-klpi)
03:12:49.136 [warning] DocBuilder.reconstruct_doc: commit_log hit the 20-commit cap for doc over-cap-2 with no snapshot found in the window — reconstruction may be silently truncated (CX-klpi)
03:12:49.142 [warning] DocBuilder.reconstruct_doc: commit_log hit the 20-commit cap for doc over-cap-2 with no snapshot found in the window — reconstruction may be silently truncated (CX-klpi)
03:12:49.148 [warning] DocBuilder.reconstruct_doc: commit_log hit the 20-commit cap for doc over-cap-2 with no snapshot found in the window — reconstruction may be silently truncated (CX-klpi)
......03:12:55.289 [warning] DocBuilder.reconstruct_doc: commit_log hit the 20-commit cap for doc over-cap-3 with no snapshot found in the window — reconstruction may be silently truncated (CX-klpi)
03:12:55.292 [warning] DocBuilder.reconstruct_doc: commit_log hit the 20-commit cap for doc over-cap-3 with no snapshot found in the window — reconstruction may be silently truncated (CX-klpi)
03:12:55.299 [warning] DocBuilder.reconstruct_doc: commit_log hit the 20-commit cap for doc over-cap-3 with no snapshot found in the window — reconstruction may be silently truncated (CX-klpi)
03:12:55.304 [warning] DocBuilder.reconstruct_doc: commit_log hit the 20-commit cap for doc over-cap-3 with no snapshot found in the window — reconstruction may be silently truncated (CX-klpi)
03:12:55.308 [warning] DocBuilder.reconstruct_doc: commit_log hit the 20-commit cap for doc over-cap-3 with no snapshot found in the window — reconstruction may be silently truncated (CX-klpi)
03:12:55.312 [warning] DocBuilder.reconstruct_doc: commit_log hit the 20-commit cap for doc over-cap-3 with no snapshot found in the window — reconstruction may be silently truncated (CX-klpi)
03:12:55.317 [warning] DocBuilder.reconstruct_doc: commit_log hit the 20-commit cap for doc over-cap-3 with no snapshot found in the window — reconstruction may be silently truncated (CX-klpi)
03:12:55.322 [warning] DocBuilder.reconstruct_doc: commit_log hit the 20-commit cap for doc over-cap-3 with no snapshot found in the window — reconstruction may be silently truncated (CX-klpi)
03:12:55.329 [warning] DocBuilder.reconstruct_doc: commit_log hit the 20-commit cap for doc over-cap-3 with no snapshot found in the window — reconstruction may be silently truncated (CX-klpi)
03:12:55.333 [warning] DocBuilder.reconstruct_doc: commit_log hit the 20-commit cap for doc over-cap-3 with no snapshot found in the window — reconstruction may be silently truncated (CX-klpi)
03:12:55.338 [warning] DocBuilder.reconstruct_doc: commit_log hit the 20-commit cap for doc over-cap-3 with no snapshot found in the window — reconstruction may be silently truncated (CX-klpi)
03:12:55.342 [warning] DocBuilder.reconstruct_doc: commit_log hit the 20-commit cap for doc over-cap-3 with no snapshot found in the window — reconstruction may be silently truncated (CX-klpi)
03:12:55.348 [warning] DocBuilder.reconstruct_doc: commit_log hit the 20-commit cap for doc over-cap-3 with no snapshot found in the window — reconstruction may be silently truncated (CX-klpi)
03:12:55.354 [warning] DocBuilder.reconstruct_doc: commit_log hit the 20-commit cap for doc over-cap-3 with no snapshot found in the window — reconstruction may be silently truncated (CX-klpi)
03:12:55.360 [warning] DocBuilder.reconstruct_doc: commit_log hit the 20-commit cap for doc over-cap-3 with no snapshot found in the window — reconstruction may be silently truncated (CX-klpi)
03:12:55.368 [warning] DocBuilder.reconstruct_doc: commit_log hit the 20-commit cap for doc over-cap-3 with no snapshot found in the window — reconstruction may be silently truncated (CX-klpi)
03:12:55.372 [warning] DocBuilder.reconstruct_doc: commit_log hit the 20-commit cap for doc over-cap-3 with no snapshot found in the window — reconstruction may be silently truncated (CX-klpi)
03:12:55.377 [warning] DocBuilder.reconstruct_doc: commit_log hit the 20-commit cap for doc over-cap-3 with no snapshot found in the window — reconstruction may be silently truncated (CX-klpi)
03:12:55.381 [warning] DocBuilder.reconstruct_doc: commit_log hit the 20-commit cap for doc over-cap-3 with no snapshot found in the window — reconstruction may be silently truncated (CX-klpi)
03:12:55.386 [warning] DocBuilder.reconstruct_doc: commit_log hit the 20-commit cap for doc over-cap-3 with no snapshot found in the window — reconstruction may be silently truncated (CX-klpi)
03:12:55.391 [warning] DocBuilder.reconstruct_doc: commit_log hit the 20-commit cap for doc over-cap-3 with no snapshot found in the window — reconstruction may be silently truncated (CX-klpi)
03:12:55.396 [warning] DocBuilder.reconstruct_doc: commit_log hit the 20-commit cap for doc over-cap-3 with no snapshot found in the window — reconstruction may be silently truncated (CX-klpi)
03:12:55.400 [warning] DocBuilder.reconstruct_doc: commit_log hit the 20-commit cap for doc over-cap-3 with no snapshot found in the window — reconstruction may be silently truncated (CX-klpi)
03:12:55.404 [warning] DocBuilder.reconstruct_doc: commit_log hit the 20-commit cap for doc over-cap-3 with no snapshot found in the window — reconstruction may be silently truncated (CX-klpi)
03:12:55.409 [warning] DocBuilder.reconstruct_doc: commit_log hit the 20-commit cap for doc over-cap-3 with no snapshot found in the window — reconstruction may be silently truncated (CX-klpi)
03:12:55.413 [warning] DocBuilder.reconstruct_doc: commit_log hit the 20-commit cap for doc over-cap-3 with no snapshot found in the window — reconstruction may be silently truncated (CX-klpi)
03:12:55.416 [warning] DocBuilder.reconstruct_doc: commit_log hit the 20-commit cap for doc over-cap-3 with no snapshot found in the window — reconstruction may be silently truncated (CX-klpi)
03:12:55.421 [warning] DocBuilder.reconstruct_doc: commit_log hit the 20-commit cap for doc over-cap-3 with no snapshot found in the window — reconstruction may be silently truncated (CX-klpi)
03:12:55.426 [warning] DocBuilder.reconstruct_doc: commit_log hit the 20-commit cap for doc over-cap-3 with no snapshot found in the window — reconstruction may be silently truncated (CX-klpi)
03:12:55.430 [warning] DocBuilder.reconstruct_doc: commit_log hit the 20-commit cap for doc over-cap-3 with no snapshot found in the window — reconstruction may be silently truncated (CX-klpi)
03:12:55.434 [warning] DocBuilder.reconstruct_doc: commit_log hit the 20-commit cap for doc over-cap-3 with no snapshot found in the window — reconstruction may be silently truncated (CX-klpi)
03:12:55.439 [warning] DocBuilder.reconstruct_doc: commit_log hit the 20-commit cap for doc over-cap-3 with no snapshot found in the window — reconstruction may be silently truncated (CX-klpi)
03:12:55.445 [warning] DocBuilder.reconstruct_doc: commit_log hit the 20-commit cap for doc over-cap-3 with no snapshot found in the window — reconstruction may be silently truncated (CX-klpi)
03:12:55.450 [warning] DocBuilder.reconstruct_doc: commit_log hit the 20-commit cap for doc over-cap-3 with no snapshot found in the window — reconstruction may be silently truncated (CX-klpi)
03:12:55.455 [warning] DocBuilder.reconstruct_doc: commit_log hit the 20-commit cap for doc over-cap-3 with no snapshot found in the window — reconstruction may be silently truncated (CX-klpi)
03:12:55.461 [warning] DocBuilder.reconstruct_doc: commit_log hit the 20-commit cap for doc over-cap-3 with no snapshot found in the window — reconstruction may be silently truncated (CX-klpi)
03:12:55.467 [warning] DocBuilder.reconstruct_doc: commit_log hit the 20-commit cap for doc over-cap-3 with no snapshot found in the window — reconstruction may be silently truncated (CX-klpi)
03:12:55.474 [warning] DocBuilder.reconstruct_doc: commit_log hit the 20-commit cap for doc over-cap-3 with no snapshot found in the window — reconstruction may be silently truncated (CX-klpi)
03:12:55.479 [warning] DocBuilder.reconstruct_doc: commit_log hit the 20-commit cap for doc over-cap-3 with no snapshot found in the window — reconstruction may be silently truncated (CX-klpi)
03:12:55.486 [warning] DocBuilder.reconstruct_doc: commit_log hit the 20-commit cap for doc over-cap-3 with no snapshot found in the window — reconstruction may be silently truncated (CX-klpi)
03:12:55.493 [warning] DocBuilder.reconstruct_doc: commit_log hit the 20-commit cap for doc over-cap-3 with no snapshot found in the window — reconstruction may be silently truncated (CX-klpi)
...03:12:55.678 [warning] DocBuilder.reconstruct_doc: commit_log hit the 20-commit cap for doc over-cap with no snapshot found in the window — reconstruction may be silently truncated (CX-klpi)
03:12:55.684 [warning] DocBuilder.reconstruct_doc: commit_log hit the 20-commit cap for doc over-cap with no snapshot found in the window — reconstruction may be silently truncated (CX-klpi)
03:12:55.688 [warning] DocBuilder.reconstruct_doc: commit_log hit the 20-commit cap for doc over-cap with no snapshot found in the window — reconstruction may be silently truncated (CX-klpi)
03:12:55.693 [warning] DocBuilder.reconstruct_doc: commit_log hit the 20-commit cap for doc over-cap with no snapshot found in the window — reconstruction may be silently truncated (CX-klpi)
03:12:55.698 [warning] DocBuilder.reconstruct_doc: commit_log hit the 20-commit cap for doc over-cap with no snapshot found in the window — reconstruction may be silently truncated (CX-klpi)
03:12:55.702 [warning] DocBuilder.reconstruct_doc: commit_log hit the 20-commit cap for doc over-cap with no snapshot found in the window — reconstruction may be silently truncated (CX-klpi)
03:12:55.707 [warning] DocBuilder.reconstruct_doc: commit_log hit the 20-commit cap for doc over-cap with no snapshot found in the window — reconstruction may be silently truncated (CX-klpi)
03:12:55.711 [warning] DocBuilder.reconstruct_doc: commit_log hit the 20-commit cap for doc over-cap with no snapshot found in the window — reconstruction may be silently truncated (CX-klpi)
03:12:55.716 [warning] DocBuilder.reconstruct_doc: commit_log hit the 20-commit cap for doc over-cap with no snapshot found in the window — reconstruction may be silently truncated (CX-klpi)
03:12:55.720 [warning] DocBuilder.reconstruct_doc: commit_log hit the 20-commit cap for doc over-cap with no snapshot found in the window — reconstruction may be silently truncated (CX-klpi)
03:12:55.724 [warning] DocBuilder.reconstruct_doc: commit_log hit the 20-commit cap for doc over-cap with no snapshot found in the window — reconstruction may be silently truncated (CX-klpi)
03:12:55.728 [warning] DocBuilder.reconstruct_doc: commit_log hit the 20-commit cap for doc over-cap with no snapshot found in the window — reconstruction may be silently truncated (CX-klpi)
03:12:55.732 [warning] DocBuilder.reconstruct_doc: commit_log hit the 20-commit cap for doc over-cap with no snapshot found in the window — reconstruction may be silently truncated (CX-klpi)
03:12:55.740 [warning] DocBuilder.reconstruct_doc: commit_log hit the 20-commit cap for doc over-cap with no snapshot found in the window — reconstruction may be silently truncated (CX-klpi)
03:12:55.746 [warning] DocBuilder.reconstruct_doc: commit_log hit the 20-commit cap for doc over-cap with no snapshot found in the window — reconstruction may be silently truncated (CX-klpi)
03:12:55.751 [warning] DocBuilder.reconstruct_doc: commit_log hit the 20-commit cap for doc over-cap with no snapshot found in the window — reconstruction may be silently truncated (CX-klpi)
03:12:55.756 [warning] DocBuilder.reconstruct_doc: commit_log hit the 20-commit cap for doc over-cap with no snapshot found in the window — reconstruction may be silently truncated (CX-klpi)
03:12:55.762 [warning] DocBuilder.reconstruct_doc: commit_log hit the 20-commit cap for doc over-cap with no snapshot found in the window — reconstruction may be silently truncated (CX-klpi)
03:12:55.768 [warning] DocBuilder.reconstruct_doc: commit_log hit the 20-commit cap for doc over-cap with no snapshot found in the window — reconstruction may be silently truncated (CX-klpi)
03:12:55.776 [warning] DocBuilder.reconstruct_doc: commit_log hit the 20-commit cap for doc over-cap with no snapshot found in the window — reconstruction may be silently truncated (CX-klpi)
03:12:55.783 [warning] DocBuilder.reconstruct_doc: commit_log hit the 20-commit cap for doc over-cap with no snapshot found in the window — reconstruction may be silently truncated (CX-klpi)
03:12:55.789 [warning] DocBuilder.reconstruct_doc: commit_log hit the 20-commit cap for doc over-cap with no snapshot found in the window — reconstruction may be silently truncated (CX-klpi)
03:12:55.795 [warning] DocBuilder.reconstruct_doc: commit_log hit the 20-commit cap for doc over-cap with no snapshot found in the window — reconstruction may be silently truncated (CX-klpi)
03:12:55.801 [warning] DocBuilder.reconstruct_doc: commit_log hit the 20-commit cap for doc over-cap with no snapshot found in the window — reconstruction may be silently truncated (CX-klpi)
03:12:55.807 [warning] DocBuilder.reconstruct_doc: commit_log hit the 20-commit cap for doc over-cap with no snapshot found in the window — reconstruction may be silently truncated (CX-klpi)
03:12:55.814 [warning] DocBuilder.reconstruct_doc: commit_log hit the 20-commit cap for doc over-cap with no snapshot found in the window — reconstruction may be silently truncated (CX-klpi)
03:12:55.820 [warning] DocBuilder.reconstruct_doc: commit_log hit the 20-commit cap for doc over-cap with no snapshot found in the window — reconstruction may be silently truncated (CX-klpi)
03:12:55.826 [warning] DocBuilder.reconstruct_doc: commit_log hit the 20-commit cap for doc over-cap with no snapshot found in the window — reconstruction may be silently truncated (CX-klpi)
03:12:55.832 [warning] DocBuilder.reconstruct_doc: commit_log hit the 20-commit cap for doc over-cap with no snapshot found in the window — reconstruction may be silently truncated (CX-klpi)
03:12:55.837 [warning] DocBuilder.reconstruct_doc: commit_log hit the 20-commit cap for doc over-cap with no snapshot found in the window — reconstruction may be silently truncated (CX-klpi)
03:12:55.843 [warning] DocBuilder.reconstruct_doc: commit_log hit the 20-commit cap for doc over-cap with no snapshot found in the window — reconstruction may be silently truncated (CX-klpi)
03:12:55.849 [warning] DocBuilder.reconstruct_doc: commit_log hit the 20-commit cap for doc over-cap with no snapshot found in the window — reconstruction may be silently truncated (CX-klpi)
03:12:55.855 [warning] DocBuilder.reconstruct_doc: commit_log hit the 20-commit cap for doc over-cap with no snapshot found in the window — reconstruction may be silently truncated (CX-klpi)
03:12:55.860 [warning] DocBuilder.reconstruct_doc: commit_log hit the 20-commit cap for doc over-cap with no snapshot found in the window — reconstruction may be silently truncated (CX-klpi)
03:12:55.865 [warning] DocBuilder.reconstruct_doc: commit_log hit the 20-commit cap for doc over-cap with no snapshot found in the window — reconstruction may be silently truncated (CX-klpi)
03:12:55.869 [warning] DocBuilder.reconstruct_doc: commit_log hit the 20-commit cap for doc over-cap with no snapshot found in the window — reconstruction may be silently truncated (CX-klpi)
03:12:55.873 [warning] DocBuilder.reconstruct_doc: commit_log hit the 20-commit cap for doc over-cap with no snapshot found in the window — reconstruction may be silently truncated (CX-klpi)
03:12:55.878 [warning] DocBuilder.reconstruct_doc: commit_log hit the 20-commit cap for doc over-cap with no snapshot found in the window — reconstruction may be silently truncated (CX-klpi)
03:12:55.882 [warning] DocBuilder.reconstruct_doc: commit_log hit the 20-commit cap for doc over-cap with no snapshot found in the window — reconstruction may be silently truncated (CX-klpi)
03:12:55.887 [warning] DocBuilder.reconstruct_doc: commit_log hit the 20-commit cap for doc over-cap with no snapshot found in the window — reconstruction may be silently truncated (CX-klpi)
03:12:55.891 [warning] DocBuilder.reconstruct_doc: commit_log hit the 20-commit cap for doc over-cap with no snapshot found in the window — reconstruction may be silently truncated (CX-klpi)
.................03:13:23.799 [warning] Orchestrator running with a permissive trust config: declared processes (including code docs synced from peers) will auto-execute ungated. Pin identities / set accept_unsigned:false in trust.json for strict gating.
03:13:23.920 [error] Process 5331180b-af06-467a-8668-f6f81e2abcc1: log capability delegation failed: {:error, {:capability_store_unavailable, {:noproc, {GenServer, :call, [nil, {:store_capability, %Commonplace.Trust.Capability{issuer: {"37b9ee1d-2de3-4418-9e70-8b850575eb9f", <<83, 82, 228, 6, 228, 128, 203, 149, 83, 155, 144, 56, 1, 4, 212, 202, 13, 62, 25, 172, 29, 70, 200, 72, 0, 99, 243, 68, 89, 191, 146, 129>>}, audience: {"5331180b-af06-467a-8668-f6f81e2abcc1", <<213, 23, 98, 74, 237, 120, 237, 74, 24, 250, 192, 16, 149, 77, 58, 238, 120, 205, 172, 176, 254, 205, 10, 226, 58, 94, 98, 142, 117, 251, 62, 166>>}, claim: %{scope: {:docs, ["039b8129-6186-5d9d-aed7-507621a00e8e"]}, verbs: [:write], caveats: %{not_before: nil, not_after: nil}}, proof: nil, sig: <<189, 9, 119, 56, 4, 88, 223, 0, 231, 169, 182, 27, 71, 69, 42, 104, 130, 177, 152, 216, 54, 150, 88, 79, 202, 6, 249, 92, 92, 188, 72, 238, ...>>, id: <<7, 2, 145, 248, 222, 250, 49, 239, 207, 181, 220, 22, 50, 160, 18, 146, 242, 67, 193, 128, 67, 6, 129, 59, 126, 3, 95, 222, 197, 132, 172, ...>>}}, 5000]}}}}
.03:13:24.044 [warning] Orchestrator running with a permissive trust config: declared processes (including code docs synced from peers) will auto-execute ungated. Pin identities / set accept_unsigned:false in trust.json for strict gating.
03:13:24.172 [error] Process 5803e5d2-7131-4d74-9c68-0b5baa6a0829: log capability delegation failed: {:error, {:capability_store_unavailable, {:noproc, {GenServer, :call, [nil, {:store_capability, %Commonplace.Trust.Capability{issuer: {"37b9ee1d-2de3-4418-9e70-8b850575eb9f", <<83, 82, 228, 6, 228, 128, 203, 149, 83, 155, 144, 56, 1, 4, 212, 202, 13, 62, 25, 172, 29, 70, 200, 72, 0, 99, 243, 68, 89, 191, 146, 129>>}, audience: {"5803e5d2-7131-4d74-9c68-0b5baa6a0829", <<234, 246, 124, 57, 66, 116, 193, 50, 102, 83, 122, 226, 84, 46, 233, 43, 199, 18, 122, 198, 221, 236, 164, 221, 15, 39, 69, 251, 45, 165, 83, 18>>}, claim: %{scope: {:docs, ["c53533b9-7118-542e-9bbd-28adcd7be8cd"]}, verbs: [:write], caveats: %{not_before: nil, not_after: nil}}, proof: nil, sig: <<210, 103, 207, 182, 111, 1, 89, 0, 161, 52, 219, 223, 39, 60, 91, 148, 237, 95, 135, 64, 44, 23, 84, 241, 238, 14, 177, 95, 110, 119, 164, 22, ...>>, id: <<92, 55, 35, 141, 28, 53, 137, 192, 225, 240, 249, 2, 89, 75, 219, 132, 77, 6, 175, 76, 99, 180, 78, 254, 225, 221, 24, 159, 178, 82, 117, ...>>}}, 5000]}}}}
03:13:24.314 [error] Process 5803e5d2-7131-4d74-9c68-0b5baa6a0829: log capability delegation failed: {:error, {:capability_store_unavailable, {:noproc, {GenServer, :call, [nil, {:store_capability, %Commonplace.Trust.Capability{issuer: {"37b9ee1d-2de3-4418-9e70-8b850575eb9f", <<83, 82, 228, 6, 228, 128, 203, 149, 83, 155, 144, 56, 1, 4, 212, 202, 13, 62, 25, 172, 29, 70, 200, 72, 0, 99, 243, 68, 89, 191, 146, 129>>}, audience: {"5803e5d2-7131-4d74-9c68-0b5baa6a0829", <<234, 246, 124, 57, 66, 116, 193, 50, 102, 83, 122, 226, 84, 46, 233, 43, 199, 18, 122, 198, 221, 236, 164, 221, 15, 39, 69, 251, 45, 165, 83, 18>>}, claim: %{scope: {:docs, ["c53533b9-7118-542e-9bbd-28adcd7be8cd"]}, verbs: [:write], caveats: %{not_before: nil, not_after: nil}}, proof: nil, sig: <<210, 103, 207, 182, 111, 1, 89, 0, 161, 52, 219, 223, 39, 60, 91, 148, 237, 95, 135, 64, 44, 23, 84, 241, 238, 14, 177, 95, 110, 119, 164, 22, ...>>, id: <<92, 55, 35, 141, 28, 53, 137, 192, 225, 240, 249, 2, 89, 75, 219, 132, 77, 6, 175, 76, 99, 180, 78, 254, 225, 221, 24, 159, 178, 82, 117, ...>>}}, 5000]}}}}
03:13:24.419 [error] Process 5803e5d2-7131-4d74-9c68-0b5baa6a0829: log capability delegation failed: {:error, {:capability_store_unavailable, {:noproc, {GenServer, :call, [nil, {:store_capability, %Commonplace.Trust.Capability{issuer: {"37b9ee1d-2de3-4418-9e70-8b850575eb9f", <<83, 82, 228, 6, 228, 128, 203, 149, 83, 155, 144, 56, 1, 4, 212, 202, 13, 62, 25, 172, 29, 70, 200, 72, 0, 99, 243, 68, 89, 191, 146, 129>>}, audience: {"5803e5d2-7131-4d74-9c68-0b5baa6a0829", <<234, 246, 124, 57, 66, 116, 193, 50, 102, 83, 122, 226, 84, 46, 233, 43, 199, 18, 122, 198, 221, 236, 164, 221, 15, 39, 69, 251, 45, 165, 83, 18>>}, claim: %{scope: {:docs, ["c53533b9-7118-542e-9bbd-28adcd7be8cd"]}, verbs: [:write], caveats: %{not_before: nil, not_after: nil}}, proof: nil, sig: <<210, 103, 207, 182, 111, 1, 89, 0, 161, 52, 219, 223, 39, 60, 91, 148, 237, 95, 135, 64, 44, 23, 84, 241, 238, 14, 177, 95, 110, 119, 164, 22, ...>>, id: <<92, 55, 35, 141, 28, 53, 137, 192, 225, 240, 249, 2, 89, 75, 219, 132, 77, 6, 175, 76, 99, 180, 78, 254, 225, 221, 24, 159, 178, 82, 117, ...>>}}, 5000]}}}}
03:13:24.526 [error] Process 5803e5d2-7131-4d74-9c68-0b5baa6a0829: log capability delegation failed: {:error, {:capability_store_unavailable, {:noproc, {GenServer, :call, [nil, {:store_capability, %Commonplace.Trust.Capability{issuer: {"37b9ee1d-2de3-4418-9e70-8b850575eb9f", <<83, 82, 228, 6, 228, 128, 203, 149, 83, 155, 144, 56, 1, 4, 212, 202, 13, 62, 25, 172, 29, 70, 200, 72, 0, 99, 243, 68, 89, 191, 146, 129>>}, audience: {"5803e5d2-7131-4d74-9c68-0b5baa6a0829", <<234, 246, 124, 57, 66, 116, 193, 50, 102, 83, 122, 226, 84, 46, 233, 43, 199, 18, 122, 198, 221, 236, 164, 221, 15, 39, 69, 251, 45, 165, 83, 18>>}, claim: %{scope: {:docs, ["c53533b9-7118-542e-9bbd-28adcd7be8cd"]}, verbs: [:write], caveats: %{not_before: nil, not_after: nil}}, proof: nil, sig: <<210, 103, 207, 182, 111, 1, 89, 0, 161, 52, 219, 223, 39, 60, 91, 148, 237, 95, 135, 64, 44, 23, 84, 241, 238, 14, 177, 95, 110, 119, 164, 22, ...>>, id: <<92, 55, 35, 141, 28, 53, 137, 192, 225, 240, 249, 2, 89, 75, 219, 132, 77, 6, 175, 76, 99, 180, 78, 254, 225, 221, 24, 159, 178, 82, 117, ...>>}}, 5000]}}}}
.03:13:24.606 [warning] Orchestrator running with a permissive trust config: declared processes (including code docs synced from peers) will auto-execute ungated. Pin identities / set accept_unsigned:false in trust.json for strict gating.
03:13:24.748 [error] Process 080f3f2d-a41b-48b7-9083-b7b6ee1dc820: log capability delegation failed: {:error, {:capability_store_unavailable, {:noproc, {GenServer, :call, [nil, {:store_capability, %Commonplace.Trust.Capability{issuer: {"37b9ee1d-2de3-4418-9e70-8b850575eb9f", <<83, 82, 228, 6, 228, 128, 203, 149, 83, 155, 144, 56, 1, 4, 212, 202, 13, 62, 25, 172, 29, 70, 200, 72, 0, 99, 243, 68, 89, 191, 146, 129>>}, audience: {"080f3f2d-a41b-48b7-9083-b7b6ee1dc820", <<100, 123, 87, 219, 110, 1, 239, 95, 104, 34, 223, 138, 129, 124, 184, 255, 212, 198, 148, 122, 253, 166, 182, 147, 87, 170, 31, 253, 127, 172, 13, 102>>}, claim: %{scope: {:docs, ["7463a6d5-7b85-53fb-a2a3-e6878c061f12"]}, verbs: [:write], caveats: %{not_before: nil, not_after: nil}}, proof: nil, sig: <<101, 153, 92, 222, 182, 3, 175, 66, 2, 168, 177, 159, 184, 18, 241, 103, 72, 219, 1, 75, 95, 27, 249, 217, 190, 245, 80, 88, 90, 115, 237, 181, ...>>, id: <<102, 48, 77, 108, 2, 168, 228, 237, 244, 105, 48, 94, 215, 253, 196, 183, 251, 179, 56, 199, 32, 225, 8, 241, 191, 111, 95, 224, 133, 41, 16, ...>>}}, 5000]}}}}
.03:13:24.852 [warning] Orchestrator running with a permissive trust config: declared processes (including code docs synced from peers) will auto-execute ungated. Pin identities / set accept_unsigned:false in trust.json for strict gating.
03:13:24.981 [error] Process 97082552-aaf6-40b7-9580-9a3ed5963cd6: log capability delegation failed: {:error, {:capability_store_unavailable, {:noproc, {GenServer, :call, [nil, {:store_capability, %Commonplace.Trust.Capability{issuer: {"37b9ee1d-2de3-4418-9e70-8b850575eb9f", <<83, 82, 228, 6, 228, 128, 203, 149, 83, 155, 144, 56, 1, 4, 212, 202, 13, 62, 25, 172, 29, 70, 200, 72, 0, 99, 243, 68, 89, 191, 146, 129>>}, audience: {"97082552-aaf6-40b7-9580-9a3ed5963cd6", <<11, 51, 68, 0, 132, 47, 222, 241, 61, 215, 114, 193, 162, 230, 2, 95, 250, 153, 27, 222, 195, 196, 123, 200, 139, 167, 29, 168, 72, 28, 84, 72>>}, claim: %{scope: {:docs, ["cde858ff-92ad-5674-8fb5-5128bba12b38"]}, verbs: [:write], caveats: %{not_before: nil, not_after: nil}}, proof: nil, sig: <<77, 4, 46, 143, 115, 104, 134, 110, 80, 236, 72, 113, 8, 104, 235, 176, 33, 154, 53, 15, 229, 36, 93, 46, 227, 2, 131, 54, 3, 199, 57, 151, ...>>, id: <<154, 213, 112, 167, 129, 61, 254, 52, 248, 49, 162, 238, 79, 66, 165, 222, 117, 247, 20, 91, 235, 241, 46, 141, 149, 2, 39, 81, 142, 59, 198, ...>>}}, 5000]}}}}
03:13:25.002 [error] Process 3c62d3cf-121b-46fc-9b45-f95b9b286268: log capability delegation failed: {:error, {:capability_store_unavailable, {:noproc, {GenServer, :call, [nil, {:store_capability, %Commonplace.Trust.Capability{issuer: {"37b9ee1d-2de3-4418-9e70-8b850575eb9f", <<83, 82, 228, 6, 228, 128, 203, 149, 83, 155, 144, 56, 1, 4, 212, 202, 13, 62, 25, 172, 29, 70, 200, 72, 0, 99, 243, 68, 89, 191, 146, 129>>}, audience: {"3c62d3cf-121b-46fc-9b45-f95b9b286268", <<238, 80, 48, 87, 44, 215, 235, 117, 201, 245, 98, 31, 27, 140, 225, 134, 121, 105, 226, 165, 224, 77, 212, 58, 146, 47, 215, 24, 77, 101, 103, 135>>}, claim: %{scope: {:docs, ["35796f1d-6d45-5cf4-ac2c-4a625b260ce1"]}, verbs: [:write], caveats: %{not_before: nil, not_after: nil}}, proof: nil, sig: <<240, 150, 11, 203, 249, 242, 159, 102, 208, 64, 138, 236, 139, 108, 101, 127, 147, 139, 186, 29, 229, 29, 113, 247, 241, 143, 196, 234, 22, 126, 252, 123, ...>>, id: <<197, 171, 60, 50, 252, 164, 90, 23, 178, 23, 154, 139, 181, 217, 122, 52, 89, 117, 8, 59, 107, 125, 199, 40, 131, 8, 42, 166, 183, 145, 253, ...>>}}, 5000]}}}}
...........................................................03:13:36.110 [warning] CommitStore: local write DENIED by trust gate (enforce) doc_uuid=878f5bd0-2ce5-4bca-8cc5-207da7c8e97e commit_id=4a8481aa0f6e613003efb93d60103303885aee79a076a1d02d3bb5b09c636a93 reason=:unsigned
....03:13:36.170 [error] local node self-trust was not added: node signing public-key artifact is absent — continuing with configured trusted identities
03:13:36.172 [error] local node self-trust was not added: node signing public-key artifact is absent — continuing with configured trusted identities
03:13:36.188 [error] local node self-trust was not added: node signing public-key artifact is absent — continuing with configured trusted identities
.03:13:36.204 [error] local node self-trust was not added: node signing public-key artifact is absent — continuing with configured trusted identities
03:13:36.207 [error] local node self-trust was not added: node signing public-key artifact is absent — continuing with configured trusted identities
.03:13:36.240 [error] local node self-trust was not added: node signing public-key artifact is absent — continuing with configured trusted identities
03:13:36.240 [warning] CommitStore: local write would be DENIED by trust gate (dry_run — write still lands) doc_uuid=befd8f5e-ba4d-4ce5-a7f2-983229c4ac9c commit_id=f6329b265f138c40279f5c2376cf936efed64bc9838d786fac2b6ed586b3de7e reason=:unsigned
03:13:36.242 [error] local node self-trust was not added: node signing public-key artifact is absent — continuing with configured trusted identities
.03:13:36.255 [error] local node self-trust was not added: node signing public-key artifact is absent — continuing with configured trusted identities
03:13:36.255 [warning] CommitStore: local write would be DENIED by trust gate (dry_run — write still lands) doc_uuid=6399e7b8-7589-4822-ab17-a674e0122981 commit_id=e19b64a004f948fa2d23499b5da4aaa1469518959fb193ede0687bad5fdc7f5a reason=:unsigned
03:13:36.259 [error] local node self-trust was not added: node signing public-key artifact is absent — continuing with configured trusted identities
03:13:36.261 [error] local node self-trust was not added: node signing public-key artifact is absent — continuing with configured trusted identities
.03:13:36.274 [error] local node self-trust was not added: node signing public-key artifact is absent — continuing with configured trusted identities
03:13:36.274 [warning] CommitStore: local write would be DENIED by trust gate (dry_run — write still lands) doc_uuid=2d22f1f9-b04d-4786-a7f2-cd2264e79f41 commit_id=459fdcad6274eda0c5d22732d308745c74a37d87e41977d74e1ce15f02bd25f2 reason=:unsigned
03:13:36.277 [error] local node self-trust was not added: node signing public-key artifact is absent — continuing with configured trusted identities
.03:13:36.297 [error] local node self-trust was not added: node signing public-key artifact is absent — continuing with configured trusted identities
03:13:36.301 [error] local node self-trust was not added: node signing public-key artifact is absent — continuing with configured trusted identities
03:13:36.303 [error] local node self-trust was not added: node signing public-key artifact is absent — continuing with configured trusted identities
...........................................................03:13:41.964 [error] local node self-trust was not added: node signing public-key artifact is absent — continuing with configured trusted identities
.03:13:42.014 [error] local node self-trust was not added: node signing public-key artifact is absent — continuing with configured trusted identities
.03:13:42.058 [error] local node self-trust was not added: node signing public-key artifact is absent — continuing with configured trusted identities
.03:13:42.098 [error] local node self-trust was not added: node signing public-key artifact is absent — continuing with configured trusted identities
.03:13:42.143 [error] local node self-trust was not added: node signing public-key artifact is absent — continuing with configured trusted identities
.03:13:42.187 [error] local node self-trust was not added: node signing public-key artifact is absent — continuing with configured trusted identities
.03:13:42.239 [error] local node self-trust was not added: node signing public-key artifact is absent — continuing with configured trusted identities
.03:13:42.291 [error] local node self-trust was not added: node signing public-key artifact is absent — continuing with configured trusted identities
.03:13:42.342 [warning] Orchestrator running with a permissive trust config: declared processes (including code docs synced from peers) will auto-execute ungated. Pin identities / set accept_unsigned:false in trust.json for strict gating.
03:13:42.466 [error] Process 38407481-54ad-4e19-a368-0574c1e98578: log capability delegation failed: {:error, {:capability_store_unavailable, {:noproc, {GenServer, :call, [nil, {:store_capability, %Commonplace.Trust.Capability{issuer: {"37b9ee1d-2de3-4418-9e70-8b850575eb9f", <<83, 82, 228, 6, 228, 128, 203, 149, 83, 155, 144, 56, 1, 4, 212, 202, 13, 62, 25, 172, 29, 70, 200, 72, 0, 99, 243, 68, 89, 191, 146, 129>>}, audience: {"38407481-54ad-4e19-a368-0574c1e98578", <<192, 246, 215, 232, 32, 169, 145, 77, 147, 94, 26, 180, 219, 155, 246, 91, 138, 106, 93, 81, 188, 100, 104, 60, 75, 100, 60, 111, 252, 59, 155, 198>>}, claim: %{scope: {:docs, ["c1337a3a-d39f-583f-870e-52d1ab4d9ed7"]}, verbs: [:write], caveats: %{not_before: nil, not_after: nil}}, proof: nil, sig: <<226, 0, 167, 111, 232, 5, 7, 91, 108, 34, 57, 238, 197, 212, 164, 163, 181, 111, 86, 47, 43, 4, 232, 155, 25, 251, 157, 53, 105, 248, 213, 14, ...>>, id: <<185, 99, 220, 157, 236, 17, 109, 106, 0, 74, 206, 26, 146, 183, 3, 77, 76, 132, 244, 104, 232, 79, 112, 71, 130, 242, 49, 143, 107, 237, 218, ...>>}}, 5000]}}}}
03:13:42.520 [warning] flock failed on /tmp/cp_sandbox_408802/__identities__/writer.bot: :enoent, proceeding without lock
03:13:42.524 [warning] flock failed on /tmp/cp_sandbox_408802/__processes.json: :enoent, proceeding without lock
03:13:42.618 [warning] flock failed on /tmp/cp_sandbox_408802/__reflog/server/__snapshot: :enoent, proceeding without lock
03:13:42.795 [error] Process f2f4de17-74f7-4e85-ae11-c1c8faf1e653: log capability delegation failed: {:error, {:capability_store_unavailable, {:noproc, {GenServer, :call, [nil, {:store_capability, %Commonplace.Trust.Capability{issuer: {"37b9ee1d-2de3-4418-9e70-8b850575eb9f", <<83, 82, 228, 6, 228, 128, 203, 149, 83, 155, 144, 56, 1, 4, 212, 202, 13, 62, 25, 172, 29, 70, 200, 72, 0, 99, 243, 68, 89, 191, 146, 129>>}, audience: {"f2f4de17-74f7-4e85-ae11-c1c8faf1e653", <<13, 188, 156, 171, 138, 178, 155, 45, 235, 149, 92, 4, 25, 210, 219, 58, 160, 124, 78, 236, 104, 192, 198, 48, 132, 251, 157, 25, 192, 11, 17, 127>>}, claim: %{scope: {:docs, ["fe799d6e-14c3-546a-9b54-aa55e39e2381"]}, verbs: [:write], caveats: %{not_before: nil, not_after: nil}}, proof: nil, sig: <<14, 109, 197, 121, 81, 252, 107, 255, 192, 136, 15, 103, 155, 173, 210, 15, 129, 31, 143, 12, 72, 236, 83, 68, 103, 31, 192, 206, 219, 221, 19, 197, ...>>, id: <<102, 154, 165, 71, 59, 204, 152, 244, 186, 215, 86, 204, 203, 3, 147, 210, 20, 17, 245, 215, 23, 121, 153, 139, 80, 233, 164, 104, 139, 137, 70, ...>>}}, 5000]}}}}
03:13:42.870 [warning] flock failed on /tmp/cp_sandbox_395292/__processes.json: :enoent, proceeding without lock
03:13:42.873 [warning] flock failed on /tmp/cp_sandbox_395292/__reflog/server/__snapshot: :enoent, proceeding without lock
03:13:42.875 [warning] flock failed on /tmp/cp_sandbox_395292/output.txt: :enoent, proceeding without lock
03:13:43.149 [error] Process 707b0209-2199-4f99-8089-2e50d165141b: log capability delegation failed: {:error, {:capability_store_unavailable, {:noproc, {GenServer, :call, [nil, {:store_capability, %Commonplace.Trust.Capability{issuer: {"37b9ee1d-2de3-4418-9e70-8b850575eb9f", <<83, 82, 228, 6, 228, 128, 203, 149, 83, 155, 144, 56, 1, 4, 212, 202, 13, 62, 25, 172, 29, 70, 200, 72, 0, 99, 243, 68, 89, 191, 146, 129>>}, audience: {"707b0209-2199-4f99-8089-2e50d165141b", <<5, 87, 214, 217, 243, 32, 197, 184, 40, 239, 27, 104, 235, 153, 31, 59, 157, 238, 114, 223, 9, 209, 247, 170, 72, 224, 59, 46, 150, 10, 101, 202>>}, claim: %{scope: {:docs, ["19852655-3d7d-50fd-82f1-52dbd1ee70c5"]}, verbs: [:write], caveats: %{not_before: nil, not_after: nil}}, proof: nil, sig: <<147, 158, 120, 29, 130, 57, 121, 201, 51, 38, 247, 148, 28, 191, 69, 206, 177, 144, 208, 36, 135, 21, 197, 240, 136, 232, 69, 123, 150, 227, 152, 28, ...>>, id: <<169, 215, 36, 147, 0, 138, 10, 175, 171, 153, 22, 165, 233, 172, 234, 251, 14, 229, 48, 250, 2, 140, 143, 173, 225, 133, 37, 123, 85, 193, 157, ...>>}}, 5000]}}}}
03:13:43.220 [warning] flock failed on /tmp/cp_sandbox_991993/__identities__/writer.bot: :enoent, proceeding without lock
03:13:43.223 [warning] flock failed on /tmp/cp_sandbox_991993/__processes.json: :enoent, proceeding without lock
03:13:43.226 [warning] flock failed on /tmp/cp_sandbox_991993/__reflog/server/__snapshot: :enoent, proceeding without lock
03:13:43.229 [warning] flock failed on /tmp/cp_sandbox_991993/output.txt: :enoent, proceeding without lock
.03:13:48.439 [warning] Orchestrator running with a permissive trust config: declared processes (including code docs synced from peers) will auto-execute ungated. Pin identities / set accept_unsigned:false in trust.json for strict gating.
03:13:48.571 [error] Process 1ddfb99b-c464-4e85-b01a-962cf37f1b5b: log capability delegation failed: {:error, {:capability_store_unavailable, {:noproc, {GenServer, :call, [nil, {:store_capability, %Commonplace.Trust.Capability{issuer: {"37b9ee1d-2de3-4418-9e70-8b850575eb9f", <<83, 82, 228, 6, 228, 128, 203, 149, 83, 155, 144, 56, 1, 4, 212, 202, 13, 62, 25, 172, 29, 70, 200, 72, 0, 99, 243, 68, 89, 191, 146, 129>>}, audience: {"1ddfb99b-c464-4e85-b01a-962cf37f1b5b", <<209, 40, 178, 174, 58, 35, 71, 40, 183, 86, 36, 233, 176, 60, 132, 118, 220, 24, 99, 254, 247, 220, 122, 136, 215, 188, 211, 156, 56, 236, 49, 192>>}, claim: %{scope: {:docs, ["f21023cd-990e-5e65-a93c-ee58539f83d1"]}, verbs: [:write], caveats: %{not_before: nil, not_after: nil}}, proof: nil, sig: <<151, 20, 174, 36, 78, 19, 131, 158, 108, 33, 98, 7, 250, 16, 212, 135, 108, 178, 163, 84, 43, 64, 143, 178, 152, 75, 51, 248, 181, 141, 60, 238, ...>>, id: <<94, 38, 136, 81, 206, 243, 91, 114, 3, 118, 39, 38, 42, 171, 236, 94, 26, 79, 73, 126, 143, 158, 167, 30, 249, 177, 118, 20, 229, 240, 30, ...>>}}, 5000]}}}}
03:13:48.625 [warning] flock failed on /tmp/cp_sandbox_512409/__identities__/transformer.bot: :enoent, proceeding without lock
03:13:48.627 [warning] flock failed on /tmp/cp_sandbox_512409/__processes.json: :enoent, proceeding without lock
03:13:48.629 [warning] flock failed on /tmp/cp_sandbox_512409/input.txt: :enoent, proceeding without lock
03:13:48.716 [warning] flock failed on /tmp/cp_sandbox_512409/__reflog/server/__snapshot: :enoent, proceeding without lock
03:13:48.896 [error] Process f72d1ebe-d958-4dd3-9901-ce226074914d: log capability delegation failed: {:error, {:capability_store_unavailable, {:noproc, {GenServer, :call, [nil, {:store_capability, %Commonplace.Trust.Capability{issuer: {"37b9ee1d-2de3-4418-9e70-8b850575eb9f", <<83, 82, 228, 6, 228, 128, 203, 149, 83, 155, 144, 56, 1, 4, 212, 202, 13, 62, 25, 172, 29, 70, 200, 72, 0, 99, 243, 68, 89, 191, 146, 129>>}, audience: {"f72d1ebe-d958-4dd3-9901-ce226074914d", <<66, 143, 86, 76, 52, 203, 246, 20, 29, 35, 92, 87, 231, 135, 120, 74, 178, 218, 169, 176, 220, 194, 202, 200, 128, 1, 82, 14, 9, 102, 80, 218>>}, claim: %{scope: {:docs, ["cc0f011d-d531-5d4d-b9f6-fc8fcd54d113"]}, verbs: [:write], caveats: %{not_before: nil, not_after: nil}}, proof: nil, sig: <<187, 73, 252, 139, 210, 18, 190, 55, 192, 74, 186, 19, 56, 30, 159, 146, 3, 101, 59, 122, 38, 132, 206, 125, 250, 148, 78, 83, 15, 107, 195, 172, ...>>, id: <<6, 16, 52, 61, 240, 2, 20, 95, 176, 28, 49, 111, 198, 142, 48, 71, 101, 213, 31, 61, 44, 58, 6, 205, 107, 79, 161, 75, 244, 103, 155, ...>>}}, 5000]}}}}
03:13:48.974 [warning] flock failed on /tmp/cp_sandbox_930687/__processes.json: :enoent, proceeding without lock
03:13:48.977 [warning] flock failed on /tmp/cp_sandbox_930687/__reflog/server/__snapshot: :enoent, proceeding without lock
03:13:48.979 [warning] flock failed on /tmp/cp_sandbox_930687/doubled.txt: :enoent, proceeding without lock
03:13:48.981 [warning] flock failed on /tmp/cp_sandbox_930687/input.txt: :enoent, proceeding without lock
03:13:49.255 [error] Process 66342e37-061f-415f-9fff-0469b427dde6: log capability delegation failed: {:error, {:capability_store_unavailable, {:noproc, {GenServer, :call, [nil, {:store_capability, %Commonplace.Trust.Capability{issuer: {"37b9ee1d-2de3-4418-9e70-8b850575eb9f", <<83, 82, 228, 6, 228, 128, 203, 149, 83, 155, 144, 56, 1, 4, 212, 202, 13, 62, 25, 172, 29, 70, 200, 72, 0, 99, 243, 68, 89, 191, 146, 129>>}, audience: {"66342e37-061f-415f-9fff-0469b427dde6", <<206, 194, 109, 53, 29, 80, 71, 49, 2, 131, 184, 52, 72, 159, 98, 152, 251, 86, 186, 39, 165, 58, 57, 238, 188, 139, 216, 190, 21, 21, 132, 4>>}, claim: %{scope: {:docs, ["3dddc020-53aa-5b5d-9ecc-e2ba2b9f03ed"]}, verbs: [:write], caveats: %{not_before: nil, not_after: nil}}, proof: nil, sig: <<118, 69, 246, 182, 234, 198, 48, 30, 22, 39, 46, 110, 48, 214, 215, 202, 236, 115, 240, 147, 195, 126, 50, 47, 51, 108, 228, 96, 22, 150, 126, 213, ...>>, id: <<177, 244, 167, 83, 145, 4, 226, 70, 213, 18, 197, 1, 219, 166, 206, 167, 103, 162, 3, 104, 165, 173, 230, 200, 69, 186, 215, 45, 44, 130, 248, ...>>}}, 5000]}}}}
03:13:49.328 [warning] flock failed on /tmp/cp_sandbox_492226/__identities__/transformer.bot: :enoent, proceeding without lock
03:13:49.332 [warning] flock failed on /tmp/cp_sandbox_492226/__processes.json: :enoent, proceeding without lock
03:13:49.336 [warning] flock failed on /tmp/cp_sandbox_492226/__reflog/server/__snapshot: :enoent, proceeding without lock
03:13:49.338 [warning] flock failed on /tmp/cp_sandbox_492226/doubled.txt: :enoent, proceeding without lock
03:13:49.341 [warning] flock failed on /tmp/cp_sandbox_492226/input.txt: :enoent, proceeding without lock
............................................03:13:54.901 [warning] CommitStore: local write DENIED by trust gate (enforce) doc_uuid=00e16221-0726-4066-a209-ccd06bde5265 commit_id=ef3d4ff2257eaca6a8d97c1fc6142767c95fbaef0ed7687303ce1742dd79fe8c reason=:unsigned
03:13:54.902 [warning] CommitStore: local write DENIED by trust gate (enforce) doc_uuid=7f1a167f-1f2c-445d-b781-60a8faf85c0d commit_id=712d058178b06f00563d19873a7cc62e04dd6581de2c65dbb06c3bafb174065a reason=:unsigned
03:13:54.911 [warning] CommitStore: local write DENIED by trust gate (enforce) doc_uuid=00e16221-0726-4066-a209-ccd06bde5265 commit_id=31efe5ca5830a611ba756bcd78578b26798cfbfac1c177a20f813d5705b924a1 reason=:unsigned
03:13:54.915 [warning] CommitStore: local write DENIED by trust gate (enforce) doc_uuid=7f1a167f-1f2c-445d-b781-60a8faf85c0d commit_id=6c8789a66e6eee937967b61341177766f2488f514e905af583b9ea03a888b1f9 reason=:unsigned
...03:13:55.317 [warning] CommitStore: local write DENIED by trust gate (enforce) doc_uuid=8809274a-3f97-4126-8472-420d710a2dd1 commit_id=17ca853b079dde314951c342a898b181c85b9e5443b19a5fee759ddc9c287be2 reason=:unsigned
03:13:55.318 [error] Bd.Frontier.Server: red-log creation failed log_uuid=8809274a-3f97-4126-8472-420d710a2dd1 reason={:trust_rejected, :unsigned}; no __frontier_log schema entry was written and the frontier server continues
03:13:55.321 [warning] CommitStore: local write DENIED by trust gate (enforce) doc_uuid=d23ba120-5343-4224-b503-4f7404503ef4 commit_id=f8bc5029a15b7bf128da24dd01485387945992493e85db0e5ced5d2b44d4edfc reason=:unsigned
03:13:55.322 [warning] CommitStore: local write DENIED by trust gate (enforce) doc_uuid=1c2cc4cb-7d3a-49cc-b1d5-7f3ba3dae2c3 commit_id=c1c9a458f58aad531130979be11b3e9f1fdf4b55a22e835b0ce601ad56984116 reason=:unsigned
..03:13:55.535 [warning] CommitStore: local write DENIED by trust gate (enforce) doc_uuid=bea7c257-c93b-48b3-8737-7691a7e75029 commit_id=bc69f642a6ae019e5fa9ce1013d24db16f97d226075b27fb9ba4dbde428f9eaa reason=:unsigned
03:13:55.539 [warning] CommitStore: local write DENIED by trust gate (enforce) doc_uuid=4ff10add-9129-4ffc-ba58-b883cf2cf05c commit_id=e43e8a9229a3eee9eab7785b7283f215468d53a01e66aa56cdd5fb1d057b4d99 reason=:unsigned
03:13:55.543 [warning] CommitStore: local write DENIED by trust gate (enforce) doc_uuid=bcd79ac8-fab8-40de-a044-03eea429ec50 commit_id=a3903d766e6001db256f04e031dbabd3351184f1cadfd32acc671bc79de5a7fa reason={:untrusted_signer, "e1983e73-67a6-468a-b7af-bda468edbcc1"}
03:13:55.543 [error] Bd.Frontier.Server: red-log write failed log_uuid=bcd79ac8-fab8-40de-a044-03eea429ec50 reason={:trust_rejected, {:untrusted_signer, "e1983e73-67a6-468a-b7af-bda468edbcc1"}}; frontier server continues with stale log state
03:13:55.547 [warning] CommitStore: local write DENIED by trust gate (enforce) doc_uuid=bea7c257-c93b-48b3-8737-7691a7e75029 commit_id=cf6f6780f7cfd51b16327f5615685adf8d6399d2d5652c5c41cec49339bd76d0 reason=:unsigned
03:13:55.548 [warning] CommitStore: local write DENIED by trust gate (enforce) doc_uuid=4ff10add-9129-4ffc-ba58-b883cf2cf05c commit_id=d06088610129ea5a4421d9f01a9c5007111f5b76263912f849b06d9fdc9c14e4 reason=:unsigned
..
[CX-g8s9 8-way] refusal tally: %{ok: 8}
.
[CX-g8s9 16-way] refusal tally: %{ok: 15, write_conflict: 1}
..03:13:56.155 [warning] GitBridge.Inbound: fetch failed for mount-64179977: "fatal: couldn't find remote ref main"
03:13:56.158 [warning] flock failed on /tmp/cp_gb_in_repo_671673143/a.txt: :enoent, proceeding without lock
03:13:56.161 [warning] flock failed on /tmp/cp_gb_in_repo_671673143/.commonplace/a.txt.json: :enoent, proceeding without lock
03:13:56.163 [warning] flock failed on /tmp/cp_gb_in_repo_671673143/.commonplace/mount.json: :enoent, proceeding without lock
03:13:56.166 [warning] flock failed on /tmp/cp_gb_in_repo_671673143/.commonplace/archive/doc-7766140/309b6143ef5205d5977535c63eaefac9d67955404b609a837d65e9298ca49807.json: :enoent, proceeding without lock
03:13:56.169 [warning] flock failed on /tmp/cp_gb_in_repo_671673143/.commonplace/archive/doc-7766140/37eeb72b7ec3d26deee5a269bff07324b0f37916e5728b78a853b5869408927a.json: :enoent, proceeding without lock
03:13:56.172 [warning] flock failed on /tmp/cp_gb_in_repo_671673143/.commonplace/archive/mount-64179977/347aab2866a9c7882c13035d724cf24437e1cbf38cad5c0098986c1373e1aad1.json: :enoent, proceeding without lock
03:13:56.174 [warning] flock failed on /tmp/cp_gb_in_repo_671673143/.commonplace/archive/mount-64179977/b33a2789fbd40c886bae1d00de8f202147a1cbde9d89b1553b0f07ada57512d9.json: :enoent, proceeding without lock
03:13:56.176 [warning] flock failed on /tmp/cp_gb_in_repo_671673143/.commonplace/archive/mount-64179977/e77051b5a1e92db8ea3c406eb7d3d1abdb0aceb5b4fe8f4aa727d8039eb1b1be.json: :enoent, proceeding without lock
03:13:56.177 [warning] flock failed on /tmp/cp_gb_in_repo_671673143/.commonplace/archive/watermarks.json: :enoent, proceeding without lock
03:13:56.364 [warning] flock failed on /tmp/cp_gb_in_repo_671673143/.commonplace/archive/doc-7766140/7532cd30dffa3da721afc368e95853738a1f6a52a80d0eb6b23ce593b5a55a9a.json: :enoent, proceeding without lock
03:13:56.407 [warning] GitBridge.Server: push failed for mount-64179977: "To /tmp/cp_gb_in_bare_697686987\n ! [rejected]        main -> main (non-fast-forward)\nerror: failed to push some refs to '/tmp/cp_gb_in_bare_697686987'\nhint: Updates were rejected because the tip of your current branch is behind\nhint: its remote counterpart. If you want to integrate the remote changes,\nhint: use 'git pull' before pushing again.\nhint: See the 'Note about fast-forwards' in 'git push --help' for details."
03:13:56.466 [warning] flock failed on /tmp/cp_gb_in_repo_671673143/.commonplace/archive/doc-7766140/7532cd30dffa3da721afc368e95853738a1f6a52a80d0eb6b23ce593b5a55a9a.json: :enoent, proceeding without lock
.03:13:56.687 [warning] GitBridge.Inbound: fetch failed for mount-832499715: "fatal: couldn't find remote ref main"
03:13:56.689 [warning] flock failed on /tmp/cp_gb_in_repo_462779576/a.txt: :enoent, proceeding without lock
03:13:56.691 [warning] flock failed on /tmp/cp_gb_in_repo_462779576/.commonplace/a.txt.json: :enoent, proceeding without lock
03:13:56.693 [warning] flock failed on /tmp/cp_gb_in_repo_462779576/.commonplace/mount.json: :enoent, proceeding without lock
03:13:56.695 [warning] flock failed on /tmp/cp_gb_in_repo_462779576/.commonplace/archive/doc-859435318/2bc49cc71306fdb618a6a5fd65f9c355309dd543e127fde563097d2810c66df1.json: :enoent, proceeding without lock
03:13:56.698 [warning] flock failed on /tmp/cp_gb_in_repo_462779576/.commonplace/archive/doc-859435318/4d0ef4f8a726b7b4bacd998949c92e735a45063fd6a5fc30b56e02e29315cff6.json: :enoent, proceeding without lock
03:13:56.700 [warning] flock failed on /tmp/cp_gb_in_repo_462779576/.commonplace/archive/mount-832499715/7c572e911d5eaf5a82a7b00535264a737d54de37f6130e1beed366c6d118fe6e.json: :enoent, proceeding without lock
03:13:56.703 [warning] flock failed on /tmp/cp_gb_in_repo_462779576/.commonplace/archive/mount-832499715/38c23b1c16a44085b4171c5fdb11aa61809d246e218ccfb8e388126364a0cac0.json: :enoent, proceeding without lock
03:13:56.704 [warning] flock failed on /tmp/cp_gb_in_repo_462779576/.commonplace/archive/mount-832499715/10c3e5e2fd3e4562d7a538f2c43b70109489597e698f9cbe92b9139f56369d4e.json: :enoent, proceeding without lock
03:13:56.707 [warning] flock failed on /tmp/cp_gb_in_repo_462779576/.commonplace/archive/watermarks.json: :enoent, proceeding without lock
.03:13:57.012 [warning] GitBridge.Inbound: fetch failed for mount-565908382: "fatal: couldn't find remote ref main"
03:13:57.013 [warning] flock failed on /tmp/cp_gb_in_repo_154797867/a.txt: :enoent, proceeding without lock
03:13:57.016 [warning] flock failed on /tmp/cp_gb_in_repo_154797867/.commonplace/a.txt.json: :enoent, proceeding without lock
03:13:57.018 [warning] flock failed on /tmp/cp_gb_in_repo_154797867/.commonplace/mount.json: :enoent, proceeding without lock
03:13:57.021 [warning] flock failed on /tmp/cp_gb_in_repo_154797867/.commonplace/archive/doc-968938982/1214f8adb9c0beb5824c34776fd330670c0cc7df39b092e01b8262f4772ec68f.json: :enoent, proceeding without lock
03:13:57.025 [warning] flock failed on /tmp/cp_gb_in_repo_154797867/.commonplace/archive/doc-968938982/cc1b9cabe3d5e862992dfdb155f482737ed116f0c091ea6c12d10b873b2f82d1.json: :enoent, proceeding without lock
03:13:57.028 [warning] flock failed on /tmp/cp_gb_in_repo_154797867/.commonplace/archive/mount-565908382/b05352cf3b676160cd986fddd9aa9a07198ce382641609c37ff2d6efb5edf804.json: :enoent, proceeding without lock
03:13:57.030 [warning] flock failed on /tmp/cp_gb_in_repo_154797867/.commonplace/archive/mount-565908382/82c56ad2cbd99a95702984b251186d34d96951a2517c2892dca34d8d00da330e.json: :enoent, proceeding without lock
03:13:57.033 [warning] flock failed on /tmp/cp_gb_in_repo_154797867/.commonplace/archive/mount-565908382/e9f23ebf235b32a43cd85e13746f8177a82abdcb1fbc55c67cfd355ac3c8fc88.json: :enoent, proceeding without lock
03:13:57.035 [warning] flock failed on /tmp/cp_gb_in_repo_154797867/.commonplace/archive/watermarks.json: :enoent, proceeding without lock
..03:13:57.374 [warning] GitBridge.Inbound: fetch failed for mount-690533053: "fatal: couldn't find remote ref main"
03:13:57.375 [warning] flock failed on /tmp/cp_gb_in_repo_795921242/a.txt: :enoent, proceeding without lock
03:13:57.378 [warning] flock failed on /tmp/cp_gb_in_repo_795921242/.commonplace/a.txt.json: :enoent, proceeding without lock
03:13:57.380 [warning] flock failed on /tmp/cp_gb_in_repo_795921242/.commonplace/mount.json: :enoent, proceeding without lock
03:13:57.382 [warning] flock failed on /tmp/cp_gb_in_repo_795921242/.commonplace/archive/doc-758300857/632726fa757e7798d4c221ad18f5dd7eaea8e7c99c2e5664a612de7e4646de16.json: :enoent, proceeding without lock
03:13:57.385 [warning] flock failed on /tmp/cp_gb_in_repo_795921242/.commonplace/archive/doc-758300857/d3fb6aa9056b6d99e660ce2e0a229ffc24968caa14a16fc317888dd72e3a5e17.json: :enoent, proceeding without lock
03:13:57.387 [warning] flock failed on /tmp/cp_gb_in_repo_795921242/.commonplace/archive/mount-690533053/15c0540523e00744b40f4dcc8e1e695877b23e1b7940510313605dc2cf53abc1.json: :enoent, proceeding without lock
03:13:57.389 [warning] flock failed on /tmp/cp_gb_in_repo_795921242/.commonplace/archive/mount-690533053/d398da4f7b73a2d845350b25c27e304ab491928aff4b43938b027984f9fba88f.json: :enoent, proceeding without lock
03:13:57.391 [warning] flock failed on /tmp/cp_gb_in_repo_795921242/.commonplace/archive/mount-690533053/97f0085a3c5efda5956d05fa5d52e21e7abda6bce276e82949cd9529d81e2749.json: :enoent, proceeding without lock
03:13:57.393 [warning] flock failed on /tmp/cp_gb_in_repo_795921242/.commonplace/archive/watermarks.json: :enoent, proceeding without lock
03:13:57.582 [warning] flock failed on /tmp/cp_gb_in_repo_795921242/.commonplace/archive/doc-758300857/9c5b1e515a4ac42f76c551f1114dfb9bf909a2ac9fba4cbd7002de8e52d18eae.json: :enoent, proceeding without lock
03:13:57.585 [warning] flock failed on /tmp/cp_gb_in_repo_795921242/.commonplace/archive/doc-758300857/a54a32732e182bade6c38ce53fd31ef9a02ea6102bb4ae8c77332ee033582061.json: :enoent, proceeding without lock
03:13:57.632 [warning] GitBridge.Server: push failed for mount-690533053: "To /tmp/cp_gb_in_bare_365696993\n ! [rejected]        main -> main (non-fast-forward)\nerror: failed to push some refs to '/tmp/cp_gb_in_bare_365696993'\nhint: Updates were rejected because the tip of your current branch is behind\nhint: its remote counterpart. If you want to integrate the remote changes,\nhint: use 'git pull' before pushing again.\nhint: See the 'Note about fast-forwards' in 'git push --help' for details."
03:13:58.191 [warning] flock failed on /tmp/cp_gb_in_repo_795921242/.commonplace/archive/doc-758300857/9c5b1e515a4ac42f76c551f1114dfb9bf909a2ac9fba4cbd7002de8e52d18eae.json: :enoent, proceeding without lock
03:13:58.193 [warning] flock failed on /tmp/cp_gb_in_repo_795921242/.commonplace/archive/doc-758300857/a54a32732e182bade6c38ce53fd31ef9a02ea6102bb4ae8c77332ee033582061.json: :enoent, proceeding without lock
.03:13:58.386 [warning] GitBridge.Inbound: fetch failed for mount-547720797: "fatal: couldn't find remote ref main"
03:13:58.388 [warning] flock failed on /tmp/cp_gb_in_repo_178180878/_outline: :enoent, proceeding without lock
03:13:58.391 [warning] flock failed on /tmp/cp_gb_in_repo_178180878/.commonplace/_outline.json: :enoent, proceeding without lock
03:13:58.394 [warning] flock failed on /tmp/cp_gb_in_repo_178180878/.commonplace/mount.json: :enoent, proceeding without lock
03:13:58.398 [warning] flock failed on /tmp/cp_gb_in_repo_178180878/.commonplace/archive/doc-45526943/80d3943f79edb86f990cb9120cbf48a92bff7e17d7ea8feb5d0374b462f8d4cb.json: :enoent, proceeding without lock
03:13:58.400 [warning] flock failed on /tmp/cp_gb_in_repo_178180878/.commonplace/archive/doc-45526943/702ae20dcb43c9573990e03b99f08b89055fbda70c606f25b80ac1ed422e6398.json: :enoent, proceeding without lock
03:13:58.402 [warning] flock failed on /tmp/cp_gb_in_repo_178180878/.commonplace/archive/mount-547720797/3d7973570ae695ebaa23baf18905d673ba240d99749c8b9baa473d465050b7b1.json: :enoent, proceeding without lock
03:13:58.404 [warning] flock failed on /tmp/cp_gb_in_repo_178180878/.commonplace/archive/mount-547720797/86cc9896eb0666b333ca5db2a63df02b980611c1f7ad7b374bd087e0cdd9519f.json: :enoent, proceeding without lock
03:13:58.406 [warning] flock failed on /tmp/cp_gb_in_repo_178180878/.commonplace/archive/mount-547720797/58f7c665291de5fa104374dde6f301974fac93dc71c88900b1565fce783a9bb3.json: :enoent, proceeding without lock
03:13:58.408 [warning] flock failed on /tmp/cp_gb_in_repo_178180878/.commonplace/archive/watermarks.json: :enoent, proceeding without lock
.03:13:58.675 [warning] GitBridge.Inbound: fetch failed for mount-539002925: "fatal: couldn't find remote ref main"
03:13:58.678 [warning] flock failed on /tmp/cp_gb_in_repo_415266606/a.txt: :enoent, proceeding without lock
03:13:58.680 [warning] flock failed on /tmp/cp_gb_in_repo_415266606/.commonplace/a.txt.json: :enoent, proceeding without lock
03:13:58.683 [warning] flock failed on /tmp/cp_gb_in_repo_415266606/.commonplace/mount.json: :enoent, proceeding without lock
03:13:58.686 [warning] flock failed on /tmp/cp_gb_in_repo_415266606/.commonplace/archive/doc-629569159/bfb8609cfe4706f3465731b9c5dbed518905d751737f2d55a2bebe2716c5a014.json: :enoent, proceeding without lock
03:13:58.689 [warning] flock failed on /tmp/cp_gb_in_repo_415266606/.commonplace/archive/doc-629569159/7548cedb9f664314cd0bcf566bb0dec1fdc0cbbd013b78a8081b796d8fd2e688.json: :enoent, proceeding without lock
03:13:58.694 [warning] flock failed on /tmp/cp_gb_in_repo_415266606/.commonplace/archive/mount-539002925/6d643c63bdb466ba464be1c50b0b53e800e3349a32c26d3c2d14be24a6cd1726.json: :enoent, proceeding without lock
03:13:58.697 [warning] flock failed on /tmp/cp_gb_in_repo_415266606/.commonplace/archive/mount-539002925/3180bb7283cfb098e161f97d6d4405f597bd8850f7a48a6790c9f00b038310a1.json: :enoent, proceeding without lock
03:13:58.700 [warning] flock failed on /tmp/cp_gb_in_repo_415266606/.commonplace/archive/mount-539002925/8cb96e3a6bcb7ad4154c7fd02b8ad4f5874aedbd8fdf2c9c107d643b7fe0e150.json: :enoent, proceeding without lock
03:13:58.702 [warning] flock failed on /tmp/cp_gb_in_repo_415266606/.commonplace/archive/watermarks.json: :enoent, proceeding without lock
03:13:58.815 [warning] flock failed on /tmp/cp_gb_in_repo_415266606/.commonplace/archive/doc-629569159/7b4f7874d19dea387b9a2d1ffb97bbd18e4dd6bf91e4eadd18f1224dc4669eb0.json: :enoent, proceeding without lock
03:13:59.015 [warning] flock failed on /tmp/cp_gb_in_repo_415266606/.commonplace/archive/doc-629569159/d4b4fd6bf516246838693ec233610a9491bc9d9fa3e9f27bbb545bf2d48c9691.json: :enoent, proceeding without lock
03:13:59.060 [warning] GitBridge.Server: push failed for mount-539002925: "To /tmp/cp_gb_in_bare_582596758\n ! [rejected]        main -> main (non-fast-forward)\nerror: failed to push some refs to '/tmp/cp_gb_in_bare_582596758'\nhint: Updates were rejected because the tip of your current branch is behind\nhint: its remote counterpart. If you want to integrate the remote changes,\nhint: use 'git pull' before pushing again.\nhint: See the 'Note about fast-forwards' in 'git push --help' for details."
03:13:59.123 [warning] flock failed on /tmp/cp_gb_in_repo_415266606/.commonplace/archive/doc-629569159/d4b4fd6bf516246838693ec233610a9491bc9d9fa3e9f27bbb545bf2d48c9691.json: :enoent, proceeding without lock
.03:13:59.288 [warning] GitBridge.Inbound: fetch failed for mount-807812345: "fatal: couldn't find remote ref main"
03:13:59.289 [warning] flock failed on /tmp/cp_gb_in_repo_42918145/a.txt: :enoent, proceeding without lock
03:13:59.291 [warning] flock failed on /tmp/cp_gb_in_repo_42918145/.commonplace/a.txt.json: :enoent, proceeding without lock
03:13:59.293 [warning] flock failed on /tmp/cp_gb_in_repo_42918145/.commonplace/mount.json: :enoent, proceeding without lock
03:13:59.295 [warning] flock failed on /tmp/cp_gb_in_repo_42918145/.commonplace/archive/doc-790507423/3d052d2f39ff6ba43acbe050267e52e4036948dc6064a7b738c0f2cbc0b5792c.json: :enoent, proceeding without lock
03:13:59.297 [warning] flock failed on /tmp/cp_gb_in_repo_42918145/.commonplace/archive/doc-790507423/1fdf2fa2282c1339038aed6156a2d997dea5cbe4f1381b6f3ae34ae29a225526.json: :enoent, proceeding without lock
03:13:59.299 [warning] flock failed on /tmp/cp_gb_in_repo_42918145/.commonplace/archive/mount-807812345/f247f2d74b3ba5c9523c776a453e7e3009e93743ad622f2323bdb1200cddc6a7.json: :enoent, proceeding without lock
03:13:59.301 [warning] flock failed on /tmp/cp_gb_in_repo_42918145/.commonplace/archive/mount-807812345/2491bcdb4494810070b518c34c4e6df38f023a13bb350fc02e74b0ea5e2875fe.json: :enoent, proceeding without lock
03:13:59.302 [warning] flock failed on /tmp/cp_gb_in_repo_42918145/.commonplace/archive/mount-807812345/065712a606a5e7c4a6ca9168fb43a5789c4b6632e7c4a5aaad33fb27f3e2162e.json: :enoent, proceeding without lock
03:13:59.304 [warning] flock failed on /tmp/cp_gb_in_repo_42918145/.commonplace/archive/watermarks.json: :enoent, proceeding without lock
03:13:59.501 [warning] flock failed on /tmp/cp_gb_in_repo_42918145/new_file.txt: :enoent, proceeding without lock
03:13:59.504 [warning] flock failed on /tmp/cp_gb_in_repo_42918145/.commonplace/new_file.txt.json: :enoent, proceeding without lock
03:13:59.509 [warning] flock failed on /tmp/cp_gb_in_repo_42918145/.commonplace/archive/c4438282-dbb0-4cc9-88e2-4b97bff830ae/4d51c078c261eac25dc9a3a99f27f846da6af251572a20e84b5724f54b492909.json: :enoent, proceeding without lock
03:13:59.511 [warning] flock failed on /tmp/cp_gb_in_repo_42918145/.commonplace/archive/c4438282-dbb0-4cc9-88e2-4b97bff830ae/c6db38c4fe9df3258550d5e913461b63a354083dd5b078edc6ac7618016fca06.json: :enoent, proceeding without lock
03:13:59.515 [warning] flock failed on /tmp/cp_gb_in_repo_42918145/.commonplace/archive/mount-807812345/1ff7e6fda0fda275798b3b3d2902101a14c44862f332365782573bb15d19732b.json: :enoent, proceeding without lock
03:13:59.517 [warning] flock failed on /tmp/cp_gb_in_repo_42918145/.commonplace/archive/mount-807812345/95bb57b809feb92b089d3f75d7dd2e4cd8ae1d877de8ac4d678f2650c5bd9e05.json: :enoent, proceeding without lock
03:13:59.556 [warning] GitBridge.Server: push failed for mount-807812345: "To /tmp/cp_gb_in_bare_155586751\n ! [rejected]        main -> main (non-fast-forward)\nerror: failed to push some refs to '/tmp/cp_gb_in_bare_155586751'\nhint: Updates were rejected because the tip of your current branch is behind\nhint: its remote counterpart. If you want to integrate the remote changes,\nhint: use 'git pull' before pushing again.\nhint: See the 'Note about fast-forwards' in 'git push --help' for details."
03:13:59.609 [warning] flock failed on /tmp/cp_gb_in_repo_42918145/.commonplace/new_file.txt.json: :enoent, proceeding without lock
03:13:59.618 [warning] flock failed on /tmp/cp_gb_in_repo_42918145/.commonplace/archive/c4438282-dbb0-4cc9-88e2-4b97bff830ae/4d51c078c261eac25dc9a3a99f27f846da6af251572a20e84b5724f54b492909.json: :enoent, proceeding without lock
03:13:59.620 [warning] flock failed on /tmp/cp_gb_in_repo_42918145/.commonplace/archive/c4438282-dbb0-4cc9-88e2-4b97bff830ae/c6db38c4fe9df3258550d5e913461b63a354083dd5b078edc6ac7618016fca06.json: :enoent, proceeding without lock
03:13:59.623 [warning] flock failed on /tmp/cp_gb_in_repo_42918145/.commonplace/archive/mount-807812345/1ff7e6fda0fda275798b3b3d2902101a14c44862f332365782573bb15d19732b.json: :enoent, proceeding without lock
03:13:59.626 [warning] flock failed on /tmp/cp_gb_in_repo_42918145/.commonplace/archive/mount-807812345/95bb57b809feb92b089d3f75d7dd2e4cd8ae1d877de8ac4d678f2650c5bd9e05.json: :enoent, proceeding without lock
.03:13:59.822 [warning] GitBridge.Inbound: fetch failed for mount-87606215: "fatal: couldn't find remote ref main"
03:13:59.823 [warning] flock failed on /tmp/cp_gb_in_repo_397960228/a.txt: :enoent, proceeding without lock
03:13:59.827 [warning] flock failed on /tmp/cp_gb_in_repo_397960228/.commonplace/a.txt.json: :enoent, proceeding without lock
03:13:59.830 [warning] flock failed on /tmp/cp_gb_in_repo_397960228/.commonplace/mount.json: :enoent, proceeding without lock
03:13:59.833 [warning] flock failed on /tmp/cp_gb_in_repo_397960228/.commonplace/archive/doc-31060441/22a1a2a1ac36334b238fc3e5c54946040c0b4a642da5ad3c8b525652baa8b9ef.json: :enoent, proceeding without lock
03:13:59.836 [warning] flock failed on /tmp/cp_gb_in_repo_397960228/.commonplace/archive/doc-31060441/f315c77490fdcf06b9a8f380fa6b5a7fa8c05320d58f3673f882d68d4eb79865.json: :enoent, proceeding without lock
03:13:59.840 [warning] flock failed on /tmp/cp_gb_in_repo_397960228/.commonplace/archive/mount-87606215/7a188171abd62353cce6920cc70ce9f873f241c808303e9e4c82335218480def.json: :enoent, proceeding without lock
03:13:59.843 [warning] flock failed on /tmp/cp_gb_in_repo_397960228/.commonplace/archive/mount-87606215/ae9aebad5f80def6fbfcf4709482dd67fc9759d59708e7557f7e3024476dbf44.json: :enoent, proceeding without lock
03:13:59.846 [warning] flock failed on /tmp/cp_gb_in_repo_397960228/.commonplace/archive/mount-87606215/35f7ba2f7d1fdddd47af9684a642745afe89f92b0284dba33ad8468662bdcb99.json: :enoent, proceeding without lock
03:13:59.848 [warning] flock failed on /tmp/cp_gb_in_repo_397960228/.commonplace/archive/watermarks.json: :enoent, proceeding without lock
03:14:00.056 [warning] GitBridge.Server: push failed for mount-87606215: "To /tmp/cp_gb_in_bare_838880353\n ! [rejected]        main -> main (non-fast-forward)\nerror: failed to push some refs to '/tmp/cp_gb_in_bare_838880353'\nhint: Updates were rejected because the tip of your current branch is behind\nhint: its remote counterpart. If you want to integrate the remote changes,\nhint: use 'git pull' before pushing again.\nhint: See the 'Note about fast-forwards' in 'git push --help' for details."
.03:14:00.187 [warning] GitBridge.Inbound: fetch failed for mount-979011782: "fatal: couldn't find remote ref main"
03:14:00.188 [warning] flock failed on /tmp/cp_gb_in_repo_929024506/a.txt: :enoent, proceeding without lock
03:14:00.191 [warning] flock failed on /tmp/cp_gb_in_repo_929024506/.commonplace/a.txt.json: :enoent, proceeding without lock
03:14:00.193 [warning] flock failed on /tmp/cp_gb_in_repo_929024506/.commonplace/mount.json: :enoent, proceeding without lock
03:14:00.196 [warning] flock failed on /tmp/cp_gb_in_repo_929024506/.commonplace/archive/doc-61628378/1ec7d57739908e6748e37424c0a61ea828469879d45daaf4665cc955988fd004.json: :enoent, proceeding without lock
03:14:00.199 [warning] flock failed on /tmp/cp_gb_in_repo_929024506/.commonplace/archive/doc-61628378/e10ff444cfcfe1997e9366b9e3db71122f07debe3a05f5d056bf82a872c61a5d.json: :enoent, proceeding without lock
03:14:00.202 [warning] flock failed on /tmp/cp_gb_in_repo_929024506/.commonplace/archive/mount-979011782/0cc4c26a9e3d81cbb15a02c309ef8057f962761989771711dfd76fadc0087787.json: :enoent, proceeding without lock
03:14:00.205 [warning] flock failed on /tmp/cp_gb_in_repo_929024506/.commonplace/archive/mount-979011782/8bab510ce6efaaf8d7a1d0b5d3b42cf8b3c6c963f8766387105c91e66e5064ed.json: :enoent, proceeding without lock
03:14:00.207 [warning] flock failed on /tmp/cp_gb_in_repo_929024506/.commonplace/archive/mount-979011782/de323cd413accc52efbf5c2f643ccaac2e5c8e4aa8526c3bac8d15fb3434d630.json: :enoent, proceeding without lock
03:14:00.209 [warning] flock failed on /tmp/cp_gb_in_repo_929024506/.commonplace/archive/watermarks.json: :enoent, proceeding without lock
.03:14:00.515 [warning] GitBridge.Inbound: fetch failed for mount-21363861: "fatal: couldn't find remote ref main"
03:14:00.516 [warning] flock failed on /tmp/cp_gb_in_repo_234452511/a.txt: :enoent, proceeding without lock
03:14:00.519 [warning] flock failed on /tmp/cp_gb_in_repo_234452511/.commonplace/a.txt.json: :enoent, proceeding without lock
03:14:00.521 [warning] flock failed on /tmp/cp_gb_in_repo_234452511/.commonplace/mount.json: :enoent, proceeding without lock
03:14:00.524 [warning] flock failed on /tmp/cp_gb_in_repo_234452511/.commonplace/archive/doc-31411439/4d267430763824a01a42ca3001ba06e98761171d1ba5a5b610fb57e6e90b8a0a.json: :enoent, proceeding without lock
03:14:00.527 [warning] flock failed on /tmp/cp_gb_in_repo_234452511/.commonplace/archive/doc-31411439/8a88bb71ea9d7262c138e92de4946e3058c83be4d6d9f12c07cd4becb8c47b15.json: :enoent, proceeding without lock
03:14:00.530 [warning] flock failed on /tmp/cp_gb_in_repo_234452511/.commonplace/archive/mount-21363861/ab44603df08ddb2166c976706528b3410af4c614e892d23622eeeb78a545595e.json: :enoent, proceeding without lock
03:14:00.533 [warning] flock failed on /tmp/cp_gb_in_repo_234452511/.commonplace/archive/mount-21363861/ac0e96572dc8dc91d33c73d45b188944f8b06e2ca91df90f883998a651612da4.json: :enoent, proceeding without lock
03:14:00.536 [warning] flock failed on /tmp/cp_gb_in_repo_234452511/.commonplace/archive/mount-21363861/0f4b0de327256136132378e6ae6c1bc72e278b8c2145f9cbf8eb5f655293380d.json: :enoent, proceeding without lock
03:14:00.538 [warning] flock failed on /tmp/cp_gb_in_repo_234452511/.commonplace/archive/watermarks.json: :enoent, proceeding without lock
.03:14:00.736 [warning] GitBridge.Inbound: fetch failed for mount-961562138: "fatal: couldn't find remote ref main"
03:14:00.737 [warning] flock failed on /tmp/cp_gb_in_repo_759003755/a.txt: :enoent, proceeding without lock
03:14:00.740 [warning] flock failed on /tmp/cp_gb_in_repo_759003755/.commonplace/a.txt.json: :enoent, proceeding without lock
03:14:00.742 [warning] flock failed on /tmp/cp_gb_in_repo_759003755/.commonplace/mount.json: :enoent, proceeding without lock
03:14:00.745 [warning] flock failed on /tmp/cp_gb_in_repo_759003755/.commonplace/archive/doc-497548972/fafe2be55bac87a1c8806a38b5ebe1745dab9df23da700a37d9cfe03b87ad9be.json: :enoent, proceeding without lock
03:14:00.748 [warning] flock failed on /tmp/cp_gb_in_repo_759003755/.commonplace/archive/doc-497548972/24bd0a11253a6b1d1907d5c828e9065e818ad0596e53ecb8e3fd6a8f371f6429.json: :enoent, proceeding without lock
03:14:00.750 [warning] flock failed on /tmp/cp_gb_in_repo_759003755/.commonplace/archive/mount-961562138/0dbce7711c090646a549c4f4dcc0880783fa78354a0a48b69770672537433e0e.json: :enoent, proceeding without lock
03:14:00.753 [warning] flock failed on /tmp/cp_gb_in_repo_759003755/.commonplace/archive/mount-961562138/9b203bdd6a95835ac2763c7c8860c5b64321231c9b84266df502d2e020d46a92.json: :enoent, proceeding without lock
03:14:00.755 [warning] flock failed on /tmp/cp_gb_in_repo_759003755/.commonplace/archive/mount-961562138/bf8d2cc53e652b295ea7345f2e469f0932cb42b63b4528e9b081a4cd2fba644d.json: :enoent, proceeding without lock
03:14:00.757 [warning] flock failed on /tmp/cp_gb_in_repo_759003755/.commonplace/archive/watermarks.json: :enoent, proceeding without lock
03:14:00.987 [warning] flock failed on /tmp/cp_gb_in_repo_759003755/.commonplace/archive/doc-497548972/94f4dfb71d014f22fe0b09840bb1ac4fbbbaf833f5c514f96bf6dc451bed0e13.json: :enoent, proceeding without lock
03:14:00.989 [warning] flock failed on /tmp/cp_gb_in_repo_759003755/.commonplace/archive/doc-497548972/2f394abafc48a82c526a8903dacb466b4dbc997c30c457ad7b4ba3f9ac6611ef.json: :enoent, proceeding without lock
03:14:01.032 [warning] GitBridge.Server: push failed for mount-961562138: "To /tmp/cp_gb_in_bare_506984615\n ! [rejected]        main -> main (non-fast-forward)\nerror: failed to push some refs to '/tmp/cp_gb_in_bare_506984615'\nhint: Updates were rejected because the tip of your current branch is behind\nhint: its remote counterpart. If you want to integrate the remote changes,\nhint: use 'git pull' before pushing again.\nhint: See the 'Note about fast-forwards' in 'git push --help' for details."
03:14:01.097 [warning] flock failed on /tmp/cp_gb_in_repo_759003755/.commonplace/archive/doc-497548972/94f4dfb71d014f22fe0b09840bb1ac4fbbbaf833f5c514f96bf6dc451bed0e13.json: :enoent, proceeding without lock
03:14:01.099 [warning] flock failed on /tmp/cp_gb_in_repo_759003755/.commonplace/archive/doc-497548972/2f394abafc48a82c526a8903dacb466b4dbc997c30c457ad7b4ba3f9ac6611ef.json: :enoent, proceeding without lock
.03:14:01.470 [warning] GitBridge.Inbound: fetch failed for mount-795494769: "fatal: couldn't find remote ref main"
03:14:01.471 [warning] flock failed on /tmp/cp_gb_in_repo_437141692/a.txt: :enoent, proceeding without lock
03:14:01.475 [warning] flock failed on /tmp/cp_gb_in_repo_437141692/.commonplace/a.txt.json: :enoent, proceeding without lock
03:14:01.478 [warning] flock failed on /tmp/cp_gb_in_repo_437141692/.commonplace/mount.json: :enoent, proceeding without lock
03:14:01.482 [warning] flock failed on /tmp/cp_gb_in_repo_437141692/.commonplace/archive/doc-784978532/febd887adb9b15f940a10ec6b39b80e722a7271a1283ee169711d6c423c7b71e.json: :enoent, proceeding without lock
03:14:01.485 [warning] flock failed on /tmp/cp_gb_in_repo_437141692/.commonplace/archive/doc-784978532/d4efb982db0a10c1bf7c147fce1662020876b6edeeae02784ab33c4c556ff20b.json: :enoent, proceeding without lock
03:14:01.489 [warning] flock failed on /tmp/cp_gb_in_repo_437141692/.commonplace/archive/mount-795494769/6218feb5c72d3f921ad49cf3994f3e577e5fe35d06b6d011a0205f6d8d86292e.json: :enoent, proceeding without lock
03:14:01.492 [warning] flock failed on /tmp/cp_gb_in_repo_437141692/.commonplace/archive/mount-795494769/f2bd04025628db45f3c78e54a1ae28e11dbc2a24ea62f823a8620cefc1236fef.json: :enoent, proceeding without lock
03:14:01.496 [warning] flock failed on /tmp/cp_gb_in_repo_437141692/.commonplace/archive/mount-795494769/146f2a591bcac1415b52ff1a7823a2376709bdb14b40dfd1673c84be40c235a7.json: :enoent, proceeding without lock
03:14:01.500 [warning] flock failed on /tmp/cp_gb_in_repo_437141692/.commonplace/archive/watermarks.json: :enoent, proceeding without lock
.03:14:01.859 [warning] GitBridge.Inbound: fetch failed for mount-957342655: "fatal: couldn't find remote ref main"
03:14:01.860 [warning] flock failed on /tmp/cp_gb_in_repo_913026409/a.txt: :enoent, proceeding without lock
03:14:01.864 [warning] flock failed on /tmp/cp_gb_in_repo_913026409/.commonplace/a.txt.json: :enoent, proceeding without lock
03:14:01.868 [warning] flock failed on /tmp/cp_gb_in_repo_913026409/.commonplace/mount.json: :enoent, proceeding without lock
03:14:01.872 [warning] flock failed on /tmp/cp_gb_in_repo_913026409/.commonplace/archive/doc-955447755/fc63446f3c8ad5d2f359e8d32e7e2227e84f5f94a2b0bd9e57ba0a6c882ad217.json: :enoent, proceeding without lock
03:14:01.875 [warning] flock failed on /tmp/cp_gb_in_repo_913026409/.commonplace/archive/doc-955447755/bb69b61976fd5cefa8502f8a57cb6d2f974100408247bebc7ec6480b7a35db1f.json: :enoent, proceeding without lock
03:14:01.878 [warning] flock failed on /tmp/cp_gb_in_repo_913026409/.commonplace/archive/mount-957342655/1aa3b129040494291b652a4e4e1036efc267b63f956efb53f45a909a43cb3bed.json: :enoent, proceeding without lock
03:14:01.881 [warning] flock failed on /tmp/cp_gb_in_repo_913026409/.commonplace/archive/mount-957342655/23af9066bd6cf5aaedcf020b6e4031b1babac35acf5ad6e17268ec1324f46704.json: :enoent, proceeding without lock
03:14:01.885 [warning] flock failed on /tmp/cp_gb_in_repo_913026409/.commonplace/archive/mount-957342655/0a5a3905a65fe9bfd1dba4f82fd31038055253e80c868577468a1ab3233c3bcc.json: :enoent, proceeding without lock
03:14:01.888 [warning] flock failed on /tmp/cp_gb_in_repo_913026409/.commonplace/archive/watermarks.json: :enoent, proceeding without lock
.03:14:02.217 [warning] GitBridge.Inbound: fetch failed for mount-568601364: "fatal: couldn't find remote ref main"
03:14:02.219 [warning] flock failed on /tmp/cp_gb_in_repo_58926031/a.txt: :enoent, proceeding without lock
03:14:02.221 [warning] flock failed on /tmp/cp_gb_in_repo_58926031/.commonplace/a.txt.json: :enoent, proceeding without lock
03:14:02.224 [warning] flock failed on /tmp/cp_gb_in_repo_58926031/.commonplace/mount.json: :enoent, proceeding without lock
03:14:02.234 [warning] flock failed on /tmp/cp_gb_in_repo_58926031/.commonplace/archive/doc-248581217/d4fb86d7d5ac68f8293b8b29beeada0dbc91e707f9e8ae523cfb68c01d7f9b40.json: :enoent, proceeding without lock
03:14:02.237 [warning] flock failed on /tmp/cp_gb_in_repo_58926031/.commonplace/archive/doc-248581217/f7f54864b9e328adea5784bef114be3c8407ddbccddc984f385db0f5ed0ef8bc.json: :enoent, proceeding without lock
03:14:02.240 [warning] flock failed on /tmp/cp_gb_in_repo_58926031/.commonplace/archive/mount-568601364/34e54896e4a2155f6df47dfd0b86bf2594ebd412d6b068d391dc955f58936bd7.json: :enoent, proceeding without lock
03:14:02.244 [warning] flock failed on /tmp/cp_gb_in_repo_58926031/.commonplace/archive/mount-568601364/92a3ec31d8ac3a1c136204ec5366a04038d41a8274eddf43d1d0f169a88f2764.json: :enoent, proceeding without lock
03:14:02.249 [warning] flock failed on /tmp/cp_gb_in_repo_58926031/.commonplace/archive/mount-568601364/6f53d1849c3733a493241ce71ccf28a814c769d4e778b28797b935c886407243.json: :enoent, proceeding without lock
03:14:02.253 [warning] flock failed on /tmp/cp_gb_in_repo_58926031/.commonplace/archive/watermarks.json: :enoent, proceeding without lock
03:14:02.481 [warning] flock failed on /tmp/cp_gb_in_repo_58926031/.commonplace/archive/doc-248581217/b79fe097659e8e11e595e1aae22a4e4ef27187cfa767a90103fb30c1650b706e.json: :enoent, proceeding without lock
03:14:02.527 [warning] GitBridge.Server: push failed for mount-568601364: "To /tmp/cp_gb_in_bare_830872768\n ! [rejected]        main -> main (non-fast-forward)\nerror: failed to push some refs to '/tmp/cp_gb_in_bare_830872768'\nhint: Updates were rejected because the tip of your current branch is behind\nhint: its remote counterpart. If you want to integrate the remote changes,\nhint: use 'git pull' before pushing again.\nhint: See the 'Note about fast-forwards' in 'git push --help' for details."
03:14:02.588 [warning] flock failed on /tmp/cp_gb_in_repo_58926031/.commonplace/archive/doc-248581217/b79fe097659e8e11e595e1aae22a4e4ef27187cfa767a90103fb30c1650b706e.json: :enoent, proceeding without lock
..............................03:14:02.922 [warning] flock failed on /tmp/cp_sandbox_680076/__reflog/server/__snapshot: :enoent, proceeding without lock
.03:14:04.465 [warning] flock failed on /tmp/cp_sandbox_450390/__reflog/server/__snapshot: :enoent, proceeding without lock
.03:14:05.996 [warning] flock failed on /tmp/cp_sandbox_645054/__reflog/server/__snapshot: :enoent, proceeding without lock
.03:14:07.527 [warning] flock failed on /tmp/cp_sandbox_345184/__reflog/server/__snapshot: :enoent, proceeding without lock
.03:14:09.065 [warning] flock failed on /tmp/cp_sandbox_927967/__reflog/server/__snapshot: :enoent, proceeding without lock
.03:14:10.483 [warning] EngineModule :look ("100ca11b-1004-4e55-9f66-a07788990011") fell back to last-good/floor: {:compile, :not_found}
.03:14:10.527 [warning] EngineModule :look ("100ca11b-1004-4e55-9f66-a07788990011") fell back to last-good/floor: {:compile, :not_found}
................03:14:11.015 [warning] Watcher: skipping symlinked directory /tmp/cp_watch_dir_302146/loop/self (not followed, prevents cycle)
..03:14:11.035 [warning] Watcher: skipping unreadable file /tmp/cp_watch_dir_695194/bad.txt (:eacces)
03:14:11.035 [warning] Watcher: skipping unreadable file /tmp/cp_watch_dir_695194/bad.txt (:eacces)
.....03:14:13.033 [error] trust.json is present but unreadable/unparseable ({:invalid_json, "unexpected byte at position 1: 0x74 (\"t\")"}) — FAILING CLOSED: rejecting all non-node-signed commits until the file is fixed or removed
.03:14:13.060 [error] trust.json is present but unreadable/unparseable ({:unreadable, :eisdir}) — FAILING CLOSED: rejecting all non-node-signed commits until the file is fixed or removed
............03:14:13.642 [warning] EngineModule :examine ("fdcb5f1e-a0f1-4fc3-82dc-1508bdf44b12") fell back to last-good/floor: {:compile, :not_found}
.03:14:13.688 [warning] EngineModule :examine ("fdcb5f1e-a0f1-4fc3-82dc-1508bdf44b12") fell back to last-good/floor: {:compile, :not_found}
.03:14:13.733 [warning] EngineModule :examine ("fdcb5f1e-a0f1-4fc3-82dc-1508bdf44b12") fell back to last-good/floor: {:compile, :not_found}
........03:14:13.916 [warning] EngineModule :look ("100ca11b-1004-4e55-9f66-a07788990011") fell back to last-good/floor: {:compile, :not_found}
03:14:13.920 [warning] World.find_presence: AMBIGUOUS presence alice.usr found in 2 rooms (["3a4f8a3c-655d-4756-9f67-c57a50c85292", "0bf285bc-5118-492e-9cff-4ef0ead16a37"]) — refusing to pick one
.03:14:13.987 [warning] EngineModule :look ("100ca11b-1004-4e55-9f66-a07788990011") fell back to last-good/floor: {:compile, :not_found}
.03:14:14.068 [warning] EngineModule :look ("100ca11b-1004-4e55-9f66-a07788990011") fell back to last-good/floor: {:compile, :not_found}
03:14:14.071 [warning] World.find_presence: AMBIGUOUS presence alice.usr found in 2 rooms (["41f130e2-993e-467c-a7e7-6f3b7ad5193e", "ad289ce8-736f-43fa-88ce-4ca7dbd3d14d"]) — refusing to pick one
............03:14:14.199 [warning] LoomBridge: dropping inbound external message for loom — bridge is paused
..............................03:14:14.538 [warning] CommitStore: local write would be DENIED by trust gate (dry_run — write still lands) doc_uuid=4397f53f-b3a2-48d1-874d-455e15f089b6 commit_id=e6e4f7ad9a4f0061a21e7241ec77d1e5d615d1f1763c0b32cbf9624ba901b9e5 reason=:untrusted_root
03:14:14.543 [warning] CommitStore: local write would be DENIED by trust gate (dry_run — write still lands) doc_uuid=4397f53f-b3a2-48d1-874d-455e15f089b6 commit_id=e65631e5a94d9016d4e15f2760c98537dbba0017669774d731c22ae57b6e5328 reason=:untrusted_root
...03:14:14.929 [warning] CommitStore: local write DENIED by trust gate (enforce) doc_uuid=6c6ea1cb-2d49-4d8a-a38e-9096b5533fe5 commit_id=2ba3b13b7efc6586b1125676c993b4119a3569a208f2ec7b5a7de41f76d49c25 reason={:untrusted_signer, "mallory-957959272"}
.03:14:15.075 [warning] safe-verb reach bound fired: move_object → :owner_grant_exceeded (via_verb=nil)
..03:14:15.145 [warning] CommitStore: local write DENIED by trust gate (enforce) doc_uuid=mge-neg-lin-1 commit_id=7656efc6357973c373bf38989855c863a6461df6f329ac3c77d4a736487fcb38 reason=:unsigned
..03:14:15.557 [warning] CommitStore: local write DENIED by trust gate (enforce) doc_uuid=mge-neg-nl-2 commit_id=312fa56376808a933033ace2cf76ec4cccbb7fdcfd7b8f7824896f76cd06c36e reason=:unsigned
..03:14:15.964 [warning] flock failed on /tmp/cp_reflog_checkout_dest_281135974/at-c1/docs/readme.md: :enoent, proceeding without lock
03:14:15.969 [warning] flock failed on /tmp/cp_reflog_checkout_dest_281135974/at-c1/keep.txt: :enoent, proceeding without lock
03:14:15.974 [warning] flock failed on /tmp/cp_reflog_checkout_dest_281135974/at-c1/notes.txt: :enoent, proceeding without lock
03:14:15.984 [warning] flock failed on /tmp/cp_reflog_checkout_dest_281135974/at-c2/added.txt: :enoent, proceeding without lock
03:14:15.988 [warning] flock failed on /tmp/cp_reflog_checkout_dest_281135974/at-c2/docs/readme.md: :enoent, proceeding without lock
03:14:15.991 [warning] flock failed on /tmp/cp_reflog_checkout_dest_281135974/at-c2/keep.txt: :enoent, proceeding without lock
03:14:15.994 [warning] flock failed on /tmp/cp_reflog_checkout_dest_281135974/at-c2/notes.txt: :enoent, proceeding without lock
...03:14:16.286 [warning] flock failed on /tmp/cp_reflog_checkout_dest_384067446/derivation-record/docs/readme.md: :enoent, proceeding without lock
03:14:16.291 [warning] flock failed on /tmp/cp_reflog_checkout_dest_384067446/derivation-record/keep.txt: :enoent, proceeding without lock
03:14:16.296 [warning] flock failed on /tmp/cp_reflog_checkout_dest_384067446/derivation-record/notes.txt: :enoent, proceeding without lock
.03:14:16.409 [warning] flock failed on /tmp/cp_reflog_checkout_dest_562087103/unrelated-dest/docs/readme.md: :enoent, proceeding without lock
03:14:16.413 [warning] flock failed on /tmp/cp_reflog_checkout_dest_562087103/unrelated-dest/keep.txt: :enoent, proceeding without lock
03:14:16.416 [warning] flock failed on /tmp/cp_reflog_checkout_dest_562087103/unrelated-dest/notes.txt: :enoent, proceeding without lock
.03:14:16.517 [warning] flock failed on /tmp/cp_reflog_checkout_dest_145286111/zero-writes/docs/readme.md: :enoent, proceeding without lock
03:14:16.521 [warning] flock failed on /tmp/cp_reflog_checkout_dest_145286111/zero-writes/keep.txt: :enoent, proceeding without lock
03:14:16.524 [warning] flock failed on /tmp/cp_reflog_checkout_dest_145286111/zero-writes/notes.txt: :enoent, proceeding without lock
.03:14:16.659 [warning] flock failed on /tmp/cp_reflog_checkout_dest_324416926/nonempty/docs/readme.md: :enoent, proceeding without lock
03:14:16.665 [warning] flock failed on /tmp/cp_reflog_checkout_dest_324416926/nonempty/keep.txt: :enoent, proceeding without lock
03:14:16.669 [warning] flock failed on /tmp/cp_reflog_checkout_dest_324416926/nonempty/notes.txt: :enoent, proceeding without lock
..03:14:16.730 [warning] CommitStore: local write DENIED by trust gate (enforce) doc_uuid=dd2cab20-4ecd-48e2-9064-9dad99b5c522 commit_id=119012b7b0f3230f35ce5128cf51a4acbf894ef049fdd90776b9fab0f20c12c8 reason={:untrusted_signer, "692a9300-2a2a-4868-8c0c-c2693dfa6862"}
03:14:16.730 [warning] Bursar: red-log write failed event=acquire path="ephemeral.txt" reason={:trust_rejected, {:untrusted_signer, "692a9300-2a2a-4868-8c0c-c2693dfa6862"}}
.03:14:16.747 [warning] CommitStore: local write DENIED by trust gate (enforce) doc_uuid=43abc1f9-822c-41d0-823f-fefd3d817793 commit_id=72f35548a7b672d46271614aad25f35ce7779df175d86004950a6b94b11e1752 reason={:untrusted_signer, "e30f2468-aac3-4961-9dc1-425e98d15640"}
03:14:16.747 [error] Bursar: red-log DOC CREATION refused ({:trust_rejected, {:untrusted_signer, "e30f2468-aac3-4961-9dc1-425e98d15640"}}) — no schema entry was written, so nothing points at the commit-less doc. Custody enforcement continues; EVENT LOGGING IS DEGRADED until the write path accepts this writer.
................................03:14:18.307 [warning] flock failed on /tmp/cp_sandbox_409939/data.txt: :enoent, proceeding without lock
03:14:18.394 [warning] flock failed on /tmp/cp_sandbox_409939/__reflog/server/__snapshot: :enoent, proceeding without lock
.03:14:18.630 [warning] flock failed on /tmp/cp_sandbox_341788/input.txt: :enoent, proceeding without lock
03:14:18.719 [warning] flock failed on /tmp/cp_sandbox_341788/__reflog/server/__snapshot: :enoent, proceeding without lock
.03:14:19.019 [warning] flock failed on /tmp/cp_sandbox_963256/__reflog/server/__snapshot: :enoent, proceeding without lock
.03:14:19.632 [warning] flock failed on /tmp/cp_sandbox_991795/__reflog/server/__snapshot: :enoent, proceeding without lock
.03:14:19.849 [warning] flock failed on /tmp/cp_sandbox_757933/__reflog/server/__snapshot: :enoent, proceeding without lock
....03:14:20.642 [error] RateLimit.check failed open (allowing command): :error %ArithmeticError{message: "bad argument in arithmetic expression"}
..................03:14:20.782 [warning] flock failed on /tmp/cp_sandbox_738760/__reflog/server/__snapshot: :enoent, proceeding without lock
..03:14:21.332 [warning] flock failed on /tmp/cp_sandbox_767524/__reflog/server/__snapshot: :enoent, proceeding without lock
.03:14:22.584 [warning] flock failed on /tmp/cp_sandbox_105744/__reflog/server/__snapshot: :enoent, proceeding without lock
.03:14:23.544 [warning] flock failed on /tmp/cp_sandbox_962242/__reflog/server/__snapshot: :enoent, proceeding without lock
.03:14:25.092 [warning] flock failed on /tmp/cp_sandbox_331615/__reflog/server/__snapshot: :enoent, proceeding without lock
.03:14:25.469 [warning] flock failed on /tmp/cp_sandbox_954938/__reflog/server/__snapshot: :enoent, proceeding without lock
.03:14:27.003 [warning] flock failed on /tmp/cp_sandbox_555347/__reflog/server/__snapshot: :enoent, proceeding without lock
.03:14:27.224 [warning] flock failed on /tmp/cp_sandbox_107626/__reflog/server/__snapshot: :enoent, proceeding without lock
.03:14:28.774 [warning] flock failed on /tmp/cp_sandbox_790603/__reflog/server/__snapshot: :enoent, proceeding without lock
.03:14:30.317 [warning] flock failed on /tmp/cp_sandbox_240588/__reflog/server/__snapshot: :enoent, proceeding without lock
.03:14:30.551 [warning] flock failed on /tmp/cp_sandbox_557866/__reflog/server/__snapshot: :enoent, proceeding without lock
........03:14:32.067 [error] local node self-trust was not added: node signing public-key artifact is absent — continuing with configured trusted identities
03:14:32.069 [error] local node self-trust was not added: node signing public-key artifact is absent — continuing with configured trusted identities
03:14:32.072 [error] local node self-trust was not added: node signing public-key artifact is absent — continuing with configured trusted identities
03:14:32.075 [error] local node self-trust was not added: node signing public-key artifact is absent — continuing with configured trusted identities
03:14:32.076 [error] local node self-trust was not added: node signing public-key artifact is absent — continuing with configured trusted identities
03:14:32.159 [warning] flock failed on /tmp/cp_sandbox_546419/__identities__/reconcile_idem_409904.bot: :enoent, proceeding without lock
03:14:32.162 [warning] flock failed on /tmp/cp_sandbox_546419/__processes.json: :enoent, proceeding without lock
03:14:32.247 [warning] CommitStore: local write DENIED by trust gate (enforce) doc_uuid=5338747e-942d-4f68-a143-6acfcebd1ba5 commit_id=b0ee9322323c5259e9fd6694ff3effa851b4e84e20fc32b51a2079fdd72e028f reason=:unsigned
03:14:32.251 [warning] flock failed on /tmp/cp_sandbox_546419/__reflog/server/__snapshot: :enoent, proceeding without lock
03:14:32.324 [warning] CommitStore: local write DENIED by trust gate (enforce) doc_uuid=5338747e-942d-4f68-a143-6acfcebd1ba5 commit_id=770bf650681ea00b319dcf9e4b30f2b3134d3bb56fe2c1579075cf2621861285 reason=:unsigned
03:14:32.389 [warning] CommitStore: local write DENIED by trust gate (enforce) doc_uuid=5338747e-942d-4f68-a143-6acfcebd1ba5 commit_id=b4cf834b68d415e219ae211016d0f7b7b693d5a6f9e9404f02dc65fc0d8bd898 reason=:unsigned
03:14:32.449 [warning] CommitStore: local write DENIED by trust gate (enforce) doc_uuid=5338747e-942d-4f68-a143-6acfcebd1ba5 commit_id=31f6e35eb5d8b00bbeec2ca956f63e0f1b4d286586ef40c4929b59730b1739f3 reason=:unsigned
03:14:32.509 [warning] CommitStore: local write DENIED by trust gate (enforce) doc_uuid=5338747e-942d-4f68-a143-6acfcebd1ba5 commit_id=fe6a40f619e7fd9b253ad138aa341576f6ee945ef25d66865d614513b6b27b6b reason=:unsigned
03:14:32.567 [warning] CommitStore: local write DENIED by trust gate (enforce) doc_uuid=5338747e-942d-4f68-a143-6acfcebd1ba5 commit_id=11870e5a92fd5d9709a3892dd79a670f2f2c036421ddbcaedcd1cdf8ff270115 reason=:unsigned
03:14:32.626 [warning] CommitStore: local write DENIED by trust gate (enforce) doc_uuid=5338747e-942d-4f68-a143-6acfcebd1ba5 commit_id=66969f4ac5af6110d6555aa88593482786d2c0aa45da7468cd9fbc36e8218fcd reason=:unsigned
03:14:32.687 [warning] CommitStore: local write DENIED by trust gate (enforce) doc_uuid=5338747e-942d-4f68-a143-6acfcebd1ba5 commit_id=65fab7c2a2f93abb54559db7d8cba6b6c361cc1949336917d8adc38692ed8d38 reason=:unsigned
03:14:32.747 [warning] CommitStore: local write DENIED by trust gate (enforce) doc_uuid=5338747e-942d-4f68-a143-6acfcebd1ba5 commit_id=d0b1feb3ef4277202340feea5b76ad205c37d0c7a120132a189625a03807ae2e reason=:unsigned
03:14:32.808 [warning] CommitStore: local write DENIED by trust gate (enforce) doc_uuid=5338747e-942d-4f68-a143-6acfcebd1ba5 commit_id=fff66fb8078b22ae31604df05c252cf1e6bbcd966e143d71e2d526189cb0692b reason=:unsigned
03:14:32.868 [warning] CommitStore: local write DENIED by trust gate (enforce) doc_uuid=5338747e-942d-4f68-a143-6acfcebd1ba5 commit_id=03c4a71abe51f1e2489df9c394f9f04db2f459e9398fa15a5d0b77a0f7de2264 reason=:unsigned
03:14:32.929 [warning] CommitStore: local write DENIED by trust gate (enforce) doc_uuid=5338747e-942d-4f68-a143-6acfcebd1ba5 commit_id=4d39ab2767347b6ed5f1ad30a95cb59ae9e0c644be4d7bcaa8c45235ff3d0793 reason=:unsigned
03:14:32.992 [warning] CommitStore: local write DENIED by trust gate (enforce) doc_uuid=5338747e-942d-4f68-a143-6acfcebd1ba5 commit_id=c6ddad2fc12c4f8922026e739b9ba6dcb94597efc33269a8296596db777e4c73 reason=:unsigned
03:14:33.055 [warning] CommitStore: local write DENIED by trust gate (enforce) doc_uuid=5338747e-942d-4f68-a143-6acfcebd1ba5 commit_id=c2a38951ee49bb629d32a87b763cdcf7d9e61433f11f2665172fd709600e1cfa reason=:unsigned
03:14:33.119 [warning] CommitStore: local write DENIED by trust gate (enforce) doc_uuid=5338747e-942d-4f68-a143-6acfcebd1ba5 commit_id=bb901262ba018306b26e2dfba4c3f4a35fa6fa08b564442b2cb75414eba28e5a reason=:unsigned
03:14:33.182 [warning] CommitStore: local write DENIED by trust gate (enforce) doc_uuid=5338747e-942d-4f68-a143-6acfcebd1ba5 commit_id=153830c94651549d9d95777b30c3446868a04658497c3afdeeee695c4de75364 reason=:unsigned
03:14:33.244 [warning] CommitStore: local write DENIED by trust gate (enforce) doc_uuid=5338747e-942d-4f68-a143-6acfcebd1ba5 commit_id=b2d407fbf62da5f305295641d14ac0e0d8ac4947f0d6d62440ab04bed731b839 reason=:unsigned
03:14:33.304 [warning] CommitStore: local write DENIED by trust gate (enforce) doc_uuid=5338747e-942d-4f68-a143-6acfcebd1ba5 commit_id=9b30e8bef507fdd1ec626270e31bbf82dcd762dfa016ba2677a3f5b0a4bd0a80 reason=:unsigned
03:14:33.371 [warning] CommitStore: local write DENIED by trust gate (enforce) doc_uuid=5338747e-942d-4f68-a143-6acfcebd1ba5 commit_id=07c9cf445d607bb04e74c590df033169e831635ae49b8ad8929d7bb4e55eb8f6 reason=:unsigned
03:14:33.436 [warning] CommitStore: local write DENIED by trust gate (enforce) doc_uuid=5338747e-942d-4f68-a143-6acfcebd1ba5 commit_id=59c746358dea261e5fb12904382b48c6b5b41bdcb9da150ec85947377afb1c12 reason=:unsigned
03:14:33.497 [warning] CommitStore: local write DENIED by trust gate (enforce) doc_uuid=5338747e-942d-4f68-a143-6acfcebd1ba5 commit_id=20c8bf0ad64487a27fc38ab9cb7357ffceeba78298aaeb7e8b6524891b961ab6 reason=:unsigned
03:14:33.563 [warning] CommitStore: local write DENIED by trust gate (enforce) doc_uuid=5338747e-942d-4f68-a143-6acfcebd1ba5 commit_id=0f30224b93fe7670e1dcd230758b65be433db425e0eefaf3d2c264c7a8141ecd reason=:unsigned
03:14:33.627 [warning] CommitStore: local write DENIED by trust gate (enforce) doc_uuid=5338747e-942d-4f68-a143-6acfcebd1ba5 commit_id=a2d4037eb5962dfa92c913a7d9a2b9bc47fb192eba9ec709dc43484bb0e6aaac reason=:unsigned
03:14:33.688 [warning] CommitStore: local write DENIED by trust gate (enforce) doc_uuid=5338747e-942d-4f68-a143-6acfcebd1ba5 commit_id=460181051a9ca10ea0aa895ecfb311d30b47432a02b2f88ff939e24fa62b85a3 reason=:unsigned
03:14:33.748 [warning] CommitStore: local write DENIED by trust gate (enforce) doc_uuid=5338747e-942d-4f68-a143-6acfcebd1ba5 commit_id=ecc23d9989da0a60bda069dab9e6cdca3961f583b0f3ca6b5d9b723db16a20e5 reason=:unsigned
03:14:33.810 [warning] CommitStore: local write DENIED by trust gate (enforce) doc_uuid=5338747e-942d-4f68-a143-6acfcebd1ba5 commit_id=4f7b688ddaa1a54726a0fafba2f9a55327782da8c9b48b153b7ab02e7617d05b reason=:unsigned
03:14:33.872 [warning] CommitStore: local write DENIED by trust gate (enforce) doc_uuid=5338747e-942d-4f68-a143-6acfcebd1ba5 commit_id=712c1445f5cd810117862ab139090f9eae30d83bb2ee4ecfe9839d8339153306 reason=:unsigned
03:14:33.933 [warning] CommitStore: local write DENIED by trust gate (enforce) doc_uuid=5338747e-942d-4f68-a143-6acfcebd1ba5 commit_id=7aa31afd5756bcd179ee4ff897b1f04b42891dbc8a639f697d377833f79b1c68 reason=:unsigned
03:14:33.992 [warning] CommitStore: local write DENIED by trust gate (enforce) doc_uuid=5338747e-942d-4f68-a143-6acfcebd1ba5 commit_id=338cf20ad8b98b9ee56fb7eaec53e7c1de9fd3422e1a9065a312dcc97af3d6cc reason=:unsigned
03:14:34.051 [warning] CommitStore: local write DENIED by trust gate (enforce) doc_uuid=5338747e-942d-4f68-a143-6acfcebd1ba5 commit_id=377442f3881a6217d7618e83fa2cd7baed39512c2670eb1df9b5bf5b6a83be20 reason=:unsigned
03:14:34.115 [warning] CommitStore: local write DENIED by trust gate (enforce) doc_uuid=5338747e-942d-4f68-a143-6acfcebd1ba5 commit_id=8eea6d893ba4e41a360f7cd898be7b7ec30b4cce1b3678221b370f5d88b33a29 reason=:unsigned
03:14:34.176 [warning] CommitStore: local write DENIED by trust gate (enforce) doc_uuid=5338747e-942d-4f68-a143-6acfcebd1ba5 commit_id=b540b5f31655f0ce61380c3b0566b2fc1d7255e2e6b84724de057d09cd85708d reason=:unsigned
03:14:34.236 [warning] CommitStore: local write DENIED by trust gate (enforce) doc_uuid=5338747e-942d-4f68-a143-6acfcebd1ba5 commit_id=9720a7073bcbad45fbe0a710bad56520b56329edcba709836efc3c39b457391a reason=:unsigned
03:14:34.295 [warning] CommitStore: local write DENIED by trust gate (enforce) doc_uuid=5338747e-942d-4f68-a143-6acfcebd1ba5 commit_id=ec3aca341c8f40f622b86ac6318073023a290187edc537383dc3f3a3cf3206fe reason=:unsigned
03:14:34.355 [warning] CommitStore: local write DENIED by trust gate (enforce) doc_uuid=5338747e-942d-4f68-a143-6acfcebd1ba5 commit_id=5d9ed7c6149d92c7952022ecf4ad84d9761ca46fedfe4e924790ed9397b8e302 reason=:unsigned
03:14:34.416 [warning] CommitStore: local write DENIED by trust gate (enforce) doc_uuid=5338747e-942d-4f68-a143-6acfcebd1ba5 commit_id=7ef330e7d6b14f7b8cc52f3165c5b69a82b48408ece8b43194365dcd102f43f5 reason=:unsigned
03:14:34.477 [warning] CommitStore: local write DENIED by trust gate (enforce) doc_uuid=5338747e-942d-4f68-a143-6acfcebd1ba5 commit_id=bd29ad1aedf0bcb1789952c8e2cb23d26b222d41d357075427656742b902640b reason=:unsigned
03:14:34.539 [warning] CommitStore: local write DENIED by trust gate (enforce) doc_uuid=5338747e-942d-4f68-a143-6acfcebd1ba5 commit_id=e2a004da8a70bd8ad5df6c0aade814ddb8089e9d4357665ece9849b4a3e85ef1 reason=:unsigned
03:14:34.599 [warning] CommitStore: local write DENIED by trust gate (enforce) doc_uuid=5338747e-942d-4f68-a143-6acfcebd1ba5 commit_id=ea1f46a875022647197a01085f3447dfc70269ee764897d42b9c2835c5d8a8f3 reason=:unsigned
03:14:34.661 [warning] CommitStore: local write DENIED by trust gate (enforce) doc_uuid=5338747e-942d-4f68-a143-6acfcebd1ba5 commit_id=8aaf06539d5b0b1401a7aabe45d03e25fcb005715d16e1901632b939005ceb39 reason=:unsigned
03:14:34.722 [warning] CommitStore: local write DENIED by trust gate (enforce) doc_uuid=5338747e-942d-4f68-a143-6acfcebd1ba5 commit_id=a24df08ae54b216df53da229f0b338715a33630b6613eec7a042bbd2481a7e9b reason=:unsigned
03:14:34.784 [warning] CommitStore: local write DENIED by trust gate (enforce) doc_uuid=5338747e-942d-4f68-a143-6acfcebd1ba5 commit_id=4fe32af4fe8355a879eb4707d001ddaea654bb7f7b0329f13d51185cf621915b reason=:unsigned
03:14:34.845 [warning] CommitStore: local write DENIED by trust gate (enforce) doc_uuid=5338747e-942d-4f68-a143-6acfcebd1ba5 commit_id=552ea98a141dd5d1b6e1bee859e80bd414359485c37ce3eeb926373dbbc9d4e1 reason=:unsigned
03:14:34.906 [warning] CommitStore: local write DENIED by trust gate (enforce) doc_uuid=5338747e-942d-4f68-a143-6acfcebd1ba5 commit_id=6b368cd4e1ad4528003ec26bfc7056223bd9a1a16335a16790150462002ef713 reason=:unsigned
03:14:34.963 [warning] CommitStore: local write DENIED by trust gate (enforce) doc_uuid=5338747e-942d-4f68-a143-6acfcebd1ba5 commit_id=dd5486c69c8846babe24f5147fa555b3548bbcd0534b40439e49436524e9976a reason=:unsigned
03:14:35.020 [warning] CommitStore: local write DENIED by trust gate (enforce) doc_uuid=5338747e-942d-4f68-a143-6acfcebd1ba5 commit_id=40fa7123983e130c9961b01953849f8d8a62a4f61733afc72a751f3842899041 reason=:unsigned
03:14:35.079 [warning] CommitStore: local write DENIED by trust gate (enforce) doc_uuid=5338747e-942d-4f68-a143-6acfcebd1ba5 commit_id=fc32057a49df87a2a0e7f77507fa53824b1af65b98a4ff79c0fc147ca71e6b0c reason=:unsigned
03:14:35.137 [warning] CommitStore: local write DENIED by trust gate (enforce) doc_uuid=5338747e-942d-4f68-a143-6acfcebd1ba5 commit_id=6b74795a32f561405f6c252155b74cf79fb076c82d4de3cb8bfc2d38820c6370 reason=:unsigned
03:14:35.197 [warning] CommitStore: local write DENIED by trust gate (enforce) doc_uuid=5338747e-942d-4f68-a143-6acfcebd1ba5 commit_id=1713757bbd47099bc43f326271b1d7ec3f873e718abe5ad2e176f628bbf4c7d0 reason=:unsigned
03:14:35.255 [warning] CommitStore: local write DENIED by trust gate (enforce) doc_uuid=5338747e-942d-4f68-a143-6acfcebd1ba5 commit_id=2d2de24f8bb67f0e2afb31f60cdb5828f8c2cefaea72d065640923adc279495c reason=:unsigned
03:14:35.313 [warning] CommitStore: local write DENIED by trust gate (enforce) doc_uuid=5338747e-942d-4f68-a143-6acfcebd1ba5 commit_id=642351aa35ac88338deffa3a9d91b14dce070ed17c7c652d93d4cabd85f1569c reason=:unsigned
03:14:35.370 [warning] CommitStore: local write DENIED by trust gate (enforce) doc_uuid=5338747e-942d-4f68-a143-6acfcebd1ba5 commit_id=23d785e7a907ca3c0e2b0e39e479163106db6abd532a72f39ca866230e342c72 reason=:unsigned
03:14:35.427 [warning] CommitStore: local write DENIED by trust gate (enforce) doc_uuid=5338747e-942d-4f68-a143-6acfcebd1ba5 commit_id=929c3307f7d17f8d383c0b366ffd82ce403d2509cd45b1e5f477861b5f75bb95 reason=:unsigned
03:14:35.486 [warning] CommitStore: local write DENIED by trust gate (enforce) doc_uuid=5338747e-942d-4f68-a143-6acfcebd1ba5 commit_id=3c788bcff62adacf928a44b286cff2ff5c55238effca8e3d7b505de0dccddb56 reason=:unsigned
03:14:35.544 [warning] CommitStore: local write DENIED by trust gate (enforce) doc_uuid=5338747e-942d-4f68-a143-6acfcebd1ba5 commit_id=30ec43488107bb5db25976a7ac68b824b856efd87e447a8dea3d3b5f746755d6 reason=:unsigned
03:14:35.602 [warning] CommitStore: local write DENIED by trust gate (enforce) doc_uuid=5338747e-942d-4f68-a143-6acfcebd1ba5 commit_id=6dfc8f34e1d052b5438d86f0582b2becbc560cdaa148f404dd9349e0ecdb26ef reason=:unsigned
03:14:35.659 [warning] CommitStore: local write DENIED by trust gate (enforce) doc_uuid=5338747e-942d-4f68-a143-6acfcebd1ba5 commit_id=8dd55ecf59d4d5a799f2b3c3e4326786b37cc586d115e750d7cf9a005b5faf54 reason=:unsigned
03:14:35.720 [warning] CommitStore: local write DENIED by trust gate (enforce) doc_uuid=5338747e-942d-4f68-a143-6acfcebd1ba5 commit_id=9504637855cef64b4ce7e4770350e82fd80900ead52f425f666cc9471d594d83 reason=:unsigned
03:14:35.781 [warning] CommitStore: local write DENIED by trust gate (enforce) doc_uuid=5338747e-942d-4f68-a143-6acfcebd1ba5 commit_id=6c972f09cede09a21e92ba33372cf93f3e187935bf71b4cb26c12e7fbb9868b4 reason=:unsigned
03:14:35.843 [warning] CommitStore: local write DENIED by trust gate (enforce) doc_uuid=5338747e-942d-4f68-a143-6acfcebd1ba5 commit_id=bbaceef763f928ff8f1dc56475f00f89169751bedbd3db71854d9bae7e6c85ce reason=:unsigned
03:14:35.900 [warning] CommitStore: local write DENIED by trust gate (enforce) doc_uuid=5338747e-942d-4f68-a143-6acfcebd1ba5 commit_id=261f18744d98e281e9668b990ad1fe0e0c2cfa122206977efc3432a0d4acabfe reason=:unsigned
03:14:35.959 [warning] CommitStore: local write DENIED by trust gate (enforce) doc_uuid=5338747e-942d-4f68-a143-6acfcebd1ba5 commit_id=2b97544e99a0c61f3f164fba7d795addaa6e5cfebeee62d73aa8dc9ef1cafca6 reason=:unsigned
03:14:36.016 [warning] CommitStore: local write DENIED by trust gate (enforce) doc_uuid=5338747e-942d-4f68-a143-6acfcebd1ba5 commit_id=b3a2f6b06bf0ad911508636b37cab17a28553da70ed2dcc84f4f018bd28eefaf reason=:unsigned
03:14:36.073 [warning] CommitStore: local write DENIED by trust gate (enforce) doc_uuid=5338747e-942d-4f68-a143-6acfcebd1ba5 commit_id=9c9d412e40dc50be0c89ccd216fe725a8a5276b9478bdc0c38367c163643eb50 reason=:unsigned
03:14:36.129 [warning] CommitStore: local write DENIED by trust gate (enforce) doc_uuid=5338747e-942d-4f68-a143-6acfcebd1ba5 commit_id=f33f1e306ddc2eb9e710df2c4616abef1c6f7930ae7cdbe5e25feae0a437ffbd reason=:unsigned
03:14:36.187 [warning] CommitStore: local write DENIED by trust gate (enforce) doc_uuid=5338747e-942d-4f68-a143-6acfcebd1ba5 commit_id=07454d644da44be4f03f0cbc0ac7a4e95fda8a31448a5da9c62a8c3107c2db05 reason=:unsigned
03:14:36.246 [warning] CommitStore: local write DENIED by trust gate (enforce) doc_uuid=5338747e-942d-4f68-a143-6acfcebd1ba5 commit_id=62118c18ad663d0c824857814d7b1f84e227cb827fc2c21bc5c1bc3a0a8fa5e5 reason=:unsigned
03:14:36.303 [warning] CommitStore: local write DENIED by trust gate (enforce) doc_uuid=5338747e-942d-4f68-a143-6acfcebd1ba5 commit_id=b1e1c2b74e7a20b84014c4291355df456e308ca436f4446029a99aa4dd1955e7 reason=:unsigned
03:14:36.361 [warning] CommitStore: local write DENIED by trust gate (enforce) doc_uuid=5338747e-942d-4f68-a143-6acfcebd1ba5 commit_id=876fb500a976142cedf5399f7f04d89dfeb47eab519a98d5a4ade0899f782dbc reason=:unsigned
03:14:36.418 [warning] CommitStore: local write DENIED by trust gate (enforce) doc_uuid=5338747e-942d-4f68-a143-6acfcebd1ba5 commit_id=ba48675d332d9a544da04b4be77b3364f6dd00ffe311b2da59413a85d6cbeea6 reason=:unsigned
03:14:36.475 [warning] CommitStore: local write DENIED by trust gate (enforce) doc_uuid=5338747e-942d-4f68-a143-6acfcebd1ba5 commit_id=ae2de1230a4b537aaadfbdbe453cbb044f4c2e0a11647d436de341a855187142 reason=:unsigned
03:14:36.538 [warning] CommitStore: local write DENIED by trust gate (enforce) doc_uuid=5338747e-942d-4f68-a143-6acfcebd1ba5 commit_id=2eb067813821f8951c3efc46abf3bc55ed2ca9f594110de5e9761cd5154db968 reason=:unsigned
03:14:36.594 [warning] CommitStore: local write DENIED by trust gate (enforce) doc_uuid=5338747e-942d-4f68-a143-6acfcebd1ba5 commit_id=3e3981a0e0719e958533a6bee68ce869263e7f56463bd2234d51cfd31e9466d7 reason=:unsigned
03:14:36.659 [warning] CommitStore: local write DENIED by trust gate (enforce) doc_uuid=5338747e-942d-4f68-a143-6acfcebd1ba5 commit_id=1a6630e540a255a288d2908528f63eb7b6396c7906e8fe5d6048582fd6262132 reason=:unsigned
03:14:36.718 [warning] CommitStore: local write DENIED by trust gate (enforce) doc_uuid=5338747e-942d-4f68-a143-6acfcebd1ba5 commit_id=d299839218da9f2370ef98790b4c62b4e352e66794f3ffa7c31875a3e1607dfa reason=:unsigned
03:14:36.776 [warning] CommitStore: local write DENIED by trust gate (enforce) doc_uuid=5338747e-942d-4f68-a143-6acfcebd1ba5 commit_id=17424b7d27d4d7ae4565520e8ba6f08a4a8298b145ec346646e5c9440c23e412 reason=:unsigned
03:14:36.835 [warning] CommitStore: local write DENIED by trust gate (enforce) doc_uuid=5338747e-942d-4f68-a143-6acfcebd1ba5 commit_id=c31738f7ce6938788573f35f88c3acd23509977a35e624deb1acef2436e90cd4 reason=:unsigned
03:14:36.895 [warning] CommitStore: local write DENIED by trust gate (enforce) doc_uuid=5338747e-942d-4f68-a143-6acfcebd1ba5 commit_id=a93399938e54bfe0e7028ff1247961593bd4d8e4d3b75dedc06c28d84c4c2c74 reason=:unsigned
03:14:36.961 [warning] CommitStore: local write DENIED by trust gate (enforce) doc_uuid=5338747e-942d-4f68-a143-6acfcebd1ba5 commit_id=a564814e030bc82e203a084cf772a7d65eeafc899fa6022210babafc39cef27d reason=:unsigned
03:14:37.020 [warning] CommitStore: local write DENIED by trust gate (enforce) doc_uuid=5338747e-942d-4f68-a143-6acfcebd1ba5 commit_id=f0e8a75a5c4caea46e461727c85a340ce413f640370bbb484e6cc0660d1f40a6 reason=:unsigned
03:14:37.078 [warning] CommitStore: local write DENIED by trust gate (enforce) doc_uuid=5338747e-942d-4f68-a143-6acfcebd1ba5 commit_id=bc56f2c730a6cf014066c45fba04507e7c83b488866f24998a754c58df424430 reason=:unsigned
03:14:37.137 [warning] CommitStore: local write DENIED by trust gate (enforce) doc_uuid=5338747e-942d-4f68-a143-6acfcebd1ba5 commit_id=3948d7e501d8ed431fdd2ca93f3733260e02416eb3758dd4f7adf13d9af736e7 reason=:unsigned
03:14:37.193 [warning] CommitStore: local write DENIED by trust gate (enforce) doc_uuid=5338747e-942d-4f68-a143-6acfcebd1ba5 commit_id=c594dd3508b339feb415b5233edd506a11e2496e7e752b61857ff11c4e42daba reason=:unsigned
03:14:37.250 [warning] CommitStore: local write DENIED by trust gate (enforce) doc_uuid=5338747e-942d-4f68-a143-6acfcebd1ba5 commit_id=37215fff4f915355e6ed6ee203be07fcc047ddcbf0cb04e9687e5ffd45ba388c reason=:unsigned
03:14:37.308 [warning] CommitStore: local write DENIED by trust gate (enforce) doc_uuid=5338747e-942d-4f68-a143-6acfcebd1ba5 commit_id=83ef017993066ffff7fde528944b93c53c3bcc54f4f8a00cc562bf4938e6bed6 reason=:unsigned
03:14:37.372 [warning] CommitStore: local write DENIED by trust gate (enforce) doc_uuid=5338747e-942d-4f68-a143-6acfcebd1ba5 commit_id=72fc1aa9bf0c5a639fb600d09ae47899a773ec3a99d9279d483fcff09a513a88 reason=:unsigned
.03:14:37.398 [error] local node self-trust was not added: node signing public-key artifact is absent — continuing with configured trusted identities
03:14:37.401 [error] local node self-trust was not added: node signing public-key artifact is absent — continuing with configured trusted identities
03:14:37.405 [error] local node self-trust was not added: node signing public-key artifact is absent — continuing with configured trusted identities
03:14:37.409 [error] local node self-trust was not added: node signing public-key artifact is absent — continuing with configured trusted identities
03:14:37.409 [error] local node self-trust was not added: node signing public-key artifact is absent — continuing with configured trusted identities
03:14:37.495 [warning] flock failed on /tmp/cp_sandbox_654978/__identities__/declared_writer_260196.bot: :enoent, proceeding without lock
03:14:37.498 [warning] flock failed on /tmp/cp_sandbox_654978/__processes.json: :enoent, proceeding without lock
03:14:37.582 [warning] CommitStore: local write DENIED by trust gate (enforce) doc_uuid=2cc8c30a-b58c-45d4-8222-68752246ebe9 commit_id=5ad82c04173fa6d6ac583b3321f42073b9a3aa61808f9581d839602af39e299b reason=:unsigned
03:14:37.585 [warning] flock failed on /tmp/cp_sandbox_654978/__reflog/server/__snapshot: :enoent, proceeding without lock
03:14:37.644 [warning] CommitStore: local write DENIED by trust gate (enforce) doc_uuid=2cc8c30a-b58c-45d4-8222-68752246ebe9 commit_id=eeb3b4d3ae4fac9fa92d3af9459c7f6af19e28482a5cfee3ff26abe50ca33517 reason=:unsigned
03:14:37.708 [warning] CommitStore: local write DENIED by trust gate (enforce) doc_uuid=2cc8c30a-b58c-45d4-8222-68752246ebe9 commit_id=0965f68b613b187e5fa147f5806f45ca0f55434a24d8ec9717adc678e329f5e8 reason=:unsigned
03:14:37.768 [warning] CommitStore: local write DENIED by trust gate (enforce) doc_uuid=2cc8c30a-b58c-45d4-8222-68752246ebe9 commit_id=91db65fbaa94687b04f414fd82362b952cff9201e729fdfb0bb5c4ccb4f3cbc7 reason=:unsigned
03:14:37.829 [warning] CommitStore: local write DENIED by trust gate (enforce) doc_uuid=2cc8c30a-b58c-45d4-8222-68752246ebe9 commit_id=217bfb48a25a2ee7310adce0af65ba3ed89095cf13a656b6826045425edc9e09 reason=:unsigned
03:14:37.889 [warning] CommitStore: local write DENIED by trust gate (enforce) doc_uuid=2cc8c30a-b58c-45d4-8222-68752246ebe9 commit_id=1984c4aa540efa3dbd6bd22ac62b24bf97a12f725b06bea332a48808a1f526e7 reason=:unsigned
03:14:37.949 [warning] CommitStore: local write DENIED by trust gate (enforce) doc_uuid=2cc8c30a-b58c-45d4-8222-68752246ebe9 commit_id=b92993f0f53281fac2716290ce2fdbf60dda9510ffb526603575df4bca8f3b1f reason=:unsigned
03:14:38.008 [warning] CommitStore: local write DENIED by trust gate (enforce) doc_uuid=2cc8c30a-b58c-45d4-8222-68752246ebe9 commit_id=1c14a375d5d7d7c64d01e00fd0f6e19ddc73889e563a6dea6a8dd5ac542ebfe8 reason=:unsigned
03:14:38.068 [warning] CommitStore: local write DENIED by trust gate (enforce) doc_uuid=2cc8c30a-b58c-45d4-8222-68752246ebe9 commit_id=87a3ae3198a083240b89678ee4b05b7cfbbb6a2eb2fe73564b7f2ee79f36ad89 reason=:unsigned
03:14:38.129 [warning] CommitStore: local write DENIED by trust gate (enforce) doc_uuid=2cc8c30a-b58c-45d4-8222-68752246ebe9 commit_id=7700999b9266617b6d82a2ea8233025022ec7232acab12b41731b99fca267093 reason=:unsigned
03:14:38.191 [warning] CommitStore: local write DENIED by trust gate (enforce) doc_uuid=2cc8c30a-b58c-45d4-8222-68752246ebe9 commit_id=632dbeb98307d84b2a24c755fc73610d00cff169c5e85b8cca232be6686e50e0 reason=:unsigned
03:14:38.252 [warning] CommitStore: local write DENIED by trust gate (enforce) doc_uuid=2cc8c30a-b58c-45d4-8222-68752246ebe9 commit_id=eea66eaf58903b9bb9c6da0e6dd87df354892b0b4881b861520e09eb03f0a265 reason=:unsigned
03:14:38.318 [warning] CommitStore: local write DENIED by trust gate (enforce) doc_uuid=2cc8c30a-b58c-45d4-8222-68752246ebe9 commit_id=8565e0390d5b75087e27023d6e29a4057f60f4a1014e00cd1b753e952157a8d5 reason=:unsigned
03:14:38.379 [warning] CommitStore: local write DENIED by trust gate (enforce) doc_uuid=2cc8c30a-b58c-45d4-8222-68752246ebe9 commit_id=06b72d9a9b2d265b3215ba987ea66373a4d2bd003c872b5114680771516fdff2 reason=:unsigned
03:14:38.442 [warning] CommitStore: local write DENIED by trust gate (enforce) doc_uuid=2cc8c30a-b58c-45d4-8222-68752246ebe9 commit_id=7926e9ea309538e8176307c3710b17b08af3aa66758fe3c8606a03ba595b2879 reason=:unsigned
03:14:38.502 [warning] CommitStore: local write DENIED by trust gate (enforce) doc_uuid=2cc8c30a-b58c-45d4-8222-68752246ebe9 commit_id=6809eb6f98dfac6341a3ecf605d1dcd8e1468f5b34b82477d688dbc702e2b337 reason=:unsigned
03:14:38.561 [warning] CommitStore: local write DENIED by trust gate (enforce) doc_uuid=2cc8c30a-b58c-45d4-8222-68752246ebe9 commit_id=283a180106106aaebf2a29487af5309f0343023e30add772c4f40d48fb383a21 reason=:unsigned
03:14:38.624 [warning] CommitStore: local write DENIED by trust gate (enforce) doc_uuid=2cc8c30a-b58c-45d4-8222-68752246ebe9 commit_id=4c998ab57dfb3f4400038786e1b9196a0ccb9eeeeca626d698e63c79d834a5a7 reason=:unsigned
03:14:38.683 [warning] CommitStore: local write DENIED by trust gate (enforce) doc_uuid=2cc8c30a-b58c-45d4-8222-68752246ebe9 commit_id=3000e20ca3c2c9c9e850271a26402d9851dcb16c644b61eb3197437e31df1790 reason=:unsigned
03:14:38.743 [warning] CommitStore: local write DENIED by trust gate (enforce) doc_uuid=2cc8c30a-b58c-45d4-8222-68752246ebe9 commit_id=76a1d1f0fa070eb1e0667adfce39d4c3acb644acc7a6c6af4656e98ed4912e64 reason=:unsigned
03:14:38.804 [warning] CommitStore: local write DENIED by trust gate (enforce) doc_uuid=2cc8c30a-b58c-45d4-8222-68752246ebe9 commit_id=c8ed34f991125b5fbbd20579ebc65f07eb28ac1c244f2590fd422ad7791dbb5b reason=:unsigned
03:14:38.865 [warning] CommitStore: local write DENIED by trust gate (enforce) doc_uuid=2cc8c30a-b58c-45d4-8222-68752246ebe9 commit_id=2909a5b018d36c0c96e464be084104dc93127a4a1797e56336cab772ddecc8c9 reason=:unsigned
03:14:38.925 [warning] CommitStore: local write DENIED by trust gate (enforce) doc_uuid=2cc8c30a-b58c-45d4-8222-68752246ebe9 commit_id=c1175b7a9f643415d123710715c8a7ffb50957520d05fa507133bb103bd89c1e reason=:unsigned
03:14:38.987 [warning] CommitStore: local write DENIED by trust gate (enforce) doc_uuid=2cc8c30a-b58c-45d4-8222-68752246ebe9 commit_id=474730d44c01f5795852339e108771932456bb0e4681ad95bea859c5e036739a reason=:unsigned
03:14:39.046 [warning] CommitStore: local write DENIED by trust gate (enforce) doc_uuid=2cc8c30a-b58c-45d4-8222-68752246ebe9 commit_id=0463216dc5240ff7201303c3254718bea558317141547a73e9ea137cd6ec8cb0 reason=:unsigned
03:14:39.110 [warning] CommitStore: local write DENIED by trust gate (enforce) doc_uuid=2cc8c30a-b58c-45d4-8222-68752246ebe9 commit_id=ef6965aaac75fd179583a4c86008e5692416d7c221ef3684ca5f59220888a54e reason=:unsigned
03:14:39.173 [warning] CommitStore: local write DENIED by trust gate (enforce) doc_uuid=2cc8c30a-b58c-45d4-8222-68752246ebe9 commit_id=994ef5bfc727b58ac9acb3a1074693ab22089c988432854ee38202750ab1bf72 reason=:unsigned
03:14:39.234 [warning] CommitStore: local write DENIED by trust gate (enforce) doc_uuid=2cc8c30a-b58c-45d4-8222-68752246ebe9 commit_id=f0ece7fe578925e99cca1118585f1249d8f0afb33d8fd9963db69fe8f36e5d47 reason=:unsigned
03:14:39.296 [warning] CommitStore: local write DENIED by trust gate (enforce) doc_uuid=2cc8c30a-b58c-45d4-8222-68752246ebe9 commit_id=2e5403ce5f2bca29ca329c6e01c58323f54675a5ef09ac65028d81cfaf776ca8 reason=:unsigned
03:14:39.356 [warning] CommitStore: local write DENIED by trust gate (enforce) doc_uuid=2cc8c30a-b58c-45d4-8222-68752246ebe9 commit_id=8f8597f898996504c9d5d45bec22120f3e1d0c76fdd71f1191f1c06d26d1ef97 reason=:unsigned
03:14:39.419 [warning] CommitStore: local write DENIED by trust gate (enforce) doc_uuid=2cc8c30a-b58c-45d4-8222-68752246ebe9 commit_id=6bdf590124272e5c9c330311a441becadb2bb91c2ffa55a633f73ad091c50982 reason=:unsigned
03:14:39.485 [warning] CommitStore: local write DENIED by trust gate (enforce) doc_uuid=2cc8c30a-b58c-45d4-8222-68752246ebe9 commit_id=798ecccac054feef528f467d1107c32666e2478365c05dd2c1c6cd8934bec2d2 reason=:unsigned
03:14:39.547 [warning] CommitStore: local write DENIED by trust gate (enforce) doc_uuid=2cc8c30a-b58c-45d4-8222-68752246ebe9 commit_id=687b2eac574be3ec27e71e70911f5491e637ee9e4d3a13866c05afaf4a1467ff reason=:unsigned
03:14:39.611 [warning] CommitStore: local write DENIED by trust gate (enforce) doc_uuid=2cc8c30a-b58c-45d4-8222-68752246ebe9 commit_id=fe976bba5ae8650281c0a5856cad0300aca4773312e954c0be7bb11a76cdce06 reason=:unsigned
03:14:39.673 [warning] CommitStore: local write DENIED by trust gate (enforce) doc_uuid=2cc8c30a-b58c-45d4-8222-68752246ebe9 commit_id=8f2fef1d0ae93fb23f02d77d6e42ba6014e8d2303ce053d527d6e15643b3a189 reason=:unsigned
03:14:39.736 [warning] CommitStore: local write DENIED by trust gate (enforce) doc_uuid=2cc8c30a-b58c-45d4-8222-68752246ebe9 commit_id=9948bf861db979310a267b70708ebf717021389bafd0e41c359feb6e81e845c0 reason=:unsigned
03:14:39.802 [warning] CommitStore: local write DENIED by trust gate (enforce) doc_uuid=2cc8c30a-b58c-45d4-8222-68752246ebe9 commit_id=e852247ade56970f8d16ff05cab4ed0172feb357ced440257609ed26effd592b reason=:unsigned
03:14:39.866 [warning] CommitStore: local write DENIED by trust gate (enforce) doc_uuid=2cc8c30a-b58c-45d4-8222-68752246ebe9 commit_id=30dcf9d6703b07998bf8ae97fc99fc03340ea7c3de30e52885fe8c5a9d53e1f1 reason=:unsigned
03:14:39.934 [warning] CommitStore: local write DENIED by trust gate (enforce) doc_uuid=2cc8c30a-b58c-45d4-8222-68752246ebe9 commit_id=a67c4c80009dc2f4c9f2c7ff1e72c60069f2c37baf8e44fffeb7d1c7000746cc reason=:unsigned
03:14:39.996 [warning] CommitStore: local write DENIED by trust gate (enforce) doc_uuid=2cc8c30a-b58c-45d4-8222-68752246ebe9 commit_id=0c307dc10af9690c47484ab4b4fcff4ee75b4dc1ad664ef91dcc666bef05da5b reason=:unsigned
03:14:40.060 [warning] CommitStore: local write DENIED by trust gate (enforce) doc_uuid=2cc8c30a-b58c-45d4-8222-68752246ebe9 commit_id=013351e4668179345beb15edcb0bfa57a2ccefdb8eff33f1ed8e21f645eba8e4 reason=:unsigned
03:14:40.123 [warning] CommitStore: local write DENIED by trust gate (enforce) doc_uuid=2cc8c30a-b58c-45d4-8222-68752246ebe9 commit_id=be54274b92e677e1ea0edf77018cf54ed3929ed4e5b863fd4a232dfe5abaf113 reason=:unsigned
03:14:40.183 [warning] CommitStore: local write DENIED by trust gate (enforce) doc_uuid=2cc8c30a-b58c-45d4-8222-68752246ebe9 commit_id=dcada11b3c0779dbc7b2cc992f4d263312542189dc8adcb5ef94ead8b8d70256 reason=:unsigned
03:14:40.244 [warning] CommitStore: local write DENIED by trust gate (enforce) doc_uuid=2cc8c30a-b58c-45d4-8222-68752246ebe9 commit_id=0d4b5c1499f75bd49ccc00625b177b2dde11d061c2dd5a7c9eee56e80365367d reason=:unsigned
03:14:40.304 [warning] CommitStore: local write DENIED by trust gate (enforce) doc_uuid=2cc8c30a-b58c-45d4-8222-68752246ebe9 commit_id=69bac387ff2305f86c820a6733e057304a2df71d2884fd93c02671ac4dd1b383 reason=:unsigned
03:14:40.365 [warning] CommitStore: local write DENIED by trust gate (enforce) doc_uuid=2cc8c30a-b58c-45d4-8222-68752246ebe9 commit_id=556c42788ea16fe41a0170fad9a43a79e51a7028fccfc82ea887135501141bfc reason=:unsigned
03:14:40.427 [warning] CommitStore: local write DENIED by trust gate (enforce) doc_uuid=2cc8c30a-b58c-45d4-8222-68752246ebe9 commit_id=05e4f8efa7054e4a5db3437585212184a657466397b60c9fe3cc3628556b4634 reason=:unsigned
03:14:40.491 [warning] CommitStore: local write DENIED by trust gate (enforce) doc_uuid=2cc8c30a-b58c-45d4-8222-68752246ebe9 commit_id=58acbd15e2b7e9c51d7896ad3a97edd006149c303a45ccfd6d622d171afd7b1f reason=:unsigned
03:14:40.553 [warning] CommitStore: local write DENIED by trust gate (enforce) doc_uuid=2cc8c30a-b58c-45d4-8222-68752246ebe9 commit_id=958b2226a1a2227f43c496e147fcaac031e105b088976a533ea9ac15dd1352dd reason=:unsigned
03:14:40.614 [warning] CommitStore: local write DENIED by trust gate (enforce) doc_uuid=2cc8c30a-b58c-45d4-8222-68752246ebe9 commit_id=c55dafd9daabb23c4a7c742fb1e066cbc58d65a89136fd1962f615f1998f1761 reason=:unsigned
03:14:40.683 [warning] CommitStore: local write DENIED by trust gate (enforce) doc_uuid=2cc8c30a-b58c-45d4-8222-68752246ebe9 commit_id=91fe4bc0fe4d88ccd926504420150fb8f6682ded499be816c9732384ae6a0708 reason=:unsigned
03:14:40.743 [warning] CommitStore: local write DENIED by trust gate (enforce) doc_uuid=2cc8c30a-b58c-45d4-8222-68752246ebe9 commit_id=dbeee1202a611a4e01d336a683a03ba32e9c71af887fe41e51ef7b2e56e1644d reason=:unsigned
03:14:40.803 [warning] CommitStore: local write DENIED by trust gate (enforce) doc_uuid=2cc8c30a-b58c-45d4-8222-68752246ebe9 commit_id=e29e1badb78d46c76d053675708c05c3e3d0af51bcf6b75a17177f321b469ca1 reason=:unsigned
03:14:40.863 [warning] CommitStore: local write DENIED by trust gate (enforce) doc_uuid=2cc8c30a-b58c-45d4-8222-68752246ebe9 commit_id=05716ce4c760e6bb7521b57495d43085960e8bba86cd45144d6097fc11049980 reason=:unsigned
03:14:40.923 [warning] CommitStore: local write DENIED by trust gate (enforce) doc_uuid=2cc8c30a-b58c-45d4-8222-68752246ebe9 commit_id=44e6607fe358757f22fefee4f12c8452c0180622734c152af115c7fcf3a2c4a7 reason=:unsigned
03:14:40.986 [warning] CommitStore: local write DENIED by trust gate (enforce) doc_uuid=2cc8c30a-b58c-45d4-8222-68752246ebe9 commit_id=a1c2db91c545d3c8d0e0fb4af1c5ca472277db2c77a2e5354875a587a41023b0 reason=:unsigned
03:14:41.048 [warning] CommitStore: local write DENIED by trust gate (enforce) doc_uuid=2cc8c30a-b58c-45d4-8222-68752246ebe9 commit_id=4eae926393c5caa71038de8da11106a50a6c1f59d43b70239596c3b82bf47b32 reason=:unsigned
03:14:41.110 [warning] CommitStore: local write DENIED by trust gate (enforce) doc_uuid=2cc8c30a-b58c-45d4-8222-68752246ebe9 commit_id=279c17976ebc1f2f7144764bbab7136a3fafd5d6b3ff3c8848827e1ef95beab5 reason=:unsigned
03:14:41.172 [warning] CommitStore: local write DENIED by trust gate (enforce) doc_uuid=2cc8c30a-b58c-45d4-8222-68752246ebe9 commit_id=3ff712c92ddf28704c3ac7c04a9ce5df4fcbaa7c723f554eecedd488f691c7a8 reason=:unsigned
03:14:41.234 [warning] CommitStore: local write DENIED by trust gate (enforce) doc_uuid=2cc8c30a-b58c-45d4-8222-68752246ebe9 commit_id=6de9c3149a75f94b0071d4e41d0ce2dc49def215b4aa958a26929824674aa39d reason=:unsigned
03:14:41.297 [warning] CommitStore: local write DENIED by trust gate (enforce) doc_uuid=2cc8c30a-b58c-45d4-8222-68752246ebe9 commit_id=5675ec493b9b636ab4924e5042d41f84e8b3337b0512f17f173b386ad160bae5 reason=:unsigned
03:14:41.360 [warning] CommitStore: local write DENIED by trust gate (enforce) doc_uuid=2cc8c30a-b58c-45d4-8222-68752246ebe9 commit_id=e23ea156176bcd9645872b1411aeff39eaaeed0bbaeb4c71a2e045dbe0422720 reason=:unsigned
03:14:41.420 [warning] CommitStore: local write DENIED by trust gate (enforce) doc_uuid=2cc8c30a-b58c-45d4-8222-68752246ebe9 commit_id=bcbe8d42758946385ea885e8baf6ad178a5fd6df3bdc16e3c2a6864344d744ab reason=:unsigned
03:14:41.481 [warning] CommitStore: local write DENIED by trust gate (enforce) doc_uuid=2cc8c30a-b58c-45d4-8222-68752246ebe9 commit_id=71ef598ce6a9144706739071a9ef441e424989208fbdfbc5f8ea1f48114bacd8 reason=:unsigned
03:14:41.542 [warning] CommitStore: local write DENIED by trust gate (enforce) doc_uuid=2cc8c30a-b58c-45d4-8222-68752246ebe9 commit_id=f28cc309602a90bcefa4807212ce3a8821ff750d4fc52eb3a1da7a3e010ac085 reason=:unsigned
03:14:41.606 [warning] CommitStore: local write DENIED by trust gate (enforce) doc_uuid=2cc8c30a-b58c-45d4-8222-68752246ebe9 commit_id=a2eba8ba6e44c0db437c913fc74748d56b070b2c27e28e0a840b40f2389d1a14 reason=:unsigned
03:14:41.669 [warning] CommitStore: local write DENIED by trust gate (enforce) doc_uuid=2cc8c30a-b58c-45d4-8222-68752246ebe9 commit_id=1dd93ec4a8cf8caed2e2429b01dc0c45b31b9d9fde8ae5d606b1f796d729bf0f reason=:unsigned
03:14:41.737 [warning] CommitStore: local write DENIED by trust gate (enforce) doc_uuid=2cc8c30a-b58c-45d4-8222-68752246ebe9 commit_id=a661eb9953c59bf1ff58dbc3d3c66ee77aca01e3c8a720f2fa17c7273f757569 reason=:unsigned
03:14:41.801 [warning] CommitStore: local write DENIED by trust gate (enforce) doc_uuid=2cc8c30a-b58c-45d4-8222-68752246ebe9 commit_id=804246e97808e4e27d7281a8177d5c80aa024660683b129679ae29cabdab55bd reason=:unsigned
03:14:41.866 [warning] CommitStore: local write DENIED by trust gate (enforce) doc_uuid=2cc8c30a-b58c-45d4-8222-68752246ebe9 commit_id=0567696a47bb6d9c1172b02be567d6f4144955da06f6ec4da121b66d8240cc0c reason=:unsigned
03:14:41.927 [warning] CommitStore: local write DENIED by trust gate (enforce) doc_uuid=2cc8c30a-b58c-45d4-8222-68752246ebe9 commit_id=4fa2451181b20e48d6b1b7bd0137560d39514b9b66610ccd18f3aed8903f9a75 reason=:unsigned
03:14:41.993 [warning] CommitStore: local write DENIED by trust gate (enforce) doc_uuid=2cc8c30a-b58c-45d4-8222-68752246ebe9 commit_id=b97e0b971eb0c6602374c9fb7e462bc8106287e17d3fabb7e7d9321a8fc48422 reason=:unsigned
03:14:42.058 [warning] CommitStore: local write DENIED by trust gate (enforce) doc_uuid=2cc8c30a-b58c-45d4-8222-68752246ebe9 commit_id=0cc42ba7ccbae8a8b79f03d339adab0834ef1efffdf98244e51641358081d6cd reason=:unsigned
03:14:42.123 [warning] CommitStore: local write DENIED by trust gate (enforce) doc_uuid=2cc8c30a-b58c-45d4-8222-68752246ebe9 commit_id=02daa1000ce0934d5ef94b97dd3434897959916eb71712209b2a69fb75666a4b reason=:unsigned
03:14:42.183 [warning] CommitStore: local write DENIED by trust gate (enforce) doc_uuid=2cc8c30a-b58c-45d4-8222-68752246ebe9 commit_id=e6802f320015c6778a1840a8a6d829b296d5e9c48a4425edc4a7b9dba4d72404 reason=:unsigned
03:14:42.243 [warning] CommitStore: local write DENIED by trust gate (enforce) doc_uuid=2cc8c30a-b58c-45d4-8222-68752246ebe9 commit_id=5144161805a1aa59fd1bd2d08f1ed78ba775e2ec49653d58aea8396a806b4ff9 reason=:unsigned
03:14:42.304 [warning] CommitStore: local write DENIED by trust gate (enforce) doc_uuid=2cc8c30a-b58c-45d4-8222-68752246ebe9 commit_id=801a497da34e6a1a86ace0088ad2a61a05432a17f73b20d2043919ae47df88c8 reason=:unsigned
03:14:42.365 [warning] CommitStore: local write DENIED by trust gate (enforce) doc_uuid=2cc8c30a-b58c-45d4-8222-68752246ebe9 commit_id=f8a8da8e60ce222b05768ad4d5bb8f570af925b3a714574dc8b4924d9cf60b2d reason=:unsigned
03:14:42.424 [warning] CommitStore: local write DENIED by trust gate (enforce) doc_uuid=2cc8c30a-b58c-45d4-8222-68752246ebe9 commit_id=d7a3e87c2a1cc97e442db9b5f62933ad789df1573c83902a35b3a4899d76f5ee reason=:unsigned
03:14:42.484 [warning] CommitStore: local write DENIED by trust gate (enforce) doc_uuid=2cc8c30a-b58c-45d4-8222-68752246ebe9 commit_id=203dd62bf66e038ddc5c3a2079728854673260dcc4508c0de267500e421dd56e reason=:unsigned
03:14:42.545 [warning] CommitStore: local write DENIED by trust gate (enforce) doc_uuid=2cc8c30a-b58c-45d4-8222-68752246ebe9 commit_id=0d6d5c6462b8f975de808daa8168ed9fe78756670e3e9366728cab925f620965 reason=:unsigned
03:14:42.606 [warning] CommitStore: local write DENIED by trust gate (enforce) doc_uuid=2cc8c30a-b58c-45d4-8222-68752246ebe9 commit_id=57e55369011d1b4791c5d2cdd197be1dd0cdfe453bdb6256adf0d80f63711a0d reason=:unsigned
03:14:42.667 [warning] CommitStore: local write DENIED by trust gate (enforce) doc_uuid=2cc8c30a-b58c-45d4-8222-68752246ebe9 commit_id=869de5a7893fcc9aaab640fd51c6a91ca75e00d42220cfaff9c90465568cd5ca reason=:unsigned
.03:14:42.720 [error] local node self-trust was not added: node signing public-key artifact is absent — continuing with configured trusted identities
03:14:42.722 [error] local node self-trust was not added: node signing public-key artifact is absent — continuing with configured trusted identities
03:14:42.735 [error] local node self-trust was not added: node signing public-key artifact is absent — continuing with configured trusted identities
03:14:42.738 [error] local node self-trust was not added: node signing public-key artifact is absent — continuing with configured trusted identities
.03:14:42.763 [error] local node self-trust was not added: node signing public-key artifact is absent — continuing with configured trusted identities
.03:14:42.778 [error] local node self-trust was not added: node signing public-key artifact is absent — continuing with configured trusted identities
03:14:42.780 [error] local node self-trust was not added: node signing public-key artifact is absent — continuing with configured trusted identities
.03:14:42.792 [error] local node self-trust was not added: node signing public-key artifact is absent — continuing with configured trusted identities
03:14:42.795 [error] local node self-trust was not added: node signing public-key artifact is absent — continuing with configured trusted identities
03:14:42.810 [error] local node self-trust was not added: node signing public-key artifact is absent — continuing with configured trusted identities
.03:14:42.826 [error] local node self-trust was not added: node signing public-key artifact is absent — continuing with configured trusted identities
03:14:42.829 [error] local node self-trust was not added: node signing public-key artifact is absent — continuing with configured trusted identities
03:14:42.831 [error] local node self-trust was not added: node signing public-key artifact is absent — continuing with configured trusted identities
..03:14:42.865 [error] local node self-trust was not added: node signing public-key artifact is absent — continuing with configured trusted identities
03:14:42.868 [error] local node self-trust was not added: node signing public-key artifact is absent — continuing with configured trusted identities
03:14:42.871 [error] local node self-trust was not added: node signing public-key artifact is absent — continuing with configured trusted identities
03:14:42.873 [error] local node self-trust was not added: node signing public-key artifact is absent — continuing with configured trusted identities
03:14:42.887 [error] local node self-trust was not added: node signing public-key artifact is absent — continuing with configured trusted identities
03:14:42.899 [error] local node self-trust was not added: node signing public-key artifact is absent — continuing with configured trusted identities
03:14:42.900 [error] local node self-trust was not added: node signing public-key artifact is absent — continuing with configured trusted identities
03:14:42.913 [error] local node self-trust was not added: node signing public-key artifact is absent — continuing with configured trusted identities
.03:14:42.941 [error] local node self-trust was not added: node signing public-key artifact is absent — continuing with configured trusted identities
03:14:42.945 [error] local node self-trust was not added: node signing public-key artifact is absent — continuing with configured trusted identities
03:14:42.948 [error] local node self-trust was not added: node signing public-key artifact is absent — continuing with configured trusted identities
.03:14:42.988 [error] local node self-trust was not added: node signing public-key artifact is absent — continuing with configured trusted identities
03:14:42.991 [error] local node self-trust was not added: node signing public-key artifact is absent — continuing with configured trusted identities
.03:14:43.015 [error] local node self-trust was not added: node signing public-key artifact is absent — continuing with configured trusted identities
..............03:14:43.651 [warning] CommitStore: local write DENIED by trust gate (enforce) doc_uuid=6987d0db-2a51-4c00-86c8-31c28642835d commit_id=a68f9a377ce452f67ec1f67ad74220025b8011779eb100032074a17a1db36b08 reason=:unsigned
03:14:43.652 [warning] CommitStore: local write DENIED by trust gate (enforce) doc_uuid=6987d0db-2a51-4c00-86c8-31c28642835d commit_id=0a7450ef88baa02e636e747891f0ac3f53888af5d6c5903406f111f915b247cb reason=:unsigned
.03:14:43.664 [warning] CommitStore: local write DENIED by trust gate (enforce) doc_uuid=c1f7a627-bc6a-4c6c-8800-3ff1477b5be1 commit_id=c860b8329c165e029928219fae800149e9c16e9dc1cf16eaa8c6b3b09ef0311b reason=:unsigned
03:14:43.665 [warning] CommitStore: local write DENIED by trust gate (enforce) doc_uuid=bff67ca5-0f1b-4c7e-9531-8957d2577766 commit_id=9634273a05eccc16b1b9aba3e1cc06463a6592b9124e93b4364f8c566a4cd723 reason=:unsigned
.03:14:43.687 [warning] CommitStore: local write DENIED by trust gate (enforce) doc_uuid=e8dcba01-0d51-4cd4-a9b4-cbe09ec2d32a commit_id=6c8eb1974029924aad328a1cc1cbb18202ec577c3ed6f4d26f3626f3f43b1257 reason=:unsigned
...03:14:43.797 [warning] CommitStore: local write DENIED by trust gate (enforce) doc_uuid=12115dc0-a578-4b38-80a8-1571f985ca21 commit_id=cc9b7cc03316491cca4c3cc9592738d23ca1f1707f11d19d0b1a2bcf8cf3733f reason=:unsigned
.....03:14:44.038 [warning] flock failed on /tmp/cp_agent_sync_386522/__reflog/server/__snapshot: :enoent, proceeding without lock
03:14:44.040 [warning] flock failed on /tmp/cp_agent_sync_386522/crdt_file.txt: :enoent, proceeding without lock
..03:14:44.095 [warning] flock failed on /tmp/cp_agent_sync_676804/f.txt: :enoent, proceeding without lock
03:14:44.124 [warning] flock failed on /tmp/cp_agent_sync_676804/__reflog/server/__snapshot: :enoent, proceeding without lock
.03:14:44.216 [warning] flock failed on /tmp/cp_agent_sync_844357/f.txt: :enoent, proceeding without lock
03:14:44.246 [warning] flock failed on /tmp/cp_agent_sync_844357/__reflog/server/__snapshot: :enoent, proceeding without lock
.03:14:44.304 [warning] flock failed on /tmp/cp_agent_sync_618064/__reflog/server/__snapshot: :enoent, proceeding without lock
.03:14:44.324 [warning] flock failed on /tmp/cp_agent_sync_135451/from_crdt.txt: :enoent, proceeding without lock
.03:14:44.366 [warning] flock failed on /tmp/cp_agent_sync_429806/f.txt: :enoent, proceeding without lock
03:14:44.401 [warning] flock failed on /tmp/cp_agent_sync_429806/__reflog/server/__snapshot: :enoent, proceeding without lock
.03:14:44.448 [warning] flock failed on /tmp/cp_agent_sync_922496/__reflog/server/__snapshot: :enoent, proceeding without lock
.03:14:44.466 [warning] flock failed on /tmp/cp_agent_sync_807496/f.txt: :enoent, proceeding without lock
03:14:44.500 [warning] flock failed on /tmp/cp_agent_sync_807496/__reflog/server/__snapshot: :enoent, proceeding without lock
.03:14:44.563 [warning] flock failed on /tmp/cp_agent_sync_524690/__reflog/server/__snapshot: :enoent, proceeding without lock
.03:14:44.839 [warning] flock failed on /tmp/cp_agent_sync_969457/__reflog/server/__snapshot: :enoent, proceeding without lock
.03:14:44.850 [warning] Sync.Agent: scan_disk_state skipping symlinked directory /tmp/cp_agent_sync_330221/loop/self
03:14:44.866 [warning] Sync.Agent: skipping symlinked directory /tmp/cp_agent_sync_330221/loop/self (not followed, prevents cycle)
03:14:44.869 [warning] Sync.Agent: scan_disk_state skipping symlinked directory /tmp/cp_agent_sync_330221/loop/self
.03:14:44.943 [warning] Watcher: skipping unreadable file /tmp/cp_agent_sync_529691/bad.txt (:eacces)
03:14:44.943 [warning] Watcher: skipping unreadable file /tmp/cp_agent_sync_529691/bad.txt (:eacces)
.03:14:44.983 [warning] flock failed on /tmp/cp_agent_sync_253714/sub/b.txt: :enoent, proceeding without lock
03:14:44.985 [warning] flock failed on /tmp/cp_agent_sync_253714/top.txt: :enoent, proceeding without lock
03:14:45.023 [warning] flock failed on /tmp/cp_agent_sync_253714/__reflog/server/__snapshot: :enoent, proceeding without lock
03:14:45.026 [warning] flock failed on /tmp/cp_agent_sync_253714/__reflog/server/sub/__snapshot: :enoent, proceeding without lock
.....03:14:46.075 [warning] EngineModule :look (nil) fell back to last-good/floor: {:runtime_crash, Commonplace.MUD.EngineLook, {:rescue, %FunctionClauseError{module: Commonplace.MUD.EngineLook, function: :run, arity: 2, kind: nil, args: nil, clauses: nil}}}
...03:14:48.302 [warning] safe-verb author diagnostic (drop): consume → requires_object_host (via_verb={"a5445c40-eede-4253-a927-ed796c46c496", "here"})
.....03:14:53.406 [warning] EngineModule :look (nil) fell back to last-good/floor: {:runtime_crash, Commonplace.MUD.EngineLook, {:rescue, %FunctionClauseError{module: Commonplace.MUD.EngineLook, function: :run, arity: 2, kind: nil, args: nil, clauses: nil}}}
..03:14:55.235 [warning] safe-verb author diagnostic (drop): put_state → state_bounds (via_verb={"1a3b4e59-6225-46ff-9847-1623f5bf41c2", "widget-91ee1f76.obj"})
............03:15:06.643 [warning] safe-verb author diagnostic (drop): put_state → state_bounds (via_verb={"d897eb60-70ae-4ae0-9589-5330b1bcfa6d", "gizmo-4aaa89da.obj"})
......03:15:13.917 [warning] EngineModule :look (nil) fell back to last-good/floor: {:runtime_crash, Commonplace.MUD.EngineLook, {:rescue, %FunctionClauseError{module: Commonplace.MUD.EngineLook, function: :run, arity: 2, kind: nil, args: nil, clauses: nil}}}
..03:15:16.345 [warning] EngineModule :look (nil) fell back to last-good/floor: {:runtime_crash, Commonplace.MUD.EngineLook, {:rescue, %FunctionClauseError{module: Commonplace.MUD.EngineLook, function: :run, arity: 2, kind: nil, args: nil, clauses: nil}}}
........03:15:18.392 [warning] CommitStore: local write DENIED by trust gate (enforce) doc_uuid=530dafa1-ede9-4064-9711-ded28d4aa8f9 commit_id=5c2ee6987029868a907dd64595711275b855784841e5f2fd6360fb64204c434c reason=:unsigned
..............03:15:18.826 [error] local node self-trust was not added: node signing public-key artifact is absent — continuing with configured trusted identities
.03:15:18.914 [error] local node self-trust was not added: node signing public-key artifact is absent — continuing with configured trusted identities
.03:15:18.936 [error] local node self-trust was not added: node signing public-key artifact is absent — continuing with configured trusted identities
.03:15:19.006 [error] local node self-trust was not added: node signing public-key artifact is absent — continuing with configured trusted identities
.03:15:19.022 [error] local node self-trust was not added: node signing public-key artifact is absent — continuing with configured trusted identities
.03:15:19.085 [error] local node self-trust was not added: node signing public-key artifact is absent — continuing with configured trusted identities
.03:15:19.184 [error] local node self-trust was not added: node signing public-key artifact is absent — continuing with configured trusted identities
.03:15:19.277 [error] local node self-trust was not added: node signing public-key artifact is absent — continuing with configured trusted identities
.03:15:19.409 [error] local node self-trust was not added: node signing public-key artifact is absent — continuing with configured trusted identities
.03:15:19.530 [error] local node self-trust was not added: node signing public-key artifact is absent — continuing with configured trusted identities
.03:15:19.560 [error] local node self-trust was not added: node signing public-key artifact is absent — continuing with configured trusted identities
.03:15:19.737 [error] local node self-trust was not added: node signing public-key artifact is absent — continuing with configured trusted identities
.03:15:19.877 [error] local node self-trust was not added: node signing public-key artifact is absent — continuing with configured trusted identities
.03:15:19.954 [error] local node self-trust was not added: node signing public-key artifact is absent — continuing with configured trusted identities
.03:15:20.018 [error] local node self-trust was not added: node signing public-key artifact is absent — continuing with configured trusted identities
.03:15:20.104 [error] local node self-trust was not added: node signing public-key artifact is absent — continuing with configured trusted identities
.03:15:20.192 [error] local node self-trust was not added: node signing public-key artifact is absent — continuing with configured trusted identities
.03:15:20.269 [error] local node self-trust was not added: node signing public-key artifact is absent — continuing with configured trusted identities
.03:15:20.354 [error] local node self-trust was not added: node signing public-key artifact is absent — continuing with configured trusted identities
.03:15:20.457 [error] local node self-trust was not added: node signing public-key artifact is absent — continuing with configured trusted identities
.03:15:20.561 [error] local node self-trust was not added: node signing public-key artifact is absent — continuing with configured trusted identities
.03:15:20.657 [error] local node self-trust was not added: node signing public-key artifact is absent — continuing with configured trusted identities
.03:15:20.729 [error] local node self-trust was not added: node signing public-key artifact is absent — continuing with configured trusted identities
.03:15:20.833 [error] local node self-trust was not added: node signing public-key artifact is absent — continuing with configured trusted identities
.03:15:20.918 [error] local node self-trust was not added: node signing public-key artifact is absent — continuing with configured trusted identities
.03:15:21.016 [error] local node self-trust was not added: node signing public-key artifact is absent — continuing with configured trusted identities
.03:15:21.127 [error] local node self-trust was not added: node signing public-key artifact is absent — continuing with configured trusted identities
03:15:21.130 [error] local node self-trust was not added: node signing public-key artifact is absent — continuing with configured trusted identities
03:15:21.133 [error] local node self-trust was not added: node signing public-key artifact is absent — continuing with configured trusted identities
03:15:21.139 [error] local node self-trust was not added: node signing public-key artifact is absent — continuing with configured trusted identities
03:15:21.167 [error] local node self-trust was not added: node signing public-key artifact is absent — continuing with configured trusted identities
.03:15:21.202 [error] local node self-trust was not added: node signing public-key artifact is absent — continuing with configured trusted identities
03:15:21.202 [warning] ViewCompute nil: target 602fb007-4e25-4a14-a6cd-83e7f2fd72f3 not found — view will not render until the target is created
03:15:21.207 [error] local node self-trust was not added: node signing public-key artifact is absent — continuing with configured trusted identities
03:15:21.210 [error] local node self-trust was not added: node signing public-key artifact is absent — continuing with configured trusted identities
03:15:21.214 [error] local node self-trust was not added: node signing public-key artifact is absent — continuing with configured trusted identities
..03:15:21.272 [error] local node self-trust was not added: node signing public-key artifact is absent — continuing with configured trusted identities
03:15:21.275 [error] local node self-trust was not added: node signing public-key artifact is absent — continuing with configured trusted identities
03:15:21.278 [error] local node self-trust was not added: node signing public-key artifact is absent — continuing with configured trusted identities
03:15:21.281 [error] local node self-trust was not added: node signing public-key artifact is absent — continuing with configured trusted identities
03:15:21.313 [error] local node self-trust was not added: node signing public-key artifact is absent — continuing with configured trusted identities
03:15:21.548 [error] local node self-trust was not added: node signing public-key artifact is absent — continuing with configured trusted identities
03:15:21.565 [error] local node self-trust was not added: node signing public-key artifact is absent — continuing with configured trusted identities
03:15:21.568 [error] local node self-trust was not added: node signing public-key artifact is absent — continuing with configured trusted identities
03:15:21.586 [error] local node self-trust was not added: node signing public-key artifact is absent — continuing with configured trusted identities
.03:15:21.602 [error] local node self-trust was not added: node signing public-key artifact is absent — continuing with configured trusted identities
03:15:21.604 [error] local node self-trust was not added: node signing public-key artifact is absent — continuing with configured trusted identities
03:15:21.606 [error] local node self-trust was not added: node signing public-key artifact is absent — continuing with configured trusted identities
03:15:21.609 [error] local node self-trust was not added: node signing public-key artifact is absent — continuing with configured trusted identities
03:15:21.641 [error] local node self-trust was not added: node signing public-key artifact is absent — continuing with configured trusted identities
03:15:21.641 [error] local node self-trust was not added: node signing public-key artifact is absent — continuing with configured trusted identities
03:15:21.646 [error] ViewCompute nil: write failed: "exit: {:noproc, {GenServer, :call, [#PID<0.54075.0>, {:snapshot, :infinity}, :infinity]}}"
.03:15:21.666 [error] local node self-trust was not added: node signing public-key artifact is absent — continuing with configured trusted identities
03:15:21.669 [error] local node self-trust was not added: node signing public-key artifact is absent — continuing with configured trusted identities
03:15:21.671 [error] local node self-trust was not added: node signing public-key artifact is absent — continuing with configured trusted identities
03:15:21.673 [error] local node self-trust was not added: node signing public-key artifact is absent — continuing with configured trusted identities
03:15:21.675 [error] local node self-trust was not added: node signing public-key artifact is absent — continuing with configured trusted identities
03:15:21.677 [error] local node self-trust was not added: node signing public-key artifact is absent — continuing with configured trusted identities
03:15:21.700 [error] local node self-trust was not added: node signing public-key artifact is absent — continuing with configured trusted identities
03:15:21.700 [error] local node self-trust was not added: node signing public-key artifact is absent — continuing with configured trusted identities
03:15:21.707 [error] local node self-trust was not added: node signing public-key artifact is absent — continuing with configured trusted identities
...........03:15:22.023 [warning] CommitStore: local write DENIED by trust gate (enforce) doc_uuid=e2c679ea-2112-4cbe-8b54-80f12ba6272b commit_id=e869ec2ef691745b7fa1999ca4022ecad757d62d0d911d8cb2f1e2ab29b68d68 reason=:unsigned
......03:15:23.104 [warning] CommitStore: local write DENIED by trust gate (enforce) doc_uuid=1931b73f-c1fc-40ec-b317-7e76b03592c3 commit_id=b9ec0e7e18169f0d8f7d647e37ce396eb160eee255cc16329dabaebd1cc58cff reason=:unsigned
........03:15:24.062 [error] local node self-trust was not added: node signing public-key artifact is absent — continuing with configured trusted identities
.03:15:24.091 [error] local node self-trust was not added: node signing public-key artifact is absent — continuing with configured trusted identities
03:15:24.091 [warning] CommitStore: local write DENIED by trust gate (enforce) doc_uuid=b4c0b22a-2547-4a42-82ce-e72c8ab339d3 commit_id=a3a391ed73c6b34a974a823c1148f8c883fde33c9a68e555e10f1489aca8bb18 reason=:unsigned
.03:15:24.118 [error] local node self-trust was not added: node signing public-key artifact is absent — continuing with configured trusted identities
03:15:24.118 [warning] CommitStore: local write DENIED by trust gate (enforce) doc_uuid=bddd28d7-a3c2-4828-85fb-6d745a08eab2 commit_id=53d96f4a73d9e58a8d1b7d314534d44e732da8362515decc5abf4110a8dda664 reason=:unsigned
..03:15:24.409 [error] local node self-trust was not added: node signing public-key artifact is absent — continuing with configured trusted identities
03:15:24.409 [warning] CommitStore: local write DENIED by trust gate (enforce) doc_uuid=1245e6c5-56ab-4fc9-afe4-dd80696ad77f commit_id=3e45c5dea2258eb07ceb316e733d85779195bde66394e99230db13c16ce8dac7 reason=:unsigned
03:15:24.421 [error] Commonplace.Trust.AuditDispatcher: FAILED to persist 1 denial audit record(s) — denials are still being ENFORCED but are no longer being RECORDED in the substrate. reason={:no_node_signing_context, :no_node_key}
..03:15:24.433 [error] local node self-trust was not added: node signing public-key artifact is absent — continuing with configured trusted identities
03:15:24.434 [warning] CommitStore: local write DENIED by trust gate (enforce) doc_uuid=edc6b980-e79c-419f-a8ab-f593396347a4 commit_id=87bf9de52b2fc1158ca06eafbe698a205ca47ccae6175d938bd0783b9d1c413b reason=:unsigned
03:15:24.434 [error] Handler "commonplace-trust-audit-log" has failed and has been detached. Class=:exit
Reason={:calling_self,
 {GenServer, :call,
  [
    :adm_store_696443837,
    {:put_built_commit,
     %Commonplace.Store.Commit{
       id: <<102, 42, 30, 220, 134, 74, 213, 130, 139, 67, 229, 127, 92, 138,
         91, 105, 150, 65, 31, 238, 189, 198, 92, 181, 17, 233, 65, 162, 38,
         138, 47, 88>>,
       doc_uuid: "f4e8eac8-7bab-5ecd-ad86-e09f3a9ff900",
       parent_id: <<42, 235, 155, 241, 185, 165, 231, 101, 21, 154, 79, 56, 85,
         243, 171, 39, 92, 83, 183, 35, 133, 110, 186, 66, 214, 199, 82, 126, 5,
         92, 104, 52>>,
       update: <<1, 1, 217, 238, 253, 172, 4, 0, 8, 1, 6, 101, 118, 101, 110,
         116, 115, 1, 119, 51, 123, 34, 100, 111, 99, 95, 117, 117, 105, 100,
         34, 58, 34, 101, 100, 99, 54, ...>>,
       timestamp: ~U[2026-08-11 03:15:24.434471Z],
       signature: nil,
       signer_id: nil,
       post_state_hash: nil,
       metadata: %{},
       merge_parents: []
     }, nil,
     %Commonplace.Store.Commit{
       id: <<42, 235, 155, 241, 185, 165, 231, 101, 21, 154, 79, 56, 85, 243,
         171, 39, 92, 83, 183, 35, 133, 110, 186, 66, 214, 199, 82, 126, 5, 92,
         104, 52>>,
       doc_uuid: "f4e8eac8-7bab-5ecd-ad86-e09f3a9ff900",
       parent_id: nil,
       update: "",
       timestamp: ~U[2026-08-11 03:15:24.434457Z],
       signature: nil,
       signer_id: nil,
       post_state_hash: nil,
       metadata: %{
         kind: :genesis,
         doc_uuid: "f4e8eac8-7bab-5ecd-ad86-e09f3a9ff900"
       },
       merge_parents: []
     }},
    5000
  ]}}
Stacktrace=[
  {GenServer, :call, 3, [file: ~c"lib/gen_server.ex", line: 1128]},
  {Commonplace.Store.CommitStoreClient, :attempt_write, 10,
   [file: ~c"lib/commonplace/store/commit_store_client.ex", line: 269]},
  {Commonplace.Dataflow.RedLog, :do_commit, 2,
   [file: ~c"lib/commonplace/dataflow/red_log.ex", line: 124]},
  {Commonplace.Dataflow.RedLog, :commit, 1,
   [file: ~c"lib/commonplace/dataflow/red_log.ex", line: 99]},
  {Commonplace.Trust.AuditDualMechanismTest, :legacy_inline_handler, 4,
   [file: ~c"test/commonplace/trust/audit_dual_mechanism_test.exs", line: 230]},
  {:telemetry, :do_execute, 4,
   [file: ~c"/home/jes/commonplace/deps/telemetry/src/telemetry.erl", line: 202]},
  {Commonplace.Store.CommitStore, :handle_local_write_denial, 3,
   [file: ~c"lib/commonplace/store/commit_store.ex", line: 2368]},
  {Commonplace.Store.CommitStore, :do_write_commit, 7,
   [file: ~c"lib/commonplace/store/commit_store.ex", line: 2809]},
  {Commonplace.Store.CommitStore, :"-handle_call/3-fun-1-", 6,
   [file: ~c"lib/commonplace/store/commit_store.ex", line: 1684]},
  {Commonplace.Store.CommitStore, :timed, 1,
   [file: ~c"lib/commonplace/store/commit_store.ex", line: 2508]},
  {Commonplace.Store.CommitStore, :instrumented, 3,
   [file: ~c"lib/commonplace/store/commit_store.ex", line: 2494]},
  {:gen_server, :try_handle_call, 4, [file: ~c"gen_server.erl", line: 2381]},
  {:gen_server, :handle_msg, 6, [file: ~c"gen_server.erl", line: 2410]},
  {:proc_lib, :init_p_do_apply, 3, [file: ~c"proc_lib.erl", line: 329]}
]

..03:15:24.447 [error] local node self-trust was not added: node signing public-key artifact is absent — continuing with configured trusted identities
03:15:24.447 [warning] CommitStore: local write DENIED by trust gate (enforce) doc_uuid=b193aa9d-2b85-4175-a6c2-18181317b135 commit_id=207bb7d64f5983c08ff44a0c916ce607d19c2d89a95e6930123c33a45743ffee reason=:unsigned
.03:15:24.470 [error] local node self-trust was not added: node signing public-key artifact is absent — continuing with configured trusted identities
03:15:24.470 [warning] CommitStore: local write DENIED by trust gate (enforce) doc_uuid=dc55c88b-b487-444d-a974-c45dbac77436 commit_id=67de0f4d62c3bf30dc3e775156d59adb818d5570f37c7dadd8309bcd09774729 reason=:unsigned
03:15:24.481 [error] local node self-trust was not added: node signing public-key artifact is absent — continuing with configured trusted identities
03:15:24.482 [warning] CommitStore: local write DENIED by trust gate (enforce) doc_uuid=f4e8eac8-7bab-5ecd-ad86-e09f3a9ff900 commit_id=2da62b414649d565c93e7cbfc3a45068264ce6bab668acbdcfbaa023356b2433 reason=:unsigned
03:15:24.482 [error] Commonplace.Trust.AuditLog: RECURSION GUARD — a denial of the AUDIT LOG's own doc (f4e8eac8-7bab-5ecd-ad86-e09f3a9ff900) was not enqueued for auditing (that would loop). This means audit writes are themselves being refused: denial auditing is DEGRADED. record=%{"event" => "commonplace.commit.rejected.local_trust", "mode" => :enforce, "reason" => ":unsigned"}
03:15:24.482 [error] Commonplace.Trust.AuditDispatcher: FAILED to persist 1 denial audit record(s) — denials are still being ENFORCED but are no longer being RECORDED in the substrate. reason={:trust_rejected, :unsigned}
.03:15:24.490 [error] Commonplace.Trust.AuditLog: RECURSION GUARD — a denial of the AUDIT LOG's own doc (f4e8eac8-7bab-5ecd-ad86-e09f3a9ff900) was not enqueued for auditing (that would loop). This means audit writes are themselves being refused: denial auditing is DEGRADED. record=%{"event" => "commonplace.commit.rejected.local_trust", "mode" => :enforce, "reason" => ":unsigned"}
.03:15:24.601 [warning] SyncLoop: Sync.Agent crashed (:simulated_agent_crash); restarting it
.03:15:24.909 [error] local node self-trust was not added: node signing public-key artifact is absent — continuing with configured trusted identities
.03:15:25.088 [error] local node self-trust was not added: node signing public-key artifact is absent — continuing with configured trusted identities
.03:15:25.219 [error] local node self-trust was not added: node signing public-key artifact is absent — continuing with configured trusted identities
.03:15:25.371 [error] local node self-trust was not added: node signing public-key artifact is absent — continuing with configured trusted identities
.03:15:25.485 [error] local node self-trust was not added: node signing public-key artifact is absent — continuing with configured trusted identities
.03:15:25.614 [error] local node self-trust was not added: node signing public-key artifact is absent — continuing with configured trusted identities
.03:15:25.734 [error] local node self-trust was not added: node signing public-key artifact is absent — continuing with configured trusted identities
........03:15:27.310 [warning] CommitStore: local write would be DENIED by trust gate (dry_run — write still lands) doc_uuid=e6c73c3c-b159-45c9-9c40-60f12f907ab1 commit_id=96c43b1109c44a529aff8d7cb5f1101d9f4b5d47d72f808bc52913522f209023 reason=:untrusted_root
.03:15:27.321 [warning] CommitStore: local write would be DENIED by trust gate (dry_run — write still lands) doc_uuid=3232126e-c95e-4db8-8ce1-632efe18b9ee commit_id=d141d2d81e552480b49e7c5bf6b4c11b0938b9c84e1c9820176d91172e70b4b9 reason=:untrusted_root
.03:15:27.329 [warning] CommitStore: local write would be DENIED by trust gate (dry_run — write still lands) doc_uuid=63fcb6ef-dfbe-4f10-bd42-0b27b9bb8cae commit_id=cb31e16e08f208cafc057e6860623c9ccb4e7b8724477101abf95fb7ab9b2a01 reason=:awaiting_capability
...............03:15:27.478 [error] local node self-trust was not added: node signing public-key artifact is absent — continuing with configured trusted identities
03:15:27.481 [error] local node self-trust was not added: node signing public-key artifact is absent — continuing with configured trusted identities
03:15:27.482 [error] local node self-trust was not added: node signing public-key artifact is absent — continuing with configured trusted identities
03:15:27.482 [warning] CommitStore: local write would be DENIED by trust gate (dry_run — write still lands) doc_uuid=c82797d8-1606-486d-80b9-b251edac5b5d commit_id=5234b458a9290b3a603c79a3da2354830cfc8799867f2a84f101c0153480959a reason={:untrusted_signer, "b0b22222-0000-0000-0000-223942595193"}
03:15:27.485 [error] local node self-trust was not added: node signing public-key artifact is absent — continuing with configured trusted identities
03:15:27.485 [error] local node self-trust was not added: node signing public-key artifact is absent — continuing with configured trusted identities
.....03:15:27.567 [error] local node self-trust was not added: node signing public-key artifact is absent — continuing with configured trusted identities
03:15:27.570 [error] local node self-trust was not added: node signing public-key artifact is absent — continuing with configured trusted identities
03:15:27.571 [error] local node self-trust was not added: node signing public-key artifact is absent — continuing with configured trusted identities
03:15:27.574 [error] local node self-trust was not added: node signing public-key artifact is absent — continuing with configured trusted identities
03:15:27.575 [error] local node self-trust was not added: node signing public-key artifact is absent — continuing with configured trusted identities
.03:15:27.592 [error] local node self-trust was not added: node signing public-key artifact is absent — continuing with configured trusted identities
03:15:27.595 [error] local node self-trust was not added: node signing public-key artifact is absent — continuing with configured trusted identities
...........03:15:27.625 [error] local node self-trust was not added: node signing public-key artifact is absent — continuing with configured trusted identities
03:15:27.628 [error] local node self-trust was not added: node signing public-key artifact is absent — continuing with configured trusted identities
.03:15:27.655 [error] local node self-trust was not added: node signing public-key artifact is absent — continuing with configured trusted identities
03:15:27.658 [error] local node self-trust was not added: node signing public-key artifact is absent — continuing with configured trusted identities
.03:15:27.690 [error] local node self-trust was not added: node signing public-key artifact is absent — continuing with configured trusted identities
03:15:27.693 [error] local node self-trust was not added: node signing public-key artifact is absent — continuing with configured trusted identities
.03:15:27.710 [error] local node self-trust was not added: node signing public-key artifact is absent — continuing with configured trusted identities
03:15:27.713 [error] local node self-trust was not added: node signing public-key artifact is absent — continuing with configured trusted identities
.03:15:27.743 [error] local node self-trust was not added: node signing public-key artifact is absent — continuing with configured trusted identities
03:15:27.745 [error] local node self-trust was not added: node signing public-key artifact is absent — continuing with configured trusted identities
.03:15:27.778 [error] local node self-trust was not added: node signing public-key artifact is absent — continuing with configured trusted identities
03:15:27.781 [error] local node self-trust was not added: node signing public-key artifact is absent — continuing with configured trusted identities
03:15:27.798 [error] local node self-trust was not added: node signing public-key artifact is absent — continuing with configured trusted identities
.03:15:27.820 [error] local node self-trust was not added: node signing public-key artifact is absent — continuing with configured trusted identities
.03:15:27.837 [error] local node self-trust was not added: node signing public-key artifact is absent — continuing with configured trusted identities
03:15:27.840 [error] local node self-trust was not added: node signing public-key artifact is absent — continuing with configured trusted identities
.03:15:27.865 [error] local node self-trust was not added: node signing public-key artifact is absent — continuing with configured trusted identities
03:15:27.867 [error] local node self-trust was not added: node signing public-key artifact is absent — continuing with configured trusted identities
.
Finished in 518.9 seconds (25.0s async, 493.9s sync)
5 doctests, 3294 tests, 0 failures, 12 excluded
==> commonplace_cli
Running ExUnit with seed: 303, max_cases: 8
Excluding tags: [:scale, :corpus]

.................03:15:29.091 [error] local node self-trust was not added: node signing public-key artifact is absent — continuing with configured trusted identities
03:15:29.095 [error] local node self-trust was not added: node signing public-key artifact is absent — continuing with configured trusted identities
03:15:29.099 [error] local node self-trust was not added: node signing public-key artifact is absent — continuing with configured trusted identities
03:15:29.102 [error] local node self-trust was not added: node signing public-key artifact is absent — continuing with configured trusted identities
03:15:29.108 [error] local node self-trust was not added: node signing public-key artifact is absent — continuing with configured trusted identities
03:15:29.112 [error] local node self-trust was not added: node signing public-key artifact is absent — continuing with configured trusted identities
03:15:29.119 [error] local node self-trust was not added: node signing public-key artifact is absent — continuing with configured trusted identities
Current root: uuid-root
.03:15:29.200 [error] local node self-trust was not added: node signing public-key artifact is absent — continuing with configured trusted identities
03:15:29.203 [error] local node self-trust was not added: node signing public-key artifact is absent — continuing with configured trusted identities
03:15:29.206 [error] local node self-trust was not added: node signing public-key artifact is absent — continuing with configured trusted identities
03:15:29.209 [error] local node self-trust was not added: node signing public-key artifact is absent — continuing with configured trusted identities
03:15:29.213 [error] local node self-trust was not added: node signing public-key artifact is absent — continuing with configured trusted identities
03:15:29.216 [error] local node self-trust was not added: node signing public-key artifact is absent — continuing with configured trusted identities
03:15:29.221 [error] local node self-trust was not added: node signing public-key artifact is absent — continuing with configured trusted identities
Re-rooted: uuid-root → uuid-main
Exporting from new root...
Done.
.03:15:29.330 [error] local node self-trust was not added: node signing public-key artifact is absent — continuing with configured trusted identities
03:15:29.333 [error] local node self-trust was not added: node signing public-key artifact is absent — continuing with configured trusted identities
03:15:29.337 [error] local node self-trust was not added: node signing public-key artifact is absent — continuing with configured trusted identities
03:15:29.340 [error] local node self-trust was not added: node signing public-key artifact is absent — continuing with configured trusted identities
03:15:29.345 [error] local node self-trust was not added: node signing public-key artifact is absent — continuing with configured trusted identities
03:15:29.350 [error] local node self-trust was not added: node signing public-key artifact is absent — continuing with configured trusted identities
03:15:29.355 [error] local node self-trust was not added: node signing public-key artifact is absent — continuing with configured trusted identities
03:15:29.361 [warning] flock failed on /tmp/cp_checkout_sync_704481/feature.txt: :enoent, proceeding without lock
.03:15:29.418 [error] local node self-trust was not added: node signing public-key artifact is absent — continuing with configured trusted identities
03:15:29.421 [error] local node self-trust was not added: node signing public-key artifact is absent — continuing with configured trusted identities
03:15:29.426 [error] local node self-trust was not added: node signing public-key artifact is absent — continuing with configured trusted identities
03:15:29.433 [error] local node self-trust was not added: node signing public-key artifact is absent — continuing with configured trusted identities
03:15:29.440 [error] local node self-trust was not added: node signing public-key artifact is absent — continuing with configured trusted identities
03:15:29.444 [error] local node self-trust was not added: node signing public-key artifact is absent — continuing with configured trusted identities
03:15:29.448 [error] local node self-trust was not added: node signing public-key artifact is absent — continuing with configured trusted identities
.03:15:29.520 [error] local node self-trust was not added: node signing public-key artifact is absent — continuing with configured trusted identities
03:15:29.525 [error] local node self-trust was not added: node signing public-key artifact is absent — continuing with configured trusted identities
03:15:29.528 [error] local node self-trust was not added: node signing public-key artifact is absent — continuing with configured trusted identities
03:15:29.532 [error] local node self-trust was not added: node signing public-key artifact is absent — continuing with configured trusted identities
03:15:29.537 [error] local node self-trust was not added: node signing public-key artifact is absent — continuing with configured trusted identities
03:15:29.541 [error] local node self-trust was not added: node signing public-key artifact is absent — continuing with configured trusted identities
03:15:29.545 [error] local node self-trust was not added: node signing public-key artifact is absent — continuing with configured trusted identities
03:15:29.563 [warning] flock failed on /tmp/cp_checkout_sync_555179/repos/myrepo/feature/feature.txt: :enoent, proceeding without lock
03:15:29.568 [warning] flock failed on /tmp/cp_checkout_sync_555179/repos/myrepo/main/readme.txt: :enoent, proceeding without lock
03:15:29.572 [warning] flock failed on /tmp/cp_checkout_sync_555179/readme.txt: :enoent, proceeding without lock
.03:15:29.673 [error] local node self-trust was not added: node signing public-key artifact is absent — continuing with configured trusted identities
.03:15:29.796 [error] local node self-trust was not added: node signing public-key artifact is absent — continuing with configured trusted identities
.03:15:29.931 [error] local node self-trust was not added: node signing public-key artifact is absent — continuing with configured trusted identities
.03:15:30.066 [error] local node self-trust was not added: node signing public-key artifact is absent — continuing with configured trusted identities
03:15:30.178 [error] local node self-trust was not added: node signing public-key artifact is absent — continuing with configured trusted identities
...03:15:30.264 [error] local node self-trust was not added: node signing public-key artifact is absent — continuing with configured trusted identities
03:15:30.267 [error] local node self-trust was not added: node signing public-key artifact is absent — continuing with configured trusted identities
03:15:30.270 [error] local node self-trust was not added: node signing public-key artifact is absent — continuing with configured trusted identities
03:15:30.288 [error] local node self-trust was not added: node signing public-key artifact is absent — continuing with configured trusted identities
03:15:30.300 [error] local node self-trust was not added: node signing public-key artifact is absent — continuing with configured trusted identities
.03:15:30.314 [error] local node self-trust was not added: node signing public-key artifact is absent — continuing with configured trusted identities
03:15:30.317 [error] local node self-trust was not added: node signing public-key artifact is absent — continuing with configured trusted identities
03:15:30.327 [error] local node self-trust was not added: node signing public-key artifact is absent — continuing with configured trusted identities
03:15:30.332 [error] local node self-trust was not added: node signing public-key artifact is absent — continuing with configured trusted identities
.03:15:30.342 [error] local node self-trust was not added: node signing public-key artifact is absent — continuing with configured trusted identities
03:15:30.352 [error] local node self-trust was not added: node signing public-key artifact is absent — continuing with configured trusted identities
03:15:30.354 [error] local node self-trust was not added: node signing public-key artifact is absent — continuing with configured trusted identities
.03:15:30.377 [error] local node self-trust was not added: node signing public-key artifact is absent — continuing with configured trusted identities
03:15:30.381 [error] local node self-trust was not added: node signing public-key artifact is absent — continuing with configured trusted identities
03:15:30.389 [error] local node self-trust was not added: node signing public-key artifact is absent — continuing with configured trusted identities
03:15:30.394 [error] local node self-trust was not added: node signing public-key artifact is absent — continuing with configured trusted identities
.03:15:30.410 [error] local node self-trust was not added: node signing public-key artifact is absent — continuing with configured trusted identities
....03:15:30.489 [error] local node self-trust was not added: node signing public-key artifact is absent — continuing with configured trusted identities
03:15:30.499 [error] local node self-trust was not added: node signing public-key artifact is absent — continuing with configured trusted identities
03:15:30.502 [error] local node self-trust was not added: node signing public-key artifact is absent — continuing with configured trusted identities
03:15:30.506 [error] local node self-trust was not added: node signing public-key artifact is absent — continuing with configured trusted identities
03:15:30.512 [error] local node self-trust was not added: node signing public-key artifact is absent — continuing with configured trusted identities
03:15:30.516 [error] local node self-trust was not added: node signing public-key artifact is absent — continuing with configured trusted identities
03:15:30.519 [error] local node self-trust was not added: node signing public-key artifact is absent — continuing with configured trusted identities
03:15:30.523 [error] local node self-trust was not added: node signing public-key artifact is absent — continuing with configured trusted identities
03:15:30.529 [error] local node self-trust was not added: node signing public-key artifact is absent — continuing with configured trusted identities
03:15:30.543 [warning] flock failed on /tmp/cp_rt_out_607033/docs/examples/hello.txt: :enoent, proceeding without lock
03:15:30.546 [warning] flock failed on /tmp/cp_rt_out_607033/docs/guide.txt: :enoent, proceeding without lock
03:15:30.550 [warning] flock failed on /tmp/cp_rt_out_607033/empty.txt: :enoent, proceeding without lock
03:15:30.554 [warning] flock failed on /tmp/cp_rt_out_607033/readme.txt: :enoent, proceeding without lock
.03:15:30.607 [error] local node self-trust was not added: node signing public-key artifact is absent — continuing with configured trusted identities
03:15:30.610 [error] local node self-trust was not added: node signing public-key artifact is absent — continuing with configured trusted identities
03:15:30.614 [error] local node self-trust was not added: node signing public-key artifact is absent — continuing with configured trusted identities
03:15:30.618 [warning] flock failed on /tmp/cp_rt_out_46179/special.txt: :enoent, proceeding without lock
.03:15:30.656 [error] local node self-trust was not added: node signing public-key artifact is absent — continuing with configured trusted identities
03:15:30.662 [error] local node self-trust was not added: node signing public-key artifact is absent — continuing with configured trusted identities
03:15:30.669 [error] local node self-trust was not added: node signing public-key artifact is absent — continuing with configured trusted identities
03:15:30.679 [error] local node self-trust was not added: node signing public-key artifact is absent — continuing with configured trusted identities
03:15:30.684 [error] local node self-trust was not added: node signing public-key artifact is absent — continuing with configured trusted identities
03:15:30.692 [error] local node self-trust was not added: node signing public-key artifact is absent — continuing with configured trusted identities
03:15:30.696 [error] local node self-trust was not added: node signing public-key artifact is absent — continuing with configured trusted identities
.03:15:30.728 [error] local node self-trust was not added: node signing public-key artifact is absent — continuing with configured trusted identities
.03:15:30.741 [error] local node self-trust was not added: node signing public-key artifact is absent — continuing with configured trusted identities
03:15:30.748 [error] local node self-trust was not added: node signing public-key artifact is absent — continuing with configured trusted identities
03:15:30.753 [error] local node self-trust was not added: node signing public-key artifact is absent — continuing with configured trusted identities
03:15:30.756 [error] local node self-trust was not added: node signing public-key artifact is absent — continuing with configured trusted identities
03:15:30.758 [error] local node self-trust was not added: node signing public-key artifact is absent — continuing with configured trusted identities
03:15:30.770 [error] local node self-trust was not added: node signing public-key artifact is absent — continuing with configured trusted identities
03:15:30.773 [error] local node self-trust was not added: node signing public-key artifact is absent — continuing with configured trusted identities
.03:15:30.806 [error] local node self-trust was not added: node signing public-key artifact is absent — continuing with configured trusted identities
03:15:30.814 [error] local node self-trust was not added: node signing public-key artifact is absent — continuing with configured trusted identities
03:15:30.831 [error] local node self-trust was not added: node signing public-key artifact is absent — continuing with configured trusted identities
03:15:30.838 [error] local node self-trust was not added: node signing public-key artifact is absent — continuing with configured trusted identities
03:15:30.849 [error] local node self-trust was not added: node signing public-key artifact is absent — continuing with configured trusted identities
.03:15:30.882 [error] local node self-trust was not added: node signing public-key artifact is absent — continuing with configured trusted identities
03:15:30.895 [error] local node self-trust was not added: node signing public-key artifact is absent — continuing with configured trusted identities
03:15:30.899 [error] local node self-trust was not added: node signing public-key artifact is absent — continuing with configured trusted identities
03:15:30.902 [error] local node self-trust was not added: node signing public-key artifact is absent — continuing with configured trusted identities
03:15:30.909 [error] local node self-trust was not added: node signing public-key artifact is absent — continuing with configured trusted identities
03:15:30.913 [error] local node self-trust was not added: node signing public-key artifact is absent — continuing with configured trusted identities
03:15:30.918 [error] local node self-trust was not added: node signing public-key artifact is absent — continuing with configured trusted identities
03:15:30.927 [error] local node self-trust was not added: node signing public-key artifact is absent — continuing with configured trusted identities
03:15:30.937 [error] local node self-trust was not added: node signing public-key artifact is absent — continuing with configured trusted identities
03:15:30.944 [error] local node self-trust was not added: node signing public-key artifact is absent — continuing with configured trusted identities
03:15:30.956 [error] local node self-trust was not added: node signing public-key artifact is absent — continuing with configured trusted identities
03:15:30.967 [warning] flock failed on /tmp/cp_sync_export_944627/new.txt: :enoent, proceeding without lock
03:15:30.970 [warning] flock failed on /tmp/cp_sync_export_944627/notes/todo.txt: :enoent, proceeding without lock
.03:15:31.025 [error] local node self-trust was not added: node signing public-key artifact is absent — continuing with configured trusted identities
03:15:31.031 [error] local node self-trust was not added: node signing public-key artifact is absent — continuing with configured trusted identities
03:15:31.036 [error] local node self-trust was not added: node signing public-key artifact is absent — continuing with configured trusted identities
03:15:31.042 [error] local node self-trust was not added: node signing public-key artifact is absent — continuing with configured trusted identities
03:15:31.047 [error] local node self-trust was not added: node signing public-key artifact is absent — continuing with configured trusted identities
03:15:31.052 [error] local node self-trust was not added: node signing public-key artifact is absent — continuing with configured trusted identities
03:15:31.058 [error] local node self-trust was not added: node signing public-key artifact is absent — continuing with configured trusted identities
03:15:31.063 [error] local node self-trust was not added: node signing public-key artifact is absent — continuing with configured trusted identities
03:15:31.074 [error] local node self-trust was not added: node signing public-key artifact is absent — continuing with configured trusted identities
03:15:31.088 [error] local node self-trust was not added: node signing public-key artifact is absent — continuing with configured trusted identities
.03:15:31.170 [error] local node self-trust was not added: node signing public-key artifact is absent — continuing with configured trusted identities
03:15:31.175 [error] local node self-trust was not added: node signing public-key artifact is absent — continuing with configured trusted identities
03:15:31.182 [error] local node self-trust was not added: node signing public-key artifact is absent — continuing with configured trusted identities
.03:15:31.251 [error] local node self-trust was not added: node signing public-key artifact is absent — continuing with configured trusted identities
03:15:31.258 [error] local node self-trust was not added: node signing public-key artifact is absent — continuing with configured trusted identities
03:15:31.263 [error] local node self-trust was not added: node signing public-key artifact is absent — continuing with configured trusted identities
...03:15:31.342 [error] local node self-trust was not added: node signing public-key artifact is absent — continuing with configured trusted identities
.03:15:31.373 [error] local node self-trust was not added: node signing public-key artifact is absent — continuing with configured trusted identities
.03:15:31.411 [error] local node self-trust was not added: node signing public-key artifact is absent — continuing with configured trusted identities
.03:15:31.443 [error] local node self-trust was not added: node signing public-key artifact is absent — continuing with configured trusted identities
.03:15:31.463 [error] local node self-trust was not added: node signing public-key artifact is absent — continuing with configured trusted identities
.03:15:31.482 [error] local node self-trust was not added: node signing public-key artifact is absent — continuing with configured trusted identities
03:15:31.486 [error] local node self-trust was not added: node signing public-key artifact is absent — continuing with configured trusted identities
.03:15:31.509 [error] local node self-trust was not added: node signing public-key artifact is absent — continuing with configured trusted identities
03:15:31.526 [error] local node self-trust was not added: node signing public-key artifact is absent — continuing with configured trusted identities
.03:15:31.548 [error] local node self-trust was not added: node signing public-key artifact is absent — continuing with configured trusted identities
03:15:31.555 [error] local node self-trust was not added: node signing public-key artifact is absent — continuing with configured trusted identities
....................03:15:32.247 [error] local node self-trust was not added: node signing public-key artifact is absent — continuing with configured trusted identities
.03:15:32.281 [error] local node self-trust was not added: node signing public-key artifact is absent — continuing with configured trusted identities
03:15:32.284 [error] local node self-trust was not added: node signing public-key artifact is absent — continuing with configured trusted identities
03:15:32.287 [error] local node self-trust was not added: node signing public-key artifact is absent — continuing with configured trusted identities
03:15:32.292 [error] local node self-trust was not added: node signing public-key artifact is absent — continuing with configured trusted identities
03:15:32.296 [error] local node self-trust was not added: node signing public-key artifact is absent — continuing with configured trusted identities
03:15:32.299 [error] local node self-trust was not added: node signing public-key artifact is absent — continuing with configured trusted identities
03:15:32.304 [error] local node self-trust was not added: node signing public-key artifact is absent — continuing with configured trusted identities
03:15:32.309 [error] local node self-trust was not added: node signing public-key artifact is absent — continuing with configured trusted identities
03:15:32.312 [error] local node self-trust was not added: node signing public-key artifact is absent — continuing with configured trusted identities
03:15:32.318 [error] local node self-trust was not added: node signing public-key artifact is absent — continuing with configured trusted identities
03:15:32.323 [error] local node self-trust was not added: node signing public-key artifact is absent — continuing with configured trusted identities
03:15:32.333 [error] local node self-trust was not added: node signing public-key artifact is absent — continuing with configured trusted identities
03:15:32.336 [error] local node self-trust was not added: node signing public-key artifact is absent — continuing with configured trusted identities
03:15:32.338 [error] local node self-trust was not added: node signing public-key artifact is absent — continuing with configured trusted identities
03:15:32.343 [error] local node self-trust was not added: node signing public-key artifact is absent — continuing with configured trusted identities
03:15:32.349 [error] local node self-trust was not added: node signing public-key artifact is absent — continuing with configured trusted identities
03:15:32.360 [error] local node self-trust was not added: node signing public-key artifact is absent — continuing with configured trusted identities
03:15:32.363 [error] local node self-trust was not added: node signing public-key artifact is absent — continuing with configured trusted identities
03:15:32.368 [error] local node self-trust was not added: node signing public-key artifact is absent — continuing with configured trusted identities
03:15:32.373 [error] local node self-trust was not added: node signing public-key artifact is absent — continuing with configured trusted identities
03:15:32.393 [error] local node self-trust was not added: node signing public-key artifact is absent — continuing with configured trusted identities
.03:15:32.428 [error] local node self-trust was not added: node signing public-key artifact is absent — continuing with configured trusted identities
.03:15:32.444 [error] local node self-trust was not added: node signing public-key artifact is absent — continuing with configured trusted identities
03:15:32.448 [error] local node self-trust was not added: node signing public-key artifact is absent — continuing with configured trusted identities
03:15:32.452 [error] local node self-trust was not added: node signing public-key artifact is absent — continuing with configured trusted identities
03:15:32.456 [error] local node self-trust was not added: node signing public-key artifact is absent — continuing with configured trusted identities
03:15:32.459 [error] local node self-trust was not added: node signing public-key artifact is absent — continuing with configured trusted identities
03:15:32.464 [error] local node self-trust was not added: node signing public-key artifact is absent — continuing with configured trusted identities
03:15:32.467 [error] local node self-trust was not added: node signing public-key artifact is absent — continuing with configured trusted identities
03:15:32.474 [error] local node self-trust was not added: node signing public-key artifact is absent — continuing with configured trusted identities
03:15:32.479 [error] local node self-trust was not added: node signing public-key artifact is absent — continuing with configured trusted identities
03:15:32.488 [error] local node self-trust was not added: node signing public-key artifact is absent — continuing with configured trusted identities
03:15:32.493 [error] local node self-trust was not added: node signing public-key artifact is absent — continuing with configured trusted identities
.03:15:32.519 [error] local node self-trust was not added: node signing public-key artifact is absent — continuing with configured trusted identities
.03:15:32.535 [error] local node self-trust was not added: node signing public-key artifact is absent — continuing with configured trusted identities
03:15:32.550 [error] local node self-trust was not added: node signing public-key artifact is absent — continuing with configured trusted identities
03:15:32.554 [error] local node self-trust was not added: node signing public-key artifact is absent — continuing with configured trusted identities
03:15:32.557 [error] local node self-trust was not added: node signing public-key artifact is absent — continuing with configured trusted identities
03:15:32.574 [error] local node self-trust was not added: node signing public-key artifact is absent — continuing with configured trusted identities
03:15:32.590 [error] local node self-trust was not added: node signing public-key artifact is absent — continuing with configured trusted identities
03:15:32.596 [error] local node self-trust was not added: node signing public-key artifact is absent — continuing with configured trusted identities
03:15:32.606 [error] local node self-trust was not added: node signing public-key artifact is absent — continuing with configured trusted identities
03:15:32.612 [error] local node self-trust was not added: node signing public-key artifact is absent — continuing with configured trusted identities
03:15:32.626 [error] local node self-trust was not added: node signing public-key artifact is absent — continuing with configured trusted identities
03:15:32.635 [error] local node self-trust was not added: node signing public-key artifact is absent — continuing with configured trusted identities
03:15:32.651 [error] local node self-trust was not added: node signing public-key artifact is absent — continuing with configured trusted identities
03:15:32.655 [error] local node self-trust was not added: node signing public-key artifact is absent — continuing with configured trusted identities
03:15:32.662 [error] local node self-trust was not added: node signing public-key artifact is absent — continuing with configured trusted identities
03:15:32.665 [error] local node self-trust was not added: node signing public-key artifact is absent — continuing with configured trusted identities
03:15:32.682 [error] local node self-trust was not added: node signing public-key artifact is absent — continuing with configured trusted identities
03:15:32.695 [error] local node self-trust was not added: node signing public-key artifact is absent — continuing with configured trusted identities
03:15:32.699 [error] local node self-trust was not added: node signing public-key artifact is absent — continuing with configured trusted identities
03:15:32.710 [error] local node self-trust was not added: node signing public-key artifact is absent — continuing with configured trusted identities
03:15:32.728 [error] local node self-trust was not added: node signing public-key artifact is absent — continuing with configured trusted identities
03:15:32.744 [error] local node self-trust was not added: node signing public-key artifact is absent — continuing with configured trusted identities
03:15:32.763 [error] local node self-trust was not added: node signing public-key artifact is absent — continuing with configured trusted identities
.03:15:32.806 [error] local node self-trust was not added: node signing public-key artifact is absent — continuing with configured trusted identities
.03:15:32.822 [error] local node self-trust was not added: node signing public-key artifact is absent — continuing with configured trusted identities
03:15:32.831 [error] local node self-trust was not added: node signing public-key artifact is absent — continuing with configured trusted identities
03:15:32.836 [error] local node self-trust was not added: node signing public-key artifact is absent — continuing with configured trusted identities
03:15:32.840 [error] local node self-trust was not added: node signing public-key artifact is absent — continuing with configured trusted identities
03:15:32.846 [error] local node self-trust was not added: node signing public-key artifact is absent — continuing with configured trusted identities
03:15:32.849 [error] local node self-trust was not added: node signing public-key artifact is absent — continuing with configured trusted identities
03:15:32.853 [error] local node self-trust was not added: node signing public-key artifact is absent — continuing with configured trusted identities
03:15:32.864 [error] local node self-trust was not added: node signing public-key artifact is absent — continuing with configured trusted identities
03:15:32.869 [error] local node self-trust was not added: node signing public-key artifact is absent — continuing with configured trusted identities
03:15:32.883 [error] local node self-trust was not added: node signing public-key artifact is absent — continuing with configured trusted identities
03:15:32.889 [error] local node self-trust was not added: node signing public-key artifact is absent — continuing with configured trusted identities
03:15:32.907 [error] local node self-trust was not added: node signing public-key artifact is absent — continuing with configured trusted identities
03:15:32.916 [error] local node self-trust was not added: node signing public-key artifact is absent — continuing with configured trusted identities
03:15:32.921 [error] local node self-trust was not added: node signing public-key artifact is absent — continuing with configured trusted identities
03:15:32.933 [error] local node self-trust was not added: node signing public-key artifact is absent — continuing with configured trusted identities
03:15:32.940 [error] local node self-trust was not added: node signing public-key artifact is absent — continuing with configured trusted identities
.03:15:32.971 [error] local node self-trust was not added: node signing public-key artifact is absent — continuing with configured trusted identities
.03:15:33.004 [error] local node self-trust was not added: node signing public-key artifact is absent — continuing with configured trusted identities
.03:15:33.032 [error] local node self-trust was not added: node signing public-key artifact is absent — continuing with configured trusted identities
..03:15:33.090 [error] local node self-trust was not added: node signing public-key artifact is absent — continuing with configured trusted identities
......03:15:33.105 [error] local node self-trust was not added: node signing public-key artifact is absent — continuing with configured trusted identities
03:15:33.112 [error] local node self-trust was not added: node signing public-key artifact is absent — continuing with configured trusted identities
03:15:33.129 [error] local node self-trust was not added: node signing public-key artifact is absent — continuing with configured trusted identities
03:15:33.182 [error] local node self-trust was not added: node signing public-key artifact is absent — continuing with configured trusted identities
.03:15:33.189 [error] local node self-trust was not added: node signing public-key artifact is absent — continuing with configured trusted identities
03:15:33.195 [error] local node self-trust was not added: node signing public-key artifact is absent — continuing with configured trusted identities
03:15:33.199 [error] local node self-trust was not added: node signing public-key artifact is absent — continuing with configured trusted identities
03:15:33.208 [error] local node self-trust was not added: node signing public-key artifact is absent — continuing with configured trusted identities
.03:15:33.214 [error] local node self-trust was not added: node signing public-key artifact is absent — continuing with configured trusted identities
03:15:33.220 [error] local node self-trust was not added: node signing public-key artifact is absent — continuing with configured trusted identities
03:15:33.224 [error] local node self-trust was not added: node signing public-key artifact is absent — continuing with configured trusted identities
.03:15:33.272 [error] local node self-trust was not added: node signing public-key artifact is absent — continuing with configured trusted identities
03:15:33.284 [error] local node self-trust was not added: node signing public-key artifact is absent — continuing with configured trusted identities
03:15:33.288 [error] local node self-trust was not added: node signing public-key artifact is absent — continuing with configured trusted identities
03:15:33.293 [error] local node self-trust was not added: node signing public-key artifact is absent — continuing with configured trusted identities
03:15:33.298 [error] local node self-trust was not added: node signing public-key artifact is absent — continuing with configured trusted identities
.03:15:33.367 [error] local node self-trust was not added: node signing public-key artifact is absent — continuing with configured trusted identities
.03:15:33.462 [error] local node self-trust was not added: node signing public-key artifact is absent — continuing with configured trusted identities
.03:15:33.531 [error] local node self-trust was not added: node signing public-key artifact is absent — continuing with configured trusted identities
03:15:33.541 [error] local node self-trust was not added: node signing public-key artifact is absent — continuing with configured trusted identities
03:15:33.546 [error] local node self-trust was not added: node signing public-key artifact is absent — continuing with configured trusted identities
03:15:33.549 [error] local node self-trust was not added: node signing public-key artifact is absent — continuing with configured trusted identities
.03:15:33.602 [error] local node self-trust was not added: node signing public-key artifact is absent — continuing with configured trusted identities
03:15:33.609 [error] local node self-trust was not added: node signing public-key artifact is absent — continuing with configured trusted identities
03:15:33.613 [error] local node self-trust was not added: node signing public-key artifact is absent — continuing with configured trusted identities
03:15:33.616 [error] local node self-trust was not added: node signing public-key artifact is absent — continuing with configured trusted identities
03:15:33.620 [error] local node self-trust was not added: node signing public-key artifact is absent — continuing with configured trusted identities
03:15:33.624 [error] local node self-trust was not added: node signing public-key artifact is absent — continuing with configured trusted identities
03:15:33.626 [error] local node self-trust was not added: node signing public-key artifact is absent — continuing with configured trusted identities
03:15:33.628 [error] local node self-trust was not added: node signing public-key artifact is absent — continuing with configured trusted identities
.03:15:33.663 [error] local node self-trust was not added: node signing public-key artifact is absent — continuing with configured trusted identities
03:15:33.666 [error] local node self-trust was not added: node signing public-key artifact is absent — continuing with configured trusted identities
03:15:33.669 [error] local node self-trust was not added: node signing public-key artifact is absent — continuing with configured trusted identities
.
Finished in 5.7 seconds (1.1s async, 4.6s sync)
102 tests, 0 failures
==> commonplace_bots
Running ExUnit with seed: 303, max_cases: 8
Excluding tags: [:scale, :corpus]

......03:15:35.360 [warning] TelegramBridge.Poller: transport error — {RuntimeError, "boom"}
..03:15:35.369 [warning] TelegramBridge.Poller: 429 rate limited — backing off 0ms
..03:15:35.387 [warning] TelegramBridge.Poller: 409 Conflict (another poller active) — backing off
.03:15:36.173 [warning] TelegramBridge.Transport.Telegram: sendMessage failed, HTTP 400
..03:15:36.194 [warning] TelegramBridge.Transport.Telegram: transport error — RuntimeError
.03:15:36.195 [warning] TelegramBridge.Transport.Telegram: sendMessage failed, HTTP 500
.03:15:36.199 [warning] TelegramBridge.Transport.Telegram: sendMessage failed, HTTP 500
.03:15:36.206 [warning] TelegramBridge.Transport.Telegram: 429 rate limited (retry_after=7)
..03:15:36.218 [warning] TelegramBridge.Transport.Telegram: transport error — RuntimeError
.03:15:36.226 [warning] TelegramBridge.Transport.Telegram: 429 rate limited (retry_after=nil)
..03:15:36.818 [error] local node self-trust was not added: node signing public-key artifact is absent — continuing with configured trusted identities
03:15:36.820 [error] local node self-trust was not added: node signing public-key artifact is absent — continuing with configured trusted identities
03:15:36.823 [error] local node self-trust was not added: node signing public-key artifact is absent — continuing with configured trusted identities
03:15:36.826 [error] local node self-trust was not added: node signing public-key artifact is absent — continuing with configured trusted identities
.03:15:36.844 [error] local node self-trust was not added: node signing public-key artifact is absent — continuing with configured trusted identities
03:15:36.846 [error] local node self-trust was not added: node signing public-key artifact is absent — continuing with configured trusted identities
03:15:36.848 [error] local node self-trust was not added: node signing public-key artifact is absent — continuing with configured trusted identities
03:15:36.851 [error] local node self-trust was not added: node signing public-key artifact is absent — continuing with configured trusted identities
03:15:36.853 [error] local node self-trust was not added: node signing public-key artifact is absent — continuing with configured trusted identities
03:15:36.855 [error] local node self-trust was not added: node signing public-key artifact is absent — continuing with configured trusted identities
03:15:36.857 [error] local node self-trust was not added: node signing public-key artifact is absent — continuing with configured trusted identities
.03:15:36.875 [error] local node self-trust was not added: node signing public-key artifact is absent — continuing with configured trusted identities
03:15:36.878 [error] local node self-trust was not added: node signing public-key artifact is absent — continuing with configured trusted identities
03:15:36.880 [error] local node self-trust was not added: node signing public-key artifact is absent — continuing with configured trusted identities
03:15:36.884 [error] local node self-trust was not added: node signing public-key artifact is absent — continuing with configured trusted identities
.03:15:36.907 [error] local node self-trust was not added: node signing public-key artifact is absent — continuing with configured trusted identities
03:15:36.910 [error] local node self-trust was not added: node signing public-key artifact is absent — continuing with configured trusted identities
03:15:36.913 [error] local node self-trust was not added: node signing public-key artifact is absent — continuing with configured trusted identities
03:15:36.917 [error] local node self-trust was not added: node signing public-key artifact is absent — continuing with configured trusted identities
.03:15:36.935 [error] local node self-trust was not added: node signing public-key artifact is absent — continuing with configured trusted identities
03:15:36.938 [error] local node self-trust was not added: node signing public-key artifact is absent — continuing with configured trusted identities
03:15:36.943 [error] local node self-trust was not added: node signing public-key artifact is absent — continuing with configured trusted identities
03:15:36.946 [error] local node self-trust was not added: node signing public-key artifact is absent — continuing with configured trusted identities
.03:15:36.966 [error] local node self-trust was not added: node signing public-key artifact is absent — continuing with configured trusted identities
03:15:36.969 [error] local node self-trust was not added: node signing public-key artifact is absent — continuing with configured trusted identities
03:15:36.972 [error] local node self-trust was not added: node signing public-key artifact is absent — continuing with configured trusted identities
03:15:36.977 [error] local node self-trust was not added: node signing public-key artifact is absent — continuing with configured trusted identities
.03:15:36.998 [error] local node self-trust was not added: node signing public-key artifact is absent — continuing with configured trusted identities
03:15:37.001 [error] local node self-trust was not added: node signing public-key artifact is absent — continuing with configured trusted identities
03:15:37.005 [error] local node self-trust was not added: node signing public-key artifact is absent — continuing with configured trusted identities
03:15:37.009 [error] local node self-trust was not added: node signing public-key artifact is absent — continuing with configured trusted identities
03:15:37.013 [error] local node self-trust was not added: node signing public-key artifact is absent — continuing with configured trusted identities
03:15:37.016 [error] local node self-trust was not added: node signing public-key artifact is absent — continuing with configured trusted identities
03:15:37.021 [error] local node self-trust was not added: node signing public-key artifact is absent — continuing with configured trusted identities
03:15:37.024 [error] local node self-trust was not added: node signing public-key artifact is absent — continuing with configured trusted identities
03:15:37.027 [error] local node self-trust was not added: node signing public-key artifact is absent — continuing with configured trusted identities
03:15:37.031 [error] local node self-trust was not added: node signing public-key artifact is absent — continuing with configured trusted identities
.03:15:37.048 [error] local node self-trust was not added: node signing public-key artifact is absent — continuing with configured trusted identities
03:15:37.052 [error] local node self-trust was not added: node signing public-key artifact is absent — continuing with configured trusted identities
03:15:37.054 [error] local node self-trust was not added: node signing public-key artifact is absent — continuing with configured trusted identities
03:15:37.057 [error] local node self-trust was not added: node signing public-key artifact is absent — continuing with configured trusted identities
.03:15:37.072 [error] local node self-trust was not added: node signing public-key artifact is absent — continuing with configured trusted identities
03:15:37.075 [error] local node self-trust was not added: node signing public-key artifact is absent — continuing with configured trusted identities
03:15:37.079 [error] local node self-trust was not added: node signing public-key artifact is absent — continuing with configured trusted identities
03:15:37.082 [error] local node self-trust was not added: node signing public-key artifact is absent — continuing with configured trusted identities
.03:15:37.100 [error] local node self-trust was not added: node signing public-key artifact is absent — continuing with configured trusted identities
03:15:37.106 [error] local node self-trust was not added: node signing public-key artifact is absent — continuing with configured trusted identities
03:15:37.110 [error] local node self-trust was not added: node signing public-key artifact is absent — continuing with configured trusted identities
03:15:37.115 [error] local node self-trust was not added: node signing public-key artifact is absent — continuing with configured trusted identities
03:15:37.119 [error] local node self-trust was not added: node signing public-key artifact is absent — continuing with configured trusted identities
03:15:37.123 [error] local node self-trust was not added: node signing public-key artifact is absent — continuing with configured trusted identities
03:15:37.127 [error] local node self-trust was not added: node signing public-key artifact is absent — continuing with configured trusted identities
03:15:37.131 [error] local node self-trust was not added: node signing public-key artifact is absent — continuing with configured trusted identities
.03:15:37.152 [error] local node self-trust was not added: node signing public-key artifact is absent — continuing with configured trusted identities
03:15:37.158 [error] local node self-trust was not added: node signing public-key artifact is absent — continuing with configured trusted identities
03:15:37.162 [error] local node self-trust was not added: node signing public-key artifact is absent — continuing with configured trusted identities
03:15:37.165 [error] local node self-trust was not added: node signing public-key artifact is absent — continuing with configured trusted identities
.......................03:15:42.291 [error] local node self-trust was not added: node signing public-key artifact is absent — continuing with configured trusted identities
03:15:42.294 [error] local node self-trust was not added: node signing public-key artifact is absent — continuing with configured trusted identities
03:15:42.296 [error] local node self-trust was not added: node signing public-key artifact is absent — continuing with configured trusted identities
.03:15:42.307 [error] local node self-trust was not added: node signing public-key artifact is absent — continuing with configured trusted identities
03:15:42.310 [error] local node self-trust was not added: node signing public-key artifact is absent — continuing with configured trusted identities
03:15:42.312 [error] local node self-trust was not added: node signing public-key artifact is absent — continuing with configured trusted identities
03:15:42.315 [error] local node self-trust was not added: node signing public-key artifact is absent — continuing with configured trusted identities
03:15:42.318 [error] local node self-trust was not added: node signing public-key artifact is absent — continuing with configured trusted identities
.03:15:42.334 [error] local node self-trust was not added: node signing public-key artifact is absent — continuing with configured trusted identities
03:15:42.338 [error] local node self-trust was not added: node signing public-key artifact is absent — continuing with configured trusted identities
03:15:42.341 [error] local node self-trust was not added: node signing public-key artifact is absent — continuing with configured trusted identities
.03:15:42.356 [error] local node self-trust was not added: node signing public-key artifact is absent — continuing with configured trusted identities
03:15:42.361 [error] local node self-trust was not added: node signing public-key artifact is absent — continuing with configured trusted identities
03:15:42.365 [error] local node self-trust was not added: node signing public-key artifact is absent — continuing with configured trusted identities
03:15:42.368 [error] local node self-trust was not added: node signing public-key artifact is absent — continuing with configured trusted identities
.03:15:42.388 [error] local node self-trust was not added: node signing public-key artifact is absent — continuing with configured trusted identities
03:15:42.392 [error] local node self-trust was not added: node signing public-key artifact is absent — continuing with configured trusted identities
03:15:42.396 [error] local node self-trust was not added: node signing public-key artifact is absent — continuing with configured trusted identities
03:15:42.399 [error] local node self-trust was not added: node signing public-key artifact is absent — continuing with configured trusted identities
03:15:42.404 [error] local node self-trust was not added: node signing public-key artifact is absent — continuing with configured trusted identities
03:15:42.408 [error] local node self-trust was not added: node signing public-key artifact is absent — continuing with configured trusted identities
03:15:42.418 [error] local node self-trust was not added: node signing public-key artifact is absent — continuing with configured trusted identities
03:15:42.422 [error] local node self-trust was not added: node signing public-key artifact is absent — continuing with configured trusted identities
.03:15:42.442 [error] local node self-trust was not added: node signing public-key artifact is absent — continuing with configured trusted identities
03:15:42.447 [error] local node self-trust was not added: node signing public-key artifact is absent — continuing with configured trusted identities
03:15:42.451 [error] local node self-trust was not added: node signing public-key artifact is absent — continuing with configured trusted identities
03:15:42.455 [error] local node self-trust was not added: node signing public-key artifact is absent — continuing with configured trusted identities
03:15:42.458 [error] local node self-trust was not added: node signing public-key artifact is absent — continuing with configured trusted identities
03:15:42.461 [error] local node self-trust was not added: node signing public-key artifact is absent — continuing with configured trusted identities
03:15:42.468 [error] local node self-trust was not added: node signing public-key artifact is absent — continuing with configured trusted identities
03:15:42.473 [error] local node self-trust was not added: node signing public-key artifact is absent — continuing with configured trusted identities
03:15:42.474 [warning] CommitStore: local write DENIED by trust gate (enforce) doc_uuid=e404d028-26c4-49e2-890d-668762d498f6 commit_id=f9498b36e9eaf660f3284d5452e0794ac10355351c4af425489580c8f9efad5c reason={:untrusted_signer, "a6197f1a-92ec-48a1-b0c6-3567842c2f2a"}
.03:15:42.484 [error] local node self-trust was not added: node signing public-key artifact is absent — continuing with configured trusted identities
.03:15:42.699 [error] local node self-trust was not added: node signing public-key artifact is absent — continuing with configured trusted identities
03:15:42.702 [error] local node self-trust was not added: node signing public-key artifact is absent — continuing with configured trusted identities
03:15:42.705 [error] local node self-trust was not added: node signing public-key artifact is absent — continuing with configured trusted identities
03:15:42.718 [warning] Commonplace.Bots.Worker.Perception: nil-degrade bot=alice reason=:no_mud_ctx
03:15:42.726 [error] Commonplace.Trust.AuditDispatcher: FAILED to persist 1 denial audit record(s) — denials are still being ENFORCED but are no longer being RECORDED in the substrate. reason={:exit, {:noproc, {GenServer, :call, [#PID<0.59910.0>, {:snapshot, :infinity}, :infinity]}}}
.03:15:42.737 [error] local node self-trust was not added: node signing public-key artifact is absent — continuing with configured trusted identities
03:15:42.740 [error] local node self-trust was not added: node signing public-key artifact is absent — continuing with configured trusted identities
03:15:42.742 [error] local node self-trust was not added: node signing public-key artifact is absent — continuing with configured trusted identities
03:15:42.771 [warning] Commonplace.Bots.Worker.Perception: nil-degrade bot=alice reason=:no_mud_ctx
03:15:42.802 [warning] Commonplace.Bots.Worker.Perception: nil-degrade bot=alice reason=:no_mud_ctx
.03:15:42.820 [error] local node self-trust was not added: node signing public-key artifact is absent — continuing with configured trusted identities
03:15:42.822 [error] local node self-trust was not added: node signing public-key artifact is absent — continuing with configured trusted identities
03:15:42.825 [error] local node self-trust was not added: node signing public-key artifact is absent — continuing with configured trusted identities
03:15:42.842 [warning] Commonplace.Bots.Worker.Perception: nil-degrade bot=alice reason=:no_mud_ctx
.03:15:42.856 [error] local node self-trust was not added: node signing public-key artifact is absent — continuing with configured trusted identities
03:15:42.858 [error] local node self-trust was not added: node signing public-key artifact is absent — continuing with configured trusted identities
03:15:42.860 [error] local node self-trust was not added: node signing public-key artifact is absent — continuing with configured trusted identities
03:15:42.862 [error] local node self-trust was not added: node signing public-key artifact is absent — continuing with configured trusted identities
03:15:42.916 [warning] Commonplace.Bots.Worker.Perception: nil-degrade bot=alice reason=:no_mud_ctx
.03:15:42.937 [error] local node self-trust was not added: node signing public-key artifact is absent — continuing with configured trusted identities
03:15:42.939 [error] local node self-trust was not added: node signing public-key artifact is absent — continuing with configured trusted identities
03:15:42.942 [error] local node self-trust was not added: node signing public-key artifact is absent — continuing with configured trusted identities
03:15:42.958 [warning] Commonplace.Bots.Worker.Perception: nil-degrade bot=alice reason=:no_mud_ctx
.03:15:42.971 [error] local node self-trust was not added: node signing public-key artifact is absent — continuing with configured trusted identities
03:15:42.974 [error] local node self-trust was not added: node signing public-key artifact is absent — continuing with configured trusted identities
03:15:42.977 [error] local node self-trust was not added: node signing public-key artifact is absent — continuing with configured trusted identities
03:15:42.980 [error] local node self-trust was not added: node signing public-key artifact is absent — continuing with configured trusted identities
03:15:43.064 [warning] Commonplace.Bots.Worker.Perception: nil-degrade bot=alice reason=:no_mud_ctx
.03:15:43.084 [error] local node self-trust was not added: node signing public-key artifact is absent — continuing with configured trusted identities
03:15:43.087 [error] local node self-trust was not added: node signing public-key artifact is absent — continuing with configured trusted identities
03:15:43.090 [error] local node self-trust was not added: node signing public-key artifact is absent — continuing with configured trusted identities
03:15:43.112 [warning] Commonplace.Bots.Worker.Perception: nil-degrade bot=alice reason=:no_mud_ctx
.03:15:43.129 [error] local node self-trust was not added: node signing public-key artifact is absent — continuing with configured trusted identities
03:15:43.132 [error] local node self-trust was not added: node signing public-key artifact is absent — continuing with configured trusted identities
03:15:43.136 [error] local node self-trust was not added: node signing public-key artifact is absent — continuing with configured trusted identities
03:15:43.154 [warning] Commonplace.Bots.Worker.Perception: nil-degrade bot=alice reason=:no_mud_ctx
.03:15:43.175 [error] local node self-trust was not added: node signing public-key artifact is absent — continuing with configured trusted identities
.03:15:43.502 [error] local node self-trust was not added: node signing public-key artifact is absent — continuing with configured trusted identities
03:15:43.505 [error] local node self-trust was not added: node signing public-key artifact is absent — continuing with configured trusted identities
03:15:43.508 [error] local node self-trust was not added: node signing public-key artifact is absent — continuing with configured trusted identities
03:15:43.527 [warning] Commonplace.Bots.Worker.Perception: nil-degrade bot=alice reason=:no_mud_ctx
......03:15:44.801 [warning] World.find_presence: AMBIGUOUS presence camillo.usr found in 2 rooms (["ae3329ba-dd9e-4fd7-851a-11cf7287c2dc", "5e2fdd53-43e6-4c67-921e-d9481cdf54fc"]) — refusing to pick one
..03:15:45.465 [warning] Loop: transcript append exit: {:noproc, {GenServer, :call, [#PID<0.60483.0>, {:release_snapshot, %CubDB.Snapshot{db: #PID<0.60483.0>, btree: %CubDB.Btree{root: {:b, [{{:capability, <<28, 237, 214, 127, 163, 87, 78, 32, 247, 142, 111, 154, 178, 230, 186, 159, 6, 143, 133, 155, 135, 75, 95, 178, 134, 95, 198, 80, 190, 68, 253, 168>>}, 93325}, {{:commit, <<43, 196, 191, 216, 185, 132, 130, 81, 63, 170, 204, 94, 79, 117, 76, 250, 167, 119, 157, 10, 23, 100, 195, 74, 168, 27, 255, 77, 46, 234, 171, ...>>}, 100186}, {{:commit, <<118, 157, 220, 107, 14, 22, 202, 236, 23, 204, 171, 41, 166, 124, 39, 184, 213, 101, 70, 114, 180, 137, 234, 151, 70, 42, 208, 204, 90, 194, ...>>}, 49428}, {{:commit, <<225, 0, 45, 178, 149, 239, 29, 197, 0, 110, 84, 48, 233, 72, 200, 105, 157, 141, 109, 38, 157, 81, 121, 41, 227, 125, 0, 121, 135, ...>>}, 97533}, {{:latest, "20edda8b-881c-4394-94f3-a4abc8a7bbe4"}, 105939}, {{:latest, "d013caa8-4aa4-4634-9da1-2b9bf8bb3f19"}, 77196}, {{:doc_commit, "1b73790e-8d90-47a0-b4bc-1932af53fcf7", <<12, 246, 168, 107, 96, 217, 175, 35, 147, 12, 195, 123, 129, 177, 68, 165, 137, 156, 176, 216, 136, 233, 31, 89, 97, ...>>}, 94937}, {{:doc_commit, "54927095-3c14-4a57-af82-cc811e311021", <<195, 59, 36, 21, 197, 18, 2, 11, 28, 83, 255, 246, 113, 44, 210, 149, 122, 225, 43, 27, 161, 108, 233, 224, ...>>}, 101841}, {{:doc_commit, "9ad6a02d-f44a-4057-b5dd-e2addabafafb", <<30, 4, 131, 138, 20, 150, 99, 149, 227, 103, 118, 116, 157, 24, 208, 209, 150, 54, 75, 113, 54, 102, 61, ...>>}, 103443}, {{:doc_commit, "b315f118-aced-4589-a70e-b5d509731dbd", <<168, 25, 14, 106, 95, 161, 116, 243, 120, 103, 126, 72, 32, 75, 94, 145, 203, 173, 29, 225, 73, 103, ...>>}, 68375}]}, root_loc: 106942, size: 177, dirt: 15, store: %CubDB.Store.File{pid: #PID<0.60540.0>, file_path: "/tmp/cp_bots_autoroot_181281601/commits/2.cub"}, capacity: 32}, reader_ref: #Reference<0.3601874554.1796734977.143317>}}, :infinity]}}
........................................
[CX-t3bt multi-round r1] appended=4 ok=4 present_total=4 missing_this_round=0 []

[CX-t3bt multi-round r2] appended=4 ok=4 present_total=8 missing_this_round=0 []

[CX-t3bt multi-round r3] appended=4 ok=4 present_total=12 missing_this_round=0 []

[CX-t3bt multi-round r4] appended=4 ok=4 present_total=16 missing_this_round=0 []

[CX-t3bt multi-round r5] appended=4 ok=4 present_total=20 missing_this_round=0 []

[CX-t3bt multi-round FINAL] total_appended=20 total_present=20 total_missing=0 doc=readable (lost-update mode) []
..
[CX-o3ar mode tally across 40 attempts, n=8] no_loss=40

[CX-o3ar MILD sample] attempt=1 mode=no_loss
  ok=8/8 errors=[]
  present_via_read_entries=8
  raw_status=:ok byte_size=267
  entries_key_occurrences=1
  jason_decode={:ok, %{"entries" => [%{"marker" => "a1-w1-230018"}, %{"marker" => "a1-w2-230050"}, %{"marker" => "a1-w3-230082"}, %{"marker" => "a1-w4-230114"}, %{"marker" => "a1-w5-230146"}, %{"marker" => "a1-w6-23
  raw_content (first 400 bytes): "{\"entries\":[{\"marker\":\"a1-w1-230018\"},{\"marker\":\"a1-w2-230050\"},{\"marker\":\"a1-w3-230082\"},{\"marker\":\"a1-w4-230114\"},{\"marker\":\"a1-w5-230146\"},{\"marker\":\"a1-w6-230178\"},{\"marker\":\"a1-w8-230242\"},{\"marker\":\"a1-w7-230210\"}],\"zone\":\"09497b77-53b0-4429-b0a2-f76f33888026\"}"


[CX-o3ar SEVERE sample] none observed in 40 attempts
.
[CX-t3bt 8-way] appended=8 ok=8 errors=[] present=8 missing=0 []
.
[CX-t3bt 2-way] appended=2 ok=2 errors=[] present=2 missing=0 []
.
[CX-t3bt 4-way] appended=4 ok=4 errors=[] present=4 missing=0 []
.03:16:07.135 [warning] Commonplace.Bots.Worker.Perception: nil-degrade bot=camillo reason=:no_mud_ctx
.03:16:07.135 [warning] Commonplace.Bots.Worker.Perception: nil-degrade bot=camillo reason=:no_mud_ctx
.........03:16:08.356 [warning] Commonplace.Bots.Worker.Perception: nil-degrade bot=alice reason=:no_mud_ctx
...03:16:08.399 [error] local node self-trust was not added: node signing public-key artifact is absent — continuing with configured trusted identities
03:16:08.405 [error] local node self-trust was not added: node signing public-key artifact is absent — continuing with configured trusted identities
03:16:08.409 [error] local node self-trust was not added: node signing public-key artifact is absent — continuing with configured trusted identities
03:16:08.412 [error] local node self-trust was not added: node signing public-key artifact is absent — continuing with configured trusted identities
03:16:08.415 [error] local node self-trust was not added: node signing public-key artifact is absent — continuing with configured trusted identities
03:16:08.418 [error] local node self-trust was not added: node signing public-key artifact is absent — continuing with configured trusted identities
...03:16:08.499 [error] local node self-trust was not added: node signing public-key artifact is absent — continuing with configured trusted identities
03:16:08.501 [error] local node self-trust was not added: node signing public-key artifact is absent — continuing with configured trusted identities
03:16:08.503 [error] local node self-trust was not added: node signing public-key artifact is absent — continuing with configured trusted identities
03:16:08.506 [error] local node self-trust was not added: node signing public-key artifact is absent — continuing with configured trusted identities
03:16:08.509 [error] local node self-trust was not added: node signing public-key artifact is absent — continuing with configured trusted identities
03:16:08.512 [error] local node self-trust was not added: node signing public-key artifact is absent — continuing with configured trusted identities
..03:16:08.570 [error] local node self-trust was not added: node signing public-key artifact is absent — continuing with configured trusted identities
03:16:08.572 [error] local node self-trust was not added: node signing public-key artifact is absent — continuing with configured trusted identities
03:16:08.575 [error] local node self-trust was not added: node signing public-key artifact is absent — continuing with configured trusted identities
03:16:08.579 [error] local node self-trust was not added: node signing public-key artifact is absent — continuing with configured trusted identities
03:16:08.581 [error] local node self-trust was not added: node signing public-key artifact is absent — continuing with configured trusted identities
03:16:08.584 [error] local node self-trust was not added: node signing public-key artifact is absent — continuing with configured trusted identities
.............03:16:11.892 [warning] CommitStore: local write DENIED by trust gate (enforce) doc_uuid=2da49e9f-ee6a-466c-905e-2d981a3a6cd4 commit_id=4f46e4f57e56d7771792e0d2037938d2f88e1b9fcb193852b6b61c9d31a84b0d reason=:capability_insufficient
....03:16:13.399 [warning] Loop: transcript append failed: :missing
...03:16:13.483 [warning] TelegramBridge: dropping inbound external message for jes — bridge is paused
....03:16:13.580 [warning] TelegramBridge: dropping inbound message for jes — chat_id/handle does not match the configured owner binding
03:16:13.587 [warning] TelegramBridge: dropping inbound message for jes — chat_id/handle does not match the configured owner binding
.03:16:13.602 [warning] CommitStore: local write DENIED by trust gate (enforce) doc_uuid=245df92f-0d9f-4b7f-9431-4e02d5b312a5 commit_id=ba890caa7a9ceb8c394d253486188178ec49217efa018ee7f8960f06a037a325 reason={:untrusted_signer, "tg-bridge:jes"}
03:16:13.602 [warning] TelegramBridge: inbound post FAILED for room jes: {:trust_rejected, {:untrusted_signer, "tg-bridge:jes"}}
.03:16:13.622 [warning] TelegramBridge: dropping inbound message for jes — no owner_chat_id/owner_handle configured, refusing to bind
..03:16:13.665 [warning] TelegramBridge: could not resolve initial cursor for jes (messages doc not found) — deferring tail-init to the first successful tick
....03:16:13.764 [warning] TelegramBridge: dropping inbound message for jes — chat_id/handle does not match the configured owner binding
.03:16:13.772 [error] local node self-trust was not added: node signing public-key artifact is absent — continuing with configured trusted identities
03:16:13.775 [error] local node self-trust was not added: node signing public-key artifact is absent — continuing with configured trusted identities
03:16:13.777 [error] local node self-trust was not added: node signing public-key artifact is absent — continuing with configured trusted identities
03:16:13.779 [error] local node self-trust was not added: node signing public-key artifact is absent — continuing with configured trusted identities
03:16:13.782 [error] local node self-trust was not added: node signing public-key artifact is absent — continuing with configured trusted identities
03:16:13.785 [error] local node self-trust was not added: node signing public-key artifact is absent — continuing with configured trusted identities
03:16:13.788 [warning] Commonplace.Bots.Worker.Perception: nil-degrade bot=alice reason=:no_mud_ctx
03:16:13.790 [error] local node self-trust was not added: node signing public-key artifact is absent — continuing with configured trusted identities
03:16:13.794 [error] local node self-trust was not added: node signing public-key artifact is absent — continuing with configured trusted identities
03:16:13.797 [warning] Commonplace.Bots.Worker.Perception: nil-degrade bot=alice reason=:no_mud_ctx
03:16:13.799 [error] local node self-trust was not added: node signing public-key artifact is absent — continuing with configured trusted identities
03:16:13.803 [error] local node self-trust was not added: node signing public-key artifact is absent — continuing with configured trusted identities
.03:16:13.818 [error] local node self-trust was not added: node signing public-key artifact is absent — continuing with configured trusted identities
03:16:13.821 [error] local node self-trust was not added: node signing public-key artifact is absent — continuing with configured trusted identities
03:16:13.824 [error] local node self-trust was not added: node signing public-key artifact is absent — continuing with configured trusted identities
03:16:13.827 [error] local node self-trust was not added: node signing public-key artifact is absent — continuing with configured trusted identities
03:16:13.830 [error] local node self-trust was not added: node signing public-key artifact is absent — continuing with configured trusted identities
03:16:13.833 [error] local node self-trust was not added: node signing public-key artifact is absent — continuing with configured trusted identities
03:16:13.836 [warning] Commonplace.Bots.Worker.Perception: nil-degrade bot=alice reason=:no_mud_ctx
03:16:13.838 [error] local node self-trust was not added: node signing public-key artifact is absent — continuing with configured trusted identities
.03:16:13.851 [error] local node self-trust was not added: node signing public-key artifact is absent — continuing with configured trusted identities
03:16:13.854 [error] local node self-trust was not added: node signing public-key artifact is absent — continuing with configured trusted identities
03:16:13.868 [warning] Commonplace.Bots.Worker.Perception: nil-degrade bot=alice reason=:no_mud_ctx
.03:16:13.881 [error] local node self-trust was not added: node signing public-key artifact is absent — continuing with configured trusted identities
03:16:13.884 [error] local node self-trust was not added: node signing public-key artifact is absent — continuing with configured trusted identities
03:16:13.886 [error] local node self-trust was not added: node signing public-key artifact is absent — continuing with configured trusted identities
03:16:13.888 [error] local node self-trust was not added: node signing public-key artifact is absent — continuing with configured trusted identities
03:16:13.890 [warning] Commonplace.Bots.Worker.Perception: nil-degrade bot=alice reason=:no_mud_ctx
.03:16:13.901 [error] local node self-trust was not added: node signing public-key artifact is absent — continuing with configured trusted identities
03:16:13.904 [error] local node self-trust was not added: node signing public-key artifact is absent — continuing with configured trusted identities
03:16:13.906 [error] local node self-trust was not added: node signing public-key artifact is absent — continuing with configured trusted identities
03:16:13.908 [error] local node self-trust was not added: node signing public-key artifact is absent — continuing with configured trusted identities
03:16:13.910 [error] local node self-trust was not added: node signing public-key artifact is absent — continuing with configured trusted identities
03:16:13.914 [error] local node self-trust was not added: node signing public-key artifact is absent — continuing with configured trusted identities
03:16:13.916 [error] local node self-trust was not added: node signing public-key artifact is absent — continuing with configured trusted identities
03:16:13.918 [warning] Commonplace.Bots.Worker.Perception: nil-degrade bot=alice reason=:no_mud_ctx
03:16:13.920 [error] local node self-trust was not added: node signing public-key artifact is absent — continuing with configured trusted identities
....03:16:15.059 [warning] CommitStore: local write DENIED by trust gate (enforce) doc_uuid=0c6600f2-9753-443d-8fc2-fda06eaa73e3 commit_id=e5a7d3bb3b2586306e476221ab3966590103fa9ca53279dbeff94522afabdb49 reason=:capability_insufficient
.....03:16:16.178 [error] local node self-trust was not added: node signing public-key artifact is absent — continuing with configured trusted identities
03:16:16.180 [error] local node self-trust was not added: node signing public-key artifact is absent — continuing with configured trusted identities
03:16:16.182 [error] local node self-trust was not added: node signing public-key artifact is absent — continuing with configured trusted identities
03:16:16.184 [error] local node self-trust was not added: node signing public-key artifact is absent — continuing with configured trusted identities
03:16:16.186 [error] local node self-trust was not added: node signing public-key artifact is absent — continuing with configured trusted identities
03:16:16.188 [error] local node self-trust was not added: node signing public-key artifact is absent — continuing with configured trusted identities
.03:16:16.453 [error] local node self-trust was not added: node signing public-key artifact is absent — continuing with configured trusted identities
03:16:16.456 [error] local node self-trust was not added: node signing public-key artifact is absent — continuing with configured trusted identities
03:16:16.459 [error] local node self-trust was not added: node signing public-key artifact is absent — continuing with configured trusted identities
03:16:16.461 [error] local node self-trust was not added: node signing public-key artifact is absent — continuing with configured trusted identities
03:16:16.463 [error] local node self-trust was not added: node signing public-key artifact is absent — continuing with configured trusted identities
03:16:16.466 [error] local node self-trust was not added: node signing public-key artifact is absent — continuing with configured trusted identities
03:16:16.574 [warning] Commonplace.Bots.Worker.Perception: nil-degrade bot=alice reason=:no_mud_ctx
03:16:16.666 [warning] Commonplace.Bots.Worker.Perception: nil-degrade bot=bob reason=:no_mud_ctx
.03:16:16.727 [error] local node self-trust was not added: node signing public-key artifact is absent — continuing with configured trusted identities
03:16:16.729 [error] local node self-trust was not added: node signing public-key artifact is absent — continuing with configured trusted identities
03:16:16.731 [error] local node self-trust was not added: node signing public-key artifact is absent — continuing with configured trusted identities
03:16:16.733 [error] local node self-trust was not added: node signing public-key artifact is absent — continuing with configured trusted identities
03:16:16.735 [error] local node self-trust was not added: node signing public-key artifact is absent — continuing with configured trusted identities
03:16:16.738 [error] local node self-trust was not added: node signing public-key artifact is absent — continuing with configured trusted identities
.03:16:17.089 [error] local node self-trust was not added: node signing public-key artifact is absent — continuing with configured trusted identities
03:16:17.092 [error] local node self-trust was not added: node signing public-key artifact is absent — continuing with configured trusted identities
.03:16:17.103 [error] local node self-trust was not added: node signing public-key artifact is absent — continuing with configured trusted identities
.....................03:16:22.954 [error] local node self-trust was not added: node signing public-key artifact is absent — continuing with configured trusted identities
03:16:22.957 [error] local node self-trust was not added: node signing public-key artifact is absent — continuing with configured trusted identities
03:16:22.959 [error] local node self-trust was not added: node signing public-key artifact is absent — continuing with configured trusted identities
03:16:22.962 [error] local node self-trust was not added: node signing public-key artifact is absent — continuing with configured trusted identities
03:16:22.965 [error] local node self-trust was not added: node signing public-key artifact is absent — continuing with configured trusted identities
03:16:22.967 [error] local node self-trust was not added: node signing public-key artifact is absent — continuing with configured trusted identities
03:16:22.969 [warning] Commonplace.Bots.Worker.Perception: nil-degrade bot=alice reason=:no_mud_ctx
03:16:22.970 [error] local node self-trust was not added: node signing public-key artifact is absent — continuing with configured trusted identities
.03:16:22.982 [error] local node self-trust was not added: node signing public-key artifact is absent — continuing with configured trusted identities
03:16:22.985 [error] local node self-trust was not added: node signing public-key artifact is absent — continuing with configured trusted identities
03:16:22.987 [error] local node self-trust was not added: node signing public-key artifact is absent — continuing with configured trusted identities
03:16:22.990 [error] local node self-trust was not added: node signing public-key artifact is absent — continuing with configured trusted identities
03:16:22.994 [error] local node self-trust was not added: node signing public-key artifact is absent — continuing with configured trusted identities
03:16:22.998 [error] local node self-trust was not added: node signing public-key artifact is absent — continuing with configured trusted identities
03:16:23.000 [warning] Commonplace.Bots.Worker.Perception: nil-degrade bot=alice reason=:no_mud_ctx
03:16:23.001 [error] local node self-trust was not added: node signing public-key artifact is absent — continuing with configured trusted identities
.03:16:23.065 [error] local node self-trust was not added: node signing public-key artifact is absent — continuing with configured trusted identities
03:16:23.069 [error] local node self-trust was not added: node signing public-key artifact is absent — continuing with configured trusted identities
03:16:23.072 [error] local node self-trust was not added: node signing public-key artifact is absent — continuing with configured trusted identities
03:16:23.074 [error] local node self-trust was not added: node signing public-key artifact is absent — continuing with configured trusted identities
03:16:23.077 [error] local node self-trust was not added: node signing public-key artifact is absent — continuing with configured trusted identities
03:16:23.080 [error] local node self-trust was not added: node signing public-key artifact is absent — continuing with configured trusted identities
03:16:23.082 [warning] Commonplace.Bots.Worker.Perception: nil-degrade bot=alice reason=:no_mud_ctx
03:16:23.083 [error] local node self-trust was not added: node signing public-key artifact is absent — continuing with configured trusted identities
.03:16:23.097 [error] local node self-trust was not added: node signing public-key artifact is absent — continuing with configured trusted identities
03:16:23.099 [error] local node self-trust was not added: node signing public-key artifact is absent — continuing with configured trusted identities
03:16:23.102 [error] local node self-trust was not added: node signing public-key artifact is absent — continuing with configured trusted identities
03:16:23.104 [error] local node self-trust was not added: node signing public-key artifact is absent — continuing with configured trusted identities
03:16:23.107 [error] local node self-trust was not added: node signing public-key artifact is absent — continuing with configured trusted identities
03:16:23.109 [error] local node self-trust was not added: node signing public-key artifact is absent — continuing with configured trusted identities
03:16:23.111 [warning] Commonplace.Bots.Worker.Perception: nil-degrade bot=alice reason=:no_mud_ctx
03:16:23.112 [error] local node self-trust was not added: node signing public-key artifact is absent — continuing with configured trusted identities
.03:16:23.174 [error] local node self-trust was not added: node signing public-key artifact is absent — continuing with configured trusted identities
03:16:23.177 [error] local node self-trust was not added: node signing public-key artifact is absent — continuing with configured trusted identities
03:16:23.180 [error] local node self-trust was not added: node signing public-key artifact is absent — continuing with configured trusted identities
03:16:23.183 [error] local node self-trust was not added: node signing public-key artifact is absent — continuing with configured trusted identities
03:16:23.186 [error] local node self-trust was not added: node signing public-key artifact is absent — continuing with configured trusted identities
03:16:23.190 [error] local node self-trust was not added: node signing public-key artifact is absent — continuing with configured trusted identities
03:16:23.194 [error] local node self-trust was not added: node signing public-key artifact is absent — continuing with configured trusted identities
03:16:23.197 [warning] Commonplace.Bots.Worker.Perception: nil-degrade bot=alice reason=:no_mud_ctx
03:16:23.198 [error] local node self-trust was not added: node signing public-key artifact is absent — continuing with configured trusted identities
.03:16:23.265 [error] local node self-trust was not added: node signing public-key artifact is absent — continuing with configured trusted identities
03:16:23.269 [error] local node self-trust was not added: node signing public-key artifact is absent — continuing with configured trusted identities
03:16:23.273 [error] local node self-trust was not added: node signing public-key artifact is absent — continuing with configured trusted identities
03:16:23.276 [error] local node self-trust was not added: node signing public-key artifact is absent — continuing with configured trusted identities
03:16:23.280 [error] local node self-trust was not added: node signing public-key artifact is absent — continuing with configured trusted identities
03:16:23.283 [error] local node self-trust was not added: node signing public-key artifact is absent — continuing with configured trusted identities
03:16:23.286 [warning] Commonplace.Bots.Worker.Perception: nil-degrade bot=alice reason=:no_mud_ctx
03:16:23.287 [error] local node self-trust was not added: node signing public-key artifact is absent — continuing with configured trusted identities
.........03:16:23.300 [error] local node self-trust was not added: node signing public-key artifact is absent — continuing with configured trusted identities
03:16:23.303 [error] local node self-trust was not added: node signing public-key artifact is absent — continuing with configured trusted identities
03:16:23.307 [error] local node self-trust was not added: node signing public-key artifact is absent — continuing with configured trusted identities
03:16:23.309 [error] local node self-trust was not added: node signing public-key artifact is absent — continuing with configured trusted identities
03:16:23.312 [error] local node self-trust was not added: node signing public-key artifact is absent — continuing with configured trusted identities
03:16:23.315 [warning] Commonplace.Bots.Worker.Perception: nil-degrade bot=alice reason=:no_mud_ctx
03:16:23.316 [error] local node self-trust was not added: node signing public-key artifact is absent — continuing with configured trusted identities
.03:16:23.330 [error] local node self-trust was not added: node signing public-key artifact is absent — continuing with configured trusted identities
03:16:23.332 [error] local node self-trust was not added: node signing public-key artifact is absent — continuing with configured trusted identities
03:16:23.335 [error] local node self-trust was not added: node signing public-key artifact is absent — continuing with configured trusted identities
03:16:23.337 [error] local node self-trust was not added: node signing public-key artifact is absent — continuing with configured trusted identities
03:16:23.340 [error] local node self-trust was not added: node signing public-key artifact is absent — continuing with configured trusted identities
03:16:23.342 [warning] Commonplace.Bots.Worker.Perception: nil-degrade bot=alice reason=:no_mud_ctx
03:16:23.343 [error] local node self-trust was not added: node signing public-key artifact is absent — continuing with configured trusted identities
.03:16:23.357 [error] local node self-trust was not added: node signing public-key artifact is absent — continuing with configured trusted identities
03:16:23.359 [error] local node self-trust was not added: node signing public-key artifact is absent — continuing with configured trusted identities
03:16:23.361 [error] local node self-trust was not added: node signing public-key artifact is absent — continuing with configured trusted identities
03:16:23.363 [error] local node self-trust was not added: node signing public-key artifact is absent — continuing with configured trusted identities
03:16:23.367 [error] local node self-trust was not added: node signing public-key artifact is absent — continuing with configured trusted identities
03:16:23.370 [warning] Commonplace.Bots.Worker.Perception: nil-degrade bot=alice reason=:no_mud_ctx
03:16:23.370 [error] local node self-trust was not added: node signing public-key artifact is absent — continuing with configured trusted identities
03:16:23.373 [warning] Commonplace.Bots.Worker.Perception: nil-degrade bot=alice reason=:no_mud_ctx
03:16:23.373 [error] local node self-trust was not added: node signing public-key artifact is absent — continuing with configured trusted identities
03:16:23.376 [warning] Commonplace.Bots.Worker.Perception: nil-degrade bot=alice reason=:no_mud_ctx
03:16:23.376 [error] local node self-trust was not added: node signing public-key artifact is absent — continuing with configured trusted identities
.03:16:23.389 [error] local node self-trust was not added: node signing public-key artifact is absent — continuing with configured trusted identities
03:16:23.392 [error] local node self-trust was not added: node signing public-key artifact is absent — continuing with configured trusted identities
03:16:23.394 [error] local node self-trust was not added: node signing public-key artifact is absent — continuing with configured trusted identities
03:16:23.403 [error] local node self-trust was not added: node signing public-key artifact is absent — continuing with configured trusted identities
03:16:23.405 [error] local node self-trust was not added: node signing public-key artifact is absent — continuing with configured trusted identities
03:16:23.408 [error] local node self-trust was not added: node signing public-key artifact is absent — continuing with configured trusted identities
03:16:23.411 [warning] Commonplace.Bots.Worker.Perception: nil-degrade bot=alice reason=:no_mud_ctx
03:16:23.413 [error] local node self-trust was not added: node signing public-key artifact is absent — continuing with configured trusted identities
.03:16:23.427 [error] local node self-trust was not added: node signing public-key artifact is absent — continuing with configured trusted identities
03:16:23.430 [error] local node self-trust was not added: node signing public-key artifact is absent — continuing with configured trusted identities
03:16:23.432 [error] local node self-trust was not added: node signing public-key artifact is absent — continuing with configured trusted identities
03:16:23.435 [error] local node self-trust was not added: node signing public-key artifact is absent — continuing with configured trusted identities
03:16:23.437 [error] local node self-trust was not added: node signing public-key artifact is absent — continuing with configured trusted identities
03:16:23.440 [error] local node self-trust was not added: node signing public-key artifact is absent — continuing with configured trusted identities
.03:16:23.484 [error] local node self-trust was not added: node signing public-key artifact is absent — continuing with configured trusted identities
03:16:23.487 [error] local node self-trust was not added: node signing public-key artifact is absent — continuing with configured trusted identities
03:16:23.490 [error] local node self-trust was not added: node signing public-key artifact is absent — continuing with configured trusted identities
03:16:23.493 [error] local node self-trust was not added: node signing public-key artifact is absent — continuing with configured trusted identities
03:16:23.495 [error] local node self-trust was not added: node signing public-key artifact is absent — continuing with configured trusted identities
03:16:23.501 [error] local node self-trust was not added: node signing public-key artifact is absent — continuing with configured trusted identities
03:16:23.504 [error] local node self-trust was not added: node signing public-key artifact is absent — continuing with configured trusted identities
03:16:23.507 [error] local node self-trust was not added: node signing public-key artifact is absent — continuing with configured trusted identities
03:16:23.509 [error] local node self-trust was not added: node signing public-key artifact is absent — continuing with configured trusted identities
03:16:23.512 [error] local node self-trust was not added: node signing public-key artifact is absent — continuing with configured trusted identities
03:16:23.515 [error] local node self-trust was not added: node signing public-key artifact is absent — continuing with configured trusted identities
03:16:23.557 [warning] Commonplace.Bots.Worker.Perception: nil-degrade bot=alice reason=:no_mud_ctx
.03:16:23.570 [error] local node self-trust was not added: node signing public-key artifact is absent — continuing with configured trusted identities
03:16:23.573 [error] local node self-trust was not added: node signing public-key artifact is absent — continuing with configured trusted identities
03:16:23.576 [error] local node self-trust was not added: node signing public-key artifact is absent — continuing with configured trusted identities
03:16:23.578 [error] local node self-trust was not added: node signing public-key artifact is absent — continuing with configured trusted identities
03:16:23.580 [warning] Commonplace.Bots.Worker.Perception: nil-degrade bot=alice reason=:no_mud_ctx
.03:16:23.588 [error] local node self-trust was not added: node signing public-key artifact is absent — continuing with configured trusted identities
03:16:23.591 [error] local node self-trust was not added: node signing public-key artifact is absent — continuing with configured trusted identities
03:16:23.593 [error] local node self-trust was not added: node signing public-key artifact is absent — continuing with configured trusted identities
03:16:23.595 [error] local node self-trust was not added: node signing public-key artifact is absent — continuing with configured trusted identities
03:16:23.599 [error] local node self-trust was not added: node signing public-key artifact is absent — continuing with configured trusted identities
03:16:23.604 [error] local node self-trust was not added: node signing public-key artifact is absent — continuing with configured trusted identities
03:16:23.607 [error] local node self-trust was not added: node signing public-key artifact is absent — continuing with configured trusted identities
03:16:23.610 [error] local node self-trust was not added: node signing public-key artifact is absent — continuing with configured trusted identities
03:16:23.612 [error] local node self-trust was not added: node signing public-key artifact is absent — continuing with configured trusted identities
03:16:23.616 [error] local node self-trust was not added: node signing public-key artifact is absent — continuing with configured trusted identities
03:16:23.618 [error] local node self-trust was not added: node signing public-key artifact is absent — continuing with configured trusted identities
03:16:23.659 [warning] Commonplace.Bots.Worker.Perception: nil-degrade bot=alice reason=:no_mud_ctx
03:16:23.660 [warning] CommitStore: local write DENIED by trust gate (enforce) doc_uuid=03e6db32-66ac-4388-9d36-092fdcc64d7a commit_id=ac8e95eedd5ffa7858011a27c236836fa80df49034791a9bfc43834896682bbf reason={:untrusted_signer, "abe9ab14-ed0f-4b41-ac5a-d38358a58ee4"}
.03:16:23.773 [error] local node self-trust was not added: node signing public-key artifact is absent — continuing with configured trusted identities
03:16:23.776 [error] local node self-trust was not added: node signing public-key artifact is absent — continuing with configured trusted identities
03:16:23.778 [error] local node self-trust was not added: node signing public-key artifact is absent — continuing with configured trusted identities
03:16:23.781 [error] local node self-trust was not added: node signing public-key artifact is absent — continuing with configured trusted identities
03:16:23.783 [error] local node self-trust was not added: node signing public-key artifact is absent — continuing with configured trusted identities
03:16:23.788 [warning] Commonplace.Bots.Worker.Perception: nil-degrade bot=alice reason=:no_mud_ctx
03:16:23.789 [error] local node self-trust was not added: node signing public-key artifact is absent — continuing with configured trusted identities
03:16:23.793 [warning] Commonplace.Bots.Worker.Perception: nil-degrade bot=alice reason=:no_mud_ctx
03:16:23.794 [error] local node self-trust was not added: node signing public-key artifact is absent — continuing with configured trusted identities
.....................03:16:28.896 [error] local node self-trust was not added: node signing public-key artifact is absent — continuing with configured trusted identities
03:16:28.899 [error] local node self-trust was not added: node signing public-key artifact is absent — continuing with configured trusted identities
03:16:28.901 [error] local node self-trust was not added: node signing public-key artifact is absent — continuing with configured trusted identities
03:16:28.903 [error] local node self-trust was not added: node signing public-key artifact is absent — continuing with configured trusted identities
.03:16:28.915 [error] local node self-trust was not added: node signing public-key artifact is absent — continuing with configured trusted identities
03:16:28.920 [error] local node self-trust was not added: node signing public-key artifact is absent — continuing with configured trusted identities
03:16:28.923 [error] local node self-trust was not added: node signing public-key artifact is absent — continuing with configured trusted identities
03:16:28.926 [error] local node self-trust was not added: node signing public-key artifact is absent — continuing with configured trusted identities
.03:16:28.936 [error] local node self-trust was not added: node signing public-key artifact is absent — continuing with configured trusted identities
03:16:28.939 [error] local node self-trust was not added: node signing public-key artifact is absent — continuing with configured trusted identities
03:16:28.941 [error] local node self-trust was not added: node signing public-key artifact is absent — continuing with configured trusted identities
03:16:28.943 [error] local node self-trust was not added: node signing public-key artifact is absent — continuing with configured trusted identities
.03:16:28.954 [error] local node self-trust was not added: node signing public-key artifact is absent — continuing with configured trusted identities
03:16:28.956 [error] local node self-trust was not added: node signing public-key artifact is absent — continuing with configured trusted identities
03:16:28.958 [error] local node self-trust was not added: node signing public-key artifact is absent — continuing with configured trusted identities
03:16:28.959 [error] local node self-trust was not added: node signing public-key artifact is absent — continuing with configured trusted identities
03:16:28.962 [error] local node self-trust was not added: node signing public-key artifact is absent — continuing with configured trusted identities
03:16:28.964 [error] local node self-trust was not added: node signing public-key artifact is absent — continuing with configured trusted identities
03:16:28.966 [error] local node self-trust was not added: node signing public-key artifact is absent — continuing with configured trusted identities
03:16:28.967 [error] local node self-trust was not added: node signing public-key artifact is absent — continuing with configured trusted identities
.03:16:28.978 [error] local node self-trust was not added: node signing public-key artifact is absent — continuing with configured trusted identities
03:16:28.980 [error] local node self-trust was not added: node signing public-key artifact is absent — continuing with configured trusted identities
03:16:28.982 [error] local node self-trust was not added: node signing public-key artifact is absent — continuing with configured trusted identities
03:16:28.984 [error] local node self-trust was not added: node signing public-key artifact is absent — continuing with configured trusted identities
03:16:28.987 [error] local node self-trust was not added: node signing public-key artifact is absent — continuing with configured trusted identities
.03:16:28.997 [error] local node self-trust was not added: node signing public-key artifact is absent — continuing with configured trusted identities
.03:16:29.008 [error] local node self-trust was not added: node signing public-key artifact is absent — continuing with configured trusted identities
03:16:29.010 [error] local node self-trust was not added: node signing public-key artifact is absent — continuing with configured trusted identities
03:16:29.014 [error] local node self-trust was not added: node signing public-key artifact is absent — continuing with configured trusted identities
03:16:29.016 [error] local node self-trust was not added: node signing public-key artifact is absent — continuing with configured trusted identities
03:16:29.018 [error] local node self-trust was not added: node signing public-key artifact is absent — continuing with configured trusted identities
.03:16:29.030 [error] local node self-trust was not added: node signing public-key artifact is absent — continuing with configured trusted identities
03:16:29.032 [error] local node self-trust was not added: node signing public-key artifact is absent — continuing with configured trusted identities
03:16:29.034 [error] local node self-trust was not added: node signing public-key artifact is absent — continuing with configured trusted identities
03:16:29.036 [error] local node self-trust was not added: node signing public-key artifact is absent — continuing with configured trusted identities
03:16:29.039 [error] local node self-trust was not added: node signing public-key artifact is absent — continuing with configured trusted identities
03:16:29.041 [error] local node self-trust was not added: node signing public-key artifact is absent — continuing with configured trusted identities
03:16:29.043 [error] local node self-trust was not added: node signing public-key artifact is absent — continuing with configured trusted identities
03:16:29.046 [error] local node self-trust was not added: node signing public-key artifact is absent — continuing with configured trusted identities
03:16:29.048 [error] local node self-trust was not added: node signing public-key artifact is absent — continuing with configured trusted identities
03:16:29.050 [error] local node self-trust was not added: node signing public-key artifact is absent — continuing with configured trusted identities
03:16:29.053 [error] local node self-trust was not added: node signing public-key artifact is absent — continuing with configured trusted identities
03:16:29.056 [error] local node self-trust was not added: node signing public-key artifact is absent — continuing with configured trusted identities
.03:16:29.109 [warning] Commonplace.Bots.Worker.Perception: nil-degrade bot=alice reason=:no_mud_ctx
.03:16:29.181 [warning] Commonplace.Bots.Worker.Perception: nil-degrade bot=alice reason=:no_mud_ctx
.03:16:29.266 [warning] Commonplace.Bots.Worker.Perception: nil-degrade bot=alice reason=:no_mud_ctx
.....03:16:30.514 [warning] CommitStore: local write DENIED by trust gate (enforce) doc_uuid=2e8f2e2d-a15e-4aec-a8c3-96ce864e2ba4 commit_id=1c7eabb320d9793452c7379960d7df461c65c6929168e7c6d9d7814978ad5ebe reason={:untrusted_signer, "7785b172-7edb-41e6-bfaa-c2b8adf5dff2"}
...03:16:31.091 [warning] Loop: transcript append exit: {:noproc, {GenServer, :call, [#PID<0.67858.0>, {:release_snapshot, %CubDB.Snapshot{db: #PID<0.67858.0>, btree: %CubDB.Btree{root: {:b, [{{:capability, <<28, 20, 231, 225, 125, 109, 115, 153, 89, 68, 74, 27, 89, 229, 177, 252, 123, 137, 191, 60, 33, 106, 126, 23, 72, 183, 153, 89, 247, 35, 248, 187>>}, 178012}, {{:commit, <<48, 45, 88, 220, 209, 175, 163, 36, 103, 106, 138, 252, 226, 39, 185, 19, 93, 90, 235, 11, 141, 204, 216, 206, 38, 254, 215, 234, 180, 114, 100, ...>>}, 130388}, {{:commit, <<102, 206, 170, 144, 240, 54, 98, 206, 207, 122, 239, 207, 176, 13, 168, 106, 161, 180, 197, 83, 183, 124, 39, 244, 132, 191, 40, 228, 170, 56, ...>>}, 84377}, {{:commit, <<158, 100, 112, 6, 149, 85, 22, 16, 201, 61, 244, 65, 184, 176, 87, 215, 66, 191, 102, 240, 90, 66, 241, 1, 172, 192, 141, 208, 88, ...>>}, 82340}, {{:commit, <<209, 255, 178, 214, 163, 150, 230, 42, 129, 84, 101, 11, 112, 97, 37, 14, 28, 189, 116, 41, 141, 239, 204, 10, 110, 161, 120, 241, ...>>}, 137971}, {{:latest, "0b233f2a-40ee-4bb4-a691-e6c2cd3a420c"}, 183193}, {{:latest, "adea517c-8670-4c39-80f7-fa8098b49a64"}, 175004}, {{:doc_commit, "00c3f03b-0776-4e2b-b120-c3345b89e259", <<116, 198, 229, 154, 193, 181, 94, 221, 210, 128, 65, 79, 197, 20, 184, 203, 87, 195, 143, 253, 85, 248, 181, 86, ...>>}, 118070}, {{:doc_commit, "2a0ccc91-fe50-4931-96af-d090d64bb093", <<6, 204, 98, 174, 239, 236, 116, 165, 214, 50, 136, 120, 194, 64, 191, 170, 16, 45, 2, 225, 30, 89, 179, ...>>}, 93481}, {{:doc_commit, "7434ca9a-6534-488a-855e-6a4b8ca679a0", <<80, 202, 87, 10, 91, 243, 110, 184, 176, 72, 152, 251, 203, 207, 250, 152, 56, 202, 42, 12, 52, 153, ...>>}, 180048}, {{:doc_commit, "c0312f0e-a3a2-4f08-8096-1748b24af746", <<179, 87, 58, 184, 32, 7, 57, 218, 130, 196, 211, 154, 84, 136, 31, 33, 156, 195, 30, 197, 12, ...>>}, 171463}]}, root_loc: 184196, size: 211, dirt: 42, store: %CubDB.Store.File{pid: #PID<0.67901.0>, file_path: "/tmp/cp_bots_chatroot_362149080/commits/2.cub"}, capacity: 32}, reader_ref: #Reference<0.3601874554.1797783553.104642>}}, :infinity]}}
.03:16:31.573 [warning] CommitStore: local write DENIED by trust gate (enforce) doc_uuid=82097e21-095c-42f5-8c15-f31fe7f7b601 commit_id=ce43b2b6024f76da1ce54746d66431804e2d7071aa1aa963522795365284471c reason=:unsigned
03:16:31.575 [warning] CommitStore: local write DENIED by trust gate (enforce) doc_uuid=18f612f2-69a4-4ed1-83d0-f1ed2d2bbe08 commit_id=e0ea119f349c062a214f65d13b444c0b223fdf5bf7b7d1fbc9edb248873f4e56 reason=:unsigned
03:16:31.600 [warning] CommitStore: local write DENIED by trust gate (enforce) doc_uuid=c6993e62-da7b-45a0-bc48-5ea0ec902e91 commit_id=b803e8ea3291dc9bec628d79ab49adcac2799231e5932880bc7c0a6fa43ae9cc reason=:unsigned
03:16:31.602 [warning] CommitStore: local write DENIED by trust gate (enforce) doc_uuid=5fcffa0c-ac2d-45bb-952d-522efbb3f06e commit_id=9db990ef0ddfe898e1b5fbd732b5ea0b8f9fd60f2ae02fe4429414eb0eaa5a19 reason=:unsigned
03:16:31.611 [warning] Loop: transcript append exit: {:noproc, {GenServer, :call, [#PID<0.67918.0>, {:release_snapshot, %CubDB.Snapshot{db: #PID<0.67918.0>, btree: %CubDB.Btree{root: {:b, [{{:capability, <<6, 236, 90, 200, 15, 48, 138, 20, 242, 244, 67, 107, 2, 211, 78, 12, 139, 117, 192, 9, 155, 126, 101, 230, 128, 219, 224, 246, 225, 206, 38, 221>>}, 142866}, {{:commit, <<37, 199, 97, 119, 7, 237, 187, 98, 161, 155, 185, 152, 114, 210, 66, 90, 196, 29, 226, 147, 123, 149, 179, 157, 153, 21, 20, 187, 160, 19, 150, ...>>}, 146624}, {{:commit, <<95, 166, 120, 180, 134, 208, 218, 240, 206, 187, 127, 95, 66, 202, 224, 254, 214, 57, 110, 254, 47, 58, 36, 74, 245, 63, 245, 231, 172, 134, ...>>}, 119708}, {{:commit, <<154, 218, 190, 2, 215, 223, 116, 8, 149, 220, 127, 150, 111, 10, 133, 253, 149, 119, 204, 241, 65, 110, 178, 192, 181, 171, 231, 117, 185, ...>>}, 120589}, {{:commit, <<194, 33, 102, 18, 201, 151, 62, 194, 61, 210, 157, 214, 221, 206, 233, 47, 159, 55, 255, 35, 103, 207, 4, 177, 22, 135, 178, 135, ...>>}, 108533}, {{:latest, "18f612f2-69a4-4ed1-83d0-f1ed2d2bbe08"}, 151486}, {{:latest, "a5208e11-6c5b-4d26-9b38-c82364df5e8c"}, 133941}, {{:doc_commit, "205a6eae-1964-42e7-8272-68d29948f1e4", <<78, 209, 88, 221, 100, 40, 96, 197, 31, 68, 29, 81, 246, 86, 114, 112, 246, 132, 118, 234, 185, 89, 103, 158, ...>>}, 93710}, {{:doc_commit, "30c64834-fa99-46cf-841f-7d71bff19337", <<199, 37, 161, 196, 246, 84, 182, 16, 146, 156, 119, 209, 36, 41, 101, 217, 204, 61, 35, 1, 85, 91, 72, ...>>}, 98032}, {{:doc_commit, "796392db-2799-4526-b6ac-99d5a0e86858", <<49, 238, 196, 163, 201, 235, 13, 140, 133, 7, 139, 225, 107, 217, 35, 89, 147, 179, 89, 240, 184, 240, ...>>}, 148540}, {{:doc_commit, "aa4e736c-2975-4115-b356-4262b74c701d", <<172, 226, 93, 48, 122, 174, 178, 39, 7, 190, 219, 246, 81, 64, 248, 237, 157, 164, 79, 194, 216, ...>>}, 130895}]}, root_loc: 152547, size: 200, dirt: 30, store: %CubDB.Store.File{pid: #PID<0.67961.0>, file_path: "/tmp/cp_bots_chatroot_777633269/commits/2.cub"}, capacity: 32}, reader_ref: #Reference<0.3601874554.1797783553.114286>}}, :infinity]}}
.
Finished in 58.1 seconds (3.1s async, 55.0s sync)
276 tests, 0 failures
==> commonplace_mcp
Running ExUnit with seed: 303, max_cases: 8
Excluding tags: [:scale, :corpus]

........................................................03:16:32.890 [error] local node self-trust was not added: node signing public-key artifact is absent — continuing with configured trusted identities
.03:16:33.026 [error] local node self-trust was not added: node signing public-key artifact is absent — continuing with configured trusted identities
.03:16:33.048 [error] local node self-trust was not added: node signing public-key artifact is absent — continuing with configured trusted identities
.03:16:33.113 [error] local node self-trust was not added: node signing public-key artifact is absent — continuing with configured trusted identities
.03:16:33.198 [error] local node self-trust was not added: node signing public-key artifact is absent — continuing with configured trusted identities
.03:16:33.266 [error] local node self-trust was not added: node signing public-key artifact is absent — continuing with configured trusted identities
.03:16:33.281 [error] local node self-trust was not added: node signing public-key artifact is absent — continuing with configured trusted identities
.03:16:33.316 [error] local node self-trust was not added: node signing public-key artifact is absent — continuing with configured trusted identities
.....03:16:33.397 [warning] AnubisServer.init/2 ("claude-code"): no presence_starter in :persistent_term. presence_info will return nil values. Check that Commonplace.MCP.AnubisServer.config/1 was called before Supervisor.start_link in the escript main/0.
.....................03:16:33.496 [error] local node self-trust was not added: node signing public-key artifact is absent — continuing with configured trusted identities
.03:16:33.579 [error] local node self-trust was not added: node signing public-key artifact is absent — continuing with configured trusted identities
.03:16:33.674 [error] local node self-trust was not added: node signing public-key artifact is absent — continuing with configured trusted identities
.03:16:33.696 [error] local node self-trust was not added: node signing public-key artifact is absent — continuing with configured trusted identities
.03:16:33.755 [error] local node self-trust was not added: node signing public-key artifact is absent — continuing with configured trusted identities
.03:16:33.834 [error] local node self-trust was not added: node signing public-key artifact is absent — continuing with configured trusted identities
.03:16:33.851 [error] local node self-trust was not added: node signing public-key artifact is absent — continuing with configured trusted identities
.03:16:33.961 [error] local node self-trust was not added: node signing public-key artifact is absent — continuing with configured trusted identities
.03:16:34.046 [error] local node self-trust was not added: node signing public-key artifact is absent — continuing with configured trusted identities
.03:16:34.080 [error] local node self-trust was not added: node signing public-key artifact is absent — continuing with configured trusted identities
.03:16:34.212 [error] local node self-trust was not added: node signing public-key artifact is absent — continuing with configured trusted identities
.03:16:34.274 [error] local node self-trust was not added: node signing public-key artifact is absent — continuing with configured trusted identities
.03:16:34.358 [error] local node self-trust was not added: node signing public-key artifact is absent — continuing with configured trusted identities
.03:16:34.416 [error] local node self-trust was not added: node signing public-key artifact is absent — continuing with configured trusted identities
.03:16:34.480 [error] local node self-trust was not added: node signing public-key artifact is absent — continuing with configured trusted identities
.03:16:34.551 [error] local node self-trust was not added: node signing public-key artifact is absent — continuing with configured trusted identities
.03:16:34.625 [error] local node self-trust was not added: node signing public-key artifact is absent — continuing with configured trusted identities
.03:16:34.657 [error] local node self-trust was not added: node signing public-key artifact is absent — continuing with configured trusted identities
.03:16:34.688 [error] local node self-trust was not added: node signing public-key artifact is absent — continuing with configured trusted identities
.03:16:34.765 [error] local node self-trust was not added: node signing public-key artifact is absent — continuing with configured trusted identities
.03:16:34.854 [error] local node self-trust was not added: node signing public-key artifact is absent — continuing with configured trusted identities
.03:16:34.871 [error] local node self-trust was not added: node signing public-key artifact is absent — continuing with configured trusted identities
.03:16:34.896 [error] local node self-trust was not added: node signing public-key artifact is absent — continuing with configured trusted identities
.03:16:34.917 [error] local node self-trust was not added: node signing public-key artifact is absent — continuing with configured trusted identities
.03:16:34.960 [error] local node self-trust was not added: node signing public-key artifact is absent — continuing with configured trusted identities
.............................03:16:35.933 [error] local node self-trust was not added: node signing public-key artifact is absent — continuing with configured trusted identities
.03:16:36.000 [error] local node self-trust was not added: node signing public-key artifact is absent — continuing with configured trusted identities
.03:16:36.077 [error] local node self-trust was not added: node signing public-key artifact is absent — continuing with configured trusted identities
.03:16:36.164 [error] local node self-trust was not added: node signing public-key artifact is absent — continuing with configured trusted identities
.03:16:36.247 [warning] CommitStore: local write would be DENIED by trust gate (dry_run — write still lands) doc_uuid=79e39f00-6e09-4458-b5b4-1f9ebeaaeaae commit_id=4bcc20a465ff316267a3cb8fe44b1a25ab7cee7a30788ae1556a76ad06eb96ed reason=:unsigned
.03:16:36.255 [warning] CommitStore: local write would be DENIED by trust gate (dry_run — write still lands) doc_uuid=40c3be32-e851-43c3-9c52-cfe65001eb9d commit_id=dea7b7f1d8c504af8cd6e0fe21490a7d0caa4f4c562f3eb7cccff30511f4d8f9 reason=:unsigned
.03:16:36.264 [warning] CommitStore: local write would be DENIED by trust gate (dry_run — write still lands) doc_uuid=7b025d11-5739-455b-a363-be4bbc5644fa commit_id=6f1a9d427db400e44574920ea37e3c3d4ae8238dd0aea1245b0806d56dcce7f1 reason=:unsigned
..03:16:36.278 [warning] CommitStore: local write would be DENIED by trust gate (dry_run — write still lands) doc_uuid=848b8792-3be6-42ab-845d-96499b0016d5 commit_id=18c9eef6d4cac0b39b635d67f5aafb30b642aeea26e39e2386e1c6ba43b9e176 reason=:unsigned
03:16:36.282 [warning] CommitStore: local write would be DENIED by trust gate (dry_run — write still lands) doc_uuid=1c472df0-864a-4de0-b6d2-9ebdcbb7e9e8 commit_id=c540cbd32d73671d4923917fd0b84164a920f9158070096c3b6cf7df1d3aab66 reason=:unsigned
.03:16:36.297 [warning] CommitStore: local write would be DENIED by trust gate (dry_run — write still lands) doc_uuid=6b6cf9e6-6757-46eb-a9d0-7d7e9724975d commit_id=f7dbbb142b0aa809574e137b60855c5527092673b58263a840ce6d326cc0c49d reason=:unsigned
.03:16:36.319 [warning] CommitStore: local write would be DENIED by trust gate (dry_run — write still lands) doc_uuid=d20f914b-e7db-4580-9b89-d2b8bb633557 commit_id=9a6fe81369c03bee641ca5c763118b539b3b591f8717fa8f395bd0ee6e42d31d reason=:unsigned
.03:16:36.329 [warning] CommitStore: local write would be DENIED by trust gate (dry_run — write still lands) doc_uuid=52194109-27c2-4864-b3a2-6e0ad459be34 commit_id=bbe942a1bad8ab6c2cbf33e106c0cbb6b8672315229c1de13883a04471956d4b reason=:unsigned
..03:16:36.343 [warning] CommitStore: local write would be DENIED by trust gate (dry_run — write still lands) doc_uuid=ce3c45ca-a3f4-4bb4-906c-abe972b49480 commit_id=fcc411d4c3b58567f6ad2958c9359f72005fd48b6dc37c25b661fe09fc056851 reason=:unsigned
.
Finished in 4.5 seconds (0.8s async, 3.7s sync)
156 tests, 0 failures
==> commonplace_web
Running ExUnit with seed: 303, max_cases: 8
Excluding tags: [feature: true]

.......................................................03:16:37.913 [error] local node self-trust was not added: node signing public-key artifact is absent — continuing with configured trusted identities
.03:16:37.934 [error] local node self-trust was not added: node signing public-key artifact is absent — continuing with configured trusted identities
.03:16:37.947 [error] local node self-trust was not added: node signing public-key artifact is absent — continuing with configured trusted identities
.03:16:37.983 [error] local node self-trust was not added: node signing public-key artifact is absent — continuing with configured trusted identities
.03:16:37.998 [error] local node self-trust was not added: node signing public-key artifact is absent — continuing with configured trusted identities
.03:16:38.013 [error] local node self-trust was not added: node signing public-key artifact is absent — continuing with configured trusted identities
.03:16:38.030 [error] local node self-trust was not added: node signing public-key artifact is absent — continuing with configured trusted identities
.03:16:38.207 [error] local node self-trust was not added: node signing public-key artifact is absent — continuing with configured trusted identities
.03:16:38.222 [error] local node self-trust was not added: node signing public-key artifact is absent — continuing with configured trusted identities
.03:16:38.240 [error] local node self-trust was not added: node signing public-key artifact is absent — continuing with configured trusted identities
.03:16:38.256 [error] local node self-trust was not added: node signing public-key artifact is absent — continuing with configured trusted identities
.03:16:38.270 [error] local node self-trust was not added: node signing public-key artifact is absent — continuing with configured trusted identities
.03:16:38.291 [error] local node self-trust was not added: node signing public-key artifact is absent — continuing with configured trusted identities
.03:16:38.306 [error] local node self-trust was not added: node signing public-key artifact is absent — continuing with configured trusted identities
.03:16:38.379 [error] local node self-trust was not added: node signing public-key artifact is absent — continuing with configured trusted identities
.03:16:38.434 [error] local node self-trust was not added: node signing public-key artifact is absent — continuing with configured trusted identities
.03:16:38.477 [error] local node self-trust was not added: node signing public-key artifact is absent — continuing with configured trusted identities
.03:16:38.529 [error] local node self-trust was not added: node signing public-key artifact is absent — continuing with configured trusted identities
.03:16:38.610 [error] local node self-trust was not added: node signing public-key artifact is absent — continuing with configured trusted identities
.03:16:38.643 [error] local node self-trust was not added: node signing public-key artifact is absent — continuing with configured trusted identities
.03:16:38.733 [error] local node self-trust was not added: node signing public-key artifact is absent — continuing with configured trusted identities
.03:16:38.837 [error] local node self-trust was not added: node signing public-key artifact is absent — continuing with configured trusted identities
.03:16:39.155 [error] local node self-trust was not added: node signing public-key artifact is absent — continuing with configured trusted identities
.03:16:39.207 [error] local node self-trust was not added: node signing public-key artifact is absent — continuing with configured trusted identities
.03:16:39.742 [error] local node self-trust was not added: node signing public-key artifact is absent — continuing with configured trusted identities
.03:16:40.094 [error] local node self-trust was not added: node signing public-key artifact is absent — continuing with configured trusted identities
.03:16:40.445 [error] local node self-trust was not added: node signing public-key artifact is absent — continuing with configured trusted identities
.03:16:40.798 [error] local node self-trust was not added: node signing public-key artifact is absent — continuing with configured trusted identities
.03:16:41.484 [error] local node self-trust was not added: node signing public-key artifact is absent — continuing with configured trusted identities
.03:16:41.515 [error] local node self-trust was not added: node signing public-key artifact is absent — continuing with configured trusted identities
.03:16:41.549 [error] local node self-trust was not added: node signing public-key artifact is absent — continuing with configured trusted identities
.03:16:41.562 [error] local node self-trust was not added: node signing public-key artifact is absent — continuing with configured trusted identities
.03:16:41.593 [error] local node self-trust was not added: node signing public-key artifact is absent — continuing with configured trusted identities
.03:16:41.741 [warning] EngineModule :look ("100ca11b-1004-4e55-9f66-a07788990011") fell back to last-good/floor: {:compile, :not_found}
03:16:41.751 [warning] EngineModule :parser ("aa11bb22-cc33-4d44-8e55-ff6677889900") fell back to last-good/floor: {:compile, :not_found}
..03:16:41.867 [warning] EngineModule :look ("100ca11b-1004-4e55-9f66-a07788990011") fell back to last-good/floor: {:compile, :not_found}
03:16:41.881 [warning] EngineModule :parser ("aa11bb22-cc33-4d44-8e55-ff6677889900") fell back to last-good/floor: {:compile, :not_found}
03:16:41.984 [warning] EngineModule :look ("100ca11b-1004-4e55-9f66-a07788990011") fell back to last-good/floor: {:compile, :not_found}
.03:16:42.113 [warning] EngineModule :look ("100ca11b-1004-4e55-9f66-a07788990011") fell back to last-good/floor: {:compile, :not_found}
.03:16:42.243 [warning] EngineModule :look ("100ca11b-1004-4e55-9f66-a07788990011") fell back to last-good/floor: {:compile, :not_found}
03:16:42.263 [warning] EngineModule :parser ("aa11bb22-cc33-4d44-8e55-ff6677889900") fell back to last-good/floor: {:compile, :not_found}
03:16:42.263 [warning] EngineModule :inventory ("200da22c-2005-4f66-a077-b18899001122") fell back to last-good/floor: {:compile, :not_found}
.03:16:42.364 [warning] EngineModule :look ("100ca11b-1004-4e55-9f66-a07788990011") fell back to last-good/floor: {:compile, :not_found}
.03:16:42.471 [warning] EngineModule :look ("100ca11b-1004-4e55-9f66-a07788990011") fell back to last-good/floor: {:compile, :not_found}
03:16:42.484 [warning] EngineModule :parser ("aa11bb22-cc33-4d44-8e55-ff6677889900") fell back to last-good/floor: {:compile, :not_found}
03:16:42.485 [warning] EngineModule :look ("100ca11b-1004-4e55-9f66-a07788990011") fell back to last-good/floor: {:compile, :not_found}
.03:16:42.608 [warning] EngineModule :look ("100ca11b-1004-4e55-9f66-a07788990011") fell back to last-good/floor: {:compile, :not_found}
03:16:42.646 [warning] EngineModule :look ("100ca11b-1004-4e55-9f66-a07788990011") fell back to last-good/floor: {:compile, :not_found}
.03:16:42.762 [warning] EngineModule :look ("100ca11b-1004-4e55-9f66-a07788990011") fell back to last-good/floor: {:compile, :not_found}
03:16:42.776 [warning] EngineModule :parser ("aa11bb22-cc33-4d44-8e55-ff6677889900") fell back to last-good/floor: {:compile, :not_found}
03:16:42.807 [warning] EngineModule :look ("100ca11b-1004-4e55-9f66-a07788990011") fell back to last-good/floor: {:compile, :not_found}
.03:16:42.942 [warning] EngineModule :look ("100ca11b-1004-4e55-9f66-a07788990011") fell back to last-good/floor: {:compile, :not_found}
.03:16:43.100 [warning] EngineModule :look ("100ca11b-1004-4e55-9f66-a07788990011") fell back to last-good/floor: {:compile, :not_found}
.03:16:43.158 [error] local node self-trust was not added: node signing public-key artifact is absent — continuing with configured trusted identities
..03:16:43.455 [error] local node self-trust was not added: node signing public-key artifact is absent — continuing with configured trusted identities
.03:16:43.467 [error] local node self-trust was not added: node signing public-key artifact is absent — continuing with configured trusted identities
03:16:43.470 [error] local node self-trust was not added: node signing public-key artifact is absent — continuing with configured trusted identities
...03:16:43.757 [error] local node self-trust was not added: node signing public-key artifact is absent — continuing with configured trusted identities
...03:16:44.043 [error] local node self-trust was not added: node signing public-key artifact is absent — continuing with configured trusted identities
.03:16:44.310 [error] local node self-trust was not added: node signing public-key artifact is absent — continuing with configured trusted identities
.03:16:44.328 [error] local node self-trust was not added: node signing public-key artifact is absent — continuing with configured trusted identities
.03:16:44.365 [error] local node self-trust was not added: node signing public-key artifact is absent — continuing with configured trusted identities
.03:16:44.379 [error] local node self-trust was not added: node signing public-key artifact is absent — continuing with configured trusted identities
.03:16:44.411 [error] local node self-trust was not added: node signing public-key artifact is absent — continuing with configured trusted identities
.03:16:44.445 [error] local node self-trust was not added: node signing public-key artifact is absent — continuing with configured trusted identities
........03:16:44.504 [error] local node self-trust was not added: node signing public-key artifact is absent — continuing with configured trusted identities
03:16:44.634 [error] local node self-trust was not added: node signing public-key artifact is absent — continuing with configured trusted identities
.03:16:44.899 [error] local node self-trust was not added: node signing public-key artifact is absent — continuing with configured trusted identities
.03:16:44.979 [error] local node self-trust was not added: node signing public-key artifact is absent — continuing with configured trusted identities
.03:16:45.016 [error] local node self-trust was not added: node signing public-key artifact is absent — continuing with configured trusted identities
.03:16:45.108 [error] local node self-trust was not added: node signing public-key artifact is absent — continuing with configured trusted identities
.03:16:45.214 [error] local node self-trust was not added: node signing public-key artifact is absent — continuing with configured trusted identities
.03:16:45.315 [error] local node self-trust was not added: node signing public-key artifact is absent — continuing with configured trusted identities
.03:16:45.425 [error] local node self-trust was not added: node signing public-key artifact is absent — continuing with configured trusted identities
.03:16:45.503 [error] local node self-trust was not added: node signing public-key artifact is absent — continuing with configured trusted identities
.03:16:45.593 [error] local node self-trust was not added: node signing public-key artifact is absent — continuing with configured trusted identities
.03:16:45.710 [error] local node self-trust was not added: node signing public-key artifact is absent — continuing with configured trusted identities
.03:16:45.825 [error] local node self-trust was not added: node signing public-key artifact is absent — continuing with configured trusted identities
.
Finished in 9.5 seconds (1.3s async, 8.2s sync)
12 features, 134 tests, 0 failures, 12 excluded
