==> phoenix
Compiling 74 files (.ex)
Generated phoenix app
==> phoenix_live_view
Compiling 49 files (.ex)
Generated phoenix_live_view app
==> httpoison
Compiling 3 files (.ex)
Generated httpoison app
==> wallaby
Compiling 29 files (.ex)
Generated wallaby app
==> uuid
Compiling 1 file (.ex)
    warning: use Bitwise is deprecated. import Bitwise instead
    │
  2 │   use Bitwise, only_operators: true
    │   ~~~~~~~~~~~~~~~~~~~~~~~~~~~~~~~~~
    │
    └─ lib/uuid.ex:2: UUID (module)

Generated uuid app
==> yelixer
Compiling 19 files (.ex)
Generated yelixer app
==> commonplace
cc -O2 -Wall -Wextra -fPIC -I/home/jes/.asdf/installs/erlang/27.3.4.8/erts-15.2.7.6/include -shared -o /home/jes/sol-measure/_build/test/lib/commonplace/priv/flock_nif.so c_src/flock_nif.c
Compiling 250 files (.ex)
Generated commonplace app
==> commonplace_cli
Compiling 39 files (.ex)
Generated commonplace_cli app
==> commonplace_bots
Compiling 46 files (.ex)
Generated commonplace_bots app
==> commonplace_mcp
Compiling 38 files (.ex)
Generated commonplace_mcp app
==> commonplace_web
Compiling 31 files (.ex)
Generated commonplace_web app
==> yelixer
Running ExUnit with seed: 101, max_cases: 8

....................................................................................................................................................................................................................................................................................................................................................................................................?????????
=== CX-mchn 2-round repro ===
??reconstructed text: "World"

=== CX-mchn minimal parent_sub-inheritance repro ===
PRE encode/decode: fresh item origin=nil right_origin=nil parent_sub=nil deleted=false
POST encode/decode re-fold: replayed item parent_sub=nil deleted=false
Text.to_string(replay, "content") = "Hello World"

=== CX-mchn fresh-client repro dump ===
reconstructed text: "World"


  0) Yelixer.DiffYjsTest: failure on setup_all callback, all tests have been invalidated
     ** (RuntimeError) Yjs stable oracle import failed with status 1.
     Install the pinned test dependency with:
       npm ci --prefix apps/yelixer/test/fixtures

     Node output:
     node:internal/modules/package_json_reader:301
       throw new ERR_MODULE_NOT_FOUND(packageName, fileURLToPath(base), null);
             ^

     Error [ERR_MODULE_NOT_FOUND]: Cannot find package 'yjs-stable' imported from /home/jes/sol-measure/apps/yelixer/test/fixtures/yjs_diff_driver.mjs
         at Object.getPackageJSONURL (node:internal/modules/package_json_reader:301:9)
         at packageResolve (node:internal/modules/esm/resolve:769:81)
         at moduleResolve (node:internal/modules/esm/resolve:860:18)
         at defaultResolve (node:internal/modules/esm/resolve:992:11)
         at #cachedDefaultResolve (node:internal/modules/esm/loader:719:20)
         at #resolveAndMaybeBlockOnLoaderThread (node:internal/modules/esm/loader:736:38)
         at ModuleLoader.resolveSync (node:internal/modules/esm/loader:765:52)
         at #resolve (node:internal/modules/esm/loader:701:17)
         at ModuleLoader.getOrCreateModuleJob (node:internal/modules/esm/loader:621:35)
         at onImport.tracePromise.__proto__ (node:internal/modules/esm/loader:650:32) {
       code: 'ERR_MODULE_NOT_FOUND'
     }

     Node.js v24.13.1

     stacktrace:
       test/yelixer/diff_yjs_test.exs:44: Yelixer.DiffYjsTest.__ex_unit_setup_all_0/1
       test/yelixer/diff_yjs_test.exs:1: Yelixer.DiffYjsTest.__ex_unit__/2

.................
=== CX-mchn accumulated repro ===
first corrupting round: nil (nil = survived all rounds)
.
=== CX-mchn fixture repro ===
fixture content prefix: "{\"description\":\"A snug antechamber of fitted grey stone, wor"
seeded state_vector: %Yelixer.StateVector{clocks: %{138940312 => 1, 259424165 => 17909, 330072191 => 161, 895170087 => 298, 1907744778 => 434, 2093987173 => 903, 2098723649 => 6353, 2581182098 => 344, 2777056184 => 3322, 3221297649 => 388}}
seeded delete_set: %Yelixer.DeleteSet{clients: %{259424165 => [{0, 17006}], 330072191 => [{2, 161}], 895170087 => [{0, 298}], 1907744778 => [{0, 434}], 2093987173 => [{0, 903}], 2098723649 => [{0, 6353}], 2581182098 => [{0, 344}], 2777056184 => [{0, 3322}], 3221297649 => [{0, 388}]}}
edited delete_set: %Yelixer.DeleteSet{clients: %{259424165 => [{0, 17909}], 330072191 => [{2, 161}], 895170087 => [{0, 298}], 1907744778 => [{0, 434}], 2093987173 => [{0, 903}], 2098723649 => [{0, 6353}], 2581182098 => [{0, 344}], 2777056184 => [{0, 3322}], 3221297649 => [{0, 388}]}}
fresh insert item (PRE encode/decode, in edited.store) id=(client=1, clock=0) length=927 origin=nil right_origin=nil deleted=false parent={:named, "content"} parent_sub=nil
live-sequence length AFTER delete, BEFORE insert (get_sequence): 1
all deleted?: false
delete_set ranges for edited.client_id (1): []
reconstructed after delete-all+reinsert: "{\"description\":\"A snug antechamber of fitted grey stone, wor" (len=927)
fresh doc's copy of the (client=1,clock=0) item: %Yelixer.Item{id: %Yelixer.ID{client: 1, clock: 0}, origin: nil, right_origin: nil, content: {:string, "{\"description\":\"A snug antechamber of fitted grey stone, worn smooth by every traveller who paused here before setting out — the threshold of the whole demesne. Six ways lead onward: stairs wind DOWN into the soot-dark Ashfall Forge and UP to the ringing Smithy; a forest path runs NORTH; a sunlit clearing opens EAST toward the Convergence; a low door SOUTH breathes tavern-warmth from the Copper Lantern; and a cold passage WEST ends at a dialed vault. A carved SIGNPOST stands at the room's heart for those unsure where to wander.\",\"exits\":{\"down\":\"579b4a5a-f54e-4e9e-abee-d44951b02f9c\",\"east\":\"23b15303-4c06-4c85-abeb-74dccff7b201\",\"north\":\"498cc582-0589-4376-92f3-450a8d2070f8\",\"probeexit\":\"somewhere\",\"south\":\"70a3ef10-2c17-4c46-81cb-71894b686bee\",\"up\":\"86b0bf2c-5d45-4f7c-b439-7db4aed37d3a\",\"west\":\"a5962faf-dc21-4dd4-9f3d-d386604579ff\"},\"kind\":\"room\",\"name\":\"The Start Room\",\"tick_interval_ms\":null,\"tick_message\":null}"}, parent: {:named, "content"}, parent_sub: nil, deleted: false, length: 927}
fresh.delete_set: %Yelixer.DeleteSet{clients: %{259424165 => [{0, 17909}], 330072191 => [{2, 161}], 895170087 => [{0, 298}], 1907744778 => [{0, 434}], 2093987173 => [{0, 903}], 2098723649 => [{0, 6353}], 2581182098 => [{0, 344}], 2777056184 => [{0, 3322}], 3221297649 => [{0, 388}]}}
DeleteSet.deleted?(fresh.delete_set, 1, 0): false
.......
Finished in 49.6 seconds (49.5s async, 0.1s sync)
1 doctest, 33 properties, 390 tests, 0 failures, 11 invalid
==> commonplace
Running ExUnit with seed: 101, max_cases: 8
Excluding tags: [:scale, :corpus]

..................................02:43:04.763 [warning] flock failed on /tmp/cp_gb_sidecar_542203610/.commonplace/a.txt.json: :enoent, proceeding without lock
02:43:04.777 [warning] flock failed on /tmp/cp_gb_sidecar_542203610/.commonplace/sub/b.json.json: :enoent, proceeding without lock
02:43:04.788 [warning] flock failed on /tmp/cp_gb_sidecar_542203610/.commonplace/mount.json: :enoent, proceeding without lock
.02:43:04.798 [warning] flock failed on /tmp/cp_gb_sidecar_588274446/.commonplace/a.txt.json: :enoent, proceeding without lock
02:43:04.804 [warning] flock failed on /tmp/cp_gb_sidecar_588274446/.commonplace/sub/b.json.json: :enoent, proceeding without lock
02:43:04.810 [warning] flock failed on /tmp/cp_gb_sidecar_588274446/.commonplace/mount.json: :enoent, proceeding without lock
...02:43:04.840 [warning] flock failed on /tmp/cp_gb_sidecar_928053353/.commonplace/a.txt.json: :enoent, proceeding without lock
02:43:04.852 [warning] flock failed on /tmp/cp_gb_sidecar_928053353/.commonplace/mount.json: :enoent, proceeding without lock
...02:43:05.761 [error] local node self-trust was not added: node signing public-key artifact is absent — continuing with configured trusted identities
....................................02:43:05.924 [error] local node self-trust was not added: node signing public-key artifact is absent — continuing with configured trusted identities
02:43:05.928 [error] local node self-trust was not added: node signing public-key artifact is absent — continuing with configured trusted identities
02:43:05.934 [error] local node self-trust was not added: node signing public-key artifact is absent — continuing with configured trusted identities
02:43:05.945 [error] local node self-trust was not added: node signing public-key artifact is absent — continuing with configured trusted identities
02:43:05.950 [error] local node self-trust was not added: node signing public-key artifact is absent — continuing with configured trusted identities
02:43:05.963 [error] local node self-trust was not added: node signing public-key artifact is absent — continuing with configured trusted identities
02:43:05.976 [error] local node self-trust was not added: node signing public-key artifact is absent — continuing with configured trusted identities
02:43:05.996 [warning] flock failed on /tmp/cp_gb_rs_repo_44334129/plaza/annex/note.txt: :enoent, proceeding without lock
02:43:06.009 [warning] flock failed on /tmp/cp_gb_rs_repo_44334129/plaza/sign.txt: :enoent, proceeding without lock
02:43:06.021 [warning] flock failed on /tmp/cp_gb_rs_repo_44334129/top.txt: :enoent, proceeding without lock
.02:43:06.069 [error] local node self-trust was not added: node signing public-key artifact is absent — continuing with configured trusted identities
02:43:06.078 [error] local node self-trust was not added: node signing public-key artifact is absent — continuing with configured trusted identities
02:43:06.083 [error] local node self-trust was not added: node signing public-key artifact is absent — continuing with configured trusted identities
02:43:06.090 [error] local node self-trust was not added: node signing public-key artifact is absent — continuing with configured trusted identities
02:43:06.100 [warning] flock failed on /tmp/cp_gb_rs_repo_986272508/home2/item.txt: :enoent, proceeding without lock
02:43:06.115 [error] local node self-trust was not added: node signing public-key artifact is absent — continuing with configured trusted identities
.02:43:06.155 [error] local node self-trust was not added: node signing public-key artifact is absent — continuing with configured trusted identities
02:43:06.162 [error] local node self-trust was not added: node signing public-key artifact is absent — continuing with configured trusted identities
02:43:06.171 [error] local node self-trust was not added: node signing public-key artifact is absent — continuing with configured trusted identities
02:43:06.183 [error] local node self-trust was not added: node signing public-key artifact is absent — continuing with configured trusted identities
02:43:06.196 [error] local node self-trust was not added: node signing public-key artifact is absent — continuing with configured trusted identities
02:43:06.215 [warning] flock failed on /tmp/cp_gb_rs_repo_926207411/home/item.txt: :enoent, proceeding without lock
.02:43:06.256 [error] local node self-trust was not added: node signing public-key artifact is absent — continuing with configured trusted identities
02:43:06.266 [error] local node self-trust was not added: node signing public-key artifact is absent — continuing with configured trusted identities
02:43:06.272 [error] local node self-trust was not added: node signing public-key artifact is absent — continuing with configured trusted identities
02:43:06.285 [error] local node self-trust was not added: node signing public-key artifact is absent — continuing with configured trusted identities
02:43:06.293 [error] local node self-trust was not added: node signing public-key artifact is absent — continuing with configured trusted identities
02:43:06.309 [error] local node self-trust was not added: node signing public-key artifact is absent — continuing with configured trusted identities
02:43:06.316 [error] local node self-trust was not added: node signing public-key artifact is absent — continuing with configured trusted identities
02:43:06.327 [warning] flock failed on /tmp/cp_gb_rs_repo_820157868/lobby.txt: :enoent, proceeding without lock
.....................02:43:08.129 [error] Process #PID<0.6162.0> raised an exception
** (RuntimeError) intentional
    test/commonplace/snapshot_worker_test.exs:97: anonymous fn/4 in Commonplace.SnapshotWorkerTest."test a crashing trigger does not take down the worker and still re-dispatches pending"/1
......02:43:08.396 [error] local node self-trust was not added: node signing public-key artifact is absent — continuing with configured trusted identities
..SKIPPED: no unloaded module found across [:commonplace, :commonplace_bots, :commonplace_web, :commonplace_mcp, :commonplace_cli, :yelixer] in this test VM; cannot prove resident_digest/1 avoids force-loading without one.
....02:43:08.419 [error] local node self-trust was not added: node signing public-key artifact is absent — continuing with configured trusted identities
..........02:43:08.436 [error] local node self-trust was not added: node signing public-key artifact is absent — continuing with configured trusted identities
02:43:08.455 [error] local node self-trust was not added: node signing public-key artifact is absent — continuing with configured trusted identities
02:43:08.460 [error] local node self-trust was not added: node signing public-key artifact is absent — continuing with configured trusted identities
02:43:08.466 [error] local node self-trust was not added: node signing public-key artifact is absent — continuing with configured trusted identities
02:43:08.473 [error] local node self-trust was not added: node signing public-key artifact is absent — continuing with configured trusted identities
02:43:08.492 [warning] flock failed on /tmp/cp_gb_exporter_repo_66629038/a.txt: :enoent, proceeding without lock
02:43:08.504 [warning] flock failed on /tmp/cp_gb_exporter_repo_66629038/b.json: :enoent, proceeding without lock
.02:43:08.559 [error] local node self-trust was not added: node signing public-key artifact is absent — continuing with configured trusted identities
.02:43:08.643 [error] local node self-trust was not added: node signing public-key artifact is absent — continuing with configured trusted identities
02:43:08.656 [error] local node self-trust was not added: node signing public-key artifact is absent — continuing with configured trusted identities
02:43:08.683 [warning] flock failed on /tmp/cp_gb_exporter_repo_521801801/a.txt: :enoent, proceeding without lock
02:43:08.697 [error] local node self-trust was not added: node signing public-key artifact is absent — continuing with configured trusted identities
.02:43:08.795 [error] local node self-trust was not added: node signing public-key artifact is absent — continuing with configured trusted identities
02:43:08.820 [error] local node self-trust was not added: node signing public-key artifact is absent — continuing with configured trusted identities
02:43:08.843 [warning] flock failed on /tmp/cp_gb_exporter_repo_37925269/signed.txt: :enoent, proceeding without lock
.02:43:08.917 [error] local node self-trust was not added: node signing public-key artifact is absent — continuing with configured trusted identities
02:43:08.941 [error] local node self-trust was not added: node signing public-key artifact is absent — continuing with configured trusted identities
02:43:08.962 [error] local node self-trust was not added: node signing public-key artifact is absent — continuing with configured trusted identities
02:43:08.980 [warning] flock failed on /tmp/cp_gb_exporter_repo_863344399/subdir/nested.txt: :enoent, proceeding without lock
.02:43:09.038 [error] local node self-trust was not added: node signing public-key artifact is absent — continuing with configured trusted identities
02:43:09.045 [error] local node self-trust was not added: node signing public-key artifact is absent — continuing with configured trusted identities
02:43:09.055 [error] local node self-trust was not added: node signing public-key artifact is absent — continuing with configured trusted identities
02:43:09.071 [warning] flock failed on /tmp/cp_gb_exporter_repo_296396964/ok.txt: :enoent, proceeding without lock
.02:43:09.124 [error] local node self-trust was not added: node signing public-key artifact is absent — continuing with configured trusted identities
02:43:09.131 [error] local node self-trust was not added: node signing public-key artifact is absent — continuing with configured trusted identities
02:43:09.144 [warning] flock failed on /tmp/cp_gb_exporter_repo_956321538/_outline: :enoent, proceeding without lock
.02:43:09.199 [error] local node self-trust was not added: node signing public-key artifact is absent — continuing with configured trusted identities
.02:43:09.304 [error] local node self-trust was not added: node signing public-key artifact is absent — continuing with configured trusted identities
..........................................................Cannot start: another process already owns this workspace.
  Lock: /tmp/cp_workspace_lock_206813482/serve.lock
  Reason: :would_block
  Holder unknown (no orchestrator.pid present).
Stop the other serve process first.
02:43:10.718 [error] Cannot start: another process already owns this workspace.
  Lock: /tmp/cp_workspace_lock_206813482/serve.lock
  Reason: :would_block
  Holder unknown (no orchestrator.pid present).
Stop the other serve process first.
.02:43:10.734 [error] Cannot start: another process already owns this workspace.
  Lock: /tmp/cp_workspace_lock_150861176/serve.lock
  Reason: :would_block
  Holder unknown (no orchestrator.pid present).
Stop the other serve process first.
Cannot start: another process already owns this workspace.
  Lock: /tmp/cp_workspace_lock_150861176/serve.lock
  Reason: :would_block
  Holder unknown (no orchestrator.pid present).
Stop the other serve process first.
.Cannot start: another process already owns this workspace.
  Lock: /tmp/cp_workspace_lock_509951349/serve.lock
  Reason: :would_block
  Holder unknown (no orchestrator.pid present).
Stop the other serve process first.
02:43:10.753 [error] Cannot start: another process already owns this workspace.
  Lock: /tmp/cp_workspace_lock_509951349/serve.lock
  Reason: :would_block
  Holder unknown (no orchestrator.pid present).
Stop the other serve process first.
..................................................     warning: function seed_view_doc/1 is unused
     │
 174 │   defp seed_view_doc(store) do
     │        ~
     │
     └─ test/commonplace/view_compute_test.exs:174:8: Commonplace.ViewComputeTest (module)

     warning: function seed_messages_doc/1 is unused
     │
 166 │   defp seed_messages_doc(store) do
     │        ~
     │
     └─ test/commonplace/view_compute_test.exs:166:8: Commonplace.ViewComputeTest (module)

..................................02:43:13.115 [error] local node self-trust was not added: node signing public-key artifact is absent — continuing with configured trusted identities
........................................................................................................................................................................................................................................................02:43:22.352 [warning] flock timeout on /tmp/cp_flock_test_117649/lockable.txt, proceeding without lock
.....................................................................02:43:22.879 [warning] flock failed on /tmp/cp_flock_test_401271/restricted.txt: :eacces, proceeding without lock
....02:43:23.058 [warning] flock failed on /tmp/cp_flock_test_206286/does_not_exist.txt: :enoent, proceeding without lock
.......    warning: this clause of defp restore/2 is never used
    │
 37 │   defp restore(:data_dir, nil), do: Application.put_env(:commonplace, :data_dir, "tmp/test_data")
    │        ~
    │
    └─ test/commonplace/tree/doc_builder_lazy_snapshot_test.exs:37:8: Commonplace.Tree.DocBuilderLazySnapshotTest.restore/2

    warning: Commonplace.UserProcess.HotTarget.version/1 is undefined (module Commonplace.UserProcess.HotTarget is not available or is yet to be defined)
    │
 57 │       assert Commonplace.UserProcess.HotTarget.version(original_pid) == 1
    │                                                ~
    │
    └─ test/commonplace/process/hot_reload_test.exs:57:48: Commonplace.Process.HotReloadTest."test hot code reload running process gets new behavior without pid changing"/1
    └─ test/commonplace/process/hot_reload_test.exs:78:48: Commonplace.Process.HotReloadTest."test hot code reload running process gets new behavior without pid changing"/1

     warning: Commonplace.UserProcess.Stateful.increment/1 is undefined (module Commonplace.UserProcess.Stateful is not available or is yet to be defined)
     │
 109 │       Commonplace.UserProcess.Stateful.increment(pid)
     │                                        ~
     │
     └─ test/commonplace/process/hot_reload_test.exs:109:40: Commonplace.Process.HotReloadTest."test hot code reload GenServer keeps its state across hot reload"/1
     └─ test/commonplace/process/hot_reload_test.exs:110:40: Commonplace.Process.HotReloadTest."test hot code reload GenServer keeps its state across hot reload"/1
     └─ test/commonplace/process/hot_reload_test.exs:111:40: Commonplace.Process.HotReloadTest."test hot code reload GenServer keeps its state across hot reload"/1

     warning: Commonplace.UserProcess.Stateful.get_counter/1 is undefined (module Commonplace.UserProcess.Stateful is not available or is yet to be defined)
     │
 112 │       assert Commonplace.UserProcess.Stateful.get_counter(pid) == 3
     │                                               ~
     │
     └─ test/commonplace/process/hot_reload_test.exs:112:47: Commonplace.Process.HotReloadTest."test hot code reload GenServer keeps its state across hot reload"/1
     └─ test/commonplace/process/hot_reload_test.exs:133:47: Commonplace.Process.HotReloadTest."test hot code reload GenServer keeps its state across hot reload"/1

     warning: Commonplace.UserProcess.Stateful.version/1 is undefined (module Commonplace.UserProcess.Stateful is not available or is yet to be defined)
     │
 113 │       assert Commonplace.UserProcess.Stateful.version(pid) == :v1
     │                                               ~
     │
     └─ test/commonplace/process/hot_reload_test.exs:113:47: Commonplace.Process.HotReloadTest."test hot code reload GenServer keeps its state across hot reload"/1
     └─ test/commonplace/process/hot_reload_test.exs:135:47: Commonplace.Process.HotReloadTest."test hot code reload GenServer keeps its state across hot reload"/1

.................02:43:27.088 [error] local node self-trust was not added: node signing public-key artifact is absent — continuing with configured trusted identities
.02:43:27.097 [error] local node self-trust was not added: node signing public-key artifact is absent — continuing with configured trusted identities
02:43:27.100 [error] local node self-trust was not added: node signing public-key artifact is absent — continuing with configured trusted identities
.02:43:27.106 [error] local node self-trust was not added: node signing public-key artifact is absent — continuing with configured trusted identities
.02:43:27.117 [error] local node self-trust was not added: node signing public-key artifact is absent — continuing with configured trusted identities
02:43:27.122 [error] local node self-trust was not added: node signing public-key artifact is absent — continuing with configured trusted identities
02:43:27.125 [error] local node self-trust was not added: node signing public-key artifact is absent — continuing with configured trusted identities
.02:43:27.133 [error] local node self-trust was not added: node signing public-key artifact is absent — continuing with configured trusted identities
02:43:27.135 [error] local node self-trust was not added: node signing public-key artifact is absent — continuing with configured trusted identities
.02:43:27.141 [error] local node self-trust was not added: node signing public-key artifact is absent — continuing with configured trusted identities
02:43:27.144 [error] local node self-trust was not added: node signing public-key artifact is absent — continuing with configured trusted identities
.02:43:27.149 [error] local node self-trust was not added: node signing public-key artifact is absent — continuing with configured trusted identities
02:43:27.152 [error] local node self-trust was not added: node signing public-key artifact is absent — continuing with configured trusted identities
02:43:27.153 [warning] CommitStore: local write DENIED by trust gate (enforce) doc_uuid=7f9a9e8b-26a3-4026-a75d-b20d79f6a257 commit_id=115bc509b9d919b8d168102f47e6e26bd2f7c33e7893db76c06ccb72ecb721b0 reason={:untrusted_signer, "bbbb0000-0000-0000-0000-98867720232"}
.02:43:27.160 [error] local node self-trust was not added: node signing public-key artifact is absent — continuing with configured trusted identities
.02:43:27.169 [error] local node self-trust was not added: node signing public-key artifact is absent — continuing with configured trusted identities
.02:43:27.177 [error] local node self-trust was not added: node signing public-key artifact is absent — continuing with configured trusted identities
02:43:27.180 [error] local node self-trust was not added: node signing public-key artifact is absent — continuing with configured trusted identities
.02:43:27.186 [error] local node self-trust was not added: node signing public-key artifact is absent — continuing with configured trusted identities
02:43:27.190 [error] local node self-trust was not added: node signing public-key artifact is absent — continuing with configured trusted identities
02:43:27.191 [error] local node self-trust was not added: node signing public-key artifact is absent — continuing with configured trusted identities
...........02:43:27.198 [error] local node self-trust was not added: node signing public-key artifact is absent — continuing with configured trusted identities
.02:43:27.304 [error] local node self-trust was not added: node signing public-key artifact is absent — continuing with configured trusted identities
.02:43:27.340 [error] local node self-trust was not added: node signing public-key artifact is absent — continuing with configured trusted identities
.02:43:27.406 [error] Commonplace.Trust.AuditDispatcher: FAILED to persist 2 denial audit record(s) — denials are still being ENFORCED but are no longer being RECORDED in the substrate. reason={:exit, {:noproc, {GenServer, :call, [#PID<0.8948.0>, {:snapshot, :infinity}, :infinity]}}}
.02:43:27.455 [error] local node self-trust was not added: node signing public-key artifact is absent — continuing with configured trusted identities
.02:43:27.515 [error] local node self-trust was not added: node signing public-key artifact is absent — continuing with configured trusted identities
.02:43:27.584 [error] local node self-trust was not added: node signing public-key artifact is absent — continuing with configured trusted identities
....................02:43:27.932 [warning] flock failed on /tmp/cp_inode_sync_234611/__reflog/server/__snapshot: :enoent, proceeding without lock
..................02:43:28.977 [warning] flock failed on /tmp/cp_reflog_checkout_dest_263579382/at-c1/docs/readme.md: :enoent, proceeding without lock
02:43:28.980 [warning] flock failed on /tmp/cp_reflog_checkout_dest_263579382/at-c1/keep.txt: :enoent, proceeding without lock
02:43:28.982 [warning] flock failed on /tmp/cp_reflog_checkout_dest_263579382/at-c1/notes.txt: :enoent, proceeding without lock
02:43:28.991 [warning] flock failed on /tmp/cp_reflog_checkout_dest_263579382/at-c2/added.txt: :enoent, proceeding without lock
02:43:28.997 [warning] flock failed on /tmp/cp_reflog_checkout_dest_263579382/at-c2/docs/readme.md: :enoent, proceeding without lock
02:43:29.000 [warning] flock failed on /tmp/cp_reflog_checkout_dest_263579382/at-c2/keep.txt: :enoent, proceeding without lock
02:43:29.003 [warning] flock failed on /tmp/cp_reflog_checkout_dest_263579382/at-c2/notes.txt: :enoent, proceeding without lock
.02:43:29.076 [warning] flock failed on /tmp/cp_reflog_checkout_dest_751893264/unrelated-dest/docs/readme.md: :enoent, proceeding without lock
02:43:29.080 [warning] flock failed on /tmp/cp_reflog_checkout_dest_751893264/unrelated-dest/keep.txt: :enoent, proceeding without lock
02:43:29.082 [warning] flock failed on /tmp/cp_reflog_checkout_dest_751893264/unrelated-dest/notes.txt: :enoent, proceeding without lock
...02:43:29.275 [warning] flock failed on /tmp/cp_reflog_checkout_dest_97625791/zero-writes/docs/readme.md: :enoent, proceeding without lock
02:43:29.278 [warning] flock failed on /tmp/cp_reflog_checkout_dest_97625791/zero-writes/keep.txt: :enoent, proceeding without lock
02:43:29.280 [warning] flock failed on /tmp/cp_reflog_checkout_dest_97625791/zero-writes/notes.txt: :enoent, proceeding without lock
.02:43:29.350 [warning] flock failed on /tmp/cp_reflog_checkout_dest_74397021/nonempty/docs/readme.md: :enoent, proceeding without lock
02:43:29.353 [warning] flock failed on /tmp/cp_reflog_checkout_dest_74397021/nonempty/keep.txt: :enoent, proceeding without lock
02:43:29.355 [warning] flock failed on /tmp/cp_reflog_checkout_dest_74397021/nonempty/notes.txt: :enoent, proceeding without lock
.02:43:29.407 [warning] flock failed on /tmp/cp_reflog_checkout_dest_613466378/derivation-record/docs/readme.md: :enoent, proceeding without lock
02:43:29.410 [warning] flock failed on /tmp/cp_reflog_checkout_dest_613466378/derivation-record/keep.txt: :enoent, proceeding without lock
02:43:29.416 [warning] flock failed on /tmp/cp_reflog_checkout_dest_613466378/derivation-record/notes.txt: :enoent, proceeding without lock
..02:43:29.511 [error] local node self-trust was not added: node signing public-key artifact is absent — continuing with configured trusted identities
02:43:29.513 [error] local node self-trust was not added: node signing public-key artifact is absent — continuing with configured trusted identities
02:43:29.515 [error] local node self-trust was not added: node signing public-key artifact is absent — continuing with configured trusted identities
02:43:29.517 [error] local node self-trust was not added: node signing public-key artifact is absent — continuing with configured trusted identities
02:43:29.520 [error] local node self-trust was not added: node signing public-key artifact is absent — continuing with configured trusted identities
02:43:29.524 [error] local node self-trust was not added: node signing public-key artifact is absent — continuing with configured trusted identities
02:43:29.526 [error] local node self-trust was not added: node signing public-key artifact is absent — continuing with configured trusted identities
02:43:29.529 [error] local node self-trust was not added: node signing public-key artifact is absent — continuing with configured trusted identities
02:43:29.532 [error] local node self-trust was not added: node signing public-key artifact is absent — continuing with configured trusted identities
02:43:29.535 [error] local node self-trust was not added: node signing public-key artifact is absent — continuing with configured trusted identities
.02:43:29.546 [error] local node self-trust was not added: node signing public-key artifact is absent — continuing with configured trusted identities
02:43:29.549 [error] local node self-trust was not added: node signing public-key artifact is absent — continuing with configured trusted identities
02:43:29.551 [error] local node self-trust was not added: node signing public-key artifact is absent — continuing with configured trusted identities
02:43:29.554 [error] local node self-trust was not added: node signing public-key artifact is absent — continuing with configured trusted identities
02:43:29.557 [error] local node self-trust was not added: node signing public-key artifact is absent — continuing with configured trusted identities
02:43:29.560 [error] local node self-trust was not added: node signing public-key artifact is absent — continuing with configured trusted identities
02:43:29.564 [error] local node self-trust was not added: node signing public-key artifact is absent — continuing with configured trusted identities
02:43:29.567 [error] local node self-trust was not added: node signing public-key artifact is absent — continuing with configured trusted identities
02:43:29.571 [error] local node self-trust was not added: node signing public-key artifact is absent — continuing with configured trusted identities
02:43:29.575 [error] local node self-trust was not added: node signing public-key artifact is absent — continuing with configured trusted identities
02:43:29.579 [error] local node self-trust was not added: node signing public-key artifact is absent — continuing with configured trusted identities
.02:43:29.593 [error] local node self-trust was not added: node signing public-key artifact is absent — continuing with configured trusted identities
02:43:29.596 [error] local node self-trust was not added: node signing public-key artifact is absent — continuing with configured trusted identities
02:43:29.599 [error] local node self-trust was not added: node signing public-key artifact is absent — continuing with configured trusted identities
02:43:29.601 [error] local node self-trust was not added: node signing public-key artifact is absent — continuing with configured trusted identities
02:43:29.604 [error] local node self-trust was not added: node signing public-key artifact is absent — continuing with configured trusted identities
02:43:29.607 [error] local node self-trust was not added: node signing public-key artifact is absent — continuing with configured trusted identities
02:43:29.610 [error] local node self-trust was not added: node signing public-key artifact is absent — continuing with configured trusted identities
02:43:29.612 [error] local node self-trust was not added: node signing public-key artifact is absent — continuing with configured trusted identities
02:43:29.615 [error] local node self-trust was not added: node signing public-key artifact is absent — continuing with configured trusted identities
02:43:29.618 [error] local node self-trust was not added: node signing public-key artifact is absent — continuing with configured trusted identities
.02:43:29.631 [error] local node self-trust was not added: node signing public-key artifact is absent — continuing with configured trusted identities
02:43:29.633 [error] local node self-trust was not added: node signing public-key artifact is absent — continuing with configured trusted identities
02:43:29.636 [error] local node self-trust was not added: node signing public-key artifact is absent — continuing with configured trusted identities
02:43:29.639 [error] local node self-trust was not added: node signing public-key artifact is absent — continuing with configured trusted identities
02:43:29.642 [error] local node self-trust was not added: node signing public-key artifact is absent — continuing with configured trusted identities
02:43:29.645 [error] local node self-trust was not added: node signing public-key artifact is absent — continuing with configured trusted identities
02:43:29.648 [error] local node self-trust was not added: node signing public-key artifact is absent — continuing with configured trusted identities
02:43:29.650 [error] local node self-trust was not added: node signing public-key artifact is absent — continuing with configured trusted identities
02:43:29.653 [error] local node self-trust was not added: node signing public-key artifact is absent — continuing with configured trusted identities
02:43:29.655 [error] local node self-trust was not added: node signing public-key artifact is absent — continuing with configured trusted identities
.02:43:29.666 [error] local node self-trust was not added: node signing public-key artifact is absent — continuing with configured trusted identities
02:43:29.668 [error] local node self-trust was not added: node signing public-key artifact is absent — continuing with configured trusted identities
02:43:29.670 [error] local node self-trust was not added: node signing public-key artifact is absent — continuing with configured trusted identities
02:43:29.672 [error] local node self-trust was not added: node signing public-key artifact is absent — continuing with configured trusted identities
02:43:29.674 [error] local node self-trust was not added: node signing public-key artifact is absent — continuing with configured trusted identities
02:43:29.677 [error] local node self-trust was not added: node signing public-key artifact is absent — continuing with configured trusted identities
02:43:29.679 [error] local node self-trust was not added: node signing public-key artifact is absent — continuing with configured trusted identities
02:43:29.682 [error] local node self-trust was not added: node signing public-key artifact is absent — continuing with configured trusted identities
02:43:29.684 [error] local node self-trust was not added: node signing public-key artifact is absent — continuing with configured trusted identities
02:43:29.687 [error] local node self-trust was not added: node signing public-key artifact is absent — continuing with configured trusted identities
.02:43:29.695 [error] local node self-trust was not added: node signing public-key artifact is absent — continuing with configured trusted identities
02:43:29.698 [error] local node self-trust was not added: node signing public-key artifact is absent — continuing with configured trusted identities
02:43:29.700 [error] local node self-trust was not added: node signing public-key artifact is absent — continuing with configured trusted identities
02:43:29.704 [error] local node self-trust was not added: node signing public-key artifact is absent — continuing with configured trusted identities
02:43:29.706 [error] local node self-trust was not added: node signing public-key artifact is absent — continuing with configured trusted identities
02:43:29.710 [error] local node self-trust was not added: node signing public-key artifact is absent — continuing with configured trusted identities
02:43:29.712 [error] local node self-trust was not added: node signing public-key artifact is absent — continuing with configured trusted identities
02:43:29.715 [error] local node self-trust was not added: node signing public-key artifact is absent — continuing with configured trusted identities
02:43:29.718 [error] local node self-trust was not added: node signing public-key artifact is absent — continuing with configured trusted identities
02:43:29.721 [error] local node self-trust was not added: node signing public-key artifact is absent — continuing with configured trusted identities
.02:43:29.733 [error] local node self-trust was not added: node signing public-key artifact is absent — continuing with configured trusted identities
02:43:29.735 [error] local node self-trust was not added: node signing public-key artifact is absent — continuing with configured trusted identities
02:43:29.737 [error] local node self-trust was not added: node signing public-key artifact is absent — continuing with configured trusted identities
02:43:29.740 [error] local node self-trust was not added: node signing public-key artifact is absent — continuing with configured trusted identities
02:43:29.742 [error] local node self-trust was not added: node signing public-key artifact is absent — continuing with configured trusted identities
02:43:29.744 [error] local node self-trust was not added: node signing public-key artifact is absent — continuing with configured trusted identities
02:43:29.747 [error] local node self-trust was not added: node signing public-key artifact is absent — continuing with configured trusted identities
02:43:29.749 [error] local node self-trust was not added: node signing public-key artifact is absent — continuing with configured trusted identities
02:43:29.752 [error] local node self-trust was not added: node signing public-key artifact is absent — continuing with configured trusted identities
02:43:29.755 [error] local node self-trust was not added: node signing public-key artifact is absent — continuing with configured trusted identities
..........02:43:29.999 [warning] LoomBridge: dropping inbound external message for loom — bridge is paused
.......................................02:43:30.995 [warning] CommitStore: local write DENIED by trust gate (enforce) doc_uuid=0f8d1687-65d7-47c0-8550-d06ac31a7c86 commit_id=50df2b87cf31996b85e3484ebc5bf17a88e61def50c9f028c48f8d1a0a789c95 reason=:unsigned
02:43:30.996 [warning] CommitStore: local write DENIED by trust gate (enforce) doc_uuid=82a69128-0179-4df8-b92f-072113bc687b commit_id=0ba35ffa28b7ada0f07f996130c38c78c261271bc27ea0ae945c801e765d7df9 reason=:unsigned
.........02:43:31.539 [error] local node self-trust was not added: node signing public-key artifact is absent — continuing with configured trusted identities
02:43:31.573 [warning] CommitStore: local write DENIED by trust gate (enforce) doc_uuid=c1c3b7ae-2b7a-48bf-833b-800a60ed4098 commit_id=4f8a7bd29a9fadca5e4547501d631be5c9024945f5a9231afadb9d7001251033 reason={:untrusted_signer, "ad9a8441-8466-42b0-a36e-f12332aedafa"}
..02:43:31.580 [error] local node self-trust was not added: node signing public-key artifact is absent — continuing with configured trusted identities
.02:43:31.637 [error] local node self-trust was not added: node signing public-key artifact is absent — continuing with configured trusted identities
02:43:31.637 [warning] CommitStore: local write would be DENIED by trust gate (dry_run — write still lands) doc_uuid=301778b6-6ca2-4e9a-a83c-4e9cce4ab5a2 commit_id=af4d354a012854103f487b7f2eb057390639de571c42e687b7a7a3dc39eb5643 reason=:unsigned
02:43:31.639 [error] local node self-trust was not added: node signing public-key artifact is absent — continuing with configured trusted identities
02:43:31.640 [warning] CommitStore: local write would be DENIED by trust gate (dry_run — write still lands) doc_uuid=5ebe075a-b2d6-4593-b785-91a7f3f7c448 commit_id=16bb5c76c671feb997800d63769997883772cc064398e9804ffc582af263e791 reason=:unsigned
02:43:31.642 [error] local node self-trust was not added: node signing public-key artifact is absent — continuing with configured trusted identities
02:43:31.642 [warning] CommitStore: local write would be DENIED by trust gate (dry_run — write still lands) doc_uuid=523746e5-4531-47c0-b2d0-a32a368ebb8b commit_id=2da78c1ca76184518d637ed946da3e7460ba02c7af6145cc19884f269986c93b reason={:untrusted_signer, "268c2423-9263-4705-ad82-8d87da017a61"}
02:43:31.645 [error] local node self-trust was not added: node signing public-key artifact is absent — continuing with configured trusted identities
02:43:31.645 [warning] CommitStore: local write would be DENIED by trust gate (dry_run — write still lands) doc_uuid=11f38679-222e-4bf7-afbb-232c3c5690cf commit_id=3f8b994a644bf4bf596be1fe5b81dd32a2c61fc09e4c5b409d4884470f2631e7 reason={:untrusted_signer, "268c2423-9263-4705-ad82-8d87da017a61"}
02:43:31.648 [error] local node self-trust was not added: node signing public-key artifact is absent — continuing with configured trusted identities
02:43:31.648 [warning] CommitStore: local write would be DENIED by trust gate (dry_run — write still lands) doc_uuid=186196c8-901d-4c80-8a28-5542208cb73b commit_id=6fc832deb7b6c519b72bcb2b0dce7584a6656f7c95a778765ab6a9fee6aabda7 reason={:untrusted_signer, "268c2423-9263-4705-ad82-8d87da017a61"}
02:43:31.651 [error] local node self-trust was not added: node signing public-key artifact is absent — continuing with configured trusted identities
02:43:31.651 [warning] CommitStore: local write would be DENIED by trust gate (dry_run — write still lands) doc_uuid=1ef3b31a-86c5-4d2a-a72b-4318050ebb72 commit_id=4fd3220e97d583b2ea067d34d159ebe3e371d6b402c0454ef7011cdff339ab13 reason={:untrusted_signer, "268c2423-9263-4705-ad82-8d87da017a61"}
02:43:31.654 [error] local node self-trust was not added: node signing public-key artifact is absent — continuing with configured trusted identities
02:43:31.654 [warning] CommitStore: local write would be DENIED by trust gate (dry_run — write still lands) doc_uuid=21abd966-b57b-4a4b-b1f9-a528f5220bf3 commit_id=4093505ea74cad4096b27b61c3a802a99e55c3533d9cbcba67c4f0f10037eb5e reason={:untrusted_signer, "268c2423-9263-4705-ad82-8d87da017a61"}
02:43:31.657 [error] local node self-trust was not added: node signing public-key artifact is absent — continuing with configured trusted identities
02:43:31.657 [warning] CommitStore: local write would be DENIED by trust gate (dry_run — write still lands) doc_uuid=1ef3b31a-86c5-4d2a-a72b-4318050ebb72 commit_id=18cc148fabe9a22ef856aa52264736e255a4ffc5448a5526649dbcd51aaa3092 reason={:untrusted_signer, "268c2423-9263-4705-ad82-8d87da017a61"}
02:43:31.659 [error] local node self-trust was not added: node signing public-key artifact is absent — continuing with configured trusted identities
02:43:31.660 [warning] CommitStore: local write would be DENIED by trust gate (dry_run — write still lands) doc_uuid=523746e5-4531-47c0-b2d0-a32a368ebb8b commit_id=11cde5bb97a671b4f6f09d01078a4374edb44715373df0d172a9e5e8d418850c reason={:untrusted_signer, "268c2423-9263-4705-ad82-8d87da017a61"}
02:43:31.663 [error] local node self-trust was not added: node signing public-key artifact is absent — continuing with configured trusted identities
02:43:31.663 [warning] CommitStore: local write would be DENIED by trust gate (dry_run — write still lands) doc_uuid=e4b9800d-9671-4c40-b6f2-e652e665bdd0 commit_id=232acd0155b8e4efa67499327294ec39fd2118cd5f30ce32147d0860c1e35e40 reason=:unsigned
02:43:31.665 [error] local node self-trust was not added: node signing public-key artifact is absent — continuing with configured trusted identities
02:43:31.665 [warning] CommitStore: local write would be DENIED by trust gate (dry_run — write still lands) doc_uuid=b7ccfb36-4ba3-4041-b133-4e15dd9b0335 commit_id=ff6a535c0d8bea5e83b72af235d65a7c0f8f0492f876d0ef1c6eefd179614fc5 reason=:unsigned
02:43:31.668 [error] local node self-trust was not added: node signing public-key artifact is absent — continuing with configured trusted identities
02:43:31.668 [warning] CommitStore: local write would be DENIED by trust gate (dry_run — write still lands) doc_uuid=11f38679-222e-4bf7-afbb-232c3c5690cf commit_id=a6707382e0bdebf666d78741ddacf712bc10983da9795da1d9f79e663489aedb reason=:unsigned
02:43:31.671 [error] local node self-trust was not added: node signing public-key artifact is absent — continuing with configured trusted identities
02:43:31.671 [warning] CommitStore: local write would be DENIED by trust gate (dry_run — write still lands) doc_uuid=5a137d9d-ccaa-431f-bb45-5c94b07afa72 commit_id=5eb1d57b7fda850fc2eaa27c07ed727078fe63bcb5c0332afb137eabd5e75081 reason={:untrusted_signer, "268c2423-9263-4705-ad82-8d87da017a61"}
02:43:31.674 [error] local node self-trust was not added: node signing public-key artifact is absent — continuing with configured trusted identities
02:43:31.675 [warning] CommitStore: local write would be DENIED by trust gate (dry_run — write still lands) doc_uuid=b7ccfb36-4ba3-4041-b133-4e15dd9b0335 commit_id=c3d130a3f7db4178027f34e314cfba99895a3e9027d81d06d63706fb72809e2e reason={:untrusted_signer, "268c2423-9263-4705-ad82-8d87da017a61"}
02:43:31.711 [error] local node self-trust was not added: node signing public-key artifact is absent — continuing with configured trusted identities
.....02:43:31.847 [error] local node self-trust was not added: node signing public-key artifact is absent — continuing with configured trusted identities
02:43:31.848 [warning] CommitStore: local write would be DENIED by trust gate (dry_run — write still lands) doc_uuid=97667523-b648-407e-8fda-8a916da3f33d commit_id=ef8f117b2a847ae6b3b8c772e7901da27dae89dad275e3c0b21f3409685c7a28 reason=:unsigned
02:43:31.850 [error] local node self-trust was not added: node signing public-key artifact is absent — continuing with configured trusted identities
02:43:31.850 [warning] CommitStore: local write would be DENIED by trust gate (dry_run — write still lands) doc_uuid=cfb08933-c575-4576-9804-5b290403acae commit_id=71c33d12d708eec8e8ab405f9bfd4f1d187a5c218640e0724af927d846644a52 reason=:unsigned
02:43:31.852 [error] local node self-trust was not added: node signing public-key artifact is absent — continuing with configured trusted identities
02:43:31.853 [error] local node self-trust was not added: node signing public-key artifact is absent — continuing with configured trusted identities
02:43:31.853 [error] local node self-trust was not added: node signing public-key artifact is absent — continuing with configured trusted identities
02:43:31.856 [error] local node self-trust was not added: node signing public-key artifact is absent — continuing with configured trusted identities
..02:43:31.880 [error] local node self-trust was not added: node signing public-key artifact is absent — continuing with configured trusted identities
02:43:31.880 [warning] CommitStore: local write would be DENIED by trust gate (dry_run — write still lands) doc_uuid=970cdd1e-880c-4f6f-bc4c-1fbbb062d8ac commit_id=2bf0fc4fa7b1591b36499f1ace50eb37135ce309f290878f910e246711770266 reason=:unsigned
02:43:31.883 [error] local node self-trust was not added: node signing public-key artifact is absent — continuing with configured trusted identities
02:43:31.883 [warning] CommitStore: local write would be DENIED by trust gate (dry_run — write still lands) doc_uuid=7012ff0d-a8db-4bd7-82a8-edcd32e1e396 commit_id=c52211ec9acbd001b171b727d81d2edb5d97f4ded1ae4a8f5b69a791921f37ef reason=:unsigned
02:43:31.886 [error] local node self-trust was not added: node signing public-key artifact is absent — continuing with configured trusted identities
02:43:31.886 [warning] CommitStore: local write would be DENIED by trust gate (dry_run — write still lands) doc_uuid=2aba50c2-60e8-4d8d-85b6-0bdb573ad84c commit_id=85db35a07107365107b5ed569584f195cee348ff2eb52924cdc62993d5402e4c reason={:untrusted_signer, "c6eaf34f-a400-4959-924b-7e24fc34cb1c"}
02:43:31.889 [error] local node self-trust was not added: node signing public-key artifact is absent — continuing with configured trusted identities
02:43:31.889 [warning] CommitStore: local write would be DENIED by trust gate (dry_run — write still lands) doc_uuid=14764c45-be49-4b87-809e-53e02936a337 commit_id=cbc3a7d73189ec76acfae344eba3bf8cac749cc3d7750e65fa973bf76f9ef3b9 reason={:untrusted_signer, "c6eaf34f-a400-4959-924b-7e24fc34cb1c"}
02:43:31.892 [error] local node self-trust was not added: node signing public-key artifact is absent — continuing with configured trusted identities
02:43:31.892 [warning] CommitStore: local write would be DENIED by trust gate (dry_run — write still lands) doc_uuid=1a5cfa2c-87d7-457e-ace7-df0fd3d67b6a commit_id=b31225a5c9bf6e95a21ee56aceee6518b9edda3a58743d2f04d729b98859c00c reason={:untrusted_signer, "c6eaf34f-a400-4959-924b-7e24fc34cb1c"}
02:43:31.896 [error] local node self-trust was not added: node signing public-key artifact is absent — continuing with configured trusted identities
02:43:31.897 [warning] CommitStore: local write would be DENIED by trust gate (dry_run — write still lands) doc_uuid=37294aec-ec55-4d2e-8b3e-b12515955d83 commit_id=927703a07d06812e8b823b83c20febc0b854f1064219d0f19a30276d55030d2e reason={:untrusted_signer, "c6eaf34f-a400-4959-924b-7e24fc34cb1c"}
02:43:31.901 [error] local node self-trust was not added: node signing public-key artifact is absent — continuing with configured trusted identities
02:43:31.902 [warning] CommitStore: local write would be DENIED by trust gate (dry_run — write still lands) doc_uuid=cdc43b57-b876-4f5c-8bb9-23751b905bc7 commit_id=81b60eaa2a961952b37ce5689e9d51f2bbbb28d3df822b6c23fb4783d9950d4d reason={:untrusted_signer, "c6eaf34f-a400-4959-924b-7e24fc34cb1c"}
02:43:31.905 [error] local node self-trust was not added: node signing public-key artifact is absent — continuing with configured trusted identities
02:43:31.906 [warning] CommitStore: local write would be DENIED by trust gate (dry_run — write still lands) doc_uuid=37294aec-ec55-4d2e-8b3e-b12515955d83 commit_id=f10087277a5fbb0c59c1295df90b0a17d61d0840657e0cb0dd519eaf72c34928 reason={:untrusted_signer, "c6eaf34f-a400-4959-924b-7e24fc34cb1c"}
02:43:31.909 [error] local node self-trust was not added: node signing public-key artifact is absent — continuing with configured trusted identities
02:43:31.909 [warning] CommitStore: local write would be DENIED by trust gate (dry_run — write still lands) doc_uuid=2aba50c2-60e8-4d8d-85b6-0bdb573ad84c commit_id=8e60dc00bb9c06fdb2beddc0b9142614751d9d2b231c1c93bf0238dfb79fe23e reason={:untrusted_signer, "c6eaf34f-a400-4959-924b-7e24fc34cb1c"}
02:43:31.915 [error] local node self-trust was not added: node signing public-key artifact is absent — continuing with configured trusted identities
02:43:31.916 [warning] CommitStore: local write would be DENIED by trust gate (dry_run — write still lands) doc_uuid=c4997c74-f4de-46dd-a601-7b94c27955f7 commit_id=b8adee8fffe6d0c5b0a25152748ecd2bc1d91dc488214c1387f344ac404a0899 reason={:untrusted_signer, "c6eaf34f-a400-4959-924b-7e24fc34cb1c"}
02:43:31.919 [error] local node self-trust was not added: node signing public-key artifact is absent — continuing with configured trusted identities
02:43:31.919 [warning] CommitStore: local write would be DENIED by trust gate (dry_run — write still lands) doc_uuid=7012ff0d-a8db-4bd7-82a8-edcd32e1e396 commit_id=c1a0b5999866a43fb0a30d446dac2291e9682084abb27c2f5000008a3277d746 reason={:untrusted_signer, "c6eaf34f-a400-4959-924b-7e24fc34cb1c"}
02:43:31.929 [error] local node self-trust was not added: node signing public-key artifact is absent — continuing with configured trusted identities
02:43:31.962 [error] local node self-trust was not added: node signing public-key artifact is absent — continuing with configured trusted identities
..02:43:32.072 [error] local node self-trust was not added: node signing public-key artifact is absent — continuing with configured trusted identities
02:43:32.072 [warning] CommitStore: local write would be DENIED by trust gate (dry_run — write still lands) doc_uuid=9a8fd614-f319-4950-a3b4-92be866213a6 commit_id=84e606dedc9285de996f5188812d9238d6a069c2a73938c23f4ab349b2329a04 reason=:unsigned
02:43:32.075 [error] local node self-trust was not added: node signing public-key artifact is absent — continuing with configured trusted identities
02:43:32.075 [warning] CommitStore: local write would be DENIED by trust gate (dry_run — write still lands) doc_uuid=e851d771-c64a-4e8b-852d-86a9bf53e512 commit_id=f31b2013bc4effb439c0db8ad66bfd0fa4e4099fad49ec82205e3f987beae66f reason=:unsigned
............02:43:32.291 [error] local node self-trust was not added: node signing public-key artifact is absent — continuing with configured trusted identities
02:43:32.292 [warning] CommitStore: local write would be DENIED by trust gate (dry_run — write still lands) doc_uuid=e45831ae-817f-4e14-a44f-8a0829a845d3 commit_id=0c44135288a33753ebe10a791b0c14dbb2f2931dcbe4f716662d96323c6f8f00 reason=:unsigned
02:43:32.294 [error] local node self-trust was not added: node signing public-key artifact is absent — continuing with configured trusted identities
02:43:32.294 [warning] CommitStore: local write would be DENIED by trust gate (dry_run — write still lands) doc_uuid=b94e2c8b-ccb9-4f57-bec6-c3a9228d0c33 commit_id=5bfee725ccb61ad8c0a761657798ddd72707a3a24bae778e20430c36d3ec9b1f reason=:unsigned
02:43:32.296 [error] local node self-trust was not added: node signing public-key artifact is absent — continuing with configured trusted identities
02:43:32.296 [warning] CommitStore: local write would be DENIED by trust gate (dry_run — write still lands) doc_uuid=555c3323-2e33-4922-b8f3-f05c031caff1 commit_id=2652326ae86f20024f4b33866d4856c840873b18433cd20de429276e6123c843 reason=:unsigned
02:43:32.298 [error] local node self-trust was not added: node signing public-key artifact is absent — continuing with configured trusted identities
02:43:32.298 [warning] CommitStore: local write would be DENIED by trust gate (dry_run — write still lands) doc_uuid=ba00f1b6-b072-4fa4-91f3-05173d3e8fa6 commit_id=24cd8ae16eb790210f42e81ffd81eae0b0f84e8b390a9695ccb7b1c5209173c5 reason=:unsigned
02:43:32.300 [error] local node self-trust was not added: node signing public-key artifact is absent — continuing with configured trusted identities
.02:43:32.318 [error] local node self-trust was not added: node signing public-key artifact is absent — continuing with configured trusted identities
02:43:32.318 [warning] CommitStore: local write would be DENIED by trust gate (dry_run — write still lands) doc_uuid=f7847735-35ce-4959-a829-702147948c61 commit_id=182d7bb96d6bd79a10bba6b0b8c68b0dd5fc9323d400c4348bac8cce49390b63 reason=:unsigned
02:43:32.320 [error] local node self-trust was not added: node signing public-key artifact is absent — continuing with configured trusted identities
02:43:32.320 [warning] CommitStore: local write would be DENIED by trust gate (dry_run — write still lands) doc_uuid=d660cd2c-cda7-4277-a2ee-245e10316cd6 commit_id=7bac2ed39611445247d3e666a697e3df71f943f0ec099c5023b44788e98d6d10 reason=:unsigned
02:43:32.323 [error] local node self-trust was not added: node signing public-key artifact is absent — continuing with configured trusted identities
02:43:32.323 [warning] CommitStore: local write would be DENIED by trust gate (dry_run — write still lands) doc_uuid=e38acf9e-4bb9-4556-b048-42176b16c55c commit_id=e77299a32428544ffbbe5ab6f8c02713769edc84ebb6b4b2686e295bd1ca897a reason=:unsigned
02:43:32.325 [error] local node self-trust was not added: node signing public-key artifact is absent — continuing with configured trusted identities
02:43:32.326 [warning] CommitStore: local write would be DENIED by trust gate (dry_run — write still lands) doc_uuid=779260c2-8477-4495-a9c5-563796bdfbeb commit_id=06344c43ee847866ba57032e2e5a5d7b0c036ce27b16ed9f79d26eec021896f7 reason=:unsigned
02:43:32.332 [warning] CommitStore: local write would be DENIED by trust gate (dry_run — write still lands) doc_uuid=c149d80d-680f-4bff-bd87-37b0c88c76ca commit_id=806690e7cfe517fa877e7db049ffda2ef2d02908c3b541cd954e697c42d988ed reason=:unsigned
02:43:32.334 [warning] CommitStore: local write would be DENIED by trust gate (dry_run — write still lands) doc_uuid=3762a42a-0ef1-490a-87df-1fe701475f39 commit_id=dedee5f7b244d537ebe4c86b2b8cceee7e3b5344d8ca51eb66365c78d9b428eb reason=:unsigned
02:43:32.338 [warning] CommitStore: local write would be DENIED by trust gate (dry_run — write still lands) doc_uuid=118bc913-2871-454a-8d45-63cba99ffa49 commit_id=334aec8add419960f77429d5b15f8c47146803b9cdf5d7c019814086a0be58cf reason={:untrusted_signer, "c8a917f9-e508-4e23-a8d3-f51a858d5eea"}
02:43:32.341 [warning] CommitStore: local write would be DENIED by trust gate (dry_run — write still lands) doc_uuid=7299e1e8-eac1-4212-9360-6b0462e11c12 commit_id=8a3c1a64432f287b55b4f5afc7129a5428fc6a08f8f98edc4205be7a831e6cfb reason={:untrusted_signer, "c8a917f9-e508-4e23-a8d3-f51a858d5eea"}
02:43:32.344 [warning] CommitStore: local write would be DENIED by trust gate (dry_run — write still lands) doc_uuid=64f2a06d-8569-439f-aa8f-ae6a3c93b272 commit_id=6e1cb333752a00196d17e137ca5d90586485b185c980b5bbae5bd278f1365967 reason={:untrusted_signer, "c8a917f9-e508-4e23-a8d3-f51a858d5eea"}
02:43:32.348 [warning] CommitStore: local write would be DENIED by trust gate (dry_run — write still lands) doc_uuid=b43c6fbc-dde8-4ce9-b8d4-8eefa9948a38 commit_id=9879f6b3bf1054d5b7bba3b2dad2517cb7d69daff09260a1a9268758446a5200 reason={:untrusted_signer, "c8a917f9-e508-4e23-a8d3-f51a858d5eea"}
02:43:32.351 [warning] CommitStore: local write would be DENIED by trust gate (dry_run — write still lands) doc_uuid=267c45ac-b70a-4ba5-a264-342be1c3453e commit_id=1d69a987ddf3c50446844834a9a08bfb4fd37e3444ab260610635c79214d2123 reason={:untrusted_signer, "c8a917f9-e508-4e23-a8d3-f51a858d5eea"}
02:43:32.354 [warning] CommitStore: local write would be DENIED by trust gate (dry_run — write still lands) doc_uuid=b43c6fbc-dde8-4ce9-b8d4-8eefa9948a38 commit_id=5dfb726e0e3f58fe272e9792450215b973c4babc47dfa4cee7a92ba9fbe97508 reason={:untrusted_signer, "c8a917f9-e508-4e23-a8d3-f51a858d5eea"}
02:43:32.357 [warning] CommitStore: local write would be DENIED by trust gate (dry_run — write still lands) doc_uuid=118bc913-2871-454a-8d45-63cba99ffa49 commit_id=28ff9bcd5b096a50c2c3355fa516f3107b0a8ec50bedb042eda9182dd43ace67 reason={:untrusted_signer, "c8a917f9-e508-4e23-a8d3-f51a858d5eea"}
02:43:32.361 [warning] CommitStore: local write would be DENIED by trust gate (dry_run — write still lands) doc_uuid=1f3254f3-7c99-4ee9-9dc2-bec985c37676 commit_id=3da03838f0c475dc1e4d113b20819f0375270deef9148101a37e65ff468bc88d reason={:untrusted_signer, "c8a917f9-e508-4e23-a8d3-f51a858d5eea"}
02:43:32.364 [warning] CommitStore: local write would be DENIED by trust gate (dry_run — write still lands) doc_uuid=779260c2-8477-4495-a9c5-563796bdfbeb commit_id=43bdf5d5227460c9bcf35a12fe345ec04202c04f09470242044dc8875f511e29 reason={:untrusted_signer, "c8a917f9-e508-4e23-a8d3-f51a858d5eea"}
02:43:32.410 [warning] CommitStore: local write would be DENIED by trust gate (dry_run — write still lands) doc_uuid=a56f8b16-d824-4453-9954-b36f64dcde4e commit_id=680b50d461ef2be654c4ba0ced4e9ee335e2a845a4120c0431210adf381eec06 reason={:untrusted_signer, "55955ae1-3ad2-4ba8-a79c-a8ece64a073e"}
02:43:32.414 [warning] CommitStore: local write would be DENIED by trust gate (dry_run — write still lands) doc_uuid=aaed8a74-a9b1-42da-be09-6d56753b8368 commit_id=701b32f0cd7786b250f7bc2ed1cecb7adfbdd62fe58000c039e2d6cd529d30b3 reason={:untrusted_signer, "55955ae1-3ad2-4ba8-a79c-a8ece64a073e"}
02:43:32.418 [warning] CommitStore: local write would be DENIED by trust gate (dry_run — write still lands) doc_uuid=b79504de-a164-4ef7-ab6a-1a173cdceb44 commit_id=57b5e7c86ea05cffac63f4c6e1a247ae0dccfc3f97dfc436649fbf7298ab916f reason={:untrusted_signer, "55955ae1-3ad2-4ba8-a79c-a8ece64a073e"}
02:43:32.423 [warning] CommitStore: local write would be DENIED by trust gate (dry_run — write still lands) doc_uuid=aaed8a74-a9b1-42da-be09-6d56753b8368 commit_id=944fbf36b59ac0daca5ea49e3cc13edfc64147603b5d91c021f259918778a2d8 reason={:untrusted_signer, "55955ae1-3ad2-4ba8-a79c-a8ece64a073e"}
02:43:32.427 [warning] CommitStore: local write would be DENIED by trust gate (dry_run — write still lands) doc_uuid=118bc913-2871-454a-8d45-63cba99ffa49 commit_id=740b1d4cde42a15c4527dc81046cb9a314e2f3f623e7c252392ad5b0bd853b48 reason={:untrusted_signer, "55955ae1-3ad2-4ba8-a79c-a8ece64a073e"}
02:43:32.441 [warning] CommitStore: local write would be DENIED by trust gate (dry_run — write still lands) doc_uuid=f6e943eb-0379-4fb3-b6d0-a23a0071ceb7 commit_id=55b9c5f0d95c2122546578eefa669c46c7f0cf55c6942c9878a5013fe914b5f3 reason={:untrusted_signer, "55955ae1-3ad2-4ba8-a79c-a8ece64a073e"}
02:43:32.446 [warning] CommitStore: local write would be DENIED by trust gate (dry_run — write still lands) doc_uuid=3762a42a-0ef1-490a-87df-1fe701475f39 commit_id=71f31151fb97d96c859d32d459ec52b2c3b6121eba8428cfadbd080b7ccf88fc reason={:untrusted_signer, "55955ae1-3ad2-4ba8-a79c-a8ece64a073e"}
02:43:32.572 [warning] CommitStore: local write would be DENIED by trust gate (dry_run — write still lands) doc_uuid=9e9290c6-b9a1-4b28-8b97-cde7020b46db commit_id=d72205883557d8b29f5efa2408e973ffade55c5fb775464c1f2f7454a017667b reason={:untrusted_signer, "37b9ee1d-2de3-4418-9e70-8b850575eb9f"}
.02:43:32.765 [error] local node self-trust was not added: node signing public-key artifact is absent — continuing with configured trusted identities
02:43:32.765 [warning] CommitStore: local write would be DENIED by trust gate (dry_run — write still lands) doc_uuid=32dbc6c4-b791-45e8-acf2-cd7632de6160 commit_id=b84f541b307ddbd2ca8ea21801daf1ed40ac65bce2f36f67566f3dc146827c43 reason=:unsigned
02:43:32.768 [error] local node self-trust was not added: node signing public-key artifact is absent — continuing with configured trusted identities
02:43:32.769 [warning] CommitStore: local write would be DENIED by trust gate (dry_run — write still lands) doc_uuid=4f9cd084-19f4-47f1-9fa3-1a957c689418 commit_id=726cbcbb9a7ae5cf30302c5bb15842c117fe3eedbeadf89d69824c94c9666e27 reason=:unsigned
02:43:32.772 [error] local node self-trust was not added: node signing public-key artifact is absent — continuing with configured trusted identities
02:43:32.772 [warning] CommitStore: local write would be DENIED by trust gate (dry_run — write still lands) doc_uuid=900baaf5-6e6b-41de-bd69-e0988b58f60a commit_id=b8083583590be98f979e3f735780de4de67eb969bda99eeb9f61676b66b8ad05 reason=:unsigned
.02:43:32.783 [error] local node self-trust was not added: node signing public-key artifact is absent — continuing with configured trusted identities
02:43:32.783 [warning] CommitStore: local write would be DENIED by trust gate (dry_run — write still lands) doc_uuid=a4e1f7b0-6fde-4f82-9488-84323757bfe7 commit_id=da7cc673b8ae62781ad60358bedf08d83b2fce8b408fdb1cc5eec26f2d528343 reason=:unsigned
02:43:32.786 [error] local node self-trust was not added: node signing public-key artifact is absent — continuing with configured trusted identities
02:43:32.786 [warning] CommitStore: local write would be DENIED by trust gate (dry_run — write still lands) doc_uuid=bf4db188-e1cd-4dec-9329-211a001c7b0e commit_id=898ffdd13c2183738cce6e14240a9f9a37660e60ee12a948f95ff9a3340d35f2 reason=:unsigned
.02:43:32.793 [error] local node self-trust was not added: node signing public-key artifact is absent — continuing with configured trusted identities
02:43:32.794 [warning] CommitStore: local write would be DENIED by trust gate (dry_run — write still lands) doc_uuid=30b9e104-d2f6-4fc4-9c0a-75e63a9fa4cf commit_id=209a020add3e0e2edbf8a378487ad8236c4f9aaf18cf17f4a2aab65060a3bdcc reason=:unsigned
02:43:32.796 [error] local node self-trust was not added: node signing public-key artifact is absent — continuing with configured trusted identities
02:43:32.796 [warning] CommitStore: local write would be DENIED by trust gate (dry_run — write still lands) doc_uuid=8edf4d18-f16b-4f75-a3d4-ae8dfae2aeeb commit_id=0b01c561b6b95d9970ec33ba6403dc554eaf622dc7470c1bf47a6150799de8fd reason=:unsigned
02:43:32.797 [error] local node self-trust was not added: node signing public-key artifact is absent — continuing with configured trusted identities
02:43:32.798 [warning] CommitStore: local write would be DENIED by trust gate (dry_run — write still lands) doc_uuid=a58dc299-3084-4e4b-b2cf-f9b43287eb05 commit_id=81741b5d0ab91d99eb512696cd4cd93531ca5dc1929eb06d6450f13ec91b4b72 reason=:unsigned
02:43:32.800 [error] local node self-trust was not added: node signing public-key artifact is absent — continuing with configured trusted identities
02:43:32.800 [warning] CommitStore: local write would be DENIED by trust gate (dry_run — write still lands) doc_uuid=a12d8e1a-b7ba-4381-8e0c-a57ac48dc393 commit_id=c2151cc1baeb74ac4a550915dcb05357552a64d1ba8ad2a06bccb63dfadd4e78 reason=:unsigned
.02:43:32.819 [error] local node self-trust was not added: node signing public-key artifact is absent — continuing with configured trusted identities
02:43:32.819 [warning] CommitStore: local write would be DENIED by trust gate (dry_run — write still lands) doc_uuid=9f920d24-6eca-4e8b-814b-9001f7f49708 commit_id=73d4036c08daf2863d14e768c0aee96f0d2c1b12b3c14153bc1994caa47f0538 reason=:unsigned
02:43:32.821 [error] local node self-trust was not added: node signing public-key artifact is absent — continuing with configured trusted identities
02:43:32.821 [warning] CommitStore: local write would be DENIED by trust gate (dry_run — write still lands) doc_uuid=e1d6210f-7ab9-4a0d-b642-84c49da658de commit_id=899c2a5867f40d0d9c1ba49ebab13c9d40ea4c4cdd33bb80d2b491a77154826e reason=:unsigned
02:43:32.824 [error] local node self-trust was not added: node signing public-key artifact is absent — continuing with configured trusted identities
02:43:32.824 [warning] CommitStore: local write would be DENIED by trust gate (dry_run — write still lands) doc_uuid=9333dcef-a29c-4b4f-95bb-1eda5db8ab6a commit_id=c91c98bdda5648d3dc532ac68883e385ff163705dc49eb94408c13173d6aec2c reason=:unsigned
02:43:32.829 [error] local node self-trust was not added: node signing public-key artifact is absent — continuing with configured trusted identities
02:43:32.829 [warning] CommitStore: local write would be DENIED by trust gate (dry_run — write still lands) doc_uuid=e7839bbb-07ce-45a6-9bb1-b6c74f348b8a commit_id=159d88ffe9f5e01ffc071e2a2e40445a9140e56644e6e6fdb16e08411a085f5e reason=:unsigned
02:43:32.832 [error] local node self-trust was not added: node signing public-key artifact is absent — continuing with configured trusted identities
02:43:32.833 [warning] CommitStore: local write would be DENIED by trust gate (dry_run — write still lands) doc_uuid=ce21b2f8-002e-4088-9cdd-58daf27a226a commit_id=26a40587587bd01af5357381af8058f98a4b234d9f27492b833907ef78dcc238 reason=:unsigned
02:43:32.835 [error] local node self-trust was not added: node signing public-key artifact is absent — continuing with configured trusted identities
02:43:32.835 [warning] CommitStore: local write would be DENIED by trust gate (dry_run — write still lands) doc_uuid=4b0d2d8d-9de9-4702-a140-53cbf175e0d6 commit_id=b71def632b5e4d76a7b92820d8c9f2a4f1af0595e69b6dacb10c9ba3a0c98a25 reason=:unsigned
02:43:32.838 [error] local node self-trust was not added: node signing public-key artifact is absent — continuing with configured trusted identities
02:43:32.838 [warning] CommitStore: local write would be DENIED by trust gate (dry_run — write still lands) doc_uuid=a0324b1d-4b79-49a9-9f76-b17f985b351e commit_id=60ff38abd417247da287b0b73b3a99f0e8cc243e4a6df9dea7c89b2741df1669 reason={:untrusted_signer, "6ba3947d-c036-4ea0-9f5f-d78b47af8e9f"}
02:43:32.840 [error] local node self-trust was not added: node signing public-key artifact is absent — continuing with configured trusted identities
02:43:32.841 [warning] CommitStore: local write would be DENIED by trust gate (dry_run — write still lands) doc_uuid=e1c89837-9acf-43ca-aa39-ee5a5f9ec901 commit_id=4d00749619135b41b0b47451fd699c10021853a39979ff8e17a7fe91bfbf9c0c reason={:untrusted_signer, "6ba3947d-c036-4ea0-9f5f-d78b47af8e9f"}
02:43:32.846 [error] local node self-trust was not added: node signing public-key artifact is absent — continuing with configured trusted identities
02:43:32.846 [warning] CommitStore: local write would be DENIED by trust gate (dry_run — write still lands) doc_uuid=d098892a-8d61-41c3-ad70-d3b469f136b0 commit_id=d9eb8e63a0158121566aa5ff7cb347dd60f575346130f574ca86a9c6e3207612 reason={:untrusted_signer, "6ba3947d-c036-4ea0-9f5f-d78b47af8e9f"}
02:43:32.849 [error] local node self-trust was not added: node signing public-key artifact is absent — continuing with configured trusted identities
02:43:32.849 [warning] CommitStore: local write would be DENIED by trust gate (dry_run — write still lands) doc_uuid=376cfbda-ce40-438c-9579-b16748f7c9e4 commit_id=7034d585eee214c06d407b52e67ee95733b14b49950365ac434b49965eceafee reason={:untrusted_signer, "6ba3947d-c036-4ea0-9f5f-d78b47af8e9f"}
02:43:32.851 [error] local node self-trust was not added: node signing public-key artifact is absent — continuing with configured trusted identities
02:43:32.852 [warning] CommitStore: local write would be DENIED by trust gate (dry_run — write still lands) doc_uuid=5a690e9f-2975-4d6a-b9fc-480dcc913426 commit_id=dea00ace89b2e3be1b48187e1765437d976ded7aa8d76f5859b6598c64ef17d5 reason={:untrusted_signer, "6ba3947d-c036-4ea0-9f5f-d78b47af8e9f"}
02:43:32.854 [error] local node self-trust was not added: node signing public-key artifact is absent — continuing with configured trusted identities
02:43:32.854 [warning] CommitStore: local write would be DENIED by trust gate (dry_run — write still lands) doc_uuid=376cfbda-ce40-438c-9579-b16748f7c9e4 commit_id=0de9556b00e82ea38258b41ba55af828136c7cd2dcf16ed4fe7e7e984ded8c67 reason={:untrusted_signer, "6ba3947d-c036-4ea0-9f5f-d78b47af8e9f"}
02:43:32.858 [error] local node self-trust was not added: node signing public-key artifact is absent — continuing with configured trusted identities
02:43:32.859 [warning] CommitStore: local write would be DENIED by trust gate (dry_run — write still lands) doc_uuid=a0324b1d-4b79-49a9-9f76-b17f985b351e commit_id=5b17ac5d75e62662e3da9e638f96985c25a2d2ee9b9dbe203dff72a3deb5f156 reason={:untrusted_signer, "6ba3947d-c036-4ea0-9f5f-d78b47af8e9f"}
02:43:32.864 [error] local node self-trust was not added: node signing public-key artifact is absent — continuing with configured trusted identities
02:43:32.864 [warning] CommitStore: local write would be DENIED by trust gate (dry_run — write still lands) doc_uuid=f35609d0-8cc3-420f-95d7-371a186b183e commit_id=c7e821b04c771d17f76641a596d86c9bb87b274fc102fb6f784a13de64aa53e0 reason={:untrusted_signer, "6ba3947d-c036-4ea0-9f5f-d78b47af8e9f"}
02:43:32.867 [error] local node self-trust was not added: node signing public-key artifact is absent — continuing with configured trusted identities
02:43:32.867 [warning] CommitStore: local write would be DENIED by trust gate (dry_run — write still lands) doc_uuid=e7839bbb-07ce-45a6-9bb1-b6c74f348b8a commit_id=b7862140afefb6ed66bd47b556fd9edfb3f483534458747a63f4e845ac9047ff reason={:untrusted_signer, "6ba3947d-c036-4ea0-9f5f-d78b47af8e9f"}
02:43:32.870 [error] local node self-trust was not added: node signing public-key artifact is absent — continuing with configured trusted identities
02:43:32.912 [error] local node self-trust was not added: node signing public-key artifact is absent — continuing with configured trusted identities
02:43:32.912 [warning] CommitStore: local write would be DENIED by trust gate (dry_run — write still lands) doc_uuid=6a7aa539-74c8-4d16-a2bb-cad0df4a8d14 commit_id=a755fa12641e8a444f397ce6e525f7c232dfbe2026675e192074e5b6b883c856 reason={:untrusted_signer, "10a0d185-9625-4616-87ae-dfb6233b1d0c"}
02:43:32.915 [error] local node self-trust was not added: node signing public-key artifact is absent — continuing with configured trusted identities
02:43:32.915 [warning] CommitStore: local write would be DENIED by trust gate (dry_run — write still lands) doc_uuid=589e4cb2-b169-455f-bac4-ff53b59e7ae7 commit_id=a3f2aad86292cc6b4439cb6d5663653f89807c24620ec1b371657319c301c401 reason={:untrusted_signer, "10a0d185-9625-4616-87ae-dfb6233b1d0c"}
02:43:32.917 [error] local node self-trust was not added: node signing public-key artifact is absent — continuing with configured trusted identities
02:43:32.918 [warning] CommitStore: local write would be DENIED by trust gate (dry_run — write still lands) doc_uuid=70d365df-1cfc-47f5-ab75-b31c42e90991 commit_id=542f38672b4895c44a7c990af06fec0787fdfab5b89d01130f23aeedff9b9f7d reason={:untrusted_signer, "10a0d185-9625-4616-87ae-dfb6233b1d0c"}
02:43:32.921 [error] local node self-trust was not added: node signing public-key artifact is absent — continuing with configured trusted identities
02:43:32.921 [warning] CommitStore: local write would be DENIED by trust gate (dry_run — write still lands) doc_uuid=589e4cb2-b169-455f-bac4-ff53b59e7ae7 commit_id=b6025b04749c7dc9490f4c227557c6874efc06430fdbc2b2ad372d39f04bacc3 reason={:untrusted_signer, "10a0d185-9625-4616-87ae-dfb6233b1d0c"}
02:43:32.924 [error] local node self-trust was not added: node signing public-key artifact is absent — continuing with configured trusted identities
02:43:32.925 [warning] CommitStore: local write would be DENIED by trust gate (dry_run — write still lands) doc_uuid=a0324b1d-4b79-49a9-9f76-b17f985b351e commit_id=c49aa499e661d8d874e6ac24c22011d7cc76d25b33cdee75ef90a05d595eeefd reason={:untrusted_signer, "10a0d185-9625-4616-87ae-dfb6233b1d0c"}
02:43:32.929 [error] local node self-trust was not added: node signing public-key artifact is absent — continuing with configured trusted identities
02:43:32.929 [warning] CommitStore: local write would be DENIED by trust gate (dry_run — write still lands) doc_uuid=2ad945dd-5395-4fcb-9e4c-3627ffb57df3 commit_id=dc2057716dbebe0a9b8c6fc47512f0f31acc15fab19c91eb7b3afa89c92fb046 reason={:untrusted_signer, "10a0d185-9625-4616-87ae-dfb6233b1d0c"}
02:43:32.934 [error] local node self-trust was not added: node signing public-key artifact is absent — continuing with configured trusted identities
02:43:32.934 [warning] CommitStore: local write would be DENIED by trust gate (dry_run — write still lands) doc_uuid=4b0d2d8d-9de9-4702-a140-53cbf175e0d6 commit_id=93e8c53d3baaf9ab7d95ee1fe309d5d1f1aacab6df9bc263ea83f3a2d2f54aac reason={:untrusted_signer, "10a0d185-9625-4616-87ae-dfb6233b1d0c"}
02:43:32.982 [error] local node self-trust was not added: node signing public-key artifact is absent — continuing with configured trusted identities
.02:43:33.192 [error] local node self-trust was not added: node signing public-key artifact is absent — continuing with configured trusted identities
02:43:33.193 [warning] CommitStore: local write would be DENIED by trust gate (dry_run — write still lands) doc_uuid=f0a11dd8-e751-4353-bb7f-b684d4fd1168 commit_id=b1b28cbad9984c9c55cb0d3463d26cb8356fa6b28e8c33a49115bfef98992210 reason=:unsigned
02:43:33.194 [error] local node self-trust was not added: node signing public-key artifact is absent — continuing with configured trusted identities
02:43:33.195 [warning] CommitStore: local write would be DENIED by trust gate (dry_run — write still lands) doc_uuid=514b308f-be41-4264-bae0-adef902ccacd commit_id=301b8ca3b3f48c31828491a7e02e94804ac6d8c31144914c748d116c04a33651 reason=:unsigned
02:43:33.196 [error] local node self-trust was not added: node signing public-key artifact is absent — continuing with configured trusted identities
02:43:33.197 [warning] CommitStore: local write would be DENIED by trust gate (dry_run — write still lands) doc_uuid=190aeed0-f570-4c4b-b0f4-44a31b66d052 commit_id=de75434fd8f3462224241eec7937235bc2ccad18a93780970893802cd1e269ae reason=:unsigned
02:43:33.198 [error] local node self-trust was not added: node signing public-key artifact is absent — continuing with configured trusted identities
02:43:33.199 [warning] CommitStore: local write would be DENIED by trust gate (dry_run — write still lands) doc_uuid=03064e32-3a4f-451d-8ff6-c4b32d498347 commit_id=2ec51e440b7c5f09bfab8fc2aec7bdcbcbddcdb769482268ce654c249a5b8395 reason=:unsigned
02:43:33.201 [error] local node self-trust was not added: node signing public-key artifact is absent — continuing with configured trusted identities
.02:43:33.219 [error] local node self-trust was not added: node signing public-key artifact is absent — continuing with configured trusted identities
02:43:33.219 [warning] CommitStore: local write would be DENIED by trust gate (dry_run — write still lands) doc_uuid=e0ad50f4-2ee3-4720-9a4a-1922f73160e3 commit_id=35c5d7d8dc57dcad81ad04aa4e6377bfd84f712e946a6755e8495515fd59105b reason=:unsigned
02:43:33.221 [error] local node self-trust was not added: node signing public-key artifact is absent — continuing with configured trusted identities
02:43:33.221 [warning] CommitStore: local write would be DENIED by trust gate (dry_run — write still lands) doc_uuid=3e1e1c5f-278f-4372-aa10-e8e8ec67f461 commit_id=0be58cff76040bd532371041ab68136aa01566a507e7124c8916d16763d1f1b7 reason=:unsigned
02:43:33.224 [error] local node self-trust was not added: node signing public-key artifact is absent — continuing with configured trusted identities
02:43:33.224 [warning] CommitStore: local write would be DENIED by trust gate (dry_run — write still lands) doc_uuid=4350b233-2efb-4370-b365-d4fba31f17c9 commit_id=bbd171d005f164dd412b9e6ba6fbff3e4c9abd7ccf9ff8e1fde554089dc80d93 reason=:unsigned
02:43:33.226 [error] local node self-trust was not added: node signing public-key artifact is absent — continuing with configured trusted identities
02:43:33.226 [warning] CommitStore: local write would be DENIED by trust gate (dry_run — write still lands) doc_uuid=1f915af8-fde0-4759-821b-d6e94d18fbd0 commit_id=3c4157242ac91ed1b570720757821628aa4eeeab11cb68af5f589e625d355f19 reason=:unsigned
02:43:33.229 [error] local node self-trust was not added: node signing public-key artifact is absent — continuing with configured trusted identities
02:43:33.229 [warning] CommitStore: local write would be DENIED by trust gate (dry_run — write still lands) doc_uuid=c994d2d8-0a5f-4890-84af-b9db98b4fa5a commit_id=93dba9ee85f132928bfc57e7d60ea6c705de247e425167588b1d1a968f8961c8 reason={:untrusted_signer, "3bf56690-2f25-44d4-961c-92e66c58835e"}
02:43:33.231 [error] local node self-trust was not added: node signing public-key artifact is absent — continuing with configured trusted identities
02:43:33.232 [warning] CommitStore: local write would be DENIED by trust gate (dry_run — write still lands) doc_uuid=5d3b1e0e-d069-4e3f-b335-90d828519b31 commit_id=c7a3453eef51274341e94f72b9bfd3a6951826a82f2869564b5a4bed81cc23b1 reason={:untrusted_signer, "3bf56690-2f25-44d4-961c-92e66c58835e"}
02:43:33.235 [error] local node self-trust was not added: node signing public-key artifact is absent — continuing with configured trusted identities
02:43:33.235 [warning] CommitStore: local write would be DENIED by trust gate (dry_run — write still lands) doc_uuid=490395e2-3c77-469b-a23e-7492bc3950ea commit_id=06888a2b1d814d518feedde3dc1f804f539c50f265712e661585e3c8a9c163cf reason={:untrusted_signer, "3bf56690-2f25-44d4-961c-92e66c58835e"}
02:43:33.237 [error] local node self-trust was not added: node signing public-key artifact is absent — continuing with configured trusted identities
02:43:33.237 [warning] CommitStore: local write would be DENIED by trust gate (dry_run — write still lands) doc_uuid=c43e2568-0cbf-4124-b8f6-ba511b3d8599 commit_id=94767c17cb9e0173248a89bc50ff9ab11dbdc7be594ef433cbf87ae0284ee5f2 reason={:untrusted_signer, "3bf56690-2f25-44d4-961c-92e66c58835e"}
02:43:33.240 [error] local node self-trust was not added: node signing public-key artifact is absent — continuing with configured trusted identities
02:43:33.240 [warning] CommitStore: local write would be DENIED by trust gate (dry_run — write still lands) doc_uuid=24406c99-53aa-4fec-b2e6-349281858d14 commit_id=2798d99264792f1f5d12e313098e6fde6c0b2304d840ff9eb23925834be8de53 reason={:untrusted_signer, "3bf56690-2f25-44d4-961c-92e66c58835e"}
02:43:33.243 [error] local node self-trust was not added: node signing public-key artifact is absent — continuing with configured trusted identities
02:43:33.243 [warning] CommitStore: local write would be DENIED by trust gate (dry_run — write still lands) doc_uuid=c43e2568-0cbf-4124-b8f6-ba511b3d8599 commit_id=0062c67763251106eca6c2a88b1fc149b60ac56b418c04f32476d71278a4bbe7 reason={:untrusted_signer, "3bf56690-2f25-44d4-961c-92e66c58835e"}
02:43:33.245 [error] local node self-trust was not added: node signing public-key artifact is absent — continuing with configured trusted identities
02:43:33.245 [warning] CommitStore: local write would be DENIED by trust gate (dry_run — write still lands) doc_uuid=c994d2d8-0a5f-4890-84af-b9db98b4fa5a commit_id=c954c7872b92cf3d98546c5c23b327f536d6eee20f6b9af94090b806daef0c8b reason={:untrusted_signer, "3bf56690-2f25-44d4-961c-92e66c58835e"}
02:43:33.248 [error] local node self-trust was not added: node signing public-key artifact is absent — continuing with configured trusted identities
02:43:33.248 [warning] CommitStore: local write would be DENIED by trust gate (dry_run — write still lands) doc_uuid=b77659ff-7c57-4c76-91ae-1cce0a2d7b8f commit_id=32e7c7dca3fce85ee6358a9ed84fdda16b5d7a578eac52cac400d434e29f169a reason={:untrusted_signer, "3bf56690-2f25-44d4-961c-92e66c58835e"}
02:43:33.251 [error] local node self-trust was not added: node signing public-key artifact is absent — continuing with configured trusted identities
02:43:33.251 [warning] CommitStore: local write would be DENIED by trust gate (dry_run — write still lands) doc_uuid=3e1e1c5f-278f-4372-aa10-e8e8ec67f461 commit_id=f87e5bbac79e3feff069806fb0ce8548923f2ba3c67105da9f71e8e9c06faed9 reason={:untrusted_signer, "3bf56690-2f25-44d4-961c-92e66c58835e"}
02:43:33.296 [error] local node self-trust was not added: node signing public-key artifact is absent — continuing with configured trusted identities
02:43:33.296 [warning] CommitStore: local write would be DENIED by trust gate (dry_run — write still lands) doc_uuid=cd17db40-3066-4568-8550-3dc402183781 commit_id=1ed552825c5da54a8c7c6334060adf2274977e4ffe44303f03e6647c92712d5b reason={:untrusted_signer, "44423af9-e278-4240-8707-029f75d78648"}
02:43:33.300 [error] local node self-trust was not added: node signing public-key artifact is absent — continuing with configured trusted identities
02:43:33.300 [warning] CommitStore: local write would be DENIED by trust gate (dry_run — write still lands) doc_uuid=340577a2-69f4-45bc-ae20-8cc179b01d80 commit_id=7a8a7701a963df19f0d8918d25b769483250b482c06d9ff3dc02f367ccd1dc00 reason={:untrusted_signer, "44423af9-e278-4240-8707-029f75d78648"}
02:43:33.305 [error] local node self-trust was not added: node signing public-key artifact is absent — continuing with configured trusted identities
02:43:33.306 [warning] CommitStore: local write would be DENIED by trust gate (dry_run — write still lands) doc_uuid=1d4664ab-c36b-4fc9-8eec-b95d7c50d5c8 commit_id=4fbd16dfdcd8d2b26399e130161ad899ecb0acf5209e976ef78c1097690767be reason={:untrusted_signer, "44423af9-e278-4240-8707-029f75d78648"}
02:43:33.309 [error] local node self-trust was not added: node signing public-key artifact is absent — continuing with configured trusted identities
02:43:33.310 [warning] CommitStore: local write would be DENIED by trust gate (dry_run — write still lands) doc_uuid=340577a2-69f4-45bc-ae20-8cc179b01d80 commit_id=b39b30bcd1ee6b62b4ad9ec1ae50f03d21dd549422ab8d8fa8da71eac8f15176 reason={:untrusted_signer, "44423af9-e278-4240-8707-029f75d78648"}
02:43:33.314 [error] local node self-trust was not added: node signing public-key artifact is absent — continuing with configured trusted identities
02:43:33.314 [warning] CommitStore: local write would be DENIED by trust gate (dry_run — write still lands) doc_uuid=c994d2d8-0a5f-4890-84af-b9db98b4fa5a commit_id=e79e0c68f00263268fb2f79e86f12a9285a8b9c82562c43ab55c47fe6a7ec347 reason={:untrusted_signer, "44423af9-e278-4240-8707-029f75d78648"}
02:43:33.321 [error] local node self-trust was not added: node signing public-key artifact is absent — continuing with configured trusted identities
02:43:33.321 [warning] CommitStore: local write would be DENIED by trust gate (dry_run — write still lands) doc_uuid=321fdda1-fa2a-47a4-ba33-012fec95dd46 commit_id=1cc0482f173d200538e5eccbcb50f4bb62f248094bbc2de4770cba30a7a8009b reason={:untrusted_signer, "44423af9-e278-4240-8707-029f75d78648"}
02:43:33.327 [error] local node self-trust was not added: node signing public-key artifact is absent — continuing with configured trusted identities
02:43:33.328 [warning] CommitStore: local write would be DENIED by trust gate (dry_run — write still lands) doc_uuid=3e1e1c5f-278f-4372-aa10-e8e8ec67f461 commit_id=fc6ad823e3b66b84e915898d5b93d3a28074feee3b6114ceab34a69c64ec8138 reason={:untrusted_signer, "44423af9-e278-4240-8707-029f75d78648"}
02:43:33.478 [error] local node self-trust was not added: node signing public-key artifact is absent — continuing with configured trusted identities
02:43:33.480 [error] local node self-trust was not added: node signing public-key artifact is absent — continuing with configured trusted identities
02:43:33.481 [warning] CommitStore: local write would be DENIED by trust gate (dry_run — write still lands) doc_uuid=5ef00463-1447-43a5-bf59-fec8b8ea6d14 commit_id=67d170fae62de5d0623801c403b2d2a1b2a5cfdb1958b1cfcd7113c32e03a40d reason={:untrusted_signer, "37b9ee1d-2de3-4418-9e70-8b850575eb9f"}
02:43:33.485 [error] local node self-trust was not added: node signing public-key artifact is absent — continuing with configured trusted identities
02:43:33.485 [warning] CommitStore: local write would be DENIED by trust gate (dry_run — write still lands) doc_uuid=5ef00463-1447-43a5-bf59-fec8b8ea6d14 commit_id=4184538b90e7ebb2528600c8f55b9e292e11e59e15de2467bc14648b88a17af7 reason={:untrusted_signer, "37b9ee1d-2de3-4418-9e70-8b850575eb9f"}
02:43:33.489 [error] local node self-trust was not added: node signing public-key artifact is absent — continuing with configured trusted identities
02:43:33.490 [warning] CommitStore: local write would be DENIED by trust gate (dry_run — write still lands) doc_uuid=1f915af8-fde0-4759-821b-d6e94d18fbd0 commit_id=ef086caa59c8c588c6a47567dda88c02ae37f60ad787ac929097e7239de40ac8 reason={:untrusted_signer, "3bf56690-2f25-44d4-961c-92e66c58835e"}
02:43:33.493 [error] local node self-trust was not added: node signing public-key artifact is absent — continuing with configured trusted identities
02:43:33.494 [warning] CommitStore: local write would be DENIED by trust gate (dry_run — write still lands) doc_uuid=3e1e1c5f-278f-4372-aa10-e8e8ec67f461 commit_id=17b9e0f5de146cd01f055de26c9435095347c517a9ccd2e725f8da578b796ece reason={:untrusted_signer, "3bf56690-2f25-44d4-961c-92e66c58835e"}
02:43:33.497 [error] local node self-trust was not added: node signing public-key artifact is absent — continuing with configured trusted identities
02:43:33.498 [warning] CommitStore: local write would be DENIED by trust gate (dry_run — write still lands) doc_uuid=5ef00463-1447-43a5-bf59-fec8b8ea6d14 commit_id=5a55b584713b095062a327efb40757a65c6da6b50c22a5f2df7d1323cac1ee7b reason={:untrusted_signer, "37b9ee1d-2de3-4418-9e70-8b850575eb9f"}
02:43:33.501 [error] local node self-trust was not added: node signing public-key artifact is absent — continuing with configured trusted identities
02:43:33.502 [warning] CommitStore: local write would be DENIED by trust gate (dry_run — write still lands) doc_uuid=5ef00463-1447-43a5-bf59-fec8b8ea6d14 commit_id=a166e7ea5b68b8ba81c76ffc488d96591ba7ed3dc41212e60a76e52adfd154a2 reason={:untrusted_signer, "37b9ee1d-2de3-4418-9e70-8b850575eb9f"}
02:43:33.506 [error] local node self-trust was not added: node signing public-key artifact is absent — continuing with configured trusted identities
02:43:33.576 [error] local node self-trust was not added: node signing public-key artifact is absent — continuing with configured trusted identities
02:43:33.578 [warning] CommitStore: local write would be DENIED by trust gate (dry_run — write still lands) doc_uuid=5ef00463-1447-43a5-bf59-fec8b8ea6d14 commit_id=ec2509cb5b5486e0d3eddde5d5d96c556c7c694c125efb99f313fa333bcc7387 reason={:untrusted_signer, "37b9ee1d-2de3-4418-9e70-8b850575eb9f"}
02:43:33.610 [error] local node self-trust was not added: node signing public-key artifact is absent — continuing with configured trusted identities
.........02:43:34.245 [error] local node self-trust was not added: node signing public-key artifact is absent — continuing with configured trusted identities
..................02:43:34.386 [warning] flock failed on /tmp/cp_sandbox_871097/input.txt: :enoent, proceeding without lock
02:43:34.461 [warning] flock failed on /tmp/cp_sandbox_871097/__reflog/server/__snapshot: :enoent, proceeding without lock
.02:43:34.700 [warning] flock failed on /tmp/cp_sandbox_229288/data.txt: :enoent, proceeding without lock
02:43:34.777 [warning] flock failed on /tmp/cp_sandbox_229288/__reflog/server/__snapshot: :enoent, proceeding without lock
.02:43:35.083 [warning] flock failed on /tmp/cp_sandbox_465399/__reflog/server/__snapshot: :enoent, proceeding without lock
..02:43:35.421 [warning] flock failed on /tmp/cp_sandbox_277737/__reflog/server/__snapshot: :enoent, proceeding without lock
.02:43:35.935 [warning] flock failed on /tmp/cp_sandbox_90205/__reflog/server/__snapshot: :enoent, proceeding without lock
........................................................................................................................02:45:27.992 [error] ViewCompute "78af023f-62b2-4e03-95cb-781f95073967": recompute rate fuse tripped (>3 recomputes / 1000ms) — likely a reactive cycle. Halting recomputes; restart the view after breaking the loop.
.02:45:28.308 [error] ViewCompute nil: compute exceeded 150ms — killing
.02:45:28.316 [error] local node self-trust was not added: node signing public-key artifact is absent — continuing with configured trusted identities
02:45:28.316 [warning] CommitStore: local write DENIED by trust gate (enforce) doc_uuid=5f196598-84ea-5a89-823b-456eda24e47c commit_id=24c6b04aabbe0111ffe8200ef9a72584f6f98d8ceaa2b7591234d06e85c4a966 reason=:unsigned
..02:45:28.501 [error] local node self-trust was not added: node signing public-key artifact is absent — continuing with configured trusted identities
02:45:28.501 [warning] CommitStore: local write DENIED by trust gate (enforce) doc_uuid=5f196598-84ea-5a89-823b-456eda24e47c commit_id=536c08747d458ad0d790378537442fd2e0cf25cc385f0ded20c03d022042b2d9 reason=:unsigned
02:45:28.603 [warning] CommitStore: local write DENIED by trust gate (enforce) doc_uuid=5f196598-84ea-5a89-823b-456eda24e47c commit_id=6bb5446923aa887350fbb1dd20be06855c043d052b3a240537f1ca94dd2904ee reason=:unsigned
02:45:28.705 [error] Commonplace.Trust.AuditCanary: ALARM (parity_divergence) — mechanism A and mechanism B disagree on the denial count for this boot (a=9 b=2) — one of the two sinks is losing records
.02:45:28.713 [error] local node self-trust was not added: node signing public-key artifact is absent — continuing with configured trusted identities
02:45:28.713 [warning] CommitStore: local write DENIED by trust gate (enforce) doc_uuid=5f196598-84ea-5a89-823b-456eda24e47c commit_id=5300f118df98c4098e42f8e31bb43b115cb71905f48a55a4a70465cd79f1ab40 reason=:unsigned
02:45:28.725 [error] local node self-trust was not added: node signing public-key artifact is absent — continuing with configured trusted identities
02:45:28.725 [warning] CommitStore: local write DENIED by trust gate (enforce) doc_uuid=f4e8eac8-7bab-5ecd-ad86-e09f3a9ff900 commit_id=6ef2ff6eb86686740f2f218ddfb94fdefc6d97ae547f89df07139e39a76c883e reason=:unsigned
02:45:28.726 [error] Commonplace.Trust.AuditLog: RECURSION GUARD — a denial of the AUDIT LOG's own doc (f4e8eac8-7bab-5ecd-ad86-e09f3a9ff900) was not enqueued for auditing (that would loop). This means audit writes are themselves being refused: denial auditing is DEGRADED. record=%{"event" => "commonplace.commit.rejected.local_trust", "mode" => :enforce, "reason" => ":unsigned"}
02:45:28.726 [error] Commonplace.Trust.AuditDispatcher: FAILED to persist 1 denial audit record(s) — denials are still being ENFORCED but are no longer being RECORDED in the substrate. reason={:trust_rejected, :unsigned}
02:45:29.724 [error] Commonplace.Trust.AuditCanary: ALARM (round_trip_timeout) — a deliberately provoked denial did NOT round-trip within 1000ms. Short: [:mechanism_a_in_band, :mechanism_b_substrate]. Denials are still being ENFORCED; they are not being RECORDED.
.02:45:29.733 [error] local node self-trust was not added: node signing public-key artifact is absent — continuing with configured trusted identities
02:45:29.733 [warning] CommitStore: local write DENIED by trust gate (enforce) doc_uuid=5f196598-84ea-5a89-823b-456eda24e47c commit_id=a717edf052dc41fd00b78a72e3bba08282d2c7ef77f2e90486ad25eaa3337b10 reason=:unsigned
02:45:29.835 [error] Commonplace.Trust.AuditCanary: ALARM (handler_detached) — the trust-audit telemetry handler is NOT ATTACHED — denials are still being ENFORCED, but nothing is recording them. This is the exact CX-t3xv failure.
..02:45:29.860 [error] local node self-trust was not added: node signing public-key artifact is absent — continuing with configured trusted identities
02:45:29.860 [warning] CommitStore: local write DENIED by trust gate (enforce) doc_uuid=5f196598-84ea-5a89-823b-456eda24e47c commit_id=5a156f1083f8c69728e42b4e434ca985257c42c9cc8eb7616d521244a8cb3499 reason=:unsigned
.02:45:29.983 [error] local node self-trust was not added: node signing public-key artifact is absent — continuing with configured trusted identities
02:45:29.983 [warning] CommitStore: local write DENIED by trust gate (enforce) doc_uuid=5f196598-84ea-5a89-823b-456eda24e47c commit_id=2264f7d07b2cf7aff660285434abf85adb5847a0b23d1e75ed9ee1a7db7be863 reason=:unsigned
02:45:30.136 [warning] CommitStore: local write DENIED by trust gate (enforce) doc_uuid=5f196598-84ea-5a89-823b-456eda24e47c commit_id=f6141fac1d0fcd059ee651b35f7c571bdac0b0d1ae75f375f0ae609061afd05e reason=:unsigned
....02:45:30.290 [warning] CommitStore: local write DENIED by trust gate (enforce) doc_uuid=3d188b31-160f-43da-8198-e8d325c4a581 commit_id=1e30c67dc45344c28c92ab2d7c523511c1fd4b8c0f54c0f69df55aef8328443e reason=:unsigned
.......02:45:30.400 [error] Commonplace.Trust.AuditLog: RECURSION GUARD — a denial of the AUDIT LOG's own doc (f4e8eac8-7bab-5ecd-ad86-e09f3a9ff900) was not enqueued for auditing (that would loop). This means audit writes are themselves being refused: denial auditing is DEGRADED. record=%{"event" => "commonplace.commit.rejected.local_trust", "mode" => :enforce, "reason" => ":unsigned"}
CELL unnamed/foreign + audit-log-own-doc: record=no provocation_process=%{"pid" => "#PID<0.14244.0>", "registered_name" => "unnamed"}
.CELL CommitStore + other-doc: record=yes firing_process=%{"pid" => "#PID<0.14263.0>", "registered_name" => "audit_matrix_store_126115"}
.02:45:30.428 [error] Commonplace.Trust.AuditLog: RECURSION GUARD — a denial of the AUDIT LOG's own doc (f4e8eac8-7bab-5ecd-ad86-e09f3a9ff900) was not enqueued for auditing (that would loop). This means audit writes are themselves being refused: denial auditing is DEGRADED. record=%{"event" => "commonplace.commit.rejected.local_trust", "mode" => :enforce, "reason" => ":unsigned"}
CELL CommitStore + audit-log-own-doc: record=no provocation_process=%{"pid" => "#PID<0.14281.0>", "registered_name" => "audit_matrix_store_126211"}
.CELL unnamed/foreign + other-doc: record=yes firing_process=%{"pid" => "#PID<0.14294.0>", "registered_name" => "unnamed"}
......................................02:45:35.866 [error] local node self-trust was not added: node signing public-key artifact is absent — continuing with configured trusted identities
.02:45:35.902 [error] local node self-trust was not added: node signing public-key artifact is absent — continuing with configured trusted identities
.02:45:35.939 [error] local node self-trust was not added: node signing public-key artifact is absent — continuing with configured trusted identities
.02:45:35.982 [error] local node self-trust was not added: node signing public-key artifact is absent — continuing with configured trusted identities
.02:45:36.032 [error] local node self-trust was not added: node signing public-key artifact is absent — continuing with configured trusted identities
.02:45:36.079 [error] local node self-trust was not added: node signing public-key artifact is absent — continuing with configured trusted identities
.02:45:36.125 [error] local node self-trust was not added: node signing public-key artifact is absent — continuing with configured trusted identities
.02:45:36.171 [error] local node self-trust was not added: node signing public-key artifact is absent — continuing with configured trusted identities
.....02:45:41.146 [warning] EngineModule :look (nil) fell back to last-good/floor: {:runtime_crash, Commonplace.MUD.EngineLook, {:rescue, %FunctionClauseError{module: Commonplace.MUD.EngineLook, function: :run, arity: 2, kind: nil, args: nil, clauses: nil}}}
...02:45:43.567 [warning] safe-verb author diagnostic (drop): put_state → state_bounds (via_verb={"e7ca53a8-cbd6-444e-8f93-92e0e20ece1b", "gizmo-37a86dd8.obj"})
......02:45:48.659 [warning] EngineModule :look (nil) fell back to last-good/floor: {:runtime_crash, Commonplace.MUD.EngineLook, {:rescue, %FunctionClauseError{module: Commonplace.MUD.EngineLook, function: :run, arity: 2, kind: nil, args: nil, clauses: nil}}}
..02:45:51.356 [warning] EngineModule :look (nil) fell back to last-good/floor: {:runtime_crash, Commonplace.MUD.EngineLook, {:rescue, %FunctionClauseError{module: Commonplace.MUD.EngineLook, function: :run, arity: 2, kind: nil, args: nil, clauses: nil}}}
........02:45:59.215 [warning] EngineModule :look (nil) fell back to last-good/floor: {:runtime_crash, Commonplace.MUD.EngineLook, {:rescue, %FunctionClauseError{module: Commonplace.MUD.EngineLook, function: :run, arity: 2, kind: nil, args: nil, clauses: nil}}}
.02:46:00.518 [warning] safe-verb author diagnostic (drop): put_state → state_bounds (via_verb={"f845ade6-1128-41dc-be8d-1d4b2357da48", "widget-fb7a38e1.obj"})
........02:46:06.978 [warning] safe-verb author diagnostic (drop): consume → requires_object_host (via_verb={"135476bf-4a17-4fec-88e1-e752286b7a80", "here"})
......02:46:07.131 [warning] flock failed on /tmp/cp_entry_sync_901579/hello.txt: :enoent, proceeding without lock
02:46:07.131 [warning] flock failed on /tmp/cp_entry_sync_901579/hello.txt: :enoent, proceeding without lock
..02:46:07.155 [warning] flock failed on /tmp/cp_entry_sync_898346/idempotent.txt: :enoent, proceeding without lock
02:46:07.156 [warning] flock failed on /tmp/cp_entry_sync_898346/idempotent.txt: :enoent, proceeding without lock
.02:46:07.163 [warning] flock failed on /tmp/cp_entry_sync_530430/matching.txt: :enoent, proceeding without lock
02:46:07.163 [warning] flock failed on /tmp/cp_entry_sync_530430/matching.txt: :enoent, proceeding without lock
.02:46:08.276 [warning] flock failed on /tmp/cp_entry_sync_836051/guarded.txt: :enoent, proceeding without lock
02:46:08.277 [warning] flock failed on /tmp/cp_entry_sync_836051/guarded.txt: :enoent, proceeding without lock
.02:46:08.295 [warning] flock failed on /tmp/cp_entry_sync_241608/stable.txt: :enoent, proceeding without lock
02:46:08.296 [warning] flock failed on /tmp/cp_entry_sync_241608/stable.txt: :enoent, proceeding without lock
..02:46:09.425 [warning] flock failed on /tmp/cp_entry_sync_147903/new_file.txt: :enoent, proceeding without lock
02:46:09.425 [warning] flock failed on /tmp/cp_entry_sync_147903/new_file.txt: :enoent, proceeding without lock
..02:46:09.444 [warning] flock failed on /tmp/cp_entry_sync_914534/bidir.txt: :enoent, proceeding without lock
02:46:09.445 [warning] flock failed on /tmp/cp_entry_sync_914534/bidir.txt: :enoent, proceeding without lock
.02:46:09.467 [warning] flock failed on /tmp/cp_entry_sync_527218/editable.txt: :enoent, proceeding without lock
02:46:09.467 [warning] flock failed on /tmp/cp_entry_sync_527218/editable.txt: :enoent, proceeding without lock
...................02:46:09.968 [warning] CommitStore: local write DENIED by trust gate (enforce) doc_uuid=9a1e16c7-9b09-40f5-9dd5-f9e9d7b92cf4 commit_id=bcd4647a44cd45b01c6d745916f82714c92ee04abb203ee90d46af5107c9ab51 reason={:untrusted_signer, "9eb76abc-faa7-43f5-af5c-b5dd4d52f060"}
...02:46:09.995 [error] trust.json is present but unreadable/unparseable ({:unreadable, :eisdir}) — FAILING CLOSED: rejecting all non-node-signed commits until the file is fixed or removed
.02:46:10.007 [error] trust.json is present but unreadable/unparseable ({:invalid_json, "unexpected byte at position 1: 0x74 (\"t\")"}) — FAILING CLOSED: rejecting all non-node-signed commits until the file is fixed or removed
..............02:46:10.256 [error] local node self-trust was not added: node signing public-key artifact is absent — continuing with configured trusted identities
.02:46:10.387 [error] local node self-trust was not added: node signing public-key artifact is absent — continuing with configured trusted identities
.02:46:10.487 [error] local node self-trust was not added: node signing public-key artifact is absent — continuing with configured trusted identities
.02:46:10.653 [error] local node self-trust was not added: node signing public-key artifact is absent — continuing with configured trusted identities
.02:46:10.757 [error] local node self-trust was not added: node signing public-key artifact is absent — continuing with configured trusted identities
.02:46:10.852 [error] local node self-trust was not added: node signing public-key artifact is absent — continuing with configured trusted identities
.02:46:11.070 [error] local node self-trust was not added: node signing public-key artifact is absent — continuing with configured trusted identities
...................02:46:14.090 [error] local node self-trust was not added: node signing public-key artifact is absent — continuing with configured trusted identities
02:46:14.092 [error] local node self-trust was not added: node signing public-key artifact is absent — continuing with configured trusted identities
02:46:14.094 [error] local node self-trust was not added: node signing public-key artifact is absent — continuing with configured trusted identities
02:46:14.097 [error] local node self-trust was not added: node signing public-key artifact is absent — continuing with configured trusted identities
.02:46:14.124 [error] local node self-trust was not added: node signing public-key artifact is absent — continuing with configured trusted identities
02:46:14.127 [error] local node self-trust was not added: node signing public-key artifact is absent — continuing with configured trusted identities
02:46:14.130 [error] local node self-trust was not added: node signing public-key artifact is absent — continuing with configured trusted identities
02:46:14.133 [error] local node self-trust was not added: node signing public-key artifact is absent — continuing with configured trusted identities
.02:46:14.165 [error] local node self-trust was not added: node signing public-key artifact is absent — continuing with configured trusted identities
02:46:14.168 [error] local node self-trust was not added: node signing public-key artifact is absent — continuing with configured trusted identities
02:46:14.171 [error] local node self-trust was not added: node signing public-key artifact is absent — continuing with configured trusted identities
02:46:14.174 [error] local node self-trust was not added: node signing public-key artifact is absent — continuing with configured trusted identities
02:46:14.203 [error] local node self-trust was not added: node signing public-key artifact is absent — continuing with configured trusted identities
02:46:14.453 [error] local node self-trust was not added: node signing public-key artifact is absent — continuing with configured trusted identities
02:46:14.458 [error] local node self-trust was not added: node signing public-key artifact is absent — continuing with configured trusted identities
02:46:14.461 [error] local node self-trust was not added: node signing public-key artifact is absent — continuing with configured trusted identities
02:46:14.477 [error] local node self-trust was not added: node signing public-key artifact is absent — continuing with configured trusted identities
.02:46:14.493 [error] local node self-trust was not added: node signing public-key artifact is absent — continuing with configured trusted identities
02:46:14.495 [error] local node self-trust was not added: node signing public-key artifact is absent — continuing with configured trusted identities
02:46:14.497 [error] local node self-trust was not added: node signing public-key artifact is absent — continuing with configured trusted identities
02:46:14.499 [error] local node self-trust was not added: node signing public-key artifact is absent — continuing with configured trusted identities
02:46:14.501 [error] local node self-trust was not added: node signing public-key artifact is absent — continuing with configured trusted identities
02:46:14.503 [error] local node self-trust was not added: node signing public-key artifact is absent — continuing with configured trusted identities
02:46:14.525 [error] local node self-trust was not added: node signing public-key artifact is absent — continuing with configured trusted identities
02:46:14.526 [error] local node self-trust was not added: node signing public-key artifact is absent — continuing with configured trusted identities
02:46:14.530 [error] local node self-trust was not added: node signing public-key artifact is absent — continuing with configured trusted identities
.02:46:14.562 [error] local node self-trust was not added: node signing public-key artifact is absent — continuing with configured trusted identities
02:46:14.565 [error] local node self-trust was not added: node signing public-key artifact is absent — continuing with configured trusted identities
02:46:14.568 [error] local node self-trust was not added: node signing public-key artifact is absent — continuing with configured trusted identities
02:46:14.572 [error] local node self-trust was not added: node signing public-key artifact is absent — continuing with configured trusted identities
02:46:14.613 [error] local node self-trust was not added: node signing public-key artifact is absent — continuing with configured trusted identities
02:46:14.614 [error] local node self-trust was not added: node signing public-key artifact is absent — continuing with configured trusted identities
..02:46:14.668 [warning] ViewCompute nil: target 7b97a8bc-0d43-40e2-9cd6-c03b16fcc509 not found — view will not render until the target is created
.............................................02:46:16.607 [warning] EngineModule :look ("100ca11b-1004-4e55-9f66-a07788990011") fell back to last-good/floor: {:compile, :not_found}
02:46:16.609 [warning] EngineModule :parser ("aa11bb22-cc33-4d44-8e55-ff6677889900") fell back to last-good/floor: {:compile, :not_found}
02:46:16.610 [warning] EngineModule :look ("100ca11b-1004-4e55-9f66-a07788990011") fell back to last-good/floor: {:compile, :not_found}
02:46:16.611 [warning] EngineModule :parser ("aa11bb22-cc33-4d44-8e55-ff6677889900") fell back to last-good/floor: {:compile, :not_found}
02:46:16.617 [warning] EngineModule :parser ("aa11bb22-cc33-4d44-8e55-ff6677889900") fell back to last-good/floor: {:compile, :not_found}
02:46:16.618 [warning] EngineModule :go ("1a2b3c4d-5e6f-4a7b-8c9d-0e1f2a3b4c5d") fell back to last-good/floor: {:compile, :not_found}
02:46:16.645 [warning] EngineModule :look ("100ca11b-1004-4e55-9f66-a07788990011") fell back to last-good/floor: {:compile, :not_found}
02:46:16.647 [warning] EngineModule :parser ("aa11bb22-cc33-4d44-8e55-ff6677889900") fell back to last-good/floor: {:compile, :not_found}
02:46:16.648 [warning] EngineModule :look ("100ca11b-1004-4e55-9f66-a07788990011") fell back to last-good/floor: {:compile, :not_found}
02:46:16.649 [warning] EngineModule :parser ("aa11bb22-cc33-4d44-8e55-ff6677889900") fell back to last-good/floor: {:compile, :not_found}
02:46:16.652 [warning] CommitStore: local write DENIED by trust gate (enforce) doc_uuid=4eb80444-a9f4-465e-a790-48625580aa19 commit_id=2c43907aaa5c782f70ec00cc42dd544713c6829ae8fb2d6121369ad040e0d612 reason=:capability_insufficient
.02:46:16.666 [warning] CommitStore: local write would be DENIED by trust gate (dry_run — write still lands) doc_uuid=b6fd932d-937f-4cb4-ba54-7653058d8c98 commit_id=96aa66cee35f3e2cf9f45657e4c4c501d8ce8965a4f05eb67d702b5ca3cf0c74 reason=:untrusted_root
.02:46:16.674 [warning] CommitStore: local write would be DENIED by trust gate (dry_run — write still lands) doc_uuid=a9eb8cf2-3090-4eb5-b20d-9bb71339bfad commit_id=f40032e1d13ac269a98df326184e41d1da9d116f94a14cee99a634eb24e0ed8e reason=:awaiting_capability
.02:46:16.684 [warning] CommitStore: local write would be DENIED by trust gate (dry_run — write still lands) doc_uuid=536d2309-07df-488c-bde1-0d1e89f85ba4 commit_id=c13d1627786e1d747745aaab672ba71cf2ac78c79e9047433afc9cd692a33bc3 reason=:untrusted_root
.GATE START fixture_reproducing=235d73b5-a44a-44de-91ad-a753c61f7407@5042f340
GATE PASS fixture_reproducing=235d73b5-a44a-44de-91ad-a753c61f7407@5042f340 fixture_commit=control head=CLEAN history=TRIPS
SWEEP START docs_total=1 checkpoint=/tmp/mixed-plane-history-test-172738/old-partial-checkpoint resumable=true max_concurrency=1 strategy=oracle
PROGRESS docs=1/1 commits_scanned=1 commits_skipped=0 coverage=1/1 (100.00%) commits_this_run=1 resumed_docs=0 elapsed_ms=2
SUMMARY docs_total=1 docs_scanned=1 docs_fully_unscanned=0 docs_partially_skipped=0 commits_total=1 commits_scanned=1 commits_skipped=0 coverage=1/1 (100.00%) docs_skipped=0 affected_docs=0 hits=0 resumed_docs=0 commits_this_run=1 elapsed_ms=2
..GATE START fixture_reproducing=235d73b5-a44a-44de-91ad-a753c61f7407@5042f340
GATE PASS fixture_reproducing=235d73b5-a44a-44de-91ad-a753c61f7407@5042f340 fixture_commit=control head=CLEAN history=TRIPS
SWEEP START docs_total=3 checkpoint=/tmp/mixed-plane-history-test-172802/fewer-enumeration-failures resumable=true max_concurrency=1 strategy=oracle
SKIP doc=doc-unscanned-a commit=0000000000000000000000000000000000000000000000000000000000000012 reason={:error, :unreadable}
SKIP doc=doc-unscanned-b reason=commit_enumeration_failed: {:exception, "** (RuntimeError) deliberate enumeration failure for doc-unscanned-b\n    test/commonplace/projection/mixed_plane_history_test.exs:318: anonymous fn/3 in Commonplace.Projection.MixedPlaneHistoryTest.\"test coverage does not improve when more documents fail commit enumeration\"/1\n    (commonplace 0.1.0) lib/commonplace/projection/mixed_plane_history.ex:493: Commonplace.Projection.MixedPlaneHistory.safely/1\n    (commonplace 0.1.0) lib/commonplace/projection/mixed_plane_history.ex:462: Commonplace.Projection.MixedPlaneHistory.fetch_commit_ids/3\n    (commonplace 0.1.0) lib/commonplace/projection/mixed_plane_history.ex:247: Commonplace.Projection.MixedPlaneHistory.do_scan_or_reuse_doc/5\n    (elixir 1.18.4) lib/task/supervised.ex:101: Task.Supervised.invoke_mfa/2\n    (elixir 1.18.4) lib/task/supervised.ex:36: Task.Supervised.reply/4\n"}
PROGRESS docs=3/3 commits_scanned=1 commits_skipped=1 coverage=unavailable (commit enumeration failed for one or more docs) commits_this_run=1 resumed_docs=0 elapsed_ms=6
SUMMARY docs_total=3 docs_scanned=1 docs_fully_unscanned=2 docs_partially_skipped=0 commits_total=2 commits_scanned=1 commits_skipped=1 coverage=unavailable (commit enumeration failed for one or more docs) docs_skipped=2 affected_docs=0 hits=0 resumed_docs=0 commits_this_run=1 elapsed_ms=7
GATE START fixture_reproducing=235d73b5-a44a-44de-91ad-a753c61f7407@5042f340
GATE PASS fixture_reproducing=235d73b5-a44a-44de-91ad-a753c61f7407@5042f340 fixture_commit=control head=CLEAN history=TRIPS
SWEEP START docs_total=3 checkpoint=/tmp/mixed-plane-history-test-172802/more-enumeration-failures resumable=true max_concurrency=1 strategy=oracle
SKIP doc=doc-unscanned-a reason=commit_enumeration_failed: {:exception, "** (RuntimeError) deliberate enumeration failure for doc-unscanned-a\n    test/commonplace/projection/mixed_plane_history_test.exs:318: anonymous fn/3 in Commonplace.Projection.MixedPlaneHistoryTest.\"test coverage does not improve when more documents fail commit enumeration\"/1\n    (commonplace 0.1.0) lib/commonplace/projection/mixed_plane_history.ex:493: Commonplace.Projection.MixedPlaneHistory.safely/1\n    (commonplace 0.1.0) lib/commonplace/projection/mixed_plane_history.ex:462: Commonplace.Projection.MixedPlaneHistory.fetch_commit_ids/3\n    (commonplace 0.1.0) lib/commonplace/projection/mixed_plane_history.ex:247: Commonplace.Projection.MixedPlaneHistory.do_scan_or_reuse_doc/5\n    (elixir 1.18.4) lib/task/supervised.ex:101: Task.Supervised.invoke_mfa/2\n    (elixir 1.18.4) lib/task/supervised.ex:36: Task.Supervised.reply/4\n"}
SKIP doc=doc-unscanned-b reason=commit_enumeration_failed: {:exception, "** (RuntimeError) deliberate enumeration failure for doc-unscanned-b\n    test/commonplace/projection/mixed_plane_history_test.exs:318: anonymous fn/3 in Commonplace.Projection.MixedPlaneHistoryTest.\"test coverage does not improve when more documents fail commit enumeration\"/1\n    (commonplace 0.1.0) lib/commonplace/projection/mixed_plane_history.ex:493: Commonplace.Projection.MixedPlaneHistory.safely/1\n    (commonplace 0.1.0) lib/commonplace/projection/mixed_plane_history.ex:462: Commonplace.Projection.MixedPlaneHistory.fetch_commit_ids/3\n    (commonplace 0.1.0) lib/commonplace/projection/mixed_plane_history.ex:247: Commonplace.Projection.MixedPlaneHistory.do_scan_or_reuse_doc/5\n    (elixir 1.18.4) lib/task/supervised.ex:101: Task.Supervised.invoke_mfa/2\n    (elixir 1.18.4) lib/task/supervised.ex:36: Task.Supervised.reply/4\n"}
PROGRESS docs=3/3 commits_scanned=1 commits_skipped=0 coverage=unavailable (commit enumeration failed for one or more docs) commits_this_run=1 resumed_docs=0 elapsed_ms=7
SUMMARY docs_total=3 docs_scanned=1 docs_fully_unscanned=2 docs_partially_skipped=0 commits_total=1 commits_scanned=1 commits_skipped=0 coverage=unavailable (commit enumeration failed for one or more docs) docs_skipped=2 affected_docs=0 hits=0 resumed_docs=0 commits_this_run=1 elapsed_ms=7
.GATE START fixture_reproducing=235d73b5-a44a-44de-91ad-a753c61f7407@5042f340
GATE PASS fixture_reproducing=235d73b5-a44a-44de-91ad-a753c61f7407@5042f340 fixture_commit=control head=CLEAN history=TRIPS
SWEEP START docs_total=3 checkpoint=/tmp/mixed-plane-history-test-172834/stoppable resumable=true max_concurrency=1 strategy=oracle
PROGRESS docs=1/3 commits_scanned=1 commits_skipped=0 coverage=1/1 (100.00%) commits_this_run=1 resumed_docs=0 elapsed_ms=4
SWEEP STOPPED checkpoint=/tmp/mixed-plane-history-test-172834/stoppable docs_checkpointed=1 docs_remaining=2 exit_nonzero=true
GATE START fixture_reproducing=235d73b5-a44a-44de-91ad-a753c61f7407@5042f340
GATE PASS fixture_reproducing=235d73b5-a44a-44de-91ad-a753c61f7407@5042f340 fixture_commit=control head=CLEAN history=TRIPS
SWEEP START docs_total=3 checkpoint=/tmp/mixed-plane-history-test-172834/stoppable resumable=true max_concurrency=1 strategy=oracle
PROGRESS docs=1/3 commits_scanned=1 commits_skipped=0 coverage=1/1 (100.00%) commits_this_run=0 resumed_docs=1 elapsed_ms=2
PROGRESS docs=2/3 commits_scanned=2 commits_skipped=0 coverage=2/2 (100.00%) commits_this_run=1 resumed_docs=1 elapsed_ms=4
PROGRESS docs=3/3 commits_scanned=3 commits_skipped=0 coverage=3/3 (100.00%) commits_this_run=2 resumed_docs=1 elapsed_ms=5
SUMMARY docs_total=3 docs_scanned=3 docs_fully_unscanned=0 docs_partially_skipped=0 commits_total=3 commits_scanned=3 commits_skipped=0 coverage=3/3 (100.00%) docs_skipped=0 affected_docs=0 hits=0 resumed_docs=1 commits_this_run=2 elapsed_ms=5
.....GATE START fixture_reproducing=235d73b5-a44a-44de-91ad-a753c61f7407@5042f340
GATE FAIL fixture_reproducing=235d73b5-a44a-44de-91ad-a753c61f7407@5042f340 reason=:deliberately_broken
SWEEP ABORTED docs_enumerated=0 commits_scanned=0
......................02:46:17.709 [warning] CommitStore: local write DENIED by trust gate (enforce) doc_uuid=67444cab-e2dd-48df-8407-67cdfea994ac commit_id=1351b5475f863b26390511f4672825a4b93fa54f4d96d69e3770d36e98627ae8 reason=:unsigned
......02:46:17.922 [warning] Orchestrator running with a permissive trust config: declared processes (including code docs synced from peers) will auto-execute ungated. Pin identities / set accept_unsigned:false in trust.json for strict gating.
02:46:18.046 [error] Process c11324a9-f6a4-46bf-8ac5-1269e5b72bc4: log capability delegation failed: {:error, {:capability_store_unavailable, {:noproc, {GenServer, :call, [nil, {:store_capability, %Commonplace.Trust.Capability{issuer: {"37b9ee1d-2de3-4418-9e70-8b850575eb9f", <<83, 82, 228, 6, 228, 128, 203, 149, 83, 155, 144, 56, 1, 4, 212, 202, 13, 62, 25, 172, 29, 70, 200, 72, 0, 99, 243, 68, 89, 191, 146, 129>>}, audience: {"c11324a9-f6a4-46bf-8ac5-1269e5b72bc4", <<94, 142, 139, 146, 154, 131, 248, 37, 205, 94, 123, 223, 113, 106, 7, 67, 12, 216, 41, 209, 203, 15, 225, 87, 245, 77, 182, 198, 140, 204, 176, 52>>}, claim: %{scope: {:docs, ["2ea3ad6d-2a1f-5d5a-b94c-4c267185dea5"]}, verbs: [:write], caveats: %{not_before: nil, not_after: nil}}, proof: nil, sig: <<78, 118, 98, 236, 41, 23, 101, 225, 244, 71, 182, 185, 60, 64, 221, 88, 107, 196, 191, 178, 136, 131, 232, 41, 217, 245, 244, 98, 116, 160, 167, 92, ...>>, id: <<198, 205, 208, 149, 4, 249, 87, 222, 141, 38, 70, 208, 149, 43, 162, 85, 79, 138, 168, 6, 158, 64, 60, 116, 130, 160, 134, 66, 107, 42, 245, ...>>}}, 5000]}}}}
02:46:18.099 [warning] flock failed on /tmp/cp_sandbox_676221/__identities__/writer.bot: :enoent, proceeding without lock
02:46:18.103 [warning] flock failed on /tmp/cp_sandbox_676221/__processes.json: :enoent, proceeding without lock
02:46:18.184 [warning] flock failed on /tmp/cp_sandbox_676221/__reflog/server/__snapshot: :enoent, proceeding without lock
02:46:18.376 [error] Process e5ed6e58-0997-4420-9e5b-0ba0f22d4527: log capability delegation failed: {:error, {:capability_store_unavailable, {:noproc, {GenServer, :call, [nil, {:store_capability, %Commonplace.Trust.Capability{issuer: {"37b9ee1d-2de3-4418-9e70-8b850575eb9f", <<83, 82, 228, 6, 228, 128, 203, 149, 83, 155, 144, 56, 1, 4, 212, 202, 13, 62, 25, 172, 29, 70, 200, 72, 0, 99, 243, 68, 89, 191, 146, 129>>}, audience: {"e5ed6e58-0997-4420-9e5b-0ba0f22d4527", <<120, 109, 173, 8, 42, 50, 183, 201, 109, 120, 61, 132, 107, 153, 189, 121, 147, 116, 41, 127, 113, 115, 248, 108, 200, 136, 154, 201, 124, 79, 255, 74>>}, claim: %{scope: {:docs, ["9bb983e9-029c-58be-bbce-c92620e965ec"]}, verbs: [:write], caveats: %{not_before: nil, not_after: nil}}, proof: nil, sig: <<213, 155, 190, 106, 124, 42, 173, 13, 166, 233, 213, 146, 251, 193, 42, 114, 114, 128, 124, 223, 68, 182, 147, 76, 103, 109, 153, 205, 114, 61, 15, 51, ...>>, id: <<160, 32, 136, 65, 230, 43, 10, 96, 58, 63, 163, 175, 169, 106, 2, 10, 226, 141, 30, 168, 229, 174, 167, 38, 82, 124, 115, 145, 118, 235, 171, ...>>}}, 5000]}}}}
02:46:18.434 [warning] flock failed on /tmp/cp_sandbox_441337/__identities__/writer.bot: :enoent, proceeding without lock
02:46:18.437 [warning] flock failed on /tmp/cp_sandbox_441337/__processes.json: :enoent, proceeding without lock
02:46:18.439 [warning] flock failed on /tmp/cp_sandbox_441337/__reflog/server/__snapshot: :enoent, proceeding without lock
02:46:18.441 [warning] flock failed on /tmp/cp_sandbox_441337/output.txt: :enoent, proceeding without lock
02:46:18.699 [error] Process 78c7a311-48b3-4371-9d84-77446a18af35: log capability delegation failed: {:error, {:capability_store_unavailable, {:noproc, {GenServer, :call, [nil, {:store_capability, %Commonplace.Trust.Capability{issuer: {"37b9ee1d-2de3-4418-9e70-8b850575eb9f", <<83, 82, 228, 6, 228, 128, 203, 149, 83, 155, 144, 56, 1, 4, 212, 202, 13, 62, 25, 172, 29, 70, 200, 72, 0, 99, 243, 68, 89, 191, 146, 129>>}, audience: {"78c7a311-48b3-4371-9d84-77446a18af35", <<231, 30, 26, 112, 3, 164, 45, 20, 151, 163, 67, 117, 14, 21, 164, 53, 37, 219, 223, 250, 56, 129, 156, 144, 247, 113, 120, 204, 228, 43, 251, 151>>}, claim: %{scope: {:docs, ["f42c3279-1386-52e2-a730-6201114b8630"]}, verbs: [:write], caveats: %{not_before: nil, not_after: nil}}, proof: nil, sig: <<230, 159, 227, 109, 163, 122, 95, 112, 189, 5, 224, 0, 20, 123, 71, 195, 62, 29, 49, 218, 201, 169, 179, 77, 139, 155, 40, 32, 86, 191, 108, 200, ...>>, id: <<134, 40, 162, 212, 206, 133, 138, 113, 127, 255, 47, 175, 137, 166, 189, 151, 75, 247, 154, 31, 55, 138, 8, 172, 81, 112, 117, 106, 107, 8, 205, ...>>}}, 5000]}}}}
02:46:18.773 [warning] flock failed on /tmp/cp_sandbox_768099/__identities__/writer.bot: :enoent, proceeding without lock
02:46:18.777 [warning] flock failed on /tmp/cp_sandbox_768099/__processes.json: :enoent, proceeding without lock
02:46:18.781 [warning] flock failed on /tmp/cp_sandbox_768099/__reflog/server/__snapshot: :enoent, proceeding without lock
02:46:18.784 [warning] flock failed on /tmp/cp_sandbox_768099/output.txt: :enoent, proceeding without lock
.02:46:23.974 [warning] Orchestrator running with a permissive trust config: declared processes (including code docs synced from peers) will auto-execute ungated. Pin identities / set accept_unsigned:false in trust.json for strict gating.
02:46:24.100 [error] Process 1405d075-6de2-4314-a88c-f4d0f4ebbd80: log capability delegation failed: {:error, {:capability_store_unavailable, {:noproc, {GenServer, :call, [nil, {:store_capability, %Commonplace.Trust.Capability{issuer: {"37b9ee1d-2de3-4418-9e70-8b850575eb9f", <<83, 82, 228, 6, 228, 128, 203, 149, 83, 155, 144, 56, 1, 4, 212, 202, 13, 62, 25, 172, 29, 70, 200, 72, 0, 99, 243, 68, 89, 191, 146, 129>>}, audience: {"1405d075-6de2-4314-a88c-f4d0f4ebbd80", <<54, 247, 102, 42, 110, 89, 236, 59, 95, 243, 100, 40, 23, 159, 64, 178, 52, 3, 86, 149, 184, 146, 31, 15, 124, 48, 124, 213, 30, 202, 132, 61>>}, claim: %{scope: {:docs, ["fdd4b0fa-d1b7-5e17-9cd2-85a5bddf72a9"]}, verbs: [:write], caveats: %{not_before: nil, not_after: nil}}, proof: nil, sig: <<52, 167, 124, 34, 78, 225, 142, 37, 93, 151, 230, 7, 29, 203, 201, 201, 103, 28, 197, 250, 27, 171, 72, 168, 59, 44, 133, 61, 176, 157, 38, 72, ...>>, id: <<107, 67, 30, 49, 51, 101, 94, 79, 43, 206, 232, 153, 211, 200, 51, 164, 13, 85, 42, 90, 63, 174, 21, 239, 0, 87, 168, 33, 52, 168, 132, ...>>}}, 5000]}}}}
02:46:24.156 [warning] flock failed on /tmp/cp_sandbox_277870/__identities__/transformer.bot: :enoent, proceeding without lock
02:46:24.159 [warning] flock failed on /tmp/cp_sandbox_277870/__processes.json: :enoent, proceeding without lock
02:46:24.162 [warning] flock failed on /tmp/cp_sandbox_277870/input.txt: :enoent, proceeding without lock
02:46:24.258 [warning] flock failed on /tmp/cp_sandbox_277870/__reflog/server/__snapshot: :enoent, proceeding without lock
02:46:24.426 [error] Process 19e1ab74-6512-4085-a122-695aeb2dc078: log capability delegation failed: {:error, {:capability_store_unavailable, {:noproc, {GenServer, :call, [nil, {:store_capability, %Commonplace.Trust.Capability{issuer: {"37b9ee1d-2de3-4418-9e70-8b850575eb9f", <<83, 82, 228, 6, 228, 128, 203, 149, 83, 155, 144, 56, 1, 4, 212, 202, 13, 62, 25, 172, 29, 70, 200, 72, 0, 99, 243, 68, 89, 191, 146, 129>>}, audience: {"19e1ab74-6512-4085-a122-695aeb2dc078", <<31, 161, 75, 77, 183, 124, 234, 222, 130, 225, 8, 216, 157, 124, 178, 189, 41, 249, 152, 24, 80, 214, 150, 84, 19, 107, 125, 155, 171, 241, 199, 185>>}, claim: %{scope: {:docs, ["9cd9b7cc-ea45-5a87-8c14-8b592f807172"]}, verbs: [:write], caveats: %{not_before: nil, not_after: nil}}, proof: nil, sig: <<15, 246, 233, 136, 248, 201, 53, 62, 126, 206, 207, 87, 185, 162, 29, 86, 68, 99, 109, 237, 11, 250, 37, 220, 10, 66, 115, 83, 33, 100, 185, 220, ...>>, id: <<249, 216, 60, 91, 31, 34, 182, 48, 176, 136, 109, 145, 76, 24, 109, 187, 246, 252, 175, 42, 64, 180, 17, 184, 62, 140, 54, 212, 208, 99, 38, ...>>}}, 5000]}}}}
02:46:24.513 [warning] flock failed on /tmp/cp_sandbox_725260/__processes.json: :enoent, proceeding without lock
02:46:24.518 [warning] flock failed on /tmp/cp_sandbox_725260/__reflog/server/__snapshot: :enoent, proceeding without lock
02:46:24.522 [warning] flock failed on /tmp/cp_sandbox_725260/doubled.txt: :enoent, proceeding without lock
02:46:24.525 [warning] flock failed on /tmp/cp_sandbox_725260/input.txt: :enoent, proceeding without lock
02:46:24.783 [warning] flock failed on /tmp/cp_sandbox_725260/__identities__/transformer.bot: :enoent, proceeding without lock
02:46:24.787 [error] Process 2f3c90ad-2692-4cad-9c1c-2cea7696874a: log capability delegation failed: {:error, {:capability_store_unavailable, {:noproc, {GenServer, :call, [nil, {:store_capability, %Commonplace.Trust.Capability{issuer: {"37b9ee1d-2de3-4418-9e70-8b850575eb9f", <<83, 82, 228, 6, 228, 128, 203, 149, 83, 155, 144, 56, 1, 4, 212, 202, 13, 62, 25, 172, 29, 70, 200, 72, 0, 99, 243, 68, 89, 191, 146, 129>>}, audience: {"2f3c90ad-2692-4cad-9c1c-2cea7696874a", <<174, 222, 249, 119, 209, 202, 239, 204, 149, 254, 242, 27, 167, 30, 42, 247, 125, 62, 201, 211, 216, 167, 24, 46, 137, 244, 98, 53, 67, 73, 24, 233>>}, claim: %{scope: {:docs, ["59392c41-9016-529b-88f1-7a3b4729005e"]}, verbs: [:write], caveats: %{not_before: nil, not_after: nil}}, proof: nil, sig: <<27, 208, 29, 2, 242, 220, 73, 80, 255, 199, 41, 239, 190, 77, 222, 162, 223, 88, 242, 186, 182, 193, 233, 50, 90, 239, 82, 211, 146, 6, 183, 64, ...>>, id: <<153, 135, 186, 38, 40, 52, 76, 145, 101, 196, 110, 196, 203, 101, 92, 224, 154, 187, 71, 38, 123, 32, 113, 5, 66, 228, 56, 152, 128, 8, 84, ...>>}}, 5000]}}}}
02:46:24.865 [warning] flock failed on /tmp/cp_sandbox_640322/__identities__/transformer.bot: :enoent, proceeding without lock
02:46:24.869 [warning] flock failed on /tmp/cp_sandbox_640322/__processes.json: :enoent, proceeding without lock
02:46:24.872 [warning] flock failed on /tmp/cp_sandbox_640322/__reflog/server/__snapshot: :enoent, proceeding without lock
02:46:24.876 [warning] flock failed on /tmp/cp_sandbox_640322/doubled.txt: :enoent, proceeding without lock
02:46:24.879 [warning] flock failed on /tmp/cp_sandbox_640322/input.txt: :enoent, proceeding without lock
.....02:46:30.247 [warning] flock failed on /tmp/cp_rec_export_879499/a/b/deep.txt: :enoent, proceeding without lock
02:46:30.250 [warning] flock failed on /tmp/cp_rec_export_879499/top.txt: :enoent, proceeding without lock
....02:46:30.535 [warning] flock failed on /tmp/cp_syncdir_770515/__reflog/server/__snapshot: :enoent, proceeding without lock
..02:46:31.063 [warning] flock failed on /tmp/cp_syncdir_355802/from_crdt.txt: :enoent, proceeding without lock
.02:46:31.244 [warning] flock failed on /tmp/cp_syncdir_959488/__reflog/server/__snapshot: :enoent, proceeding without lock
........02:46:31.472 [error] local node self-trust was not added: node signing public-key artifact is absent — continuing with configured trusted identities
02:46:31.472 [warning] CommitStore: local write DENIED by trust gate (enforce) doc_uuid=0662f041-af21-4e38-abb7-fc640d75e07d commit_id=fd57c77dba12ae8d21e8f87dbc7de1c79d2ccbe4db6774370eda035ed619bfdf reason=:unsigned
..02:46:31.500 [error] local node self-trust was not added: node signing public-key artifact is absent — continuing with configured trusted identities
02:46:31.500 [warning] CommitStore: local write DENIED by trust gate (enforce) doc_uuid=18ad987e-da55-4731-9037-3d6e102c0d9b commit_id=550e769f92c9bba0d3ccab89ec199d4c2a048e3946ba6b5b17cea8a421cd38e1 reason=:unsigned
.02:46:31.522 [error] local node self-trust was not added: node signing public-key artifact is absent — continuing with configured trusted identities
.02:46:31.543 [error] local node self-trust was not added: node signing public-key artifact is absent — continuing with configured trusted identities
02:46:31.543 [warning] CommitStore: local write DENIED by trust gate (enforce) doc_uuid=3da2f39c-49e6-4cc5-bd56-1cd6b95a1907 commit_id=c31339d0c908c3e3e26d448c9e2c3e982baca37908e3696a1c8beadba7ebc25a reason=:unsigned
02:46:31.554 [error] Commonplace.Trust.AuditDispatcher: FAILED to persist 1 denial audit record(s) — denials are still being ENFORCED but are no longer being RECORDED in the substrate. reason={:no_node_signing_context, :no_node_key}
.02:46:31.561 [error] local node self-trust was not added: node signing public-key artifact is absent — continuing with configured trusted identities
02:46:31.561 [warning] CommitStore: local write DENIED by trust gate (enforce) doc_uuid=5ed24b5d-d661-49cc-8b18-bbcede47ddf6 commit_id=0e60404067179abf27f04633af84cb95e7442134bd4239f02fec877bb13d1088 reason=:unsigned
02:46:31.573 [error] local node self-trust was not added: node signing public-key artifact is absent — continuing with configured trusted identities
02:46:31.573 [warning] CommitStore: local write DENIED by trust gate (enforce) doc_uuid=f4e8eac8-7bab-5ecd-ad86-e09f3a9ff900 commit_id=ceb41dda08f0e8caf52488ec96bb1a1b82cfadf012e8dc8318146c2a9c8ebec4 reason=:unsigned
02:46:31.573 [error] Commonplace.Trust.AuditLog: RECURSION GUARD — a denial of the AUDIT LOG's own doc (f4e8eac8-7bab-5ecd-ad86-e09f3a9ff900) was not enqueued for auditing (that would loop). This means audit writes are themselves being refused: denial auditing is DEGRADED. record=%{"event" => "commonplace.commit.rejected.local_trust", "mode" => :enforce, "reason" => ":unsigned"}
02:46:31.573 [error] Commonplace.Trust.AuditDispatcher: FAILED to persist 1 denial audit record(s) — denials are still being ENFORCED but are no longer being RECORDED in the substrate. reason={:trust_rejected, :unsigned}
.02:46:31.579 [error] Commonplace.Trust.AuditLog: RECURSION GUARD — a denial of the AUDIT LOG's own doc (f4e8eac8-7bab-5ecd-ad86-e09f3a9ff900) was not enqueued for auditing (that would loop). This means audit writes are themselves being refused: denial auditing is DEGRADED. record=%{"event" => "commonplace.commit.rejected.local_trust", "mode" => :enforce, "reason" => ":unsigned"}
.02:46:31.585 [error] local node self-trust was not added: node signing public-key artifact is absent — continuing with configured trusted identities
02:46:31.585 [warning] CommitStore: local write DENIED by trust gate (enforce) doc_uuid=86675b6d-4f77-4054-a172-40d77b0c5727 commit_id=e3e257b4d2b9144e68ade008a4c3d5edf0fae601f02965b0b296cea5e8259595 reason=:unsigned
02:46:31.585 [error] Handler "commonplace-trust-audit-log" has failed and has been detached. Class=:exit
Reason={:calling_self,
 {GenServer, :call,
  [
    :adm_store_303555870,
    {:put_built_commit,
     %Commonplace.Store.Commit{
       id: <<122, 167, 112, 117, 157, 189, 74, 113, 159, 223, 78, 78, 70, 248,
         43, 248, 63, 150, 53, 118, 115, 96, 209, 245, 141, 8, 161, 192, 253,
         202, 111, 208>>,
       doc_uuid: "f4e8eac8-7bab-5ecd-ad86-e09f3a9ff900",
       parent_id: <<42, 235, 155, 241, 185, 165, 231, 101, 21, 154, 79, 56, 85,
         243, 171, 39, 92, 83, 183, 35, 133, 110, 186, 66, 214, 199, 82, 126, 5,
         92, 104, 52>>,
       update: <<1, 1, 217, 238, 253, 172, 4, 0, 8, 1, 6, 101, 118, 101, 110,
         116, 115, 1, 119, 51, 123, 34, 100, 111, 99, 95, 117, 117, 105, 100,
         34, 58, 34, 56, 54, 54, 55, ...>>,
       timestamp: ~U[2026-08-11 02:46:31.585739Z],
       signature: nil,
       signer_id: nil,
       post_state_hash: nil,
       metadata: %{},
       merge_parents: []
     }, nil,
     %Commonplace.Store.Commit{
       id: <<42, 235, 155, 241, 185, 165, 231, 101, 21, 154, 79, 56, 85, 243,
         171, 39, 92, 83, 183, 35, 133, 110, 186, 66, 214, 199, 82, 126, 5, 92,
         104, 52>>,
       doc_uuid: "f4e8eac8-7bab-5ecd-ad86-e09f3a9ff900",
       parent_id: nil,
       update: "",
       timestamp: ~U[2026-08-11 02:46:31.585730Z],
       signature: nil,
       signer_id: nil,
       post_state_hash: nil,
       metadata: %{
         kind: :genesis,
         doc_uuid: "f4e8eac8-7bab-5ecd-ad86-e09f3a9ff900"
       },
       merge_parents: []
     }},
    5000
  ]}}
Stacktrace=[
  {GenServer, :call, 3, [file: ~c"lib/gen_server.ex", line: 1128]},
  {Commonplace.Store.CommitStoreClient, :attempt_write, 10,
   [file: ~c"lib/commonplace/store/commit_store_client.ex", line: 269]},
  {Commonplace.Dataflow.RedLog, :do_commit, 2,
   [file: ~c"lib/commonplace/dataflow/red_log.ex", line: 124]},
  {Commonplace.Dataflow.RedLog, :commit, 1,
   [file: ~c"lib/commonplace/dataflow/red_log.ex", line: 99]},
  {Commonplace.Trust.AuditDualMechanismTest, :legacy_inline_handler, 4,
   [file: ~c"test/commonplace/trust/audit_dual_mechanism_test.exs", line: 230]},
  {:telemetry, :do_execute, 4,
   [file: ~c"/home/jes/commonplace/deps/telemetry/src/telemetry.erl", line: 202]},
  {Commonplace.Store.CommitStore, :handle_local_write_denial, 3,
   [file: ~c"lib/commonplace/store/commit_store.ex", line: 2368]},
  {Commonplace.Store.CommitStore, :do_write_commit, 7,
   [file: ~c"lib/commonplace/store/commit_store.ex", line: 2809]},
  {Commonplace.Store.CommitStore, :"-handle_call/3-fun-1-", 6,
   [file: ~c"lib/commonplace/store/commit_store.ex", line: 1684]},
  {Commonplace.Store.CommitStore, :timed, 1,
   [file: ~c"lib/commonplace/store/commit_store.ex", line: 2508]},
  {Commonplace.Store.CommitStore, :instrumented, 3,
   [file: ~c"lib/commonplace/store/commit_store.ex", line: 2494]},
  {:gen_server, :try_handle_call, 4, [file: ~c"gen_server.erl", line: 2381]},
  {:gen_server, :handle_msg, 6, [file: ~c"gen_server.erl", line: 2410]},
  {:proc_lib, :init_p_do_apply, 3, [file: ~c"proc_lib.erl", line: 329]}
]

.02:46:31.592 [error] local node self-trust was not added: node signing public-key artifact is absent — continuing with configured trusted identities
02:46:31.593 [warning] CommitStore: local write DENIED by trust gate (enforce) doc_uuid=4dc95c45-8d70-47ef-ba3b-5114f2461f6b commit_id=aa199afa1884b0bfe46756713d467f2e30863dd8662acb4bb113521b070f5e50 reason=:unsigned
.......................02:46:45.593 [warning] DocBuilder.reconstruct_doc: commit_log hit the 20-commit cap for doc over-cap-2 with no snapshot found in the window — reconstruction may be silently truncated (CX-klpi)
02:46:45.597 [warning] DocBuilder.reconstruct_doc: commit_log hit the 20-commit cap for doc over-cap-2 with no snapshot found in the window — reconstruction may be silently truncated (CX-klpi)
02:46:45.600 [warning] DocBuilder.reconstruct_doc: commit_log hit the 20-commit cap for doc over-cap-2 with no snapshot found in the window — reconstruction may be silently truncated (CX-klpi)
02:46:45.603 [warning] DocBuilder.reconstruct_doc: commit_log hit the 20-commit cap for doc over-cap-2 with no snapshot found in the window — reconstruction may be silently truncated (CX-klpi)
02:46:45.607 [warning] DocBuilder.reconstruct_doc: commit_log hit the 20-commit cap for doc over-cap-2 with no snapshot found in the window — reconstruction may be silently truncated (CX-klpi)
02:46:45.611 [warning] DocBuilder.reconstruct_doc: commit_log hit the 20-commit cap for doc over-cap-2 with no snapshot found in the window — reconstruction may be silently truncated (CX-klpi)
02:46:45.614 [warning] DocBuilder.reconstruct_doc: commit_log hit the 20-commit cap for doc over-cap-2 with no snapshot found in the window — reconstruction may be silently truncated (CX-klpi)
02:46:45.618 [warning] DocBuilder.reconstruct_doc: commit_log hit the 20-commit cap for doc over-cap-2 with no snapshot found in the window — reconstruction may be silently truncated (CX-klpi)
02:46:45.622 [warning] DocBuilder.reconstruct_doc: commit_log hit the 20-commit cap for doc over-cap-2 with no snapshot found in the window — reconstruction may be silently truncated (CX-klpi)
02:46:45.626 [warning] DocBuilder.reconstruct_doc: commit_log hit the 20-commit cap for doc over-cap-2 with no snapshot found in the window — reconstruction may be silently truncated (CX-klpi)
02:46:45.631 [warning] DocBuilder.reconstruct_doc: commit_log hit the 20-commit cap for doc over-cap-2 with no snapshot found in the window — reconstruction may be silently truncated (CX-klpi)
02:46:45.635 [warning] DocBuilder.reconstruct_doc: commit_log hit the 20-commit cap for doc over-cap-2 with no snapshot found in the window — reconstruction may be silently truncated (CX-klpi)
02:46:45.639 [warning] DocBuilder.reconstruct_doc: commit_log hit the 20-commit cap for doc over-cap-2 with no snapshot found in the window — reconstruction may be silently truncated (CX-klpi)
02:46:45.647 [warning] DocBuilder.reconstruct_doc: commit_log hit the 20-commit cap for doc over-cap-2 with no snapshot found in the window — reconstruction may be silently truncated (CX-klpi)
02:46:45.652 [warning] DocBuilder.reconstruct_doc: commit_log hit the 20-commit cap for doc over-cap-2 with no snapshot found in the window — reconstruction may be silently truncated (CX-klpi)
02:46:45.659 [warning] DocBuilder.reconstruct_doc: commit_log hit the 20-commit cap for doc over-cap-2 with no snapshot found in the window — reconstruction may be silently truncated (CX-klpi)
02:46:45.664 [warning] DocBuilder.reconstruct_doc: commit_log hit the 20-commit cap for doc over-cap-2 with no snapshot found in the window — reconstruction may be silently truncated (CX-klpi)
02:46:45.669 [warning] DocBuilder.reconstruct_doc: commit_log hit the 20-commit cap for doc over-cap-2 with no snapshot found in the window — reconstruction may be silently truncated (CX-klpi)
02:46:45.675 [warning] DocBuilder.reconstruct_doc: commit_log hit the 20-commit cap for doc over-cap-2 with no snapshot found in the window — reconstruction may be silently truncated (CX-klpi)
02:46:45.682 [warning] DocBuilder.reconstruct_doc: commit_log hit the 20-commit cap for doc over-cap-2 with no snapshot found in the window — reconstruction may be silently truncated (CX-klpi)
02:46:45.691 [warning] DocBuilder.reconstruct_doc: commit_log hit the 20-commit cap for doc over-cap-2 with no snapshot found in the window — reconstruction may be silently truncated (CX-klpi)
02:46:45.695 [warning] DocBuilder.reconstruct_doc: commit_log hit the 20-commit cap for doc over-cap-2 with no snapshot found in the window — reconstruction may be silently truncated (CX-klpi)
02:46:45.698 [warning] DocBuilder.reconstruct_doc: commit_log hit the 20-commit cap for doc over-cap-2 with no snapshot found in the window — reconstruction may be silently truncated (CX-klpi)
02:46:45.702 [warning] DocBuilder.reconstruct_doc: commit_log hit the 20-commit cap for doc over-cap-2 with no snapshot found in the window — reconstruction may be silently truncated (CX-klpi)
02:46:45.706 [warning] DocBuilder.reconstruct_doc: commit_log hit the 20-commit cap for doc over-cap-2 with no snapshot found in the window — reconstruction may be silently truncated (CX-klpi)
02:46:45.710 [warning] DocBuilder.reconstruct_doc: commit_log hit the 20-commit cap for doc over-cap-2 with no snapshot found in the window — reconstruction may be silently truncated (CX-klpi)
02:46:45.714 [warning] DocBuilder.reconstruct_doc: commit_log hit the 20-commit cap for doc over-cap-2 with no snapshot found in the window — reconstruction may be silently truncated (CX-klpi)
02:46:45.718 [warning] DocBuilder.reconstruct_doc: commit_log hit the 20-commit cap for doc over-cap-2 with no snapshot found in the window — reconstruction may be silently truncated (CX-klpi)
02:46:45.722 [warning] DocBuilder.reconstruct_doc: commit_log hit the 20-commit cap for doc over-cap-2 with no snapshot found in the window — reconstruction may be silently truncated (CX-klpi)
02:46:45.725 [warning] DocBuilder.reconstruct_doc: commit_log hit the 20-commit cap for doc over-cap-2 with no snapshot found in the window — reconstruction may be silently truncated (CX-klpi)
02:46:45.729 [warning] DocBuilder.reconstruct_doc: commit_log hit the 20-commit cap for doc over-cap-2 with no snapshot found in the window — reconstruction may be silently truncated (CX-klpi)
02:46:45.733 [warning] DocBuilder.reconstruct_doc: commit_log hit the 20-commit cap for doc over-cap-2 with no snapshot found in the window — reconstruction may be silently truncated (CX-klpi)
02:46:45.738 [warning] DocBuilder.reconstruct_doc: commit_log hit the 20-commit cap for doc over-cap-2 with no snapshot found in the window — reconstruction may be silently truncated (CX-klpi)
02:46:45.742 [warning] DocBuilder.reconstruct_doc: commit_log hit the 20-commit cap for doc over-cap-2 with no snapshot found in the window — reconstruction may be silently truncated (CX-klpi)
02:46:45.747 [warning] DocBuilder.reconstruct_doc: commit_log hit the 20-commit cap for doc over-cap-2 with no snapshot found in the window — reconstruction may be silently truncated (CX-klpi)
02:46:45.753 [warning] DocBuilder.reconstruct_doc: commit_log hit the 20-commit cap for doc over-cap-2 with no snapshot found in the window — reconstruction may be silently truncated (CX-klpi)
02:46:45.758 [warning] DocBuilder.reconstruct_doc: commit_log hit the 20-commit cap for doc over-cap-2 with no snapshot found in the window — reconstruction may be silently truncated (CX-klpi)
02:46:45.762 [warning] DocBuilder.reconstruct_doc: commit_log hit the 20-commit cap for doc over-cap-2 with no snapshot found in the window — reconstruction may be silently truncated (CX-klpi)
02:46:45.767 [warning] DocBuilder.reconstruct_doc: commit_log hit the 20-commit cap for doc over-cap-2 with no snapshot found in the window — reconstruction may be silently truncated (CX-klpi)
02:46:45.772 [warning] DocBuilder.reconstruct_doc: commit_log hit the 20-commit cap for doc over-cap-2 with no snapshot found in the window — reconstruction may be silently truncated (CX-klpi)
02:46:45.776 [warning] DocBuilder.reconstruct_doc: commit_log hit the 20-commit cap for doc over-cap-2 with no snapshot found in the window — reconstruction may be silently truncated (CX-klpi)
....02:47:04.666 [warning] DocBuilder.reconstruct_doc: commit_log hit the 20-commit cap for doc over-cap with no snapshot found in the window — reconstruction may be silently truncated (CX-klpi)
02:47:04.671 [warning] DocBuilder.reconstruct_doc: commit_log hit the 20-commit cap for doc over-cap with no snapshot found in the window — reconstruction may be silently truncated (CX-klpi)
02:47:04.676 [warning] DocBuilder.reconstruct_doc: commit_log hit the 20-commit cap for doc over-cap with no snapshot found in the window — reconstruction may be silently truncated (CX-klpi)
02:47:04.681 [warning] DocBuilder.reconstruct_doc: commit_log hit the 20-commit cap for doc over-cap with no snapshot found in the window — reconstruction may be silently truncated (CX-klpi)
02:47:04.686 [warning] DocBuilder.reconstruct_doc: commit_log hit the 20-commit cap for doc over-cap with no snapshot found in the window — reconstruction may be silently truncated (CX-klpi)
02:47:04.692 [warning] DocBuilder.reconstruct_doc: commit_log hit the 20-commit cap for doc over-cap with no snapshot found in the window — reconstruction may be silently truncated (CX-klpi)
02:47:04.697 [warning] DocBuilder.reconstruct_doc: commit_log hit the 20-commit cap for doc over-cap with no snapshot found in the window — reconstruction may be silently truncated (CX-klpi)
02:47:04.702 [warning] DocBuilder.reconstruct_doc: commit_log hit the 20-commit cap for doc over-cap with no snapshot found in the window — reconstruction may be silently truncated (CX-klpi)
02:47:04.708 [warning] DocBuilder.reconstruct_doc: commit_log hit the 20-commit cap for doc over-cap with no snapshot found in the window — reconstruction may be silently truncated (CX-klpi)
02:47:04.714 [warning] DocBuilder.reconstruct_doc: commit_log hit the 20-commit cap for doc over-cap with no snapshot found in the window — reconstruction may be silently truncated (CX-klpi)
02:47:04.719 [warning] DocBuilder.reconstruct_doc: commit_log hit the 20-commit cap for doc over-cap with no snapshot found in the window — reconstruction may be silently truncated (CX-klpi)
02:47:04.725 [warning] DocBuilder.reconstruct_doc: commit_log hit the 20-commit cap for doc over-cap with no snapshot found in the window — reconstruction may be silently truncated (CX-klpi)
02:47:04.730 [warning] DocBuilder.reconstruct_doc: commit_log hit the 20-commit cap for doc over-cap with no snapshot found in the window — reconstruction may be silently truncated (CX-klpi)
02:47:04.736 [warning] DocBuilder.reconstruct_doc: commit_log hit the 20-commit cap for doc over-cap with no snapshot found in the window — reconstruction may be silently truncated (CX-klpi)
02:47:04.743 [warning] DocBuilder.reconstruct_doc: commit_log hit the 20-commit cap for doc over-cap with no snapshot found in the window — reconstruction may be silently truncated (CX-klpi)
02:47:04.752 [warning] DocBuilder.reconstruct_doc: commit_log hit the 20-commit cap for doc over-cap with no snapshot found in the window — reconstruction may be silently truncated (CX-klpi)
02:47:04.758 [warning] DocBuilder.reconstruct_doc: commit_log hit the 20-commit cap for doc over-cap with no snapshot found in the window — reconstruction may be silently truncated (CX-klpi)
02:47:04.764 [warning] DocBuilder.reconstruct_doc: commit_log hit the 20-commit cap for doc over-cap with no snapshot found in the window — reconstruction may be silently truncated (CX-klpi)
02:47:04.771 [warning] DocBuilder.reconstruct_doc: commit_log hit the 20-commit cap for doc over-cap with no snapshot found in the window — reconstruction may be silently truncated (CX-klpi)
02:47:04.777 [warning] DocBuilder.reconstruct_doc: commit_log hit the 20-commit cap for doc over-cap with no snapshot found in the window — reconstruction may be silently truncated (CX-klpi)
02:47:04.782 [warning] DocBuilder.reconstruct_doc: commit_log hit the 20-commit cap for doc over-cap with no snapshot found in the window — reconstruction may be silently truncated (CX-klpi)
02:47:04.789 [warning] DocBuilder.reconstruct_doc: commit_log hit the 20-commit cap for doc over-cap with no snapshot found in the window — reconstruction may be silently truncated (CX-klpi)
02:47:04.798 [warning] DocBuilder.reconstruct_doc: commit_log hit the 20-commit cap for doc over-cap with no snapshot found in the window — reconstruction may be silently truncated (CX-klpi)
02:47:04.803 [warning] DocBuilder.reconstruct_doc: commit_log hit the 20-commit cap for doc over-cap with no snapshot found in the window — reconstruction may be silently truncated (CX-klpi)
02:47:04.808 [warning] DocBuilder.reconstruct_doc: commit_log hit the 20-commit cap for doc over-cap with no snapshot found in the window — reconstruction may be silently truncated (CX-klpi)
02:47:04.813 [warning] DocBuilder.reconstruct_doc: commit_log hit the 20-commit cap for doc over-cap with no snapshot found in the window — reconstruction may be silently truncated (CX-klpi)
02:47:04.817 [warning] DocBuilder.reconstruct_doc: commit_log hit the 20-commit cap for doc over-cap with no snapshot found in the window — reconstruction may be silently truncated (CX-klpi)
02:47:04.821 [warning] DocBuilder.reconstruct_doc: commit_log hit the 20-commit cap for doc over-cap with no snapshot found in the window — reconstruction may be silently truncated (CX-klpi)
02:47:04.827 [warning] DocBuilder.reconstruct_doc: commit_log hit the 20-commit cap for doc over-cap with no snapshot found in the window — reconstruction may be silently truncated (CX-klpi)
02:47:04.832 [warning] DocBuilder.reconstruct_doc: commit_log hit the 20-commit cap for doc over-cap with no snapshot found in the window — reconstruction may be silently truncated (CX-klpi)
02:47:04.836 [warning] DocBuilder.reconstruct_doc: commit_log hit the 20-commit cap for doc over-cap with no snapshot found in the window — reconstruction may be silently truncated (CX-klpi)
02:47:04.840 [warning] DocBuilder.reconstruct_doc: commit_log hit the 20-commit cap for doc over-cap with no snapshot found in the window — reconstruction may be silently truncated (CX-klpi)
02:47:04.845 [warning] DocBuilder.reconstruct_doc: commit_log hit the 20-commit cap for doc over-cap with no snapshot found in the window — reconstruction may be silently truncated (CX-klpi)
02:47:04.849 [warning] DocBuilder.reconstruct_doc: commit_log hit the 20-commit cap for doc over-cap with no snapshot found in the window — reconstruction may be silently truncated (CX-klpi)
02:47:04.853 [warning] DocBuilder.reconstruct_doc: commit_log hit the 20-commit cap for doc over-cap with no snapshot found in the window — reconstruction may be silently truncated (CX-klpi)
02:47:04.857 [warning] DocBuilder.reconstruct_doc: commit_log hit the 20-commit cap for doc over-cap with no snapshot found in the window — reconstruction may be silently truncated (CX-klpi)
02:47:04.862 [warning] DocBuilder.reconstruct_doc: commit_log hit the 20-commit cap for doc over-cap with no snapshot found in the window — reconstruction may be silently truncated (CX-klpi)
02:47:04.867 [warning] DocBuilder.reconstruct_doc: commit_log hit the 20-commit cap for doc over-cap with no snapshot found in the window — reconstruction may be silently truncated (CX-klpi)
02:47:04.871 [warning] DocBuilder.reconstruct_doc: commit_log hit the 20-commit cap for doc over-cap with no snapshot found in the window — reconstruction may be silently truncated (CX-klpi)
02:47:04.875 [warning] DocBuilder.reconstruct_doc: commit_log hit the 20-commit cap for doc over-cap with no snapshot found in the window — reconstruction may be silently truncated (CX-klpi)
02:47:04.879 [warning] DocBuilder.reconstruct_doc: commit_log hit the 20-commit cap for doc over-cap with no snapshot found in the window — reconstruction may be silently truncated (CX-klpi)
...02:47:10.370 [warning] DocBuilder.reconstruct_doc: commit_log hit the 20-commit cap for doc over-cap-3 with no snapshot found in the window — reconstruction may be silently truncated (CX-klpi)
02:47:10.374 [warning] DocBuilder.reconstruct_doc: commit_log hit the 20-commit cap for doc over-cap-3 with no snapshot found in the window — reconstruction may be silently truncated (CX-klpi)
02:47:10.378 [warning] DocBuilder.reconstruct_doc: commit_log hit the 20-commit cap for doc over-cap-3 with no snapshot found in the window — reconstruction may be silently truncated (CX-klpi)
02:47:10.382 [warning] DocBuilder.reconstruct_doc: commit_log hit the 20-commit cap for doc over-cap-3 with no snapshot found in the window — reconstruction may be silently truncated (CX-klpi)
02:47:10.386 [warning] DocBuilder.reconstruct_doc: commit_log hit the 20-commit cap for doc over-cap-3 with no snapshot found in the window — reconstruction may be silently truncated (CX-klpi)
02:47:10.390 [warning] DocBuilder.reconstruct_doc: commit_log hit the 20-commit cap for doc over-cap-3 with no snapshot found in the window — reconstruction may be silently truncated (CX-klpi)
02:47:10.395 [warning] DocBuilder.reconstruct_doc: commit_log hit the 20-commit cap for doc over-cap-3 with no snapshot found in the window — reconstruction may be silently truncated (CX-klpi)
02:47:10.399 [warning] DocBuilder.reconstruct_doc: commit_log hit the 20-commit cap for doc over-cap-3 with no snapshot found in the window — reconstruction may be silently truncated (CX-klpi)
02:47:10.403 [warning] DocBuilder.reconstruct_doc: commit_log hit the 20-commit cap for doc over-cap-3 with no snapshot found in the window — reconstruction may be silently truncated (CX-klpi)
02:47:10.408 [warning] DocBuilder.reconstruct_doc: commit_log hit the 20-commit cap for doc over-cap-3 with no snapshot found in the window — reconstruction may be silently truncated (CX-klpi)
02:47:10.412 [warning] DocBuilder.reconstruct_doc: commit_log hit the 20-commit cap for doc over-cap-3 with no snapshot found in the window — reconstruction may be silently truncated (CX-klpi)
02:47:10.417 [warning] DocBuilder.reconstruct_doc: commit_log hit the 20-commit cap for doc over-cap-3 with no snapshot found in the window — reconstruction may be silently truncated (CX-klpi)
02:47:10.422 [warning] DocBuilder.reconstruct_doc: commit_log hit the 20-commit cap for doc over-cap-3 with no snapshot found in the window — reconstruction may be silently truncated (CX-klpi)
02:47:10.428 [warning] DocBuilder.reconstruct_doc: commit_log hit the 20-commit cap for doc over-cap-3 with no snapshot found in the window — reconstruction may be silently truncated (CX-klpi)
02:47:10.438 [warning] DocBuilder.reconstruct_doc: commit_log hit the 20-commit cap for doc over-cap-3 with no snapshot found in the window — reconstruction may be silently truncated (CX-klpi)
02:47:10.444 [warning] DocBuilder.reconstruct_doc: commit_log hit the 20-commit cap for doc over-cap-3 with no snapshot found in the window — reconstruction may be silently truncated (CX-klpi)
02:47:10.449 [warning] DocBuilder.reconstruct_doc: commit_log hit the 20-commit cap for doc over-cap-3 with no snapshot found in the window — reconstruction may be silently truncated (CX-klpi)
02:47:10.456 [warning] DocBuilder.reconstruct_doc: commit_log hit the 20-commit cap for doc over-cap-3 with no snapshot found in the window — reconstruction may be silently truncated (CX-klpi)
02:47:10.462 [warning] DocBuilder.reconstruct_doc: commit_log hit the 20-commit cap for doc over-cap-3 with no snapshot found in the window — reconstruction may be silently truncated (CX-klpi)
02:47:10.468 [warning] DocBuilder.reconstruct_doc: commit_log hit the 20-commit cap for doc over-cap-3 with no snapshot found in the window — reconstruction may be silently truncated (CX-klpi)
02:47:10.473 [warning] DocBuilder.reconstruct_doc: commit_log hit the 20-commit cap for doc over-cap-3 with no snapshot found in the window — reconstruction may be silently truncated (CX-klpi)
02:47:10.479 [warning] DocBuilder.reconstruct_doc: commit_log hit the 20-commit cap for doc over-cap-3 with no snapshot found in the window — reconstruction may be silently truncated (CX-klpi)
02:47:10.487 [warning] DocBuilder.reconstruct_doc: commit_log hit the 20-commit cap for doc over-cap-3 with no snapshot found in the window — reconstruction may be silently truncated (CX-klpi)
02:47:10.493 [warning] DocBuilder.reconstruct_doc: commit_log hit the 20-commit cap for doc over-cap-3 with no snapshot found in the window — reconstruction may be silently truncated (CX-klpi)
02:47:10.500 [warning] DocBuilder.reconstruct_doc: commit_log hit the 20-commit cap for doc over-cap-3 with no snapshot found in the window — reconstruction may be silently truncated (CX-klpi)
02:47:10.506 [warning] DocBuilder.reconstruct_doc: commit_log hit the 20-commit cap for doc over-cap-3 with no snapshot found in the window — reconstruction may be silently truncated (CX-klpi)
02:47:10.512 [warning] DocBuilder.reconstruct_doc: commit_log hit the 20-commit cap for doc over-cap-3 with no snapshot found in the window — reconstruction may be silently truncated (CX-klpi)
02:47:10.517 [warning] DocBuilder.reconstruct_doc: commit_log hit the 20-commit cap for doc over-cap-3 with no snapshot found in the window — reconstruction may be silently truncated (CX-klpi)
02:47:10.522 [warning] DocBuilder.reconstruct_doc: commit_log hit the 20-commit cap for doc over-cap-3 with no snapshot found in the window — reconstruction may be silently truncated (CX-klpi)
02:47:10.529 [warning] DocBuilder.reconstruct_doc: commit_log hit the 20-commit cap for doc over-cap-3 with no snapshot found in the window — reconstruction may be silently truncated (CX-klpi)
02:47:10.534 [warning] DocBuilder.reconstruct_doc: commit_log hit the 20-commit cap for doc over-cap-3 with no snapshot found in the window — reconstruction may be silently truncated (CX-klpi)
02:47:10.541 [warning] DocBuilder.reconstruct_doc: commit_log hit the 20-commit cap for doc over-cap-3 with no snapshot found in the window — reconstruction may be silently truncated (CX-klpi)
02:47:10.547 [warning] DocBuilder.reconstruct_doc: commit_log hit the 20-commit cap for doc over-cap-3 with no snapshot found in the window — reconstruction may be silently truncated (CX-klpi)
02:47:10.553 [warning] DocBuilder.reconstruct_doc: commit_log hit the 20-commit cap for doc over-cap-3 with no snapshot found in the window — reconstruction may be silently truncated (CX-klpi)
02:47:10.560 [warning] DocBuilder.reconstruct_doc: commit_log hit the 20-commit cap for doc over-cap-3 with no snapshot found in the window — reconstruction may be silently truncated (CX-klpi)
02:47:10.565 [warning] DocBuilder.reconstruct_doc: commit_log hit the 20-commit cap for doc over-cap-3 with no snapshot found in the window — reconstruction may be silently truncated (CX-klpi)
02:47:10.569 [warning] DocBuilder.reconstruct_doc: commit_log hit the 20-commit cap for doc over-cap-3 with no snapshot found in the window — reconstruction may be silently truncated (CX-klpi)
02:47:10.574 [warning] DocBuilder.reconstruct_doc: commit_log hit the 20-commit cap for doc over-cap-3 with no snapshot found in the window — reconstruction may be silently truncated (CX-klpi)
02:47:10.578 [warning] DocBuilder.reconstruct_doc: commit_log hit the 20-commit cap for doc over-cap-3 with no snapshot found in the window — reconstruction may be silently truncated (CX-klpi)
02:47:10.583 [warning] DocBuilder.reconstruct_doc: commit_log hit the 20-commit cap for doc over-cap-3 with no snapshot found in the window — reconstruction may be silently truncated (CX-klpi)
02:47:10.589 [warning] DocBuilder.reconstruct_doc: commit_log hit the 20-commit cap for doc over-cap-3 with no snapshot found in the window — reconstruction may be silently truncated (CX-klpi)
...............02:47:11.997 [error] local node self-trust was not added: node signing public-key artifact is absent — continuing with configured trusted identities
02:47:11.997 [warning] CommitStore: local write DENIED by trust gate (enforce) doc_uuid=02d8065d-84dc-4fe5-98f0-345071afd374 commit_id=1f9d52f08514b4130179f4c957b28834651909565bbde84ad03ab0cfaac20df7 reason=:unsigned
..02:47:12.018 [error] local node self-trust was not added: node signing public-key artifact is absent — continuing with configured trusted identities
02:47:12.018 [warning] CommitStore: local write DENIED by trust gate (enforce) doc_uuid=f4e8eac8-7bab-5ecd-ad86-e09f3a9ff900 commit_id=be2c1196febd87d98896e9cea4655d6d0c95e114e4f5f3e8e417e3e09544a3dc reason=:unsigned
.02:47:12.024 [error] local node self-trust was not added: node signing public-key artifact is absent — continuing with configured trusted identities
02:47:12.024 [warning] CommitStore: local write DENIED by trust gate (enforce) doc_uuid=d5040bcf-5a52-495f-ae4b-42955db39cb1 commit_id=8eba6315ea42342bf14a5fe3d2f6827470ff08ada17126afc82a8611eeee8f15 reason=:unsigned
02:47:12.024 [error] local node self-trust was not added: node signing public-key artifact is absent — continuing with configured trusted identities
02:47:12.024 [warning] CommitStore: local write DENIED by trust gate (enforce) doc_uuid=2b240394-17b6-4b45-a889-b96ab1710b35 commit_id=5c205919e16a087fe18dc7a883a637bf3ba873c60b5a67f02a28d09772800bb2 reason=:unsigned
.02:47:12.049 [error] local node self-trust was not added: node signing public-key artifact is absent — continuing with configured trusted identities
02:47:12.049 [warning] CommitStore: local write DENIED by trust gate (enforce) doc_uuid=183b7e72-7743-4762-961f-224cc7836c85 commit_id=7de61c9fd8bc7f31f262cd628c79665b9574e053c9b531bfd6f00d9c84d4c5e7 reason=:unsigned
.02:47:12.088 [warning] EngineModule :who ("39b0c13f-26af-4b39-ae18-428fbe124d51") fell back to last-good/floor: {:compile, :not_found}
.02:47:12.105 [warning] EngineModule :who ("39b0c13f-26af-4b39-ae18-428fbe124d51") fell back to last-good/floor: {:compile, :not_found}
02:47:12.106 [warning] EngineModule :who ("39b0c13f-26af-4b39-ae18-428fbe124d51") fell back to last-good/floor: {:compile, :not_found}
.....................02:47:12.411 [error] local node self-trust was not added: node signing public-key artifact is absent — continuing with configured trusted identities
02:47:12.414 [error] local node self-trust was not added: node signing public-key artifact is absent — continuing with configured trusted identities
02:47:12.417 [error] local node self-trust was not added: node signing public-key artifact is absent — continuing with configured trusted identities
02:47:12.419 [error] local node self-trust was not added: node signing public-key artifact is absent — continuing with configured trusted identities
02:47:12.420 [error] local node self-trust was not added: node signing public-key artifact is absent — continuing with configured trusted identities
02:47:12.497 [warning] flock failed on /tmp/cp_sandbox_859279/__identities__/reconcile_idem_820668.bot: :enoent, proceeding without lock
02:47:12.501 [warning] flock failed on /tmp/cp_sandbox_859279/__processes.json: :enoent, proceeding without lock
02:47:12.601 [warning] CommitStore: local write DENIED by trust gate (enforce) doc_uuid=cd0a8c4a-c414-4686-9531-c2de5240ac16 commit_id=1f8b7d84b5e207677e04ac40cb5831b90787c3d68793076ad592e5724628cedc reason=:unsigned
02:47:12.604 [warning] flock failed on /tmp/cp_sandbox_859279/__reflog/server/__snapshot: :enoent, proceeding without lock
02:47:12.668 [warning] CommitStore: local write DENIED by trust gate (enforce) doc_uuid=cd0a8c4a-c414-4686-9531-c2de5240ac16 commit_id=2ee15c97614bdaa1446c46c32221ac8bcf5fcd3625a70a73f041da7394926dd8 reason=:unsigned
02:47:12.732 [warning] CommitStore: local write DENIED by trust gate (enforce) doc_uuid=cd0a8c4a-c414-4686-9531-c2de5240ac16 commit_id=32d9656c0741a71081ba6786b9b4a31fd7af845f6be9908f9afcf882574d7e15 reason=:unsigned
02:47:12.791 [warning] CommitStore: local write DENIED by trust gate (enforce) doc_uuid=cd0a8c4a-c414-4686-9531-c2de5240ac16 commit_id=4cf1f8a968801b4954beb5c7609bf9d4237f843d3d006e3eff02af337d69f8b4 reason=:unsigned
02:47:12.863 [warning] CommitStore: local write DENIED by trust gate (enforce) doc_uuid=cd0a8c4a-c414-4686-9531-c2de5240ac16 commit_id=ca98cdd1dc1a0e01c42b3c1e4ab109e99a18acd45bc8dcbcb7583f7d8e37f27e reason=:unsigned
02:47:12.926 [warning] CommitStore: local write DENIED by trust gate (enforce) doc_uuid=cd0a8c4a-c414-4686-9531-c2de5240ac16 commit_id=369529c01298bb4fe016a4048ad5fa9fe01a5a383b0ab842644f7bc7db06b865 reason=:unsigned
02:47:12.993 [warning] CommitStore: local write DENIED by trust gate (enforce) doc_uuid=cd0a8c4a-c414-4686-9531-c2de5240ac16 commit_id=6afe9fe9a345fd8baa4fc208102b0d9ad064ec5d01a72c09565f992c940cfa9f reason=:unsigned
02:47:13.055 [warning] CommitStore: local write DENIED by trust gate (enforce) doc_uuid=cd0a8c4a-c414-4686-9531-c2de5240ac16 commit_id=4061cf8329901c200d4456ad314b457676784920a118abd7f0678a46b8fd50c9 reason=:unsigned
02:47:13.121 [warning] CommitStore: local write DENIED by trust gate (enforce) doc_uuid=cd0a8c4a-c414-4686-9531-c2de5240ac16 commit_id=e8111995707c9f968b69849312d588437e66a280abfe185361417f3f4a07cfcd reason=:unsigned
02:47:13.180 [warning] CommitStore: local write DENIED by trust gate (enforce) doc_uuid=cd0a8c4a-c414-4686-9531-c2de5240ac16 commit_id=96a2f3b50b7b32aec63ae3106bb51f2d9bd3cff355add3ac58aa750c1949e8d5 reason=:unsigned
02:47:13.244 [warning] CommitStore: local write DENIED by trust gate (enforce) doc_uuid=cd0a8c4a-c414-4686-9531-c2de5240ac16 commit_id=0cf82e0f7cf8733358da7824ddada4a50f4406172c04663f9bd096d54839069c reason=:unsigned
02:47:13.306 [warning] CommitStore: local write DENIED by trust gate (enforce) doc_uuid=cd0a8c4a-c414-4686-9531-c2de5240ac16 commit_id=e85a8529cecc89b522d1e484061259e38f9ba784cd8f1abf86b374001000740c reason=:unsigned
02:47:13.370 [warning] CommitStore: local write DENIED by trust gate (enforce) doc_uuid=cd0a8c4a-c414-4686-9531-c2de5240ac16 commit_id=b5979418af9dbbedd9339ff57dbeeece41f9c1780c667ec8c5fbf5b5aa7a1eb8 reason=:unsigned
02:47:13.438 [warning] CommitStore: local write DENIED by trust gate (enforce) doc_uuid=cd0a8c4a-c414-4686-9531-c2de5240ac16 commit_id=872ece96b1359a6ec5e5a72473d9d0df82a62b64d5096443eafc14e97511ac0e reason=:unsigned
02:47:13.499 [warning] CommitStore: local write DENIED by trust gate (enforce) doc_uuid=cd0a8c4a-c414-4686-9531-c2de5240ac16 commit_id=a269940a1467a2791fb5cd52b362f1dca76da6d23348fed95a634d8950994d4e reason=:unsigned
02:47:13.559 [warning] CommitStore: local write DENIED by trust gate (enforce) doc_uuid=cd0a8c4a-c414-4686-9531-c2de5240ac16 commit_id=5043cec55094f4b073b72ad5deeb552a253840bf01f554bdb9ddffd5ce42beba reason=:unsigned
02:47:13.619 [warning] CommitStore: local write DENIED by trust gate (enforce) doc_uuid=cd0a8c4a-c414-4686-9531-c2de5240ac16 commit_id=81bf73155f6310095621061ff6ae672bb885a0183ceb3db47c5cb28b3a7f4ee1 reason=:unsigned
02:47:13.677 [warning] CommitStore: local write DENIED by trust gate (enforce) doc_uuid=cd0a8c4a-c414-4686-9531-c2de5240ac16 commit_id=5c1bec49102f8318032b8fb1a9d0130d57b4b7dd306f487a5848845dcaad2440 reason=:unsigned
02:47:13.743 [warning] CommitStore: local write DENIED by trust gate (enforce) doc_uuid=cd0a8c4a-c414-4686-9531-c2de5240ac16 commit_id=f1d7891cdf05a68d3d05dd0f0b0b1a3ad02828d48a4e9a8d56e86c9d0fe1b871 reason=:unsigned
02:47:13.807 [warning] CommitStore: local write DENIED by trust gate (enforce) doc_uuid=cd0a8c4a-c414-4686-9531-c2de5240ac16 commit_id=822f4362b3afa4e14e6ebae3b1ddf973d872d5007865c4cbf0e1ffa90d807ed8 reason=:unsigned
02:47:13.869 [warning] CommitStore: local write DENIED by trust gate (enforce) doc_uuid=cd0a8c4a-c414-4686-9531-c2de5240ac16 commit_id=66d1ffc9596557d0b2836c00edbc261020f32c9134e8eb1f38fe85ea8596f5be reason=:unsigned
02:47:13.931 [warning] CommitStore: local write DENIED by trust gate (enforce) doc_uuid=cd0a8c4a-c414-4686-9531-c2de5240ac16 commit_id=4f24f1f81b868ba66fc237a6e9551a5fd648288ffad4c3d144000a18c17dc2af reason=:unsigned
02:47:13.994 [warning] CommitStore: local write DENIED by trust gate (enforce) doc_uuid=cd0a8c4a-c414-4686-9531-c2de5240ac16 commit_id=10e0d1b96361944fdfae183d0dcb9c0fd646fbb05ab6adae7d93b61d5604670b reason=:unsigned
02:47:14.053 [warning] CommitStore: local write DENIED by trust gate (enforce) doc_uuid=cd0a8c4a-c414-4686-9531-c2de5240ac16 commit_id=c70e85098047baab3c66752947a142c1261a8e2fa48c332a113d3ba777564c8c reason=:unsigned
02:47:14.119 [warning] CommitStore: local write DENIED by trust gate (enforce) doc_uuid=cd0a8c4a-c414-4686-9531-c2de5240ac16 commit_id=3b7513e5e60eeb100b6cc4c1a4214b4bcdf513672d24fc0b53f3e47045a95136 reason=:unsigned
02:47:14.175 [warning] CommitStore: local write DENIED by trust gate (enforce) doc_uuid=cd0a8c4a-c414-4686-9531-c2de5240ac16 commit_id=8c4b31afd1920605e9a5a2d5ca6b1a8754419de8e2a7e26f52928ffa61cd7e91 reason=:unsigned
02:47:14.232 [warning] CommitStore: local write DENIED by trust gate (enforce) doc_uuid=cd0a8c4a-c414-4686-9531-c2de5240ac16 commit_id=1f3278d263662cd11aa5a777eca475a65cd132b50a588a23d9e2bc39393deb2a reason=:unsigned
02:47:14.289 [warning] CommitStore: local write DENIED by trust gate (enforce) doc_uuid=cd0a8c4a-c414-4686-9531-c2de5240ac16 commit_id=9073bcde26df951bf37e30e7f4fa4991b42162aae521767b989794849efd9c2c reason=:unsigned
02:47:14.348 [warning] CommitStore: local write DENIED by trust gate (enforce) doc_uuid=cd0a8c4a-c414-4686-9531-c2de5240ac16 commit_id=444b5445204fc6223982720d6e5cd5718cf12000569da34c02c9dad53eeab574 reason=:unsigned
02:47:14.407 [warning] CommitStore: local write DENIED by trust gate (enforce) doc_uuid=cd0a8c4a-c414-4686-9531-c2de5240ac16 commit_id=0bf8a7ad40081408ff54a8e3d2f79656da6d18a676658ece4a018c6a18ec5995 reason=:unsigned
02:47:14.463 [warning] CommitStore: local write DENIED by trust gate (enforce) doc_uuid=cd0a8c4a-c414-4686-9531-c2de5240ac16 commit_id=d002d61190af35a9e06fb6d322affa3ec65b6882ab0d238af84813c20922c6b5 reason=:unsigned
02:47:14.520 [warning] CommitStore: local write DENIED by trust gate (enforce) doc_uuid=cd0a8c4a-c414-4686-9531-c2de5240ac16 commit_id=314e76b34e21ed83e2f0dab9068475f84271044fec02ef2f61afbe936169cd3c reason=:unsigned
02:47:14.580 [warning] CommitStore: local write DENIED by trust gate (enforce) doc_uuid=cd0a8c4a-c414-4686-9531-c2de5240ac16 commit_id=99a4a84f959e6ea54a897000b1b96491b0c636f3b4629cc4d101a09d85fa46ec reason=:unsigned
02:47:14.640 [warning] CommitStore: local write DENIED by trust gate (enforce) doc_uuid=cd0a8c4a-c414-4686-9531-c2de5240ac16 commit_id=de88d812d803814c28fbc19bc519adf6c8e5a988d21b5a81c8e2837447174621 reason=:unsigned
02:47:14.698 [warning] CommitStore: local write DENIED by trust gate (enforce) doc_uuid=cd0a8c4a-c414-4686-9531-c2de5240ac16 commit_id=3f2f5fc12d034b234526d86214776da5b4e4e2c66caebaae639dcdb7b29251b4 reason=:unsigned
02:47:14.756 [warning] CommitStore: local write DENIED by trust gate (enforce) doc_uuid=cd0a8c4a-c414-4686-9531-c2de5240ac16 commit_id=1491857d03fee5b7e7a7c6ac8e0e9239e50d10705ce327c71fa91b230a3c76e8 reason=:unsigned
02:47:14.818 [warning] CommitStore: local write DENIED by trust gate (enforce) doc_uuid=cd0a8c4a-c414-4686-9531-c2de5240ac16 commit_id=a06f08c41d3621ab98dfcc8e7088a09a9e5f961afe880433aaf48face51f1bc1 reason=:unsigned
02:47:14.885 [warning] CommitStore: local write DENIED by trust gate (enforce) doc_uuid=cd0a8c4a-c414-4686-9531-c2de5240ac16 commit_id=d04ef93a113e5a63500c8e38b5a9cb1c58163a47043bb7c7c675e5273d7af710 reason=:unsigned
02:47:14.946 [warning] CommitStore: local write DENIED by trust gate (enforce) doc_uuid=cd0a8c4a-c414-4686-9531-c2de5240ac16 commit_id=cb1e387476a4448968d08d46d7bbc0b5b07d154e96dd7655845d89503518328b reason=:unsigned
02:47:15.008 [warning] CommitStore: local write DENIED by trust gate (enforce) doc_uuid=cd0a8c4a-c414-4686-9531-c2de5240ac16 commit_id=308ca0c4becf912abdea69571f5fd528c9a640016b9170d34808df6a8ab132b1 reason=:unsigned
02:47:15.077 [warning] CommitStore: local write DENIED by trust gate (enforce) doc_uuid=cd0a8c4a-c414-4686-9531-c2de5240ac16 commit_id=5aa2c496f14e05f17473a338bea4e3ac1b936ebb618f937d459340ce88286982 reason=:unsigned
02:47:15.142 [warning] CommitStore: local write DENIED by trust gate (enforce) doc_uuid=cd0a8c4a-c414-4686-9531-c2de5240ac16 commit_id=2c24a5a675a5e77e505d7512c0b0d0f57fbcca3d95a5436460fb8563456b5336 reason=:unsigned
02:47:15.205 [warning] CommitStore: local write DENIED by trust gate (enforce) doc_uuid=cd0a8c4a-c414-4686-9531-c2de5240ac16 commit_id=819a89bd1cdaee51194303516634681c26699f666db5d21343addbbbca37fe4e reason=:unsigned
02:47:15.272 [warning] CommitStore: local write DENIED by trust gate (enforce) doc_uuid=cd0a8c4a-c414-4686-9531-c2de5240ac16 commit_id=47b6fee7829f2d743a556d192ae27791bbb1611117ef0489aca8004b808cc026 reason=:unsigned
02:47:15.337 [warning] CommitStore: local write DENIED by trust gate (enforce) doc_uuid=cd0a8c4a-c414-4686-9531-c2de5240ac16 commit_id=1cd930a2bda092a7484d8c03125db47ad26f5073a9a597981937a982125970f9 reason=:unsigned
02:47:15.406 [warning] CommitStore: local write DENIED by trust gate (enforce) doc_uuid=cd0a8c4a-c414-4686-9531-c2de5240ac16 commit_id=b9546de1ad0bc4e6fe63851f8c8294538337884677dcc67765ff3645006f51f5 reason=:unsigned
02:47:15.471 [warning] CommitStore: local write DENIED by trust gate (enforce) doc_uuid=cd0a8c4a-c414-4686-9531-c2de5240ac16 commit_id=d91694102030857eccc29e0c62dcb7a2c6e2f6b168c13b5939749f3228a85589 reason=:unsigned
02:47:15.540 [warning] CommitStore: local write DENIED by trust gate (enforce) doc_uuid=cd0a8c4a-c414-4686-9531-c2de5240ac16 commit_id=fe577c968b0b7f6937a51c6dea66c020caded3af83b37d8634a67434fe891f2a reason=:unsigned
02:47:15.602 [warning] CommitStore: local write DENIED by trust gate (enforce) doc_uuid=cd0a8c4a-c414-4686-9531-c2de5240ac16 commit_id=c1c88d2ea5680f8127b8e27f9601d56bb2a67a8b052083a4d1d9cd27cf825920 reason=:unsigned
02:47:15.668 [warning] CommitStore: local write DENIED by trust gate (enforce) doc_uuid=cd0a8c4a-c414-4686-9531-c2de5240ac16 commit_id=7bf470370a29d7726debc7565078af2f8f8f00f6545ff87d71021a4e1c819eec reason=:unsigned
02:47:15.734 [warning] CommitStore: local write DENIED by trust gate (enforce) doc_uuid=cd0a8c4a-c414-4686-9531-c2de5240ac16 commit_id=8f77c64ee0243d6270a693d0688da03c4744b94a9df6edf37c96615d1a9e4c22 reason=:unsigned
02:47:15.803 [warning] CommitStore: local write DENIED by trust gate (enforce) doc_uuid=cd0a8c4a-c414-4686-9531-c2de5240ac16 commit_id=563d9816a857fe543e29e0e48de94f6b143e685d344906184216c9b4ffd0f261 reason=:unsigned
02:47:15.868 [warning] CommitStore: local write DENIED by trust gate (enforce) doc_uuid=cd0a8c4a-c414-4686-9531-c2de5240ac16 commit_id=01deb849f86894eeb06621dba8de06f07b71f34fcfe64ffde047c8c9af3fc846 reason=:unsigned
02:47:15.933 [warning] CommitStore: local write DENIED by trust gate (enforce) doc_uuid=cd0a8c4a-c414-4686-9531-c2de5240ac16 commit_id=2b580b0205d7f6c96e2994b86b4dcc7e133f2047b4d69b698fc0ed327c96cd2e reason=:unsigned
02:47:15.999 [warning] CommitStore: local write DENIED by trust gate (enforce) doc_uuid=cd0a8c4a-c414-4686-9531-c2de5240ac16 commit_id=104a7c3fa2e125ad9b82d38586176bd7407d8ae86829770951f5b0921417767f reason=:unsigned
02:47:16.067 [warning] CommitStore: local write DENIED by trust gate (enforce) doc_uuid=cd0a8c4a-c414-4686-9531-c2de5240ac16 commit_id=926135ee87d651ada38e44d9e830b3008a05c3c07f350afaf7f3c7514d0cb595 reason=:unsigned
02:47:16.129 [warning] CommitStore: local write DENIED by trust gate (enforce) doc_uuid=cd0a8c4a-c414-4686-9531-c2de5240ac16 commit_id=081a3191bea1c256e3a9821a9c1366b85322334f3a47082e35cf720fdbb47470 reason=:unsigned
02:47:16.193 [warning] CommitStore: local write DENIED by trust gate (enforce) doc_uuid=cd0a8c4a-c414-4686-9531-c2de5240ac16 commit_id=f045f662d3300066660458928d5be63c93275b1d6d7b53b2183b27ed9118a0c1 reason=:unsigned
02:47:16.257 [warning] CommitStore: local write DENIED by trust gate (enforce) doc_uuid=cd0a8c4a-c414-4686-9531-c2de5240ac16 commit_id=facfe2bee7a23b8a0abc834e12c40f11cf023ea016028391c149894b53901a29 reason=:unsigned
02:47:16.318 [warning] CommitStore: local write DENIED by trust gate (enforce) doc_uuid=cd0a8c4a-c414-4686-9531-c2de5240ac16 commit_id=add50c9ef89cfacd976cfc71cd763131578810f33575b0c97216bb6acf07ced5 reason=:unsigned
02:47:16.378 [warning] CommitStore: local write DENIED by trust gate (enforce) doc_uuid=cd0a8c4a-c414-4686-9531-c2de5240ac16 commit_id=991d03f7a63d8978e9aa0331d45bde2964f0e1669434824592be2ebd943bb8dc reason=:unsigned
02:47:16.436 [warning] CommitStore: local write DENIED by trust gate (enforce) doc_uuid=cd0a8c4a-c414-4686-9531-c2de5240ac16 commit_id=8ed60d0d25a000c2cabc3664f9ff9c7fc2ba673bbad7ba7b7277b7b34132e287 reason=:unsigned
02:47:16.498 [warning] CommitStore: local write DENIED by trust gate (enforce) doc_uuid=cd0a8c4a-c414-4686-9531-c2de5240ac16 commit_id=e8e3bb16ee72306f8d9135063be5e96980b441e74ba98b456b03c71ae209f018 reason=:unsigned
02:47:16.560 [warning] CommitStore: local write DENIED by trust gate (enforce) doc_uuid=cd0a8c4a-c414-4686-9531-c2de5240ac16 commit_id=c9770339dacf80debab770208cb817f115b4e9e394286d01c3670a1e52ce6c08 reason=:unsigned
02:47:16.620 [warning] CommitStore: local write DENIED by trust gate (enforce) doc_uuid=cd0a8c4a-c414-4686-9531-c2de5240ac16 commit_id=59c81eb4cd933492584cbb3fe865c52deacb1d4af0f8c746d6371c7bd6203499 reason=:unsigned
02:47:16.683 [warning] CommitStore: local write DENIED by trust gate (enforce) doc_uuid=cd0a8c4a-c414-4686-9531-c2de5240ac16 commit_id=aeda4556881f71cf9d44b743cbf028a4eea67b9e89e06a3d46ef88df981c7e40 reason=:unsigned
02:47:16.742 [warning] CommitStore: local write DENIED by trust gate (enforce) doc_uuid=cd0a8c4a-c414-4686-9531-c2de5240ac16 commit_id=3200aa87a70931ebefa2502a592c011508d90fef930ebfc0a9c9489622566b0c reason=:unsigned
02:47:16.807 [warning] CommitStore: local write DENIED by trust gate (enforce) doc_uuid=cd0a8c4a-c414-4686-9531-c2de5240ac16 commit_id=226f89f6281892042c65327b69652de42519f4f4ca303398e157d2c62c921d20 reason=:unsigned
02:47:16.869 [warning] CommitStore: local write DENIED by trust gate (enforce) doc_uuid=cd0a8c4a-c414-4686-9531-c2de5240ac16 commit_id=ba4baa2e7fa0172faf38cc8b8a78d63c65a02b799b38fc4bed1110cb7bff640a reason=:unsigned
02:47:16.929 [warning] CommitStore: local write DENIED by trust gate (enforce) doc_uuid=cd0a8c4a-c414-4686-9531-c2de5240ac16 commit_id=fa046ce4c9b6612ec7334ccfede9390405c7584955d6bb72caba29b1c6d60d46 reason=:unsigned
02:47:16.987 [warning] CommitStore: local write DENIED by trust gate (enforce) doc_uuid=cd0a8c4a-c414-4686-9531-c2de5240ac16 commit_id=ca30e7405488e145ebe155dca614900e29831ba82aeac8ef3dce2acd4e240f12 reason=:unsigned
02:47:17.045 [warning] CommitStore: local write DENIED by trust gate (enforce) doc_uuid=cd0a8c4a-c414-4686-9531-c2de5240ac16 commit_id=866cc1d3fe734ced0eb2a212273c5b8d2cfdcf64a10c68278281e46c677f5046 reason=:unsigned
02:47:17.104 [warning] CommitStore: local write DENIED by trust gate (enforce) doc_uuid=cd0a8c4a-c414-4686-9531-c2de5240ac16 commit_id=54bd1291f4d94d49f8d6f76d0476af39c022e8c28d39cbac3792a4252fc1d188 reason=:unsigned
02:47:17.163 [warning] CommitStore: local write DENIED by trust gate (enforce) doc_uuid=cd0a8c4a-c414-4686-9531-c2de5240ac16 commit_id=17eacb2fb047eb60d3b65b195e16a3627ae32f6e51ec4b4d16bb92bc60a7b386 reason=:unsigned
02:47:17.221 [warning] CommitStore: local write DENIED by trust gate (enforce) doc_uuid=cd0a8c4a-c414-4686-9531-c2de5240ac16 commit_id=d1061b1bcdc0b348e93d13464f9a149b3e749dcf45a853dfc8561690c5047a68 reason=:unsigned
02:47:17.277 [warning] CommitStore: local write DENIED by trust gate (enforce) doc_uuid=cd0a8c4a-c414-4686-9531-c2de5240ac16 commit_id=2d1626db11428b54673120149f37ff7a1715ea63a256d2476df33bb99543b74f reason=:unsigned
02:47:17.334 [warning] CommitStore: local write DENIED by trust gate (enforce) doc_uuid=cd0a8c4a-c414-4686-9531-c2de5240ac16 commit_id=6103189fcd320fb8627b794ff32c232ca6ba0650198ddac2f186be1b9c91a7b8 reason=:unsigned
02:47:17.391 [warning] CommitStore: local write DENIED by trust gate (enforce) doc_uuid=cd0a8c4a-c414-4686-9531-c2de5240ac16 commit_id=e75f7f2cf6e087332756a83497ad017a6b11b6d142b5ba83040735e82511d7d9 reason=:unsigned
02:47:17.448 [warning] CommitStore: local write DENIED by trust gate (enforce) doc_uuid=cd0a8c4a-c414-4686-9531-c2de5240ac16 commit_id=2bb20a394a4701b02f9ada06cbae8ecf147ef1bca2fd11f72ab3ef210cce77f8 reason=:unsigned
02:47:17.506 [warning] CommitStore: local write DENIED by trust gate (enforce) doc_uuid=cd0a8c4a-c414-4686-9531-c2de5240ac16 commit_id=756b4232af2b59e1f094de96026dac49df3c262943ab2b5412acaf05c9b2edf9 reason=:unsigned
02:47:17.566 [warning] CommitStore: local write DENIED by trust gate (enforce) doc_uuid=cd0a8c4a-c414-4686-9531-c2de5240ac16 commit_id=dee5907964a13b458691c8f5b33999125d1c47d000ee0e4b4a87f2ccac4df215 reason=:unsigned
02:47:17.624 [warning] CommitStore: local write DENIED by trust gate (enforce) doc_uuid=cd0a8c4a-c414-4686-9531-c2de5240ac16 commit_id=33bcbb5cd4c5d4b8e681833bd5818053e3d4add153011b86df462e6780c57e92 reason=:unsigned
02:47:17.683 [warning] CommitStore: local write DENIED by trust gate (enforce) doc_uuid=cd0a8c4a-c414-4686-9531-c2de5240ac16 commit_id=d9625133d64d1fe400e2f221b06386f3ad7c8c34abb769fa6ac499a95e517605 reason=:unsigned
.02:47:17.732 [error] local node self-trust was not added: node signing public-key artifact is absent — continuing with configured trusted identities
02:47:17.735 [error] local node self-trust was not added: node signing public-key artifact is absent — continuing with configured trusted identities
02:47:17.739 [error] local node self-trust was not added: node signing public-key artifact is absent — continuing with configured trusted identities
02:47:17.742 [error] local node self-trust was not added: node signing public-key artifact is absent — continuing with configured trusted identities
02:47:17.743 [error] local node self-trust was not added: node signing public-key artifact is absent — continuing with configured trusted identities
02:47:17.822 [warning] flock failed on /tmp/cp_sandbox_323136/__identities__/declared_writer_154111.bot: :enoent, proceeding without lock
02:47:17.824 [warning] flock failed on /tmp/cp_sandbox_323136/__processes.json: :enoent, proceeding without lock
02:47:17.914 [warning] CommitStore: local write DENIED by trust gate (enforce) doc_uuid=06644036-a86e-4c7f-ae3c-cc35203938be commit_id=70672bf497958c15a80ccccb5c5797ae24dc95c10b7e1d5f9c44944d8420e549 reason=:unsigned
02:47:17.917 [warning] flock failed on /tmp/cp_sandbox_323136/__reflog/server/__snapshot: :enoent, proceeding without lock
02:47:17.986 [warning] CommitStore: local write DENIED by trust gate (enforce) doc_uuid=06644036-a86e-4c7f-ae3c-cc35203938be commit_id=8f5d15c01e45cbe3856155cdb59245f83310f5c3cca90c049b59f394f95808e0 reason=:unsigned
02:47:18.047 [warning] CommitStore: local write DENIED by trust gate (enforce) doc_uuid=06644036-a86e-4c7f-ae3c-cc35203938be commit_id=726a2cf2d6ee96c18d254cd0bfb3bf6a2749cb9cea683f181ad5dcd332768243 reason=:unsigned
02:47:18.109 [warning] CommitStore: local write DENIED by trust gate (enforce) doc_uuid=06644036-a86e-4c7f-ae3c-cc35203938be commit_id=88b44435a216c84e76b4ccd3ac7caae89edc750350aaad697aa6f31e4afc5cc6 reason=:unsigned
02:47:18.171 [warning] CommitStore: local write DENIED by trust gate (enforce) doc_uuid=06644036-a86e-4c7f-ae3c-cc35203938be commit_id=a0498724b1f15735b8bf05b4c56494230ce2de82116a408b802b9e445ac37da9 reason=:unsigned
02:47:18.236 [warning] CommitStore: local write DENIED by trust gate (enforce) doc_uuid=06644036-a86e-4c7f-ae3c-cc35203938be commit_id=2189411592e7df4e291c19f821ba293d7973fb53b6eb7e3a5f17f4518a0c3b29 reason=:unsigned
02:47:18.298 [warning] CommitStore: local write DENIED by trust gate (enforce) doc_uuid=06644036-a86e-4c7f-ae3c-cc35203938be commit_id=0c75669bd78b18bdef802832e90c4c1b7766e0f9343d8609e12e98e16c219bb7 reason=:unsigned
02:47:18.365 [warning] CommitStore: local write DENIED by trust gate (enforce) doc_uuid=06644036-a86e-4c7f-ae3c-cc35203938be commit_id=71096e506dd709343120065426407f7f067d2801e04e1aa1488a3efb1f3f9f80 reason=:unsigned
02:47:18.427 [warning] CommitStore: local write DENIED by trust gate (enforce) doc_uuid=06644036-a86e-4c7f-ae3c-cc35203938be commit_id=0e3e95b40bc20859a4612b9b37e26501d79b9a25fe98297aced97b2413b6ebc4 reason=:unsigned
02:47:18.486 [warning] CommitStore: local write DENIED by trust gate (enforce) doc_uuid=06644036-a86e-4c7f-ae3c-cc35203938be commit_id=366d87b7328be59debd77b57b657ee21edc03e1d269519f3eeb1e0139efac2fc reason=:unsigned
02:47:18.542 [warning] CommitStore: local write DENIED by trust gate (enforce) doc_uuid=06644036-a86e-4c7f-ae3c-cc35203938be commit_id=82735db571bcd9084c30ab0ba72fa636f7afe4e2f0c7bd98fba386b5e275e190 reason=:unsigned
02:47:18.598 [warning] CommitStore: local write DENIED by trust gate (enforce) doc_uuid=06644036-a86e-4c7f-ae3c-cc35203938be commit_id=7cdedc454e9a13481f7e50912cfa596da6bc8cd0afc69347afd1d7d88d83fc78 reason=:unsigned
02:47:18.655 [warning] CommitStore: local write DENIED by trust gate (enforce) doc_uuid=06644036-a86e-4c7f-ae3c-cc35203938be commit_id=c4b7567715eccff6b8751ceccadeec21200434ca36ad37378b153f6f8af649a7 reason=:unsigned
02:47:18.711 [warning] CommitStore: local write DENIED by trust gate (enforce) doc_uuid=06644036-a86e-4c7f-ae3c-cc35203938be commit_id=51a0fa541cd0631f46fd4a5b17e310a4179501e0db007f07e1bc706151db2a54 reason=:unsigned
02:47:18.769 [warning] CommitStore: local write DENIED by trust gate (enforce) doc_uuid=06644036-a86e-4c7f-ae3c-cc35203938be commit_id=4e6cc11af4429217c94b9c2fde65b2800e85aa59bbd2f116c9fc1d0761f46528 reason=:unsigned
02:47:18.826 [warning] CommitStore: local write DENIED by trust gate (enforce) doc_uuid=06644036-a86e-4c7f-ae3c-cc35203938be commit_id=42b2ba12bd0ba3734b8716ab6d950e686abc7f22c8cd6865fa9137fd506a6375 reason=:unsigned
02:47:18.888 [warning] CommitStore: local write DENIED by trust gate (enforce) doc_uuid=06644036-a86e-4c7f-ae3c-cc35203938be commit_id=2249e1cb60fec5cf6a47e245ded343c6e446a0d348078b3e6c61d9556b45f4aa reason=:unsigned
02:47:18.946 [warning] CommitStore: local write DENIED by trust gate (enforce) doc_uuid=06644036-a86e-4c7f-ae3c-cc35203938be commit_id=8c2fc5b3fe92054029c5ed65124b079f286f51b0306f2f8672161e29d2f25185 reason=:unsigned
02:47:19.005 [warning] CommitStore: local write DENIED by trust gate (enforce) doc_uuid=06644036-a86e-4c7f-ae3c-cc35203938be commit_id=209d18cec0dc21f3e0bdb0be69c8f80debf1d50c6f3a0947e3fd7704d62d1a06 reason=:unsigned
02:47:19.066 [warning] CommitStore: local write DENIED by trust gate (enforce) doc_uuid=06644036-a86e-4c7f-ae3c-cc35203938be commit_id=5410f4272caa2d67159b3519b07054d99798e976efbf285827857d7c734a213d reason=:unsigned
02:47:19.123 [warning] CommitStore: local write DENIED by trust gate (enforce) doc_uuid=06644036-a86e-4c7f-ae3c-cc35203938be commit_id=515ff8577ecd815e74168561e329b53d71246560f0eb4fac53ba3ee8c867321d reason=:unsigned
02:47:19.187 [warning] CommitStore: local write DENIED by trust gate (enforce) doc_uuid=06644036-a86e-4c7f-ae3c-cc35203938be commit_id=b2ab24ba4bc9d76b3a7488bdfa49b778e47f26e0e87600a17e454e388494218f reason=:unsigned
02:47:19.246 [warning] CommitStore: local write DENIED by trust gate (enforce) doc_uuid=06644036-a86e-4c7f-ae3c-cc35203938be commit_id=eca64ff4ba611be666da64ae441661939bebd60baad56bd97d88d0281a0c6902 reason=:unsigned
02:47:19.309 [warning] CommitStore: local write DENIED by trust gate (enforce) doc_uuid=06644036-a86e-4c7f-ae3c-cc35203938be commit_id=8371f437b04a8f7d89a2a949f69b5046ca117f06a7d2436fc8b472c08c9274f7 reason=:unsigned
02:47:19.376 [warning] CommitStore: local write DENIED by trust gate (enforce) doc_uuid=06644036-a86e-4c7f-ae3c-cc35203938be commit_id=e535312eaf346fac5e461229dc9af98b13c701a8f109688fd6cff7d3ca4ae171 reason=:unsigned
02:47:19.434 [warning] CommitStore: local write DENIED by trust gate (enforce) doc_uuid=06644036-a86e-4c7f-ae3c-cc35203938be commit_id=d692088edd8368fba0027eae56d95f482a0ea2f0baf13ea15eaf2a6a30e2600c reason=:unsigned
02:47:19.492 [warning] CommitStore: local write DENIED by trust gate (enforce) doc_uuid=06644036-a86e-4c7f-ae3c-cc35203938be commit_id=db75b72481dd83de18ce653c765787b498819453f4475d2be945d6517fb6a870 reason=:unsigned
02:47:19.550 [warning] CommitStore: local write DENIED by trust gate (enforce) doc_uuid=06644036-a86e-4c7f-ae3c-cc35203938be commit_id=3cb1bd9c063a7328f4a65e3809f823c8ed34417761a5b4220dfd3e3ee9e1e488 reason=:unsigned
02:47:19.609 [warning] CommitStore: local write DENIED by trust gate (enforce) doc_uuid=06644036-a86e-4c7f-ae3c-cc35203938be commit_id=a44673acfa622d903cd62965963ec78038c5b79f42d26eccca2b3c148f7fd8dc reason=:unsigned
02:47:19.669 [warning] CommitStore: local write DENIED by trust gate (enforce) doc_uuid=06644036-a86e-4c7f-ae3c-cc35203938be commit_id=df38ba9adfec9a124c8be2e4ab72f8328d33fc593f5db79da2ab63ed8962b90a reason=:unsigned
02:47:19.739 [warning] CommitStore: local write DENIED by trust gate (enforce) doc_uuid=06644036-a86e-4c7f-ae3c-cc35203938be commit_id=e695eed60ac93a013d2c505d610bd18d5a1700003f44e7c52c254c8169b3a5d9 reason=:unsigned
02:47:19.802 [warning] CommitStore: local write DENIED by trust gate (enforce) doc_uuid=06644036-a86e-4c7f-ae3c-cc35203938be commit_id=d878b07c94267793cfb872d36b7f2c739e0bf4d65e57fa72a3df09465ce99147 reason=:unsigned
02:47:19.860 [warning] CommitStore: local write DENIED by trust gate (enforce) doc_uuid=06644036-a86e-4c7f-ae3c-cc35203938be commit_id=318227a5a0c5a4968e7d2167e41063f508bb56c172d7638c9d7a86138415694c reason=:unsigned
02:47:19.919 [warning] CommitStore: local write DENIED by trust gate (enforce) doc_uuid=06644036-a86e-4c7f-ae3c-cc35203938be commit_id=dd7b33194845995f01b1cb28bc2bc96b4d49da8c24ecb80515a574779b932a18 reason=:unsigned
02:47:19.977 [warning] CommitStore: local write DENIED by trust gate (enforce) doc_uuid=06644036-a86e-4c7f-ae3c-cc35203938be commit_id=b8216811916495d191cac4662a19b71f413ca3b7d7fce11b9ee51228bc403b9e reason=:unsigned
02:47:20.039 [warning] CommitStore: local write DENIED by trust gate (enforce) doc_uuid=06644036-a86e-4c7f-ae3c-cc35203938be commit_id=55803da0a70b1d97996e2ea6e4b260f1acd312c9ee37de9a3e100e0835d81a3d reason=:unsigned
02:47:20.095 [warning] CommitStore: local write DENIED by trust gate (enforce) doc_uuid=06644036-a86e-4c7f-ae3c-cc35203938be commit_id=7ca368857d9c9cb925fba9af04e60093c6974693605c9faca382243114e65cbd reason=:unsigned
02:47:20.152 [warning] CommitStore: local write DENIED by trust gate (enforce) doc_uuid=06644036-a86e-4c7f-ae3c-cc35203938be commit_id=8e7d657a51ea34c3fbcda675408f391433d341a141f45c75e2ef408a636bf238 reason=:unsigned
02:47:20.209 [warning] CommitStore: local write DENIED by trust gate (enforce) doc_uuid=06644036-a86e-4c7f-ae3c-cc35203938be commit_id=213959c9e4790ddeb85c76e964c53b2a3ad543d0543a1f526d2d62569ba2e42a reason=:unsigned
02:47:20.274 [warning] CommitStore: local write DENIED by trust gate (enforce) doc_uuid=06644036-a86e-4c7f-ae3c-cc35203938be commit_id=139cd350b311964aa9799cfe0aecf35888f4688f1c83026911d089fe5f563b59 reason=:unsigned
02:47:20.334 [warning] CommitStore: local write DENIED by trust gate (enforce) doc_uuid=06644036-a86e-4c7f-ae3c-cc35203938be commit_id=bb1ca21fe87d6973c44b5f399356110423ec2f84919e774d59e28f714cfed964 reason=:unsigned
02:47:20.393 [warning] CommitStore: local write DENIED by trust gate (enforce) doc_uuid=06644036-a86e-4c7f-ae3c-cc35203938be commit_id=8c0379ac16b5a95fa8d282162d681bce3cde01201567b4d03f47b1eae87e7389 reason=:unsigned
02:47:20.452 [warning] CommitStore: local write DENIED by trust gate (enforce) doc_uuid=06644036-a86e-4c7f-ae3c-cc35203938be commit_id=d1fe5db74a847046f84595f8bca9977b36329a6367561ad3abced92b82e1e315 reason=:unsigned
02:47:20.511 [warning] CommitStore: local write DENIED by trust gate (enforce) doc_uuid=06644036-a86e-4c7f-ae3c-cc35203938be commit_id=7991ff4c7415c4dddaaf48213b97ad17cd64af094bb2aae94cb185a303448d09 reason=:unsigned
02:47:20.569 [warning] CommitStore: local write DENIED by trust gate (enforce) doc_uuid=06644036-a86e-4c7f-ae3c-cc35203938be commit_id=49110457a5251128d2f7eac191ab5f1ae5238d0e5c09d04a65cb16cefd7eeb85 reason=:unsigned
02:47:20.632 [warning] CommitStore: local write DENIED by trust gate (enforce) doc_uuid=06644036-a86e-4c7f-ae3c-cc35203938be commit_id=4c5338ab9784f1722e613039196c31ca7819b2fd3ba03a359310767e3dfabf0e reason=:unsigned
02:47:20.691 [warning] CommitStore: local write DENIED by trust gate (enforce) doc_uuid=06644036-a86e-4c7f-ae3c-cc35203938be commit_id=5b526fa71825541f6724d638b70b335815a65681b48c28d235e0c563c7b02e8a reason=:unsigned
02:47:20.749 [warning] CommitStore: local write DENIED by trust gate (enforce) doc_uuid=06644036-a86e-4c7f-ae3c-cc35203938be commit_id=cb9d484db8db019174da67711b8fa9f35b261f9878f0e69535eccd8b444f8051 reason=:unsigned
02:47:20.805 [warning] CommitStore: local write DENIED by trust gate (enforce) doc_uuid=06644036-a86e-4c7f-ae3c-cc35203938be commit_id=c35181652e9aadd49d766877219a8bad805733e95513b376264ac729d174cc89 reason=:unsigned
02:47:20.863 [warning] CommitStore: local write DENIED by trust gate (enforce) doc_uuid=06644036-a86e-4c7f-ae3c-cc35203938be commit_id=077c76fbcf92eb4c819f88aae912ee716da8e8c4b361dc8dd49d9176b4c47587 reason=:unsigned
02:47:20.921 [warning] CommitStore: local write DENIED by trust gate (enforce) doc_uuid=06644036-a86e-4c7f-ae3c-cc35203938be commit_id=0778c9b5f2aacd8897c61b8389001ecae7e3902f06ad777f1facfbbd262f8516 reason=:unsigned
02:47:20.978 [warning] CommitStore: local write DENIED by trust gate (enforce) doc_uuid=06644036-a86e-4c7f-ae3c-cc35203938be commit_id=e13b4b33e322e18641f1cde0a4e2f9caee4c35c076065d1d3facb1be8b5117ad reason=:unsigned
02:47:21.037 [warning] CommitStore: local write DENIED by trust gate (enforce) doc_uuid=06644036-a86e-4c7f-ae3c-cc35203938be commit_id=0a5df133869634c5922c88efcc3308adfdd8dbb146a7be229a6aa863f89e98e9 reason=:unsigned
02:47:21.094 [warning] CommitStore: local write DENIED by trust gate (enforce) doc_uuid=06644036-a86e-4c7f-ae3c-cc35203938be commit_id=b8790ae9251b5b51e6f3ae2d25408fe017e58fcfa06e10ddad67ef5887b36e57 reason=:unsigned
02:47:21.151 [warning] CommitStore: local write DENIED by trust gate (enforce) doc_uuid=06644036-a86e-4c7f-ae3c-cc35203938be commit_id=c34a873e4de05ae20a267b234f7fcd8587dd93eae6b9ee0e0a977203f11a0cfc reason=:unsigned
02:47:21.207 [warning] CommitStore: local write DENIED by trust gate (enforce) doc_uuid=06644036-a86e-4c7f-ae3c-cc35203938be commit_id=f1202f053428d2a7754266d4edc10a0f287aa7f8e81d3252785b4259bd179cd5 reason=:unsigned
02:47:21.269 [warning] CommitStore: local write DENIED by trust gate (enforce) doc_uuid=06644036-a86e-4c7f-ae3c-cc35203938be commit_id=d3acdb95cd05633da7942f8f0a47defd6c8b1713e7aaf3fb47a84dfd501084be reason=:unsigned
02:47:21.326 [warning] CommitStore: local write DENIED by trust gate (enforce) doc_uuid=06644036-a86e-4c7f-ae3c-cc35203938be commit_id=913eeec89eadab0c19073bf99d33378018419be19874ef48492b960304138c65 reason=:unsigned
02:47:21.383 [warning] CommitStore: local write DENIED by trust gate (enforce) doc_uuid=06644036-a86e-4c7f-ae3c-cc35203938be commit_id=e1531ed4a889157b8463ee0aa65cfacd58071a0acd409aa0d3e4f8ec24825c18 reason=:unsigned
02:47:21.439 [warning] CommitStore: local write DENIED by trust gate (enforce) doc_uuid=06644036-a86e-4c7f-ae3c-cc35203938be commit_id=9f5611d43e9dc8b42f45b7e4f6c213cd1c24e40ed28af87e6e28e148878922b9 reason=:unsigned
02:47:21.496 [warning] CommitStore: local write DENIED by trust gate (enforce) doc_uuid=06644036-a86e-4c7f-ae3c-cc35203938be commit_id=cbd983251e7ecd23acdfed17baca36603f297f2c74b80f25aba2507b9283ac31 reason=:unsigned
02:47:21.554 [warning] CommitStore: local write DENIED by trust gate (enforce) doc_uuid=06644036-a86e-4c7f-ae3c-cc35203938be commit_id=544484c224f5435d4bda0233af00b2da703507b653f7fc70b7e9013d3fea2e0f reason=:unsigned
02:47:21.614 [warning] CommitStore: local write DENIED by trust gate (enforce) doc_uuid=06644036-a86e-4c7f-ae3c-cc35203938be commit_id=e44a8dd3b4202a1c02066fcf431d32111875f911294c2b7c08f6e4985a053aa2 reason=:unsigned
02:47:21.670 [warning] CommitStore: local write DENIED by trust gate (enforce) doc_uuid=06644036-a86e-4c7f-ae3c-cc35203938be commit_id=d2fe5ddaae84330a3a2981bb8cd724a507232a6fdf500b1bbf1b1858c38f4628 reason=:unsigned
02:47:21.729 [warning] CommitStore: local write DENIED by trust gate (enforce) doc_uuid=06644036-a86e-4c7f-ae3c-cc35203938be commit_id=a44256cec6b9859bd00775d573a6adf1868240885bac6d756345c0e2e80ee75f reason=:unsigned
02:47:21.790 [warning] CommitStore: local write DENIED by trust gate (enforce) doc_uuid=06644036-a86e-4c7f-ae3c-cc35203938be commit_id=f606209ce8c132a27b4954dc64c8f65feab07f3a39cd5f95681f080552761977 reason=:unsigned
02:47:21.850 [warning] CommitStore: local write DENIED by trust gate (enforce) doc_uuid=06644036-a86e-4c7f-ae3c-cc35203938be commit_id=d323a9db86d83bc9e340be1059c644fe8d2ea76a80fda339afb1ac2229c268f8 reason=:unsigned
02:47:21.908 [warning] CommitStore: local write DENIED by trust gate (enforce) doc_uuid=06644036-a86e-4c7f-ae3c-cc35203938be commit_id=c0f4f0f03fc9145d06381c4938d94515dc9eecca116a430e06cbf8e61fb45ce3 reason=:unsigned
02:47:21.964 [warning] CommitStore: local write DENIED by trust gate (enforce) doc_uuid=06644036-a86e-4c7f-ae3c-cc35203938be commit_id=cae99161b974fd04226f83783884ffe4235e281e0bcfa642e155735bdfd1f49f reason=:unsigned
02:47:22.021 [warning] CommitStore: local write DENIED by trust gate (enforce) doc_uuid=06644036-a86e-4c7f-ae3c-cc35203938be commit_id=d506657e21af27f246708eb55f82c1bd181826dbaa04d919c796811f72d9236c reason=:unsigned
02:47:22.081 [warning] CommitStore: local write DENIED by trust gate (enforce) doc_uuid=06644036-a86e-4c7f-ae3c-cc35203938be commit_id=c7ca68c58f5273695f6c426763923fc62bc813271c51291c9d149fc598bdcabd reason=:unsigned
02:47:22.138 [warning] CommitStore: local write DENIED by trust gate (enforce) doc_uuid=06644036-a86e-4c7f-ae3c-cc35203938be commit_id=0c93ccda2890330747ab3fb936278395491e6e18d72ee628af7b17e25e4fa775 reason=:unsigned
02:47:22.195 [warning] CommitStore: local write DENIED by trust gate (enforce) doc_uuid=06644036-a86e-4c7f-ae3c-cc35203938be commit_id=66cef5ebd189f47b1a6ba09d17972f030823ac254270054a3660d770867ff0db reason=:unsigned
02:47:22.253 [warning] CommitStore: local write DENIED by trust gate (enforce) doc_uuid=06644036-a86e-4c7f-ae3c-cc35203938be commit_id=97cd031f565f67638bab4e92f7706410064e889225ab273ef59a1ea3d54745da reason=:unsigned
02:47:22.310 [warning] CommitStore: local write DENIED by trust gate (enforce) doc_uuid=06644036-a86e-4c7f-ae3c-cc35203938be commit_id=a9e0021e87075855f41971e9cac894f246f6010a39e72f627987c108076b352f reason=:unsigned
02:47:22.369 [warning] CommitStore: local write DENIED by trust gate (enforce) doc_uuid=06644036-a86e-4c7f-ae3c-cc35203938be commit_id=ba8708fa343f4c2a9d25b24c5b75c954caa1e929c4bc702b4ef57b8d8aa70151 reason=:unsigned
02:47:22.425 [warning] CommitStore: local write DENIED by trust gate (enforce) doc_uuid=06644036-a86e-4c7f-ae3c-cc35203938be commit_id=c5fd46a6b60ffd122fb0f995d2797afc0f1ca97cfbbbe0f1fa2d9df40a0bcf69 reason=:unsigned
02:47:22.483 [warning] CommitStore: local write DENIED by trust gate (enforce) doc_uuid=06644036-a86e-4c7f-ae3c-cc35203938be commit_id=1eb9eee907927924a167d915820527a69c9512f05293ef3365097456d2bf9a66 reason=:unsigned
02:47:22.539 [warning] CommitStore: local write DENIED by trust gate (enforce) doc_uuid=06644036-a86e-4c7f-ae3c-cc35203938be commit_id=fb8f63ade9cc09d3918c5342232bed799aa30b373f0f25139c3271027b541c24 reason=:unsigned
02:47:22.597 [warning] CommitStore: local write DENIED by trust gate (enforce) doc_uuid=06644036-a86e-4c7f-ae3c-cc35203938be commit_id=c71dd2981cc910c571211233ae5f4d46b452b4a3676828095d1dd558f4791bd7 reason=:unsigned
02:47:22.655 [warning] CommitStore: local write DENIED by trust gate (enforce) doc_uuid=06644036-a86e-4c7f-ae3c-cc35203938be commit_id=399165bc437f6ef89ca8874af3a1694b53fe8978ef496ed34e173d431a55c01c reason=:unsigned
02:47:22.712 [warning] CommitStore: local write DENIED by trust gate (enforce) doc_uuid=06644036-a86e-4c7f-ae3c-cc35203938be commit_id=030ccc33a1999f8678dcf1f466d720a220a12e8a6323406d70334feb333925b2 reason=:unsigned
02:47:22.770 [warning] CommitStore: local write DENIED by trust gate (enforce) doc_uuid=06644036-a86e-4c7f-ae3c-cc35203938be commit_id=694780f597e829c66e17c0852b7d65b427d04a114127a2e7189ef49b28ad7529 reason=:unsigned
02:47:22.828 [warning] CommitStore: local write DENIED by trust gate (enforce) doc_uuid=06644036-a86e-4c7f-ae3c-cc35203938be commit_id=d610acdc23006a29a82a99aeeae62982a9668cd0efa273fa828e2f04c29f3efe reason=:unsigned
02:47:22.885 [warning] CommitStore: local write DENIED by trust gate (enforce) doc_uuid=06644036-a86e-4c7f-ae3c-cc35203938be commit_id=1a2dfee175c7c066e4d44ffdb2edc06ea5ce1f7ee796395fafc99cf23c617e0f reason=:unsigned
02:47:22.942 [warning] CommitStore: local write DENIED by trust gate (enforce) doc_uuid=06644036-a86e-4c7f-ae3c-cc35203938be commit_id=66be57eb75fdeb6a8166548f833560d7f2821e5cb3f48827faabf70936cb92f4 reason=:unsigned
02:47:22.999 [warning] CommitStore: local write DENIED by trust gate (enforce) doc_uuid=06644036-a86e-4c7f-ae3c-cc35203938be commit_id=a723bfbcf2b38c1b96d3ad120f6a5c4c535e51c4bd5391c022329009148b1896 reason=:unsigned
.02:47:23.063 [error] local node self-trust was not added: node signing public-key artifact is absent — continuing with configured trusted identities
.02:47:23.113 [error] local node self-trust was not added: node signing public-key artifact is absent — continuing with configured trusted identities
.02:47:23.160 [error] local node self-trust was not added: node signing public-key artifact is absent — continuing with configured trusted identities
.02:47:23.213 [error] local node self-trust was not added: node signing public-key artifact is absent — continuing with configured trusted identities
.....CONTROL A commit.metadata = %{}
CONTROL A import_commit/3 result: :ok
.SITE C (legacy %{} parent) opts_for metadata = %{kind: :regular, capability_proof: <<175, 54, 78, 63, 239, 251, 19, 27, 123, 251, 170, 68, 109, 74, 180, 245, 193, 91, 120, 73, 211, 7, 37, 154, 179, 20, 90, 61, 55, 244, 33, 111>>}
02:47:23.279 [warning] CommitStore: local write would be DENIED by trust gate (dry_run — write still lands) doc_uuid=1b54768f-3911-42c6-be42-4858673eeb73 commit_id=16e5fddf9c74ec26e5ca14ec66591811eeefc678238d44fbfc51b6b40f93afbe reason=:untrusted_root
SITE C (legacy parent) commit.metadata = %{kind: :regular, capability_proof: <<175, 54, 78, 63, 239, 251, 19, 27, 123, 251, 170, 68, 109, 74, 180, 245, 193, 91, 120, 73, 211, 7, 37, 154, 179, 20, 90, 61, 55, 244, 33, 111>>}
SITE C (legacy parent) snapshot_parent present? false
SITE C (legacy parent) result: %{import_commit: {:error, {:trust_rejected, :awaiting_capability}}, namespace_check_isolated: :ok}
.SITE B register commit.metadata = %{kind: :regular, snapshot_parent: <<148, 155, 72, 165, 247, 163, 149, 78, 160, 25, 86, 47, 165, 110, 32, 252, 180, 235, 248, 197, 123, 50, 67, 53, 52, 141, 115, 223, 73, 138, 249, 221>>}
SITE B touch_last_seen commit.metadata = %{kind: :regular, snapshot_parent: <<148, 155, 72, 165, 247, 163, 149, 78, 160, 25, 86, 47, 165, 110, 32, 252, 180, 235, 248, 197, 123, 50, 67, 53, 52, 141, 115, 223, 73, 138, 249, 221>>}
SITE B register import_commit/3 result: :already_exists
SITE B touch_last_seen import_commit/3 result: :ok
.SITE A: target file's parent (pre-merge) metadata = %{}
SITE A merge commit.metadata = %{kind: :regular, pr_merge: "1e73858a-d323-4393-9a54-2e3739af7116"}
SITE A snapshot_parent present? false
SITE A import_commit/3 result: :ok
.NEGATIVE CONTROL import_commit/3 result: {:error, {:namespace_rejected, {:unknown_reference, [999]}}}
.SITE C (fresh/genesis parent) opts_for metadata = %{kind: :regular, capability_proof: <<91, 244, 140, 9, 103, 111, 151, 83, 46, 62, 3, 179, 181, 227, 232, 103, 145, 66, 114, 58, 197, 73, 12, 90, 149, 84, 56, 236, 30, 75, 118, 209>>}
02:47:23.429 [warning] CommitStore: local write would be DENIED by trust gate (dry_run — write still lands) doc_uuid=93d5d041-62e7-4611-893a-9a9303f373ca commit_id=d4162f7987c351d3d66fe8fea3d33e483d57e45c450d02c17e144d433956528e reason=:untrusted_root
SITE C (fresh parent) commit.metadata = %{kind: :regular, snapshot_parent: <<145, 205, 15, 52, 138, 13, 247, 131, 74, 72, 229, 102, 187, 164, 203, 160, 165, 174, 190, 68, 202, 57, 107, 253, 233, 43, 108, 201, 204, 130, 204, 171>>, capability_proof: <<91, 244, 140, 9, 103, 111, 151, 83, 46, 62, 3, 179, 181, 227, 232, 103, 145, 66, 114, 58, 197, 73, 12, 90, 149, 84, 56, 236, 30, 75, 118, 209>>}
SITE C (fresh parent) snapshot_parent present? true
SITE C (fresh parent) result: %{import_commit: {:error, {:trust_rejected, :awaiting_capability}}, namespace_check_isolated: :ok}
.CONTROL B commit.metadata = %{kind: :regular, some_key: "x"}
CONTROL B import_commit/3 result: :ok
.SITE B (legacy head) touch_last_seen commit.metadata = %{}
SITE B (legacy head) import_commit/3 result: :ok
...........02:47:24.020 [warning] Commonplace.MUD.Sections: section cert <<19, 136, 216, 26, 234, 245, 49, 241, 179, 18, 190, 99, 90, 47, 177, 20, 206, 39, 37, 62, 251, 115, 218, 57, 180, 94, 69, 87, 236, 241, 60, 200>> covering room 0b8e8465-c07d-4c32-8121-755913c10c40 was NOT auto-extended to new room 4b7a5a46-4222-41fc-bdda-dfb3e7aa40b5 — issuer is not this node's identity; extend manually.
....................................02:47:24.896 [warning] DocBuilder.reconstruct_doc: chain for doc doc-gap does not reach genesis — oldest fetched commit has a parent_id the store is missing; reconstruction starts mid-chain and content may be silently wrong (CX-vzod)
..................02:47:25.087 [warning] flock failed on /tmp/cp_dir_sync_549063/hello.txt: :enoent, proceeding without lock
02:47:25.087 [warning] flock failed on /tmp/cp_dir_sync_549063/hello.txt: :enoent, proceeding without lock
02:47:25.088 [warning] flock failed on /tmp/cp_dir_sync_549063/world.txt: :enoent, proceeding without lock
02:47:25.089 [warning] flock failed on /tmp/cp_dir_sync_549063/world.txt: :enoent, proceeding without lock
...02:47:25.122 [warning] flock failed on /tmp/cp_dir_sync_115750/doomed.txt: :enoent, proceeding without lock
02:47:25.123 [warning] flock failed on /tmp/cp_dir_sync_115750/doomed.txt: :enoent, proceeding without lock
02:47:25.129 [warning] flock failed on /tmp/cp_dir_sync_115750/doomed.txt: :enoent, proceeding without lock
02:47:25.130 [warning] flock failed on /tmp/cp_dir_sync_115750/doomed.txt: :enoent, proceeding without lock
..............02:47:25.488 [warning] SyncLoop: Sync.Agent crashed (:simulated_agent_crash); restarting it
.................................................................02:47:36.814 [error] local node self-trust was not added: node signing public-key artifact is absent — continuing with configured trusted identities
.02:47:36.872 [error] local node self-trust was not added: node signing public-key artifact is absent — continuing with configured trusted identities
.02:47:36.936 [error] local node self-trust was not added: node signing public-key artifact is absent — continuing with configured trusted identities
.02:47:37.008 [error] local node self-trust was not added: node signing public-key artifact is absent — continuing with configured trusted identities
.02:47:37.233 [error] local node self-trust was not added: node signing public-key artifact is absent — continuing with configured trusted identities
.02:47:37.432 [error] local node self-trust was not added: node signing public-key artifact is absent — continuing with configured trusted identities
.02:47:37.497 [error] local node self-trust was not added: node signing public-key artifact is absent — continuing with configured trusted identities
.02:47:37.568 [error] local node self-trust was not added: node signing public-key artifact is absent — continuing with configured trusted identities
.02:47:37.642 [error] local node self-trust was not added: node signing public-key artifact is absent — continuing with configured trusted identities
.02:47:37.713 [error] local node self-trust was not added: node signing public-key artifact is absent — continuing with configured trusted identities
.02:47:37.784 [error] local node self-trust was not added: node signing public-key artifact is absent — continuing with configured trusted identities
...02:47:38.267 [warning] safe-verb reach bound fired: move_object → :owner_grant_exceeded (via_verb=nil)
.02:47:38.365 [warning] CommitStore: local write DENIED by trust gate (enforce) doc_uuid=4071bb5b-3612-4438-9ae2-f2cc496c8eab commit_id=a5775fc506d075661d838c990aae318c74d334206fade43852feeeeda9a32b82 reason={:untrusted_signer, "mallory-884625095"}
.02:47:38.398 [warning] EngineModule :look ("100ca11b-1004-4e55-9f66-a07788990011") fell back to last-good/floor: {:compile, :not_found}
.02:47:38.439 [warning] EngineModule :look ("100ca11b-1004-4e55-9f66-a07788990011") fell back to last-good/floor: {:compile, :not_found}
.................................02:47:41.015 [error] local node self-trust was not added: node signing public-key artifact is absent — continuing with configured trusted identities
02:47:41.018 [error] local node self-trust was not added: node signing public-key artifact is absent — continuing with configured trusted identities
02:47:41.040 [error] local node self-trust was not added: node signing public-key artifact is absent — continuing with configured trusted identities
02:47:41.043 [error] local node self-trust was not added: node signing public-key artifact is absent — continuing with configured trusted identities
02:47:41.044 [warning] CommitStore: local write would be DENIED by trust gate (dry_run — write still lands) doc_uuid=b81cd85c-3a63-4f9c-9197-eca1ee9b1c1c commit_id=ef301f7b4d6203a8d8d67130d6f8e384251d8d2cebcdda6efe87663a8c6b2100 reason=:unsigned
02:47:41.046 [error] local node self-trust was not added: node signing public-key artifact is absent — continuing with configured trusted identities
02:47:41.046 [warning] CommitStore: local write would be DENIED by trust gate (dry_run — write still lands) doc_uuid=e05ab42a-910e-437f-8c36-4eea7ce9d6e1 commit_id=860c91b562d3e0582f86e1bbdf1a25600c39883feb79fade1b5d9e799e2f1f2d reason=:unsigned
02:47:41.050 [error] local node self-trust was not added: node signing public-key artifact is absent — continuing with configured trusted identities
02:47:41.051 [warning] CommitStore: local write would be DENIED by trust gate (dry_run — write still lands) doc_uuid=a9618001-4f78-4e58-bc82-f3a83540299e commit_id=24758c467480265eba5670d8f2f73ae0e809ebb5f9ef837c9a03540bed18930e reason=:unsigned
..02:47:41.111 [error] local node self-trust was not added: node signing public-key artifact is absent — continuing with configured trusted identities
02:47:41.114 [error] local node self-trust was not added: node signing public-key artifact is absent — continuing with configured trusted identities
02:47:41.116 [error] local node self-trust was not added: node signing public-key artifact is absent — continuing with configured trusted identities
02:47:41.119 [error] local node self-trust was not added: node signing public-key artifact is absent — continuing with configured trusted identities
....02:47:41.157 [error] local node self-trust was not added: node signing public-key artifact is absent — continuing with configured trusted identities
02:47:41.160 [error] local node self-trust was not added: node signing public-key artifact is absent — continuing with configured trusted identities
02:47:41.161 [error] local node self-trust was not added: node signing public-key artifact is absent — continuing with configured trusted identities
02:47:41.163 [warning] CommitStore: local write would be DENIED by trust gate (dry_run — write still lands) doc_uuid=84aea9dd-9f04-4840-aace-db3f301e8b73 commit_id=15f41853be63efc4690eaf01fcb25c300e4a461b4238294a96649f9828ade698 reason={:untrusted_signer, "b0b22222-0000-0000-0000-811760287686"}
02:47:41.165 [error] local node self-trust was not added: node signing public-key artifact is absent — continuing with configured trusted identities
.02:47:41.174 [error] local node self-trust was not added: node signing public-key artifact is absent — continuing with configured trusted identities
.02:47:41.257 [error] local node self-trust was not added: node signing public-key artifact is absent — continuing with configured trusted identities
.02:47:41.343 [error] local node self-trust was not added: node signing public-key artifact is absent — continuing with configured trusted identities
.02:47:41.388 [error] local node self-trust was not added: node signing public-key artifact is absent — continuing with configured trusted identities
.02:47:41.494 [error] local node self-trust was not added: node signing public-key artifact is absent — continuing with configured trusted identities
.02:47:41.630 [error] local node self-trust was not added: node signing public-key artifact is absent — continuing with configured trusted identities
02:47:41.632 [error] local node self-trust was not added: node signing public-key artifact is absent — continuing with configured trusted identities
02:47:41.635 [error] local node self-trust was not added: node signing public-key artifact is absent — continuing with configured trusted identities
02:47:41.638 [error] local node self-trust was not added: node signing public-key artifact is absent — continuing with configured trusted identities
02:47:41.641 [error] local node self-trust was not added: node signing public-key artifact is absent — continuing with configured trusted identities
02:47:41.644 [error] local node self-trust was not added: node signing public-key artifact is absent — continuing with configured trusted identities
02:47:41.646 [error] local node self-trust was not added: node signing public-key artifact is absent — continuing with configured trusted identities
02:47:41.649 [error] local node self-trust was not added: node signing public-key artifact is absent — continuing with configured trusted identities
02:47:41.651 [error] local node self-trust was not added: node signing public-key artifact is absent — continuing with configured trusted identities
02:47:41.654 [error] local node self-trust was not added: node signing public-key artifact is absent — continuing with configured trusted identities
02:47:41.657 [error] local node self-trust was not added: node signing public-key artifact is absent — continuing with configured trusted identities
02:47:41.659 [error] local node self-trust was not added: node signing public-key artifact is absent — continuing with configured trusted identities
02:47:41.661 [error] local node self-trust was not added: node signing public-key artifact is absent — continuing with configured trusted identities
02:47:41.664 [error] local node self-trust was not added: node signing public-key artifact is absent — continuing with configured trusted identities
02:47:41.666 [error] local node self-trust was not added: node signing public-key artifact is absent — continuing with configured trusted identities
02:47:41.669 [error] local node self-trust was not added: node signing public-key artifact is absent — continuing with configured trusted identities
02:47:41.672 [error] local node self-trust was not added: node signing public-key artifact is absent — continuing with configured trusted identities
02:47:41.675 [error] local node self-trust was not added: node signing public-key artifact is absent — continuing with configured trusted identities
02:47:41.678 [error] local node self-trust was not added: node signing public-key artifact is absent — continuing with configured trusted identities
02:47:41.680 [error] local node self-trust was not added: node signing public-key artifact is absent — continuing with configured trusted identities
02:47:41.684 [error] local node self-trust was not added: node signing public-key artifact is absent — continuing with configured trusted identities
02:47:41.687 [error] local node self-trust was not added: node signing public-key artifact is absent — continuing with configured trusted identities
02:47:41.690 [error] local node self-trust was not added: node signing public-key artifact is absent — continuing with configured trusted identities
02:47:41.694 [error] local node self-trust was not added: node signing public-key artifact is absent — continuing with configured trusted identities
02:47:41.698 [error] local node self-trust was not added: node signing public-key artifact is absent — continuing with configured trusted identities
02:47:41.701 [error] local node self-trust was not added: node signing public-key artifact is absent — continuing with configured trusted identities
02:47:41.704 [error] local node self-trust was not added: node signing public-key artifact is absent — continuing with configured trusted identities
02:47:41.707 [error] local node self-trust was not added: node signing public-key artifact is absent — continuing with configured trusted identities
02:47:41.711 [error] local node self-trust was not added: node signing public-key artifact is absent — continuing with configured trusted identities
02:47:41.715 [error] local node self-trust was not added: node signing public-key artifact is absent — continuing with configured trusted identities
02:47:41.719 [error] local node self-trust was not added: node signing public-key artifact is absent — continuing with configured trusted identities
02:47:41.723 [error] local node self-trust was not added: node signing public-key artifact is absent — continuing with configured trusted identities
02:47:41.726 [error] local node self-trust was not added: node signing public-key artifact is absent — continuing with configured trusted identities
02:47:41.730 [error] local node self-trust was not added: node signing public-key artifact is absent — continuing with configured trusted identities
02:47:41.734 [error] local node self-trust was not added: node signing public-key artifact is absent — continuing with configured trusted identities
02:47:41.738 [error] local node self-trust was not added: node signing public-key artifact is absent — continuing with configured trusted identities
02:47:41.742 [error] local node self-trust was not added: node signing public-key artifact is absent — continuing with configured trusted identities
02:47:41.746 [error] local node self-trust was not added: node signing public-key artifact is absent — continuing with configured trusted identities
02:47:41.750 [error] local node self-trust was not added: node signing public-key artifact is absent — continuing with configured trusted identities
02:47:41.755 [error] local node self-trust was not added: node signing public-key artifact is absent — continuing with configured trusted identities
02:47:41.759 [error] local node self-trust was not added: node signing public-key artifact is absent — continuing with configured trusted identities
02:47:41.763 [error] local node self-trust was not added: node signing public-key artifact is absent — continuing with configured trusted identities
02:47:41.766 [error] local node self-trust was not added: node signing public-key artifact is absent — continuing with configured trusted identities
02:47:41.770 [error] local node self-trust was not added: node signing public-key artifact is absent — continuing with configured trusted identities
02:47:41.774 [error] local node self-trust was not added: node signing public-key artifact is absent — continuing with configured trusted identities
02:47:41.778 [error] local node self-trust was not added: node signing public-key artifact is absent — continuing with configured trusted identities
02:47:41.782 [error] local node self-trust was not added: node signing public-key artifact is absent — continuing with configured trusted identities
02:47:41.788 [error] local node self-trust was not added: node signing public-key artifact is absent — continuing with configured trusted identities
02:47:41.793 [error] local node self-trust was not added: node signing public-key artifact is absent — continuing with configured trusted identities
02:47:41.801 [error] local node self-trust was not added: node signing public-key artifact is absent — continuing with configured trusted identities
02:47:41.807 [error] local node self-trust was not added: node signing public-key artifact is absent — continuing with configured trusted identities
02:47:41.811 [error] local node self-trust was not added: node signing public-key artifact is absent — continuing with configured trusted identities
02:47:41.815 [error] local node self-trust was not added: node signing public-key artifact is absent — continuing with configured trusted identities
02:47:41.818 [error] local node self-trust was not added: node signing public-key artifact is absent — continuing with configured trusted identities
02:47:41.822 [error] local node self-trust was not added: node signing public-key artifact is absent — continuing with configured trusted identities
02:47:41.825 [error] local node self-trust was not added: node signing public-key artifact is absent — continuing with configured trusted identities
02:47:41.829 [error] local node self-trust was not added: node signing public-key artifact is absent — continuing with configured trusted identities
02:47:41.832 [error] local node self-trust was not added: node signing public-key artifact is absent — continuing with configured trusted identities
02:47:41.836 [error] local node self-trust was not added: node signing public-key artifact is absent — continuing with configured trusted identities
02:47:41.840 [error] local node self-trust was not added: node signing public-key artifact is absent — continuing with configured trusted identities
02:47:41.848 [error] local node self-trust was not added: node signing public-key artifact is absent — continuing with configured trusted identities
02:47:41.853 [error] local node self-trust was not added: node signing public-key artifact is absent — continuing with configured trusted identities
02:47:41.857 [error] local node self-trust was not added: node signing public-key artifact is absent — continuing with configured trusted identities
02:47:41.862 [error] local node self-trust was not added: node signing public-key artifact is absent — continuing with configured trusted identities
02:47:41.866 [error] local node self-trust was not added: node signing public-key artifact is absent — continuing with configured trusted identities
02:47:41.871 [error] local node self-trust was not added: node signing public-key artifact is absent — continuing with configured trusted identities
02:47:41.879 [error] local node self-trust was not added: node signing public-key artifact is absent — continuing with configured trusted identities
02:47:41.884 [error] local node self-trust was not added: node signing public-key artifact is absent — continuing with configured trusted identities
02:47:41.888 [error] local node self-trust was not added: node signing public-key artifact is absent — continuing with configured trusted identities
02:47:41.892 [error] local node self-trust was not added: node signing public-key artifact is absent — continuing with configured trusted identities
02:47:41.896 [error] local node self-trust was not added: node signing public-key artifact is absent — continuing with configured trusted identities
02:47:41.900 [error] local node self-trust was not added: node signing public-key artifact is absent — continuing with configured trusted identities
02:47:41.904 [error] local node self-trust was not added: node signing public-key artifact is absent — continuing with configured trusted identities
02:47:41.908 [error] local node self-trust was not added: node signing public-key artifact is absent — continuing with configured trusted identities
02:47:41.912 [error] local node self-trust was not added: node signing public-key artifact is absent — continuing with configured trusted identities
02:47:41.916 [error] local node self-trust was not added: node signing public-key artifact is absent — continuing with configured trusted identities
02:47:41.921 [error] local node self-trust was not added: node signing public-key artifact is absent — continuing with configured trusted identities
02:47:41.925 [error] local node self-trust was not added: node signing public-key artifact is absent — continuing with configured trusted identities
02:47:41.930 [error] local node self-trust was not added: node signing public-key artifact is absent — continuing with configured trusted identities
02:47:41.934 [error] local node self-trust was not added: node signing public-key artifact is absent — continuing with configured trusted identities
02:47:41.939 [error] local node self-trust was not added: node signing public-key artifact is absent — continuing with configured trusted identities
02:47:41.945 [error] local node self-trust was not added: node signing public-key artifact is absent — continuing with configured trusted identities
02:47:41.952 [error] local node self-trust was not added: node signing public-key artifact is absent — continuing with configured trusted identities
02:47:41.958 [error] local node self-trust was not added: node signing public-key artifact is absent — continuing with configured trusted identities
02:47:41.965 [error] local node self-trust was not added: node signing public-key artifact is absent — continuing with configured trusted identities
02:47:41.973 [error] local node self-trust was not added: node signing public-key artifact is absent — continuing with configured trusted identities
02:47:41.981 [error] local node self-trust was not added: node signing public-key artifact is absent — continuing with configured trusted identities
02:47:41.992 [error] local node self-trust was not added: node signing public-key artifact is absent — continuing with configured trusted identities
02:47:41.999 [error] local node self-trust was not added: node signing public-key artifact is absent — continuing with configured trusted identities
02:47:42.005 [error] local node self-trust was not added: node signing public-key artifact is absent — continuing with configured trusted identities
02:47:42.010 [error] local node self-trust was not added: node signing public-key artifact is absent — continuing with configured trusted identities
02:47:42.015 [error] local node self-trust was not added: node signing public-key artifact is absent — continuing with configured trusted identities
02:47:42.022 [error] local node self-trust was not added: node signing public-key artifact is absent — continuing with configured trusted identities
02:47:42.029 [error] local node self-trust was not added: node signing public-key artifact is absent — continuing with configured trusted identities
02:47:42.034 [error] local node self-trust was not added: node signing public-key artifact is absent — continuing with configured trusted identities
02:47:42.038 [error] local node self-trust was not added: node signing public-key artifact is absent — continuing with configured trusted identities
02:47:42.042 [error] local node self-trust was not added: node signing public-key artifact is absent — continuing with configured trusted identities
02:47:42.052 [error] local node self-trust was not added: node signing public-key artifact is absent — continuing with configured trusted identities
02:47:42.056 [error] local node self-trust was not added: node signing public-key artifact is absent — continuing with configured trusted identities
02:47:42.060 [error] local node self-trust was not added: node signing public-key artifact is absent — continuing with configured trusted identities
02:47:42.065 [error] local node self-trust was not added: node signing public-key artifact is absent — continuing with configured trusted identities
02:47:42.070 [error] local node self-trust was not added: node signing public-key artifact is absent — continuing with configured trusted identities
02:47:42.078 [error] local node self-trust was not added: node signing public-key artifact is absent — continuing with configured trusted identities
02:47:42.085 [error] local node self-trust was not added: node signing public-key artifact is absent — continuing with configured trusted identities
02:47:42.091 [error] local node self-trust was not added: node signing public-key artifact is absent — continuing with configured trusted identities
02:47:42.095 [error] local node self-trust was not added: node signing public-key artifact is absent — continuing with configured trusted identities
02:47:42.099 [error] local node self-trust was not added: node signing public-key artifact is absent — continuing with configured trusted identities
02:47:42.103 [error] local node self-trust was not added: node signing public-key artifact is absent — continuing with configured trusted identities
02:47:42.108 [error] local node self-trust was not added: node signing public-key artifact is absent — continuing with configured trusted identities
02:47:42.112 [error] local node self-trust was not added: node signing public-key artifact is absent — continuing with configured trusted identities
02:47:42.116 [error] local node self-trust was not added: node signing public-key artifact is absent — continuing with configured trusted identities
02:47:42.121 [error] local node self-trust was not added: node signing public-key artifact is absent — continuing with configured trusted identities
02:47:42.125 [error] local node self-trust was not added: node signing public-key artifact is absent — continuing with configured trusted identities
02:47:42.129 [error] local node self-trust was not added: node signing public-key artifact is absent — continuing with configured trusted identities
02:47:42.133 [error] local node self-trust was not added: node signing public-key artifact is absent — continuing with configured trusted identities
02:47:42.137 [error] local node self-trust was not added: node signing public-key artifact is absent — continuing with configured trusted identities
02:47:42.142 [error] local node self-trust was not added: node signing public-key artifact is absent — continuing with configured trusted identities
02:47:42.147 [error] local node self-trust was not added: node signing public-key artifact is absent — continuing with configured trusted identities
02:47:42.153 [error] local node self-trust was not added: node signing public-key artifact is absent — continuing with configured trusted identities
02:47:42.158 [error] local node self-trust was not added: node signing public-key artifact is absent — continuing with configured trusted identities
02:47:42.164 [error] local node self-trust was not added: node signing public-key artifact is absent — continuing with configured trusted identities
02:47:42.173 [error] local node self-trust was not added: node signing public-key artifact is absent — continuing with configured trusted identities
02:47:42.181 [error] local node self-trust was not added: node signing public-key artifact is absent — continuing with configured trusted identities
02:47:42.185 [error] local node self-trust was not added: node signing public-key artifact is absent — continuing with configured trusted identities
02:47:42.190 [error] local node self-trust was not added: node signing public-key artifact is absent — continuing with configured trusted identities
02:47:42.194 [error] local node self-trust was not added: node signing public-key artifact is absent — continuing with configured trusted identities
02:47:42.197 [error] local node self-trust was not added: node signing public-key artifact is absent — continuing with configured trusted identities
02:47:42.201 [error] local node self-trust was not added: node signing public-key artifact is absent — continuing with configured trusted identities
02:47:42.205 [error] local node self-trust was not added: node signing public-key artifact is absent — continuing with configured trusted identities
02:47:42.209 [error] local node self-trust was not added: node signing public-key artifact is absent — continuing with configured trusted identities
02:47:42.213 [error] local node self-trust was not added: node signing public-key artifact is absent — continuing with configured trusted identities
02:47:42.216 [error] local node self-trust was not added: node signing public-key artifact is absent — continuing with configured trusted identities
02:47:42.220 [error] local node self-trust was not added: node signing public-key artifact is absent — continuing with configured trusted identities
02:47:42.224 [error] local node self-trust was not added: node signing public-key artifact is absent — continuing with configured trusted identities
02:47:42.227 [error] local node self-trust was not added: node signing public-key artifact is absent — continuing with configured trusted identities
02:47:42.230 [error] local node self-trust was not added: node signing public-key artifact is absent — continuing with configured trusted identities
02:47:42.235 [error] local node self-trust was not added: node signing public-key artifact is absent — continuing with configured trusted identities
02:47:42.241 [error] local node self-trust was not added: node signing public-key artifact is absent — continuing with configured trusted identities
02:47:42.248 [error] local node self-trust was not added: node signing public-key artifact is absent — continuing with configured trusted identities
02:47:42.255 [error] local node self-trust was not added: node signing public-key artifact is absent — continuing with configured trusted identities
02:47:42.259 [error] local node self-trust was not added: node signing public-key artifact is absent — continuing with configured trusted identities
02:47:42.262 [error] local node self-trust was not added: node signing public-key artifact is absent — continuing with configured trusted identities
02:47:42.267 [error] local node self-trust was not added: node signing public-key artifact is absent — continuing with configured trusted identities
02:47:42.273 [error] local node self-trust was not added: node signing public-key artifact is absent — continuing with configured trusted identities
02:47:42.278 [error] local node self-trust was not added: node signing public-key artifact is absent — continuing with configured trusted identities
02:47:42.285 [error] local node self-trust was not added: node signing public-key artifact is absent — continuing with configured trusted identities
02:47:42.290 [error] local node self-trust was not added: node signing public-key artifact is absent — continuing with configured trusted identities
02:47:42.293 [error] local node self-trust was not added: node signing public-key artifact is absent — continuing with configured trusted identities
02:47:42.297 [error] local node self-trust was not added: node signing public-key artifact is absent — continuing with configured trusted identities
02:47:42.301 [error] local node self-trust was not added: node signing public-key artifact is absent — continuing with configured trusted identities
02:47:42.304 [error] local node self-trust was not added: node signing public-key artifact is absent — continuing with configured trusted identities
02:47:42.307 [error] local node self-trust was not added: node signing public-key artifact is absent — continuing with configured trusted identities
02:47:42.310 [error] local node self-trust was not added: node signing public-key artifact is absent — continuing with configured trusted identities
02:47:42.313 [error] local node self-trust was not added: node signing public-key artifact is absent — continuing with configured trusted identities
02:47:42.318 [error] local node self-trust was not added: node signing public-key artifact is absent — continuing with configured trusted identities
02:47:42.321 [error] local node self-trust was not added: node signing public-key artifact is absent — continuing with configured trusted identities
02:47:42.325 [error] local node self-trust was not added: node signing public-key artifact is absent — continuing with configured trusted identities
02:47:42.329 [error] local node self-trust was not added: node signing public-key artifact is absent — continuing with configured trusted identities
02:47:42.333 [error] local node self-trust was not added: node signing public-key artifact is absent — continuing with configured trusted identities
02:47:42.336 [error] local node self-trust was not added: node signing public-key artifact is absent — continuing with configured trusted identities
02:47:42.340 [error] local node self-trust was not added: node signing public-key artifact is absent — continuing with configured trusted identities
02:47:42.343 [error] local node self-trust was not added: node signing public-key artifact is absent — continuing with configured trusted identities
02:47:42.346 [error] local node self-trust was not added: node signing public-key artifact is absent — continuing with configured trusted identities
02:47:42.350 [error] local node self-trust was not added: node signing public-key artifact is absent — continuing with configured trusted identities
02:47:42.353 [error] local node self-trust was not added: node signing public-key artifact is absent — continuing with configured trusted identities
02:47:42.356 [error] local node self-trust was not added: node signing public-key artifact is absent — continuing with configured trusted identities
02:47:42.361 [error] local node self-trust was not added: node signing public-key artifact is absent — continuing with configured trusted identities
02:47:42.368 [error] local node self-trust was not added: node signing public-key artifact is absent — continuing with configured trusted identities
02:47:42.375 [error] local node self-trust was not added: node signing public-key artifact is absent — continuing with configured trusted identities
02:47:42.380 [error] local node self-trust was not added: node signing public-key artifact is absent — continuing with configured trusted identities
02:47:42.384 [error] local node self-trust was not added: node signing public-key artifact is absent — continuing with configured trusted identities
02:47:42.388 [error] local node self-trust was not added: node signing public-key artifact is absent — continuing with configured trusted identities
02:47:42.392 [error] local node self-trust was not added: node signing public-key artifact is absent — continuing with configured trusted identities
02:47:42.395 [error] local node self-trust was not added: node signing public-key artifact is absent — continuing with configured trusted identities
02:47:42.399 [error] local node self-trust was not added: node signing public-key artifact is absent — continuing with configured trusted identities
02:47:42.403 [error] local node self-trust was not added: node signing public-key artifact is absent — continuing with configured trusted identities
02:47:42.407 [error] local node self-trust was not added: node signing public-key artifact is absent — continuing with configured trusted identities
02:47:42.411 [error] local node self-trust was not added: node signing public-key artifact is absent — continuing with configured trusted identities
02:47:42.416 [error] local node self-trust was not added: node signing public-key artifact is absent — continuing with configured trusted identities
02:47:42.420 [error] local node self-trust was not added: node signing public-key artifact is absent — continuing with configured trusted identities
02:47:42.423 [error] local node self-trust was not added: node signing public-key artifact is absent — continuing with configured trusted identities
02:47:42.427 [error] local node self-trust was not added: node signing public-key artifact is absent — continuing with configured trusted identities
02:47:42.432 [error] local node self-trust was not added: node signing public-key artifact is absent — continuing with configured trusted identities
02:47:42.436 [error] local node self-trust was not added: node signing public-key artifact is absent — continuing with configured trusted identities
02:47:42.440 [error] local node self-trust was not added: node signing public-key artifact is absent — continuing with configured trusted identities
02:47:42.444 [error] local node self-trust was not added: node signing public-key artifact is absent — continuing with configured trusted identities
02:47:42.447 [error] local node self-trust was not added: node signing public-key artifact is absent — continuing with configured trusted identities
02:47:42.452 [error] local node self-trust was not added: node signing public-key artifact is absent — continuing with configured trusted identities
02:47:42.457 [error] local node self-trust was not added: node signing public-key artifact is absent — continuing with configured trusted identities
02:47:42.462 [error] local node self-trust was not added: node signing public-key artifact is absent — continuing with configured trusted identities
02:47:42.466 [error] local node self-trust was not added: node signing public-key artifact is absent — continuing with configured trusted identities
02:47:42.469 [error] local node self-trust was not added: node signing public-key artifact is absent — continuing with configured trusted identities
02:47:42.474 [error] local node self-trust was not added: node signing public-key artifact is absent — continuing with configured trusted identities
02:47:42.478 [error] local node self-trust was not added: node signing public-key artifact is absent — continuing with configured trusted identities
02:47:42.482 [error] local node self-trust was not added: node signing public-key artifact is absent — continuing with configured trusted identities
02:47:42.486 [error] local node self-trust was not added: node signing public-key artifact is absent — continuing with configured trusted identities
02:47:42.490 [error] local node self-trust was not added: node signing public-key artifact is absent — continuing with configured trusted identities
02:47:42.496 [error] local node self-trust was not added: node signing public-key artifact is absent — continuing with configured trusted identities
02:47:42.501 [error] local node self-trust was not added: node signing public-key artifact is absent — continuing with configured trusted identities
02:47:42.506 [error] local node self-trust was not added: node signing public-key artifact is absent — continuing with configured trusted identities
02:47:42.511 [error] local node self-trust was not added: node signing public-key artifact is absent — continuing with configured trusted identities
02:47:42.515 [error] local node self-trust was not added: node signing public-key artifact is absent — continuing with configured trusted identities
02:47:42.519 [error] local node self-trust was not added: node signing public-key artifact is absent — continuing with configured trusted identities
02:47:42.524 [error] local node self-trust was not added: node signing public-key artifact is absent — continuing with configured trusted identities
02:47:42.528 [error] local node self-trust was not added: node signing public-key artifact is absent — continuing with configured trusted identities
02:47:42.534 [error] local node self-trust was not added: node signing public-key artifact is absent — continuing with configured trusted identities
02:47:42.538 [error] local node self-trust was not added: node signing public-key artifact is absent — continuing with configured trusted identities
02:47:42.542 [error] local node self-trust was not added: node signing public-key artifact is absent — continuing with configured trusted identities
02:47:42.546 [error] local node self-trust was not added: node signing public-key artifact is absent — continuing with configured trusted identities
02:47:42.549 [error] local node self-trust was not added: node signing public-key artifact is absent — continuing with configured trusted identities
02:47:42.553 [error] local node self-trust was not added: node signing public-key artifact is absent — continuing with configured trusted identities
02:47:42.557 [error] local node self-trust was not added: node signing public-key artifact is absent — continuing with configured trusted identities
02:47:42.561 [error] local node self-trust was not added: node signing public-key artifact is absent — continuing with configured trusted identities
02:47:42.565 [error] local node self-trust was not added: node signing public-key artifact is absent — continuing with configured trusted identities
02:47:42.569 [error] local node self-trust was not added: node signing public-key artifact is absent — continuing with configured trusted identities
02:47:42.574 [error] local node self-trust was not added: node signing public-key artifact is absent — continuing with configured trusted identities
02:47:42.578 [error] local node self-trust was not added: node signing public-key artifact is absent — continuing with configured trusted identities
02:47:42.583 [error] local node self-trust was not added: node signing public-key artifact is absent — continuing with configured trusted identities
02:47:42.587 [error] local node self-trust was not added: node signing public-key artifact is absent — continuing with configured trusted identities
02:47:42.590 [error] local node self-trust was not added: node signing public-key artifact is absent — continuing with configured trusted identities
02:47:42.595 [error] local node self-trust was not added: node signing public-key artifact is absent — continuing with configured trusted identities
02:47:42.599 [error] local node self-trust was not added: node signing public-key artifact is absent — continuing with configured trusted identities
02:47:42.604 [error] local node self-trust was not added: node signing public-key artifact is absent — continuing with configured trusted identities
02:47:42.607 [error] local node self-trust was not added: node signing public-key artifact is absent — continuing with configured trusted identities
02:47:42.613 [error] local node self-trust was not added: node signing public-key artifact is absent — continuing with configured trusted identities
02:47:42.618 [error] local node self-trust was not added: node signing public-key artifact is absent — continuing with configured trusted identities
02:47:42.622 [error] local node self-trust was not added: node signing public-key artifact is absent — continuing with configured trusted identities
02:47:42.627 [error] local node self-trust was not added: node signing public-key artifact is absent — continuing with configured trusted identities
02:47:42.631 [error] local node self-trust was not added: node signing public-key artifact is absent — continuing with configured trusted identities
02:47:42.635 [error] local node self-trust was not added: node signing public-key artifact is absent — continuing with configured trusted identities
02:47:42.640 [error] local node self-trust was not added: node signing public-key artifact is absent — continuing with configured trusted identities
02:47:42.645 [error] local node self-trust was not added: node signing public-key artifact is absent — continuing with configured trusted identities
02:47:42.649 [error] local node self-trust was not added: node signing public-key artifact is absent — continuing with configured trusted identities
02:47:42.653 [error] local node self-trust was not added: node signing public-key artifact is absent — continuing with configured trusted identities
02:47:42.659 [error] local node self-trust was not added: node signing public-key artifact is absent — continuing with configured trusted identities
02:47:42.663 [error] local node self-trust was not added: node signing public-key artifact is absent — continuing with configured trusted identities
02:47:42.668 [error] local node self-trust was not added: node signing public-key artifact is absent — continuing with configured trusted identities
02:47:42.672 [error] local node self-trust was not added: node signing public-key artifact is absent — continuing with configured trusted identities
02:47:42.679 [error] local node self-trust was not added: node signing public-key artifact is absent — continuing with configured trusted identities
02:47:42.684 [error] local node self-trust was not added: node signing public-key artifact is absent — continuing with configured trusted identities
02:47:42.689 [error] local node self-trust was not added: node signing public-key artifact is absent — continuing with configured trusted identities
02:47:42.693 [error] local node self-trust was not added: node signing public-key artifact is absent — continuing with configured trusted identities
02:47:42.699 [error] local node self-trust was not added: node signing public-key artifact is absent — continuing with configured trusted identities
02:47:42.704 [error] local node self-trust was not added: node signing public-key artifact is absent — continuing with configured trusted identities
02:47:42.710 [error] local node self-trust was not added: node signing public-key artifact is absent — continuing with configured trusted identities
02:47:42.719 [error] local node self-trust was not added: node signing public-key artifact is absent — continuing with configured trusted identities
02:47:42.727 [error] local node self-trust was not added: node signing public-key artifact is absent — continuing with configured trusted identities
02:47:42.732 [error] local node self-trust was not added: node signing public-key artifact is absent — continuing with configured trusted identities
02:47:42.736 [error] local node self-trust was not added: node signing public-key artifact is absent — continuing with configured trusted identities
02:47:42.741 [error] local node self-trust was not added: node signing public-key artifact is absent — continuing with configured trusted identities
02:47:42.745 [error] local node self-trust was not added: node signing public-key artifact is absent — continuing with configured trusted identities
02:47:42.750 [error] local node self-trust was not added: node signing public-key artifact is absent — continuing with configured trusted identities
02:47:42.754 [error] local node self-trust was not added: node signing public-key artifact is absent — continuing with configured trusted identities
02:47:42.759 [error] local node self-trust was not added: node signing public-key artifact is absent — continuing with configured trusted identities
02:47:42.763 [error] local node self-trust was not added: node signing public-key artifact is absent — continuing with configured trusted identities
02:47:42.768 [error] local node self-trust was not added: node signing public-key artifact is absent — continuing with configured trusted identities
02:47:42.772 [error] local node self-trust was not added: node signing public-key artifact is absent — continuing with configured trusted identities
02:47:42.778 [error] local node self-trust was not added: node signing public-key artifact is absent — continuing with configured trusted identities
02:47:42.788 [error] local node self-trust was not added: node signing public-key artifact is absent — continuing with configured trusted identities
02:47:42.797 [error] local node self-trust was not added: node signing public-key artifact is absent — continuing with configured trusted identities
02:47:42.807 [error] local node self-trust was not added: node signing public-key artifact is absent — continuing with configured trusted identities
02:47:42.813 [error] local node self-trust was not added: node signing public-key artifact is absent — continuing with configured trusted identities
02:47:42.819 [error] local node self-trust was not added: node signing public-key artifact is absent — continuing with configured trusted identities
02:47:42.826 [error] local node self-trust was not added: node signing public-key artifact is absent — continuing with configured trusted identities
02:47:42.831 [error] local node self-trust was not added: node signing public-key artifact is absent — continuing with configured trusted identities
02:47:42.838 [error] local node self-trust was not added: node signing public-key artifact is absent — continuing with configured trusted identities
02:47:42.844 [error] local node self-trust was not added: node signing public-key artifact is absent — continuing with configured trusted identities
02:47:42.850 [error] local node self-trust was not added: node signing public-key artifact is absent — continuing with configured trusted identities
02:47:42.855 [error] local node self-trust was not added: node signing public-key artifact is absent — continuing with configured trusted identities
02:47:42.859 [error] local node self-trust was not added: node signing public-key artifact is absent — continuing with configured trusted identities
02:47:42.864 [error] local node self-trust was not added: node signing public-key artifact is absent — continuing with configured trusted identities
02:47:42.869 [error] local node self-trust was not added: node signing public-key artifact is absent — continuing with configured trusted identities
02:47:42.874 [error] local node self-trust was not added: node signing public-key artifact is absent — continuing with configured trusted identities
02:47:42.878 [error] local node self-trust was not added: node signing public-key artifact is absent — continuing with configured trusted identities
02:47:42.883 [error] local node self-trust was not added: node signing public-key artifact is absent — continuing with configured trusted identities
02:47:42.888 [error] local node self-trust was not added: node signing public-key artifact is absent — continuing with configured trusted identities
02:47:42.893 [error] local node self-trust was not added: node signing public-key artifact is absent — continuing with configured trusted identities
02:47:42.901 [error] local node self-trust was not added: node signing public-key artifact is absent — continuing with configured trusted identities
02:47:42.908 [error] local node self-trust was not added: node signing public-key artifact is absent — continuing with configured trusted identities
02:47:42.913 [error] local node self-trust was not added: node signing public-key artifact is absent — continuing with configured trusted identities
02:47:42.920 [error] local node self-trust was not added: node signing public-key artifact is absent — continuing with configured trusted identities
02:47:42.927 [error] local node self-trust was not added: node signing public-key artifact is absent — continuing with configured trusted identities
02:47:42.936 [error] local node self-trust was not added: node signing public-key artifact is absent — continuing with configured trusted identities
02:47:42.942 [error] local node self-trust was not added: node signing public-key artifact is absent — continuing with configured trusted identities
02:47:42.948 [error] local node self-trust was not added: node signing public-key artifact is absent — continuing with configured trusted identities
02:47:42.955 [error] local node self-trust was not added: node signing public-key artifact is absent — continuing with configured trusted identities
02:47:42.960 [error] local node self-trust was not added: node signing public-key artifact is absent — continuing with configured trusted identities
02:47:42.967 [error] local node self-trust was not added: node signing public-key artifact is absent — continuing with configured trusted identities
02:47:42.972 [error] local node self-trust was not added: node signing public-key artifact is absent — continuing with configured trusted identities
02:47:42.978 [error] local node self-trust was not added: node signing public-key artifact is absent — continuing with configured trusted identities
02:47:42.984 [error] local node self-trust was not added: node signing public-key artifact is absent — continuing with configured trusted identities
02:47:42.992 [error] local node self-trust was not added: node signing public-key artifact is absent — continuing with configured trusted identities
02:47:42.998 [error] local node self-trust was not added: node signing public-key artifact is absent — continuing with configured trusted identities
02:47:43.004 [error] local node self-trust was not added: node signing public-key artifact is absent — continuing with configured trusted identities
02:47:43.009 [error] local node self-trust was not added: node signing public-key artifact is absent — continuing with configured trusted identities
02:47:43.013 [error] local node self-trust was not added: node signing public-key artifact is absent — continuing with configured trusted identities
02:47:43.018 [error] local node self-trust was not added: node signing public-key artifact is absent — continuing with configured trusted identities
02:47:43.022 [error] local node self-trust was not added: node signing public-key artifact is absent — continuing with configured trusted identities
02:47:43.026 [error] local node self-trust was not added: node signing public-key artifact is absent — continuing with configured trusted identities
02:47:43.032 [error] local node self-trust was not added: node signing public-key artifact is absent — continuing with configured trusted identities
02:47:43.038 [error] local node self-trust was not added: node signing public-key artifact is absent — continuing with configured trusted identities
02:47:43.043 [error] local node self-trust was not added: node signing public-key artifact is absent — continuing with configured trusted identities
02:47:43.051 [error] local node self-trust was not added: node signing public-key artifact is absent — continuing with configured trusted identities
02:47:43.057 [error] local node self-trust was not added: node signing public-key artifact is absent — continuing with configured trusted identities
02:47:43.063 [error] local node self-trust was not added: node signing public-key artifact is absent — continuing with configured trusted identities
02:47:43.068 [error] local node self-trust was not added: node signing public-key artifact is absent — continuing with configured trusted identities
02:47:43.074 [error] local node self-trust was not added: node signing public-key artifact is absent — continuing with configured trusted identities
02:47:43.080 [error] local node self-trust was not added: node signing public-key artifact is absent — continuing with configured trusted identities
02:47:43.087 [error] local node self-trust was not added: node signing public-key artifact is absent — continuing with configured trusted identities
02:47:43.092 [error] local node self-trust was not added: node signing public-key artifact is absent — continuing with configured trusted identities
02:47:43.096 [error] local node self-trust was not added: node signing public-key artifact is absent — continuing with configured trusted identities
02:47:43.101 [error] local node self-trust was not added: node signing public-key artifact is absent — continuing with configured trusted identities
02:47:43.106 [error] local node self-trust was not added: node signing public-key artifact is absent — continuing with configured trusted identities
02:47:43.111 [error] local node self-trust was not added: node signing public-key artifact is absent — continuing with configured trusted identities
02:47:43.115 [error] local node self-trust was not added: node signing public-key artifact is absent — continuing with configured trusted identities
02:47:43.120 [error] local node self-trust was not added: node signing public-key artifact is absent — continuing with configured trusted identities
02:47:43.125 [error] local node self-trust was not added: node signing public-key artifact is absent — continuing with configured trusted identities
02:47:43.130 [error] local node self-trust was not added: node signing public-key artifact is absent — continuing with configured trusted identities
02:47:43.135 [error] local node self-trust was not added: node signing public-key artifact is absent — continuing with configured trusted identities
02:47:43.141 [error] local node self-trust was not added: node signing public-key artifact is absent — continuing with configured trusted identities
02:47:43.146 [error] local node self-trust was not added: node signing public-key artifact is absent — continuing with configured trusted identities
02:47:43.150 [error] local node self-trust was not added: node signing public-key artifact is absent — continuing with configured trusted identities
02:47:43.154 [error] local node self-trust was not added: node signing public-key artifact is absent — continuing with configured trusted identities
02:47:43.158 [error] local node self-trust was not added: node signing public-key artifact is absent — continuing with configured trusted identities
02:47:43.163 [error] local node self-trust was not added: node signing public-key artifact is absent — continuing with configured trusted identities
02:47:43.167 [error] local node self-trust was not added: node signing public-key artifact is absent — continuing with configured trusted identities
02:47:43.172 [error] local node self-trust was not added: node signing public-key artifact is absent — continuing with configured trusted identities
02:47:43.177 [error] local node self-trust was not added: node signing public-key artifact is absent — continuing with configured trusted identities
02:47:43.182 [error] local node self-trust was not added: node signing public-key artifact is absent — continuing with configured trusted identities
02:47:43.186 [error] local node self-trust was not added: node signing public-key artifact is absent — continuing with configured trusted identities
02:47:43.190 [error] local node self-trust was not added: node signing public-key artifact is absent — continuing with configured trusted identities
02:47:43.194 [error] local node self-trust was not added: node signing public-key artifact is absent — continuing with configured trusted identities
02:47:43.198 [error] local node self-trust was not added: node signing public-key artifact is absent — continuing with configured trusted identities
02:47:43.202 [error] local node self-trust was not added: node signing public-key artifact is absent — continuing with configured trusted identities
02:47:43.206 [error] local node self-trust was not added: node signing public-key artifact is absent — continuing with configured trusted identities
02:47:43.210 [error] local node self-trust was not added: node signing public-key artifact is absent — continuing with configured trusted identities
02:47:43.213 [error] local node self-trust was not added: node signing public-key artifact is absent — continuing with configured trusted identities
02:47:43.217 [error] local node self-trust was not added: node signing public-key artifact is absent — continuing with configured trusted identities
02:47:43.222 [error] local node self-trust was not added: node signing public-key artifact is absent — continuing with configured trusted identities
02:47:43.227 [error] local node self-trust was not added: node signing public-key artifact is absent — continuing with configured trusted identities
02:47:43.231 [error] local node self-trust was not added: node signing public-key artifact is absent — continuing with configured trusted identities
02:47:43.235 [error] local node self-trust was not added: node signing public-key artifact is absent — continuing with configured trusted identities
02:47:43.240 [error] local node self-trust was not added: node signing public-key artifact is absent — continuing with configured trusted identities
02:47:43.244 [error] local node self-trust was not added: node signing public-key artifact is absent — continuing with configured trusted identities
02:47:43.250 [error] local node self-trust was not added: node signing public-key artifact is absent — continuing with configured trusted identities
02:47:43.255 [error] local node self-trust was not added: node signing public-key artifact is absent — continuing with configured trusted identities
02:47:43.260 [error] local node self-trust was not added: node signing public-key artifact is absent — continuing with configured trusted identities
02:47:43.264 [error] local node self-trust was not added: node signing public-key artifact is absent — continuing with configured trusted identities
02:47:43.268 [error] local node self-trust was not added: node signing public-key artifact is absent — continuing with configured trusted identities
02:47:43.273 [error] local node self-trust was not added: node signing public-key artifact is absent — continuing with configured trusted identities
02:47:43.280 [error] local node self-trust was not added: node signing public-key artifact is absent — continuing with configured trusted identities
02:47:43.286 [error] local node self-trust was not added: node signing public-key artifact is absent — continuing with configured trusted identities
02:47:43.290 [error] local node self-trust was not added: node signing public-key artifact is absent — continuing with configured trusted identities
02:47:43.294 [error] local node self-trust was not added: node signing public-key artifact is absent — continuing with configured trusted identities
02:47:43.298 [error] local node self-trust was not added: node signing public-key artifact is absent — continuing with configured trusted identities
02:47:43.302 [error] local node self-trust was not added: node signing public-key artifact is absent — continuing with configured trusted identities
02:47:43.306 [error] local node self-trust was not added: node signing public-key artifact is absent — continuing with configured trusted identities
02:47:43.309 [error] local node self-trust was not added: node signing public-key artifact is absent — continuing with configured trusted identities
02:47:43.312 [error] local node self-trust was not added: node signing public-key artifact is absent — continuing with configured trusted identities
02:47:43.316 [error] local node self-trust was not added: node signing public-key artifact is absent — continuing with configured trusted identities
02:47:43.321 [error] local node self-trust was not added: node signing public-key artifact is absent — continuing with configured trusted identities
02:47:43.325 [error] local node self-trust was not added: node signing public-key artifact is absent — continuing with configured trusted identities
02:47:43.329 [error] local node self-trust was not added: node signing public-key artifact is absent — continuing with configured trusted identities
02:47:43.333 [error] local node self-trust was not added: node signing public-key artifact is absent — continuing with configured trusted identities
02:47:43.336 [error] local node self-trust was not added: node signing public-key artifact is absent — continuing with configured trusted identities
02:47:43.340 [error] local node self-trust was not added: node signing public-key artifact is absent — continuing with configured trusted identities
02:47:43.344 [error] local node self-trust was not added: node signing public-key artifact is absent — continuing with configured trusted identities
02:47:43.349 [error] local node self-trust was not added: node signing public-key artifact is absent — continuing with configured trusted identities
02:47:43.365 [error] local node self-trust was not added: node signing public-key artifact is absent — continuing with configured trusted identities
02:47:43.370 [error] local node self-trust was not added: node signing public-key artifact is absent — continuing with configured trusted identities
02:47:43.374 [error] local node self-trust was not added: node signing public-key artifact is absent — continuing with configured trusted identities
02:47:43.379 [error] local node self-trust was not added: node signing public-key artifact is absent — continuing with configured trusted identities
02:47:43.383 [error] local node self-trust was not added: node signing public-key artifact is absent — continuing with configured trusted identities
02:47:43.388 [error] local node self-trust was not added: node signing public-key artifact is absent — continuing with configured trusted identities
02:47:43.393 [error] local node self-trust was not added: node signing public-key artifact is absent — continuing with configured trusted identities
02:47:43.397 [error] local node self-trust was not added: node signing public-key artifact is absent — continuing with configured trusted identities
02:47:43.402 [error] local node self-trust was not added: node signing public-key artifact is absent — continuing with configured trusted identities
02:47:43.408 [error] local node self-trust was not added: node signing public-key artifact is absent — continuing with configured trusted identities
02:47:43.414 [error] local node self-trust was not added: node signing public-key artifact is absent — continuing with configured trusted identities
02:47:43.421 [error] local node self-trust was not added: node signing public-key artifact is absent — continuing with configured trusted identities
02:47:43.431 [error] local node self-trust was not added: node signing public-key artifact is absent — continuing with configured trusted identities
02:47:43.437 [error] local node self-trust was not added: node signing public-key artifact is absent — continuing with configured trusted identities
02:47:43.444 [error] local node self-trust was not added: node signing public-key artifact is absent — continuing with configured trusted identities
02:47:43.448 [error] local node self-trust was not added: node signing public-key artifact is absent — continuing with configured trusted identities
02:47:43.454 [error] local node self-trust was not added: node signing public-key artifact is absent — continuing with configured trusted identities
02:47:43.460 [error] local node self-trust was not added: node signing public-key artifact is absent — continuing with configured trusted identities
02:47:43.465 [error] local node self-trust was not added: node signing public-key artifact is absent — continuing with configured trusted identities
02:47:43.470 [error] local node self-trust was not added: node signing public-key artifact is absent — continuing with configured trusted identities
02:47:43.475 [error] local node self-trust was not added: node signing public-key artifact is absent — continuing with configured trusted identities
02:47:43.479 [error] local node self-trust was not added: node signing public-key artifact is absent — continuing with configured trusted identities
02:47:43.484 [error] local node self-trust was not added: node signing public-key artifact is absent — continuing with configured trusted identities
02:47:43.489 [error] local node self-trust was not added: node signing public-key artifact is absent — continuing with configured trusted identities
02:47:43.494 [error] local node self-trust was not added: node signing public-key artifact is absent — continuing with configured trusted identities
02:47:43.500 [error] local node self-trust was not added: node signing public-key artifact is absent — continuing with configured trusted identities
02:47:43.505 [error] local node self-trust was not added: node signing public-key artifact is absent — continuing with configured trusted identities
02:47:43.509 [error] local node self-trust was not added: node signing public-key artifact is absent — continuing with configured trusted identities
02:47:43.513 [error] local node self-trust was not added: node signing public-key artifact is absent — continuing with configured trusted identities
02:47:43.517 [error] local node self-trust was not added: node signing public-key artifact is absent — continuing with configured trusted identities
02:47:43.522 [error] local node self-trust was not added: node signing public-key artifact is absent — continuing with configured trusted identities
02:47:43.526 [error] local node self-trust was not added: node signing public-key artifact is absent — continuing with configured trusted identities
02:47:43.530 [error] local node self-trust was not added: node signing public-key artifact is absent — continuing with configured trusted identities
02:47:43.534 [error] local node self-trust was not added: node signing public-key artifact is absent — continuing with configured trusted identities
02:47:43.538 [error] local node self-trust was not added: node signing public-key artifact is absent — continuing with configured trusted identities
02:47:43.543 [error] local node self-trust was not added: node signing public-key artifact is absent — continuing with configured trusted identities
02:47:43.548 [error] local node self-trust was not added: node signing public-key artifact is absent — continuing with configured trusted identities
02:47:43.552 [error] local node self-trust was not added: node signing public-key artifact is absent — continuing with configured trusted identities
02:47:43.557 [error] local node self-trust was not added: node signing public-key artifact is absent — continuing with configured trusted identities
02:47:43.562 [error] local node self-trust was not added: node signing public-key artifact is absent — continuing with configured trusted identities
02:47:43.566 [error] local node self-trust was not added: node signing public-key artifact is absent — continuing with configured trusted identities
02:47:43.569 [error] local node self-trust was not added: node signing public-key artifact is absent — continuing with configured trusted identities
02:47:43.573 [error] local node self-trust was not added: node signing public-key artifact is absent — continuing with configured trusted identities
02:47:43.577 [error] local node self-trust was not added: node signing public-key artifact is absent — continuing with configured trusted identities
02:47:43.580 [error] local node self-trust was not added: node signing public-key artifact is absent — continuing with configured trusted identities
02:47:43.583 [error] local node self-trust was not added: node signing public-key artifact is absent — continuing with configured trusted identities
02:47:43.587 [error] local node self-trust was not added: node signing public-key artifact is absent — continuing with configured trusted identities
02:47:43.590 [error] local node self-trust was not added: node signing public-key artifact is absent — continuing with configured trusted identities
02:47:43.593 [error] local node self-trust was not added: node signing public-key artifact is absent — continuing with configured trusted identities
02:47:43.596 [error] local node self-trust was not added: node signing public-key artifact is absent — continuing with configured trusted identities
02:47:43.599 [error] local node self-trust was not added: node signing public-key artifact is absent — continuing with configured trusted identities
02:47:43.603 [error] local node self-trust was not added: node signing public-key artifact is absent — continuing with configured trusted identities
02:47:43.606 [error] local node self-trust was not added: node signing public-key artifact is absent — continuing with configured trusted identities
02:47:43.611 [error] local node self-trust was not added: node signing public-key artifact is absent — continuing with configured trusted identities
02:47:43.615 [error] local node self-trust was not added: node signing public-key artifact is absent — continuing with configured trusted identities
02:47:43.618 [error] local node self-trust was not added: node signing public-key artifact is absent — continuing with configured trusted identities
02:47:43.623 [error] local node self-trust was not added: node signing public-key artifact is absent — continuing with configured trusted identities
02:47:43.627 [error] local node self-trust was not added: node signing public-key artifact is absent — continuing with configured trusted identities
02:47:43.630 [error] local node self-trust was not added: node signing public-key artifact is absent — continuing with configured trusted identities
02:47:43.634 [error] local node self-trust was not added: node signing public-key artifact is absent — continuing with configured trusted identities
02:47:43.637 [error] local node self-trust was not added: node signing public-key artifact is absent — continuing with configured trusted identities
02:47:43.640 [error] local node self-trust was not added: node signing public-key artifact is absent — continuing with configured trusted identities
02:47:43.642 [error] local node self-trust was not added: node signing public-key artifact is absent — continuing with configured trusted identities
02:47:43.646 [error] local node self-trust was not added: node signing public-key artifact is absent — continuing with configured trusted identities
02:47:43.649 [error] local node self-trust was not added: node signing public-key artifact is absent — continuing with configured trusted identities
02:47:43.652 [error] local node self-trust was not added: node signing public-key artifact is absent — continuing with configured trusted identities
02:47:43.656 [error] local node self-trust was not added: node signing public-key artifact is absent — continuing with configured trusted identities
02:47:43.660 [error] local node self-trust was not added: node signing public-key artifact is absent — continuing with configured trusted identities
02:47:43.663 [error] local node self-trust was not added: node signing public-key artifact is absent — continuing with configured trusted identities
02:47:43.667 [error] local node self-trust was not added: node signing public-key artifact is absent — continuing with configured trusted identities
02:47:43.671 [error] local node self-trust was not added: node signing public-key artifact is absent — continuing with configured trusted identities
02:47:43.675 [error] local node self-trust was not added: node signing public-key artifact is absent — continuing with configured trusted identities

ALLOW path, n=200 per arm
  baseline    p50=4122us p99=10124us
  with audit  p50=4576us p99=11680us
  ratio       p50=1.11 p99=1.154

..02:47:43.694 [error] local node self-trust was not added: node signing public-key artifact is absent — continuing with configured trusted identities
02:47:43.694 [warning] CommitStore: local write DENIED by trust gate (enforce) doc_uuid=99bac96b-bb88-4aaa-88a0-55b26805416b commit_id=bc2b4f16574ca6964dc1d1c13bd25ebcab984dc64b6a8da8cf96f31fb078ed6b reason=:unsigned
02:47:43.694 [error] local node self-trust was not added: node signing public-key artifact is absent — continuing with configured trusted identities
02:47:43.694 [warning] CommitStore: local write DENIED by trust gate (enforce) doc_uuid=6ce3e74f-7dde-4854-91ad-e348c2630d99 commit_id=1644ca7ffaa4f519721b3d6551a65a5c0e2aa173b2b1d7606f50cef7ea052088 reason=:unsigned
02:47:43.695 [error] local node self-trust was not added: node signing public-key artifact is absent — continuing with configured trusted identities
02:47:43.695 [warning] CommitStore: local write DENIED by trust gate (enforce) doc_uuid=b0ae55a1-c114-4189-b2fd-ba35bacffbb0 commit_id=3a24e6e6d5ad1367049e5c85564c99be8d74e69bfa61285a6be823711db9a62a reason=:unsigned
02:47:43.695 [error] local node self-trust was not added: node signing public-key artifact is absent — continuing with configured trusted identities
02:47:43.695 [warning] CommitStore: local write DENIED by trust gate (enforce) doc_uuid=ddac8095-2151-4905-9082-6e9c68f70059 commit_id=51ea32b548b468b2dd3666682fff21a3b19ce67477c73af4dafea63c886d4d4f reason=:unsigned
02:47:43.696 [error] local node self-trust was not added: node signing public-key artifact is absent — continuing with configured trusted identities
02:47:43.697 [warning] CommitStore: local write DENIED by trust gate (enforce) doc_uuid=a89e0af1-d840-4929-b357-5a350943925d commit_id=4e01ffc3e48aac7e4e19e70756370490a237386c0f07773ed171b358dace1aa4 reason=:unsigned
02:47:43.697 [error] local node self-trust was not added: node signing public-key artifact is absent — continuing with configured trusted identities
02:47:43.697 [warning] CommitStore: local write DENIED by trust gate (enforce) doc_uuid=51230504-141a-48ce-8b1a-b202852c60fd commit_id=c65a1444dbc8135d4b641799d6c073ad10263e52828b3b55a91a886a1a701159 reason=:unsigned
02:47:43.697 [error] local node self-trust was not added: node signing public-key artifact is absent — continuing with configured trusted identities
02:47:43.697 [warning] CommitStore: local write DENIED by trust gate (enforce) doc_uuid=31a7dc54-bdfd-4f4a-9228-68083709406d commit_id=4438aa0fdceb8fdc9ad5f9b6e69e2cc04c96d937e5a32b937935289aec6b313f reason=:unsigned
02:47:43.698 [error] local node self-trust was not added: node signing public-key artifact is absent — continuing with configured trusted identities
02:47:43.698 [warning] CommitStore: local write DENIED by trust gate (enforce) doc_uuid=6e6f0277-ef10-4b46-8a28-7c64af8f3416 commit_id=54395c1447eec08752a1c3f8550e2e15020808c84a8ba8e369f33676099c708d reason=:unsigned
02:47:43.698 [error] local node self-trust was not added: node signing public-key artifact is absent — continuing with configured trusted identities
02:47:43.698 [warning] CommitStore: local write DENIED by trust gate (enforce) doc_uuid=7797ebbf-59f6-40e6-a773-c7f9bd89f850 commit_id=ebb23b5bc92f56851617fcdbca5673d9600039b3d9d2f6f5f3bd13d669a13632 reason=:unsigned
02:47:43.698 [error] local node self-trust was not added: node signing public-key artifact is absent — continuing with configured trusted identities
02:47:43.698 [warning] CommitStore: local write DENIED by trust gate (enforce) doc_uuid=d29e3345-355a-451d-9301-23e8635d4424 commit_id=c038fa6e1fa8fd1c0b57193a33d9ddc6da9de25dcdd995a3bfa01b1bae216d02 reason=:unsigned
02:47:43.699 [error] local node self-trust was not added: node signing public-key artifact is absent — continuing with configured trusted identities
02:47:43.699 [warning] CommitStore: local write DENIED by trust gate (enforce) doc_uuid=f4080e14-16a7-422f-a44e-d0f9687eb4a3 commit_id=063d688b8ab102d254cf293365410d8a701ee40dc92d7233dbcac6ba0c0b59f9 reason=:unsigned
02:47:43.699 [error] local node self-trust was not added: node signing public-key artifact is absent — continuing with configured trusted identities
02:47:43.699 [warning] CommitStore: local write DENIED by trust gate (enforce) doc_uuid=cec58997-1da6-40a0-acae-e3772b02a308 commit_id=96bde55dae1a94bace5ff11201c769405c487279fe9c20580754a819c42aba69 reason=:unsigned
02:47:43.699 [error] local node self-trust was not added: node signing public-key artifact is absent — continuing with configured trusted identities
02:47:43.700 [warning] CommitStore: local write DENIED by trust gate (enforce) doc_uuid=c503ca66-5c9c-424c-af1b-8e3d98ea53f5 commit_id=e2d28523be4198cba9d699d4c7ad178f0aca4726e0e8c1d7eb5ca55726ded108 reason=:unsigned
02:47:43.700 [error] local node self-trust was not added: node signing public-key artifact is absent — continuing with configured trusted identities
02:47:43.700 [warning] CommitStore: local write DENIED by trust gate (enforce) doc_uuid=778ee0e9-2b1b-43fc-9dfa-98879de438f0 commit_id=502c4975658522d68d5c10c78044e208a8ae5de77a6065ebc3fc059a0232d1ab reason=:unsigned
02:47:43.700 [error] local node self-trust was not added: node signing public-key artifact is absent — continuing with configured trusted identities
02:47:43.700 [warning] CommitStore: local write DENIED by trust gate (enforce) doc_uuid=a9053c6e-9309-4777-8083-d531f9be18ca commit_id=479bb635945874e7cb2fa25a6cc5be674b0a958f8796b3a01794b84c336127c7 reason=:unsigned
02:47:43.701 [error] local node self-trust was not added: node signing public-key artifact is absent — continuing with configured trusted identities
02:47:43.701 [warning] CommitStore: local write DENIED by trust gate (enforce) doc_uuid=774d7709-e2aa-4672-867c-a4f835821bbd commit_id=a81b16df4188e3f0e8da7a75aff82cace2401157891abb1fbad933fe8bc84c3c reason=:unsigned
02:47:43.701 [error] local node self-trust was not added: node signing public-key artifact is absent — continuing with configured trusted identities
02:47:43.701 [warning] CommitStore: local write DENIED by trust gate (enforce) doc_uuid=fa0b4a56-1c58-4d21-8d86-b6e6469efb6c commit_id=a05613206b52b723d8bdd612a661adba239c9116102468508565c5db145354c5 reason=:unsigned
02:47:43.701 [error] local node self-trust was not added: node signing public-key artifact is absent — continuing with configured trusted identities
02:47:43.701 [warning] CommitStore: local write DENIED by trust gate (enforce) doc_uuid=8bd1c2d0-f2b7-4115-b942-49cf190deb2c commit_id=b71a41c2287eba13d25e58f9e8c7f356ccc39a42005f67a43c87ef41bec9377b reason=:unsigned
02:47:43.702 [error] local node self-trust was not added: node signing public-key artifact is absent — continuing with configured trusted identities
02:47:43.702 [warning] CommitStore: local write DENIED by trust gate (enforce) doc_uuid=c7570fe2-5c9f-4cb4-b54c-34c34532ecd8 commit_id=1876244be1a745c387acb3e0f8af467e94cc5df50e9654c584032e4796b925ce reason=:unsigned
02:47:43.702 [error] local node self-trust was not added: node signing public-key artifact is absent — continuing with configured trusted identities
02:47:43.702 [warning] CommitStore: local write DENIED by trust gate (enforce) doc_uuid=3454904e-210a-4762-bc4c-9cbdd271b572 commit_id=b92df1125fd98ba896353fa2c79c7893b2102345c871abd3c9adad113d2e9d62 reason=:unsigned
02:47:43.702 [error] local node self-trust was not added: node signing public-key artifact is absent — continuing with configured trusted identities
02:47:43.702 [warning] CommitStore: local write DENIED by trust gate (enforce) doc_uuid=97392a91-baf8-4a8f-9e93-e036c9641e17 commit_id=952590a3a9626e2a14587e1064ef02da53573b04d5b480c36c7a8fed04a37da1 reason=:unsigned
02:47:43.703 [error] local node self-trust was not added: node signing public-key artifact is absent — continuing with configured trusted identities
02:47:43.703 [warning] CommitStore: local write DENIED by trust gate (enforce) doc_uuid=5de35f13-bf2d-4a13-ae16-389fc70dfb73 commit_id=be4f453e71b2db6ceaac40014336b419a9a5a9a980c3c6d1ae2b6aacdf84f8ad reason=:unsigned
02:47:43.703 [error] local node self-trust was not added: node signing public-key artifact is absent — continuing with configured trusted identities
02:47:43.703 [warning] CommitStore: local write DENIED by trust gate (enforce) doc_uuid=80d38f23-ac21-46f0-a78d-4e7714feadd1 commit_id=60c2d5696f8763ed4a456a20d703888ac83bbe91767e77bd442edfe72bec0599 reason=:unsigned
02:47:43.703 [error] local node self-trust was not added: node signing public-key artifact is absent — continuing with configured trusted identities
02:47:43.703 [warning] CommitStore: local write DENIED by trust gate (enforce) doc_uuid=fbc0f4e7-a5d6-4f57-8510-d6350ac10e23 commit_id=fcd1f7edc8c4b2dc9db1790e2d5909a93fc4355ed175b054e6569a45d2fdedba reason=:unsigned
02:47:43.704 [error] local node self-trust was not added: node signing public-key artifact is absent — continuing with configured trusted identities
02:47:43.704 [warning] CommitStore: local write DENIED by trust gate (enforce) doc_uuid=d3c3ac53-fd54-4b01-9064-892b21d986ae commit_id=bf3cd3d3fe558ddcc14762ead14a2f29b3d2fcefb338c6f1f9d48ea0b87cdb39 reason=:unsigned
02:47:43.704 [error] local node self-trust was not added: node signing public-key artifact is absent — continuing with configured trusted identities
02:47:43.704 [warning] CommitStore: local write DENIED by trust gate (enforce) doc_uuid=b485033e-5694-4c02-b640-b49db1019d94 commit_id=dfc775f16344b220530e3a1dee7c4d176df61673629b95d28f5588b732718225 reason=:unsigned
02:47:43.704 [error] local node self-trust was not added: node signing public-key artifact is absent — continuing with configured trusted identities
02:47:43.704 [warning] CommitStore: local write DENIED by trust gate (enforce) doc_uuid=d79651ca-b9b9-4e99-aac3-7479f122d106 commit_id=f6a5a07aafd1191cc8e40df93cbc554802b3b5102d756367f3c7e0ae0dc73851 reason=:unsigned
02:47:43.705 [error] local node self-trust was not added: node signing public-key artifact is absent — continuing with configured trusted identities
02:47:43.705 [warning] CommitStore: local write DENIED by trust gate (enforce) doc_uuid=b563fa6e-a474-480b-9e16-a50f28f9e4ca commit_id=3f2250bf9d502016cb937aa48a1a517b8a5f9f69b4b7eeb5d288499ab3a8c61c reason=:unsigned
02:47:43.705 [error] local node self-trust was not added: node signing public-key artifact is absent — continuing with configured trusted identities
02:47:43.705 [warning] CommitStore: local write DENIED by trust gate (enforce) doc_uuid=aa6001a1-9b7f-4c11-b1df-ef743b97deb0 commit_id=4c04436bddb36083a6b6ab6529ee058b36dd23f11431aa18b551429ac73ddc98 reason=:unsigned
02:47:43.705 [error] local node self-trust was not added: node signing public-key artifact is absent — continuing with configured trusted identities
02:47:43.705 [warning] CommitStore: local write DENIED by trust gate (enforce) doc_uuid=d88566b8-fdd8-4c96-bdc6-361727d43069 commit_id=c4a0779543b32668a465600037ec64e0d619dee7ed783de9f97acd22501c3dee reason=:unsigned
02:47:43.706 [error] local node self-trust was not added: node signing public-key artifact is absent — continuing with configured trusted identities
02:47:43.706 [warning] CommitStore: local write DENIED by trust gate (enforce) doc_uuid=2b68acc5-b10a-47cc-8009-3147ac9f69dd commit_id=83ad86ee535b957bfb2de4022818d6e648d2ff13f29519b7314a7250c63f3cc8 reason=:unsigned
02:47:43.706 [error] local node self-trust was not added: node signing public-key artifact is absent — continuing with configured trusted identities
02:47:43.706 [warning] CommitStore: local write DENIED by trust gate (enforce) doc_uuid=fb2fde65-fd07-4dc8-9bc3-43b3bc25b6af commit_id=11f7cb992e2ffdc16a64468c0551eb049a56f980bf46688efba9cd40e63c9646 reason=:unsigned
02:47:43.706 [error] local node self-trust was not added: node signing public-key artifact is absent — continuing with configured trusted identities
02:47:43.706 [warning] CommitStore: local write DENIED by trust gate (enforce) doc_uuid=5305128a-685f-447d-98a6-acfd3554b34c commit_id=3119803d30c6aed2236ca47ecba3607ee61612a453fcb3b788efdfc1f8b6d07a reason=:unsigned
02:47:43.707 [error] local node self-trust was not added: node signing public-key artifact is absent — continuing with configured trusted identities
02:47:43.707 [warning] CommitStore: local write DENIED by trust gate (enforce) doc_uuid=d7a62e42-b964-4404-9245-1f4dac863480 commit_id=4168f2ca67a08ff96d618bc0de5c30719649285f501bbfa1b60bbc3acde1806a reason=:unsigned
02:47:43.707 [error] local node self-trust was not added: node signing public-key artifact is absent — continuing with configured trusted identities
02:47:43.707 [warning] CommitStore: local write DENIED by trust gate (enforce) doc_uuid=81327da5-dbb2-489c-a515-a08321c26501 commit_id=43daa99819dcaee5d32f7a96a0037439557ba1c0ca27e42b246010d7adf00a2d reason=:unsigned
02:47:43.707 [error] local node self-trust was not added: node signing public-key artifact is absent — continuing with configured trusted identities
02:47:43.707 [warning] CommitStore: local write DENIED by trust gate (enforce) doc_uuid=3a64dcea-893b-4049-a971-3c95ed0340bd commit_id=450a8545a7957179d544151f60bd5ab2feaa1d4d7d98dbb6550a4abc34580a2b reason=:unsigned
02:47:43.708 [error] local node self-trust was not added: node signing public-key artifact is absent — continuing with configured trusted identities
02:47:43.708 [warning] CommitStore: local write DENIED by trust gate (enforce) doc_uuid=3dce812e-6117-408b-abc0-c662d78a9f4e commit_id=44e4ea8c58a2c3c1091b9e779ef01e9439c9f60d01c8788698f1df1e712c5ed0 reason=:unsigned
02:47:43.708 [error] local node self-trust was not added: node signing public-key artifact is absent — continuing with configured trusted identities
02:47:43.708 [warning] CommitStore: local write DENIED by trust gate (enforce) doc_uuid=464d5a2e-7b08-4465-bc41-1d0576007d29 commit_id=143072b7a01010db95c24ef7770e07716522f56c67045cacdf0be8bb7be3cd7c reason=:unsigned
02:47:43.708 [error] local node self-trust was not added: node signing public-key artifact is absent — continuing with configured trusted identities
02:47:43.708 [warning] CommitStore: local write DENIED by trust gate (enforce) doc_uuid=337007b1-33e5-43c9-85c4-ed60f1049496 commit_id=f88256f8c78bfeef4d240bb0150da9f170f60a13d12c4621e62a95ddc62085ab reason=:unsigned
02:47:43.709 [error] local node self-trust was not added: node signing public-key artifact is absent — continuing with configured trusted identities
02:47:43.709 [warning] CommitStore: local write DENIED by trust gate (enforce) doc_uuid=0ea8e2a2-88c4-4d49-b31e-1300a9ae5744 commit_id=5061426d0c41d4e517541dbf2dddf00c356c8326b95553c63742f6452418ba7a reason=:unsigned
02:47:43.709 [error] local node self-trust was not added: node signing public-key artifact is absent — continuing with configured trusted identities
02:47:43.709 [warning] CommitStore: local write DENIED by trust gate (enforce) doc_uuid=027f2e69-4d75-4996-a11a-f93cc435ae2b commit_id=e40952be59465634f08d75d0609e0ecd7c0eb51bf8629f856d2fcd8293550aa1 reason=:unsigned
02:47:43.709 [error] local node self-trust was not added: node signing public-key artifact is absent — continuing with configured trusted identities
02:47:43.709 [warning] CommitStore: local write DENIED by trust gate (enforce) doc_uuid=228d0f82-3999-449a-bf46-25e2eae64b00 commit_id=8b4567fc7f54cfc31768532e829f1764c0fdc1ade4f41c495b25f46aa0b4cab7 reason=:unsigned
02:47:43.710 [error] local node self-trust was not added: node signing public-key artifact is absent — continuing with configured trusted identities
02:47:43.710 [warning] CommitStore: local write DENIED by trust gate (enforce) doc_uuid=57cd7755-ec88-421c-b914-640cae50f94c commit_id=437247f5dc0cb3e6e32db4e3cebe8281a06b48a170b8246b706faa2bddc8d966 reason=:unsigned
02:47:43.710 [error] local node self-trust was not added: node signing public-key artifact is absent — continuing with configured trusted identities
02:47:43.710 [warning] CommitStore: local write DENIED by trust gate (enforce) doc_uuid=d826ff26-8d99-4d2a-82e4-bc4f791bcadf commit_id=842382903acb0cbfcdf266b4203856a3ab5bd54896e6214c42751738bd3c4e0b reason=:unsigned
02:47:43.711 [error] local node self-trust was not added: node signing public-key artifact is absent — continuing with configured trusted identities
02:47:43.711 [warning] CommitStore: local write DENIED by trust gate (enforce) doc_uuid=2fb88e21-0972-49e8-92fc-f6487fbfa518 commit_id=440a6060df01262fd831428d6fbbc4a824a9cc857df33daa508148a012468dcd reason=:unsigned
02:47:43.711 [error] local node self-trust was not added: node signing public-key artifact is absent — continuing with configured trusted identities
02:47:43.711 [warning] CommitStore: local write DENIED by trust gate (enforce) doc_uuid=04c1c740-1070-4ff5-bcd2-c8bc37a68df6 commit_id=7015498851fbd8beac47fb283b557d6a2b627bc9e7fe81b1eb71064b321a7f74 reason=:unsigned
02:47:43.713 [error] local node self-trust was not added: node signing public-key artifact is absent — continuing with configured trusted identities
02:47:43.713 [warning] CommitStore: local write DENIED by trust gate (enforce) doc_uuid=9c676891-7d94-4667-9cc8-0b83e2b5db86 commit_id=4f6cdc9eee64afec45c9bb828a01d0b44e77d8c86390e8c91404fecaf01063a5 reason=:unsigned
02:47:43.713 [error] local node self-trust was not added: node signing public-key artifact is absent — continuing with configured trusted identities
02:47:43.713 [warning] CommitStore: local write DENIED by trust gate (enforce) doc_uuid=383db521-1aa2-46c1-87f8-83f3440b1a64 commit_id=46d1ac10d5a8905ebe30748d443ed6b22248e4c543d8f4823f0c944b8cb589b6 reason=:unsigned
02:47:43.713 [error] local node self-trust was not added: node signing public-key artifact is absent — continuing with configured trusted identities
02:47:43.713 [warning] CommitStore: local write DENIED by trust gate (enforce) doc_uuid=ccfe064b-2dd7-4609-a70e-1f3541cdfd85 commit_id=fc659a624df96dd05f057ed361ccc1e9b36b663499faafbb6bfc4ee8b8652239 reason=:unsigned
02:47:43.714 [error] local node self-trust was not added: node signing public-key artifact is absent — continuing with configured trusted identities
02:47:43.714 [warning] CommitStore: local write DENIED by trust gate (enforce) doc_uuid=961253b8-11ca-4d58-b19e-b6eae349f91d commit_id=081b20f293cfa482a64eea16dd64261dc62ebe87e0528a4775c90b8698025198 reason=:unsigned
02:47:43.714 [error] local node self-trust was not added: node signing public-key artifact is absent — continuing with configured trusted identities
02:47:43.714 [warning] CommitStore: local write DENIED by trust gate (enforce) doc_uuid=7b93dadd-d5f6-4d51-8da7-9ba297a4950e commit_id=d26ce789e97595682bcb7ef0a58a0f534bd7a2db645ed9e3e0db0c82e1ba1dbd reason=:unsigned
02:47:43.714 [error] local node self-trust was not added: node signing public-key artifact is absent — continuing with configured trusted identities
02:47:43.714 [warning] CommitStore: local write DENIED by trust gate (enforce) doc_uuid=f4ee2343-a29a-493d-9f60-bce3aee9badf commit_id=306c176a60ea6e0d68a562bb93e6358a1be951e5ff1496d66b4e7267e8530882 reason=:unsigned
02:47:43.715 [error] local node self-trust was not added: node signing public-key artifact is absent — continuing with configured trusted identities
02:47:43.715 [warning] CommitStore: local write DENIED by trust gate (enforce) doc_uuid=b8906bcb-be09-4d54-a7c8-898aa28fddcd commit_id=fcf2617ee7d63c2969c2577357605ce84fe2c33a4d0a2236cdb76f4fd0be604c reason=:unsigned
02:47:43.715 [error] local node self-trust was not added: node signing public-key artifact is absent — continuing with configured trusted identities
02:47:43.715 [warning] CommitStore: local write DENIED by trust gate (enforce) doc_uuid=182d540b-617f-4a5f-b40e-1b80709b4cc2 commit_id=67f920b089f2ca97c5e1fcc21b0b1bee5cc96d752d5fc6416db65ec7a63ae55f reason=:unsigned
02:47:43.715 [error] local node self-trust was not added: node signing public-key artifact is absent — continuing with configured trusted identities
02:47:43.715 [warning] CommitStore: local write DENIED by trust gate (enforce) doc_uuid=4c5916b6-ded4-4b8f-a27d-22e2332c30cc commit_id=c8be7a16954081a2513be23a41af35a73ac225bbd1a056899ac8cdfdb420e505 reason=:unsigned
02:47:43.716 [error] local node self-trust was not added: node signing public-key artifact is absent — continuing with configured trusted identities
02:47:43.716 [warning] CommitStore: local write DENIED by trust gate (enforce) doc_uuid=7fd84002-79c0-4e85-a12b-4cdbe6faca70 commit_id=3aa49c9553377093a60dc43da07125744f653236099cc82a3bcebd70e56a0caf reason=:unsigned
02:47:43.716 [error] local node self-trust was not added: node signing public-key artifact is absent — continuing with configured trusted identities
02:47:43.716 [warning] CommitStore: local write DENIED by trust gate (enforce) doc_uuid=0891efa3-9945-47c0-a58d-894ed4d009ff commit_id=e4d0d8b4d51a54647256b8aa776f808c6b659d11105424191f4d1ea2d1908413 reason=:unsigned
02:47:43.716 [error] local node self-trust was not added: node signing public-key artifact is absent — continuing with configured trusted identities
02:47:43.716 [warning] CommitStore: local write DENIED by trust gate (enforce) doc_uuid=722bcd91-375a-4d43-8cf0-69c904393df7 commit_id=02b17047b2acb2756ca9e63396eba5041da55e871207d8d2c690270863a5ec02 reason=:unsigned
02:47:43.717 [error] local node self-trust was not added: node signing public-key artifact is absent — continuing with configured trusted identities
02:47:43.717 [warning] CommitStore: local write DENIED by trust gate (enforce) doc_uuid=d0bfcb6f-a9ac-49b9-a7ab-4e61e2d48b6d commit_id=6f7915804059ebb456ab2d515f22b0604506400f7e8e29b0643475ec0e73f745 reason=:unsigned
02:47:43.717 [error] local node self-trust was not added: node signing public-key artifact is absent — continuing with configured trusted identities
02:47:43.717 [warning] CommitStore: local write DENIED by trust gate (enforce) doc_uuid=f156853c-abd6-465a-ae09-d4a5efb32be0 commit_id=fbdf629cfa4d347bb5c67a32e169cabb824944a939dcf1352189a3e87706ad6f reason=:unsigned
02:47:43.718 [error] local node self-trust was not added: node signing public-key artifact is absent — continuing with configured trusted identities
02:47:43.718 [warning] CommitStore: local write DENIED by trust gate (enforce) doc_uuid=630e462f-00ae-48f1-934f-a71d54128381 commit_id=d96726533e2c87ff2f841f59a50e109c05e0130915f6f0e714cc2fff996cc57e reason=:unsigned
02:47:43.718 [error] local node self-trust was not added: node signing public-key artifact is absent — continuing with configured trusted identities
02:47:43.718 [warning] CommitStore: local write DENIED by trust gate (enforce) doc_uuid=64d43ad0-e836-4119-acce-b38b46efaa6b commit_id=2eff67f48220069b7f82af757d6cdfccae913eb6a29b05c200d5819183aeef05 reason=:unsigned
02:47:43.718 [error] local node self-trust was not added: node signing public-key artifact is absent — continuing with configured trusted identities
02:47:43.718 [warning] CommitStore: local write DENIED by trust gate (enforce) doc_uuid=4d9d76e3-89d8-482d-a5a4-c24031a50f75 commit_id=d9ae75774e36e816f09e4a9af7e905efffcad7aaf0646119c1979bd17f71ecd8 reason=:unsigned
02:47:43.719 [error] local node self-trust was not added: node signing public-key artifact is absent — continuing with configured trusted identities
02:47:43.719 [warning] CommitStore: local write DENIED by trust gate (enforce) doc_uuid=7a2a1a36-ae5a-4c42-8ecd-c1dd3dc85474 commit_id=e31cc2ea9a3df6378b4fa0d5a91d220043a278c51171a87daf30166fd6cf34c1 reason=:unsigned
02:47:43.719 [error] local node self-trust was not added: node signing public-key artifact is absent — continuing with configured trusted identities
02:47:43.719 [warning] CommitStore: local write DENIED by trust gate (enforce) doc_uuid=c01fa029-85bb-471d-81fd-c1a6d42fb638 commit_id=e4e533035eec048524e943516bda315d002d3769279a614fc97ae627b8bf0e7f reason=:unsigned
02:47:43.719 [error] local node self-trust was not added: node signing public-key artifact is absent — continuing with configured trusted identities
02:47:43.719 [warning] CommitStore: local write DENIED by trust gate (enforce) doc_uuid=9237ea6b-8c6c-48d6-a404-6f7d98754416 commit_id=818a28eb57f6ae929f7ba208ff0fbc8a3114abb5cfda8ab146f31803e304be83 reason=:unsigned
02:47:43.720 [error] local node self-trust was not added: node signing public-key artifact is absent — continuing with configured trusted identities
02:47:43.720 [warning] CommitStore: local write DENIED by trust gate (enforce) doc_uuid=9da207bb-91fc-4d09-a34c-3227defae6aa commit_id=4ca64c65ba2036919266718686b07eda992ba21c4acb69a6d8ad1ddd34462c6e reason=:unsigned
02:47:43.720 [error] local node self-trust was not added: node signing public-key artifact is absent — continuing with configured trusted identities
02:47:43.720 [warning] CommitStore: local write DENIED by trust gate (enforce) doc_uuid=5a4b4e74-47ff-47ff-856f-ba1bbf5c31fa commit_id=18444b9d8c6a29444e2751b7adc88f5987704db60705a2a9e35d2de72d5f2f21 reason=:unsigned
02:47:43.720 [error] local node self-trust was not added: node signing public-key artifact is absent — continuing with configured trusted identities
02:47:43.720 [warning] CommitStore: local write DENIED by trust gate (enforce) doc_uuid=875dc0c5-72a7-410d-a393-d65b6c99cb8c commit_id=b66dc7c18e0f2a42812cb3dc0ced5798db5e2114eb4517178c4a8a1280627fdf reason=:unsigned
02:47:43.721 [error] local node self-trust was not added: node signing public-key artifact is absent — continuing with configured trusted identities
02:47:43.721 [warning] CommitStore: local write DENIED by trust gate (enforce) doc_uuid=470fe4d8-8c81-4f8b-bcc3-1544e757ec42 commit_id=f10ae8457bf2032fb010092fe3bed48c80fafdbe217f62b318ed7e249193ecd0 reason=:unsigned
02:47:43.721 [error] local node self-trust was not added: node signing public-key artifact is absent — continuing with configured trusted identities
02:47:43.721 [warning] CommitStore: local write DENIED by trust gate (enforce) doc_uuid=312f00ca-af81-488c-91f6-460d18906611 commit_id=c64f2103d523b8e7442adc62824a89467125f31a1b01b4a2a61ed4ee8cebf040 reason=:unsigned
02:47:43.722 [error] local node self-trust was not added: node signing public-key artifact is absent — continuing with configured trusted identities
02:47:43.722 [warning] CommitStore: local write DENIED by trust gate (enforce) doc_uuid=ab553435-acb3-4d6a-8505-55849bba8906 commit_id=0743742fcd1645969a409d067a6241884fa00b5a9902b56c7d367083d0177e46 reason=:unsigned
02:47:43.722 [error] local node self-trust was not added: node signing public-key artifact is absent — continuing with configured trusted identities
02:47:43.722 [warning] CommitStore: local write DENIED by trust gate (enforce) doc_uuid=fe5e8fbd-77f4-4b8b-80df-12f16eca5e3b commit_id=bf1ec111fb4ab19053bb5e568f060e92ba3d51eebe8ab9015dedaa1692578ced reason=:unsigned
02:47:43.723 [error] local node self-trust was not added: node signing public-key artifact is absent — continuing with configured trusted identities
02:47:43.723 [warning] CommitStore: local write DENIED by trust gate (enforce) doc_uuid=d05a3e57-5be0-4660-8176-9ed0a6cc33a2 commit_id=5fd8442b669f9d2968e92b50b2e946b7113413fe21a82e29a1b0befa8e93c704 reason=:unsigned
02:47:43.723 [error] local node self-trust was not added: node signing public-key artifact is absent — continuing with configured trusted identities
02:47:43.723 [warning] CommitStore: local write DENIED by trust gate (enforce) doc_uuid=13b919ce-24f3-4542-af3b-d5ee215e1b9c commit_id=59e9e1d25dedd7458fe5f4be1123ecf249df335641646ad2ceb7cf96bd9e9469 reason=:unsigned
02:47:43.723 [error] local node self-trust was not added: node signing public-key artifact is absent — continuing with configured trusted identities
02:47:43.724 [warning] CommitStore: local write DENIED by trust gate (enforce) doc_uuid=2a9a3312-e16f-4790-ad07-8d9054d2d0b4 commit_id=e68ef68a6ddea2b55bd575d8df15693c41e0803b806d823b2341ca0527af6139 reason=:unsigned
02:47:43.724 [error] local node self-trust was not added: node signing public-key artifact is absent — continuing with configured trusted identities
02:47:43.724 [warning] CommitStore: local write DENIED by trust gate (enforce) doc_uuid=32a84280-05e6-43ba-be8f-401fbbb82cf9 commit_id=11398632103962ea2974d211436c36780edec13d6e239d7caf3179ad4489d6f7 reason=:unsigned
02:47:43.724 [error] local node self-trust was not added: node signing public-key artifact is absent — continuing with configured trusted identities
02:47:43.724 [warning] CommitStore: local write DENIED by trust gate (enforce) doc_uuid=01a43e8e-174d-448c-93be-92c32b00569d commit_id=a57571789149d27b275f20de7a42d915f920910559508b4f3dc4e51bff227e11 reason=:unsigned
02:47:43.725 [error] local node self-trust was not added: node signing public-key artifact is absent — continuing with configured trusted identities
02:47:43.725 [warning] CommitStore: local write DENIED by trust gate (enforce) doc_uuid=c5985773-d3ae-4787-9449-9449c0e073f6 commit_id=bbf444fc9c46d5fa9e4ff0bdfb2f2ddcbe9cb10f9e3a1c31dcd19b0229199bd5 reason=:unsigned
02:47:43.725 [error] local node self-trust was not added: node signing public-key artifact is absent — continuing with configured trusted identities
02:47:43.725 [warning] CommitStore: local write DENIED by trust gate (enforce) doc_uuid=24fcba7f-92d9-4ed2-bc03-00d0fca8105d commit_id=012323dce8063b8bba7a5b1b959a097c1d567fb920e2e7ef4f0c5bbae0a74743 reason=:unsigned
02:47:43.725 [error] local node self-trust was not added: node signing public-key artifact is absent — continuing with configured trusted identities
02:47:43.725 [warning] CommitStore: local write DENIED by trust gate (enforce) doc_uuid=76e93c7a-fa56-462c-a830-2aa6f2e7976c commit_id=06bae4116a12b8da40844434818b70631582713b0094e6ea3d4f5c0f3f9adab0 reason=:unsigned
02:47:43.726 [error] local node self-trust was not added: node signing public-key artifact is absent — continuing with configured trusted identities
02:47:43.726 [warning] CommitStore: local write DENIED by trust gate (enforce) doc_uuid=0eee0cd6-5622-4bfa-864c-0f23c72c6a26 commit_id=54c3cc0e51c9d6485f268140571200ab2363bd292062e7991a551c65a4b7bb57 reason=:unsigned
02:47:43.726 [error] local node self-trust was not added: node signing public-key artifact is absent — continuing with configured trusted identities
02:47:43.726 [warning] CommitStore: local write DENIED by trust gate (enforce) doc_uuid=5cef1cea-24ae-480c-9d81-4737cf5f692a commit_id=806a5d859347f129837a670daad2d31c16b6f129d62f8f3081501f2fc8c9b41f reason=:unsigned
02:47:43.726 [error] local node self-trust was not added: node signing public-key artifact is absent — continuing with configured trusted identities
02:47:43.726 [warning] CommitStore: local write DENIED by trust gate (enforce) doc_uuid=a1310329-578c-4ca6-9d19-b679d3d76773 commit_id=b5a0c529ece0e2f71c51da40c7a01b6a980773d0c4301a8dd92626795c7307d1 reason=:unsigned
02:47:43.727 [error] local node self-trust was not added: node signing public-key artifact is absent — continuing with configured trusted identities
02:47:43.727 [warning] CommitStore: local write DENIED by trust gate (enforce) doc_uuid=7de21d1d-ba70-4921-9514-195218441bbc commit_id=a629e890b0031f984d21c38b701f81f0593fe20b33812fb5e41e8521e17fed4f reason=:unsigned
02:47:43.727 [error] local node self-trust was not added: node signing public-key artifact is absent — continuing with configured trusted identities
02:47:43.727 [warning] CommitStore: local write DENIED by trust gate (enforce) doc_uuid=d5378e7b-bd08-4770-a19a-3cc5217dca16 commit_id=04858b74a36aa84e767f9de56c8237156c613f01071b384138a0d031fd11cbfb reason=:unsigned
02:47:43.727 [error] local node self-trust was not added: node signing public-key artifact is absent — continuing with configured trusted identities
02:47:43.728 [warning] CommitStore: local write DENIED by trust gate (enforce) doc_uuid=1f824480-12e9-4518-84b6-20d4c23d46aa commit_id=bf66de388c3d26f98a27f1cf89fc1b0f6f69737aa09ae1074e205a199adbf9fc reason=:unsigned
02:47:43.728 [error] local node self-trust was not added: node signing public-key artifact is absent — continuing with configured trusted identities
02:47:43.728 [warning] CommitStore: local write DENIED by trust gate (enforce) doc_uuid=e37552f1-94c9-4049-af1b-91f365d1c37e commit_id=8c73409f3556985d9fe41b105fd2a5cf08769a1402cda9f7dd599a66ff51dfea reason=:unsigned
02:47:43.728 [error] local node self-trust was not added: node signing public-key artifact is absent — continuing with configured trusted identities
02:47:43.728 [warning] CommitStore: local write DENIED by trust gate (enforce) doc_uuid=670e1194-a773-4943-8f18-7e1c0441f28e commit_id=59bb27202f7955b205337b8c60e0b90ecea909e8ec80e9b021cdc857b7ce9b6d reason=:unsigned
02:47:43.728 [error] local node self-trust was not added: node signing public-key artifact is absent — continuing with configured trusted identities
02:47:43.728 [warning] CommitStore: local write DENIED by trust gate (enforce) doc_uuid=905f0ea1-9a0a-494f-b74a-4d095623fd33 commit_id=384f75bbf98f2eb8c17ceffcabb5b8a943d7b059cbf120eaf0a59c4a150bcb1f reason=:unsigned
02:47:43.729 [error] local node self-trust was not added: node signing public-key artifact is absent — continuing with configured trusted identities
02:47:43.729 [warning] CommitStore: local write DENIED by trust gate (enforce) doc_uuid=3471f076-e8e9-4432-bfa6-0aa9b3476da5 commit_id=94f576020fe321fb147a48e9b2f47b425bd178fde19b84c7de9bb065b453a913 reason=:unsigned
02:47:43.729 [error] local node self-trust was not added: node signing public-key artifact is absent — continuing with configured trusted identities
02:47:43.729 [warning] CommitStore: local write DENIED by trust gate (enforce) doc_uuid=f6836d7c-886b-4e89-b029-ca3dcb70cd30 commit_id=fca95fa4932e5a997ccf21af20fd00f78670730fa5a86f7ced91d4e31aef4115 reason=:unsigned
02:47:43.729 [error] local node self-trust was not added: node signing public-key artifact is absent — continuing with configured trusted identities
02:47:43.729 [warning] CommitStore: local write DENIED by trust gate (enforce) doc_uuid=488fe03d-5d27-49e1-827f-26fa83789239 commit_id=7b5f5dc38ec7e33311b70929cf9f6d870fb290c1562ba712e09315944f0df7b2 reason=:unsigned
02:47:43.730 [error] local node self-trust was not added: node signing public-key artifact is absent — continuing with configured trusted identities
02:47:43.730 [warning] CommitStore: local write DENIED by trust gate (enforce) doc_uuid=c4d13faf-c3a5-41c4-8be1-499b6a8d74d1 commit_id=8369e0b7aba6979089fc6bb0db8b8d79dc90e677caad6f56751b5a3473b62e35 reason=:unsigned
02:47:43.730 [error] local node self-trust was not added: node signing public-key artifact is absent — continuing with configured trusted identities
02:47:43.730 [warning] CommitStore: local write DENIED by trust gate (enforce) doc_uuid=1f852ce7-dfc4-49d3-b3de-f4a7f59daf0c commit_id=da55e504d3bd5340a7efc88a2f1b0a9d281a55c0a7f3852f215596fef9b95353 reason=:unsigned
02:47:43.730 [error] local node self-trust was not added: node signing public-key artifact is absent — continuing with configured trusted identities
02:47:43.730 [warning] CommitStore: local write DENIED by trust gate (enforce) doc_uuid=68be0421-bc29-4bd1-9011-745d01691004 commit_id=6e4b4a107a5a82c1738d6c2c4bb4ed15a506bc290afb8836430ca0973e63f0cf reason=:unsigned
02:47:43.730 [error] local node self-trust was not added: node signing public-key artifact is absent — continuing with configured trusted identities
02:47:43.731 [warning] CommitStore: local write DENIED by trust gate (enforce) doc_uuid=7a7df366-910e-4184-b00d-bfff05f428e8 commit_id=84ef7e958b2064a35cf037da2f0bc06f6f0c24bc4be85b69753ff523f0bffce6 reason=:unsigned
02:47:43.731 [error] local node self-trust was not added: node signing public-key artifact is absent — continuing with configured trusted identities
02:47:43.731 [warning] CommitStore: local write DENIED by trust gate (enforce) doc_uuid=255ff87d-e7c0-448f-8556-8b9f6ec17807 commit_id=cd9dfd80a762f430b74ff312c0f2fa6d007de682c35f6e990f2752c9c48df1b5 reason=:unsigned
02:47:43.731 [error] local node self-trust was not added: node signing public-key artifact is absent — continuing with configured trusted identities
02:47:43.731 [warning] CommitStore: local write DENIED by trust gate (enforce) doc_uuid=9ab88f4a-5c90-4acd-a6a3-e86413e0a595 commit_id=bceedac64f0068162c4214fbf4549d8d6b70ee3f4809bf96b2bfe9e3ef8b302e reason=:unsigned
02:47:43.732 [error] local node self-trust was not added: node signing public-key artifact is absent — continuing with configured trusted identities
02:47:43.732 [warning] CommitStore: local write DENIED by trust gate (enforce) doc_uuid=0581a724-a4ed-4d0b-ab13-e4d1efb79de3 commit_id=7849f53bb34a098517904a4c92cca0c8c74cf595c80c737c4a5c42c6da764d5f reason=:unsigned
02:47:43.732 [error] local node self-trust was not added: node signing public-key artifact is absent — continuing with configured trusted identities
02:47:43.732 [warning] CommitStore: local write DENIED by trust gate (enforce) doc_uuid=c408cee5-c370-4ff0-bcbb-aabfe3e5e1d9 commit_id=cdfa2c3a6183e23d92c858018f66423d12abb1d2e289af4fd45aa72425ab905e reason=:unsigned
02:47:43.732 [error] local node self-trust was not added: node signing public-key artifact is absent — continuing with configured trusted identities
02:47:43.732 [warning] CommitStore: local write DENIED by trust gate (enforce) doc_uuid=765e4b0d-06ea-405f-855f-6ecb37057482 commit_id=6bceb39ffd44090edafcc32a4bacf7752f0018953e85a5917499afabb5388bec reason=:unsigned
02:47:43.733 [error] local node self-trust was not added: node signing public-key artifact is absent — continuing with configured trusted identities
02:47:43.733 [warning] CommitStore: local write DENIED by trust gate (enforce) doc_uuid=82142daa-763f-4637-a631-e99c13ef0c72 commit_id=5b5bd13d8f1563169395e6b2bb15328c478f1b35c0d521b8e9b151b8b40b30ad reason=:unsigned
02:47:43.733 [error] local node self-trust was not added: node signing public-key artifact is absent — continuing with configured trusted identities
02:47:43.733 [warning] CommitStore: local write DENIED by trust gate (enforce) doc_uuid=9df235e7-18db-47c4-bec7-1bc48186ec39 commit_id=db81e7bc83c3e7813f87d5aae3b77cb7761b90d74718ba5e92fe5a724f6c46a2 reason=:unsigned
02:47:43.733 [error] local node self-trust was not added: node signing public-key artifact is absent — continuing with configured trusted identities
02:47:43.733 [warning] CommitStore: local write DENIED by trust gate (enforce) doc_uuid=909195ce-d594-4d6c-8557-131f910d6f1a commit_id=1c482be8c38628cd7eef5045f25c11da003bd8ae26726e6e43c326ddd5337f8e reason=:unsigned
02:47:43.734 [error] local node self-trust was not added: node signing public-key artifact is absent — continuing with configured trusted identities
02:47:43.734 [warning] CommitStore: local write DENIED by trust gate (enforce) doc_uuid=c5ca8467-2b5b-431c-aae8-fa13d57567ec commit_id=c4d53655201c17b4cd792ba6b52f1fc871ef4ce4e2b2bf5153d02f7a2869c576 reason=:unsigned
02:47:43.734 [error] local node self-trust was not added: node signing public-key artifact is absent — continuing with configured trusted identities
02:47:43.734 [warning] CommitStore: local write DENIED by trust gate (enforce) doc_uuid=843bf90a-15cc-40d3-9273-dc7c0e1cbfa4 commit_id=e5da4b8cefbf91eab8774b3fc8986afc6bf2bc9cf7ac1b0566f2a192ce020626 reason=:unsigned
02:47:43.734 [error] local node self-trust was not added: node signing public-key artifact is absent — continuing with configured trusted identities
02:47:43.734 [warning] CommitStore: local write DENIED by trust gate (enforce) doc_uuid=ec1f4fb4-44d3-40fd-9de2-f8e220f89cc6 commit_id=09e703277d6b01e780b59cbea35bc6b0fce170295d261c7c606d3fafa586d221 reason=:unsigned
02:47:43.735 [error] local node self-trust was not added: node signing public-key artifact is absent — continuing with configured trusted identities
02:47:43.735 [warning] CommitStore: local write DENIED by trust gate (enforce) doc_uuid=be2e01fc-8c82-49ef-9c43-83f38d87481f commit_id=6c7fe0209086801c93e33ffd313f55c71914a2ffb7caa5e3d081614772526490 reason=:unsigned
02:47:43.735 [error] local node self-trust was not added: node signing public-key artifact is absent — continuing with configured trusted identities
02:47:43.735 [warning] CommitStore: local write DENIED by trust gate (enforce) doc_uuid=30da1a53-f4b8-45ad-95de-a8ea0bdd586c commit_id=27ddb948e2917d03ed9a0cf19ea402cbd659d38cdd41de25b2331e6bdafe3ae5 reason=:unsigned
02:47:43.735 [error] local node self-trust was not added: node signing public-key artifact is absent — continuing with configured trusted identities
02:47:43.735 [warning] CommitStore: local write DENIED by trust gate (enforce) doc_uuid=8290de7a-689d-4c40-8616-2f7199af9194 commit_id=6f8c51203ce00363781c11074994111e4c0a346616f1d13a80d3f5655cf84cc0 reason=:unsigned
02:47:43.736 [error] local node self-trust was not added: node signing public-key artifact is absent — continuing with configured trusted identities
02:47:43.736 [warning] CommitStore: local write DENIED by trust gate (enforce) doc_uuid=ac19f23b-35e5-4729-aedf-626d3dda1c63 commit_id=52f9e36b2813fd3e42ad63ac7c218098f6ae7811d82dcf913e07c98c6e2f6195 reason=:unsigned
02:47:43.736 [error] local node self-trust was not added: node signing public-key artifact is absent — continuing with configured trusted identities
02:47:43.736 [warning] CommitStore: local write DENIED by trust gate (enforce) doc_uuid=61bcc154-74b3-4532-90d6-03c833942a25 commit_id=69d76285f5e4ef4e68874b4e0156c72aac537bb63bc477418b8b801762971717 reason=:unsigned
02:47:43.736 [error] local node self-trust was not added: node signing public-key artifact is absent — continuing with configured trusted identities
02:47:43.736 [warning] CommitStore: local write DENIED by trust gate (enforce) doc_uuid=7289da63-bedf-46b7-861e-6fee1caafee5 commit_id=8fff5da2f0b987cc5d4001f1f7f4d80bc9ab06cfedc23448f63135f3e3618065 reason=:unsigned
02:47:43.736 [error] local node self-trust was not added: node signing public-key artifact is absent — continuing with configured trusted identities
02:47:43.737 [warning] CommitStore: local write DENIED by trust gate (enforce) doc_uuid=fd809b6f-c2ec-47cf-b323-7703433257ec commit_id=5786d9ace811722ce161c6af30c09d0947b953c2205dd7b702e2f7defc89bf4e reason=:unsigned
02:47:43.737 [error] local node self-trust was not added: node signing public-key artifact is absent — continuing with configured trusted identities
02:47:43.737 [warning] CommitStore: local write DENIED by trust gate (enforce) doc_uuid=0c0abc04-0ce4-4788-bfd9-fb42305274f8 commit_id=b06537943caae70e1795ee7c0fcfa69da5dea46faeef7070c6087a756b7168e7 reason=:unsigned
02:47:43.737 [error] local node self-trust was not added: node signing public-key artifact is absent — continuing with configured trusted identities
02:47:43.737 [warning] CommitStore: local write DENIED by trust gate (enforce) doc_uuid=2aeb3357-6276-4c8e-867e-af270ffbbf5b commit_id=7e8c163dbc53ba9fe97604ae4629e9e623c7e29d10eade176c63e5f455a45c75 reason=:unsigned
02:47:43.737 [error] local node self-trust was not added: node signing public-key artifact is absent — continuing with configured trusted identities
02:47:43.738 [warning] CommitStore: local write DENIED by trust gate (enforce) doc_uuid=34029ca2-75bf-4ca6-904b-2c418a7af516 commit_id=fcde23fea42492541cd354bfa4d4665f4461d5ba51d99c7f0958690d9ce256cd reason=:unsigned
02:47:43.738 [error] local node self-trust was not added: node signing public-key artifact is absent — continuing with configured trusted identities
02:47:43.738 [warning] CommitStore: local write DENIED by trust gate (enforce) doc_uuid=dfed7aa3-9141-44c8-8ca8-28815b479b5a commit_id=d16a0c324855f77316800c9115bed952e7aa9b4fdcb995867effd226a6b799c0 reason=:unsigned
02:47:43.738 [error] local node self-trust was not added: node signing public-key artifact is absent — continuing with configured trusted identities
02:47:43.738 [warning] CommitStore: local write DENIED by trust gate (enforce) doc_uuid=7c08955a-b52a-4eff-922a-63daec14c36e commit_id=76e149cff98a523510795c88e30f7122d7a25b3ac6f70ffe56a39aa6302cd8c1 reason=:unsigned
02:47:43.738 [error] local node self-trust was not added: node signing public-key artifact is absent — continuing with configured trusted identities
02:47:43.738 [warning] CommitStore: local write DENIED by trust gate (enforce) doc_uuid=925a6a4d-a4c8-4639-bd6a-2c09f42b204b commit_id=78053d49c977a1d82b0f20335c68a2c3d5c94dcf47784ebfc3b3f4d1ca80839a reason=:unsigned
02:47:43.739 [error] local node self-trust was not added: node signing public-key artifact is absent — continuing with configured trusted identities
02:47:43.739 [warning] CommitStore: local write DENIED by trust gate (enforce) doc_uuid=b680ada5-7a3b-48ba-8081-46dd9f3a3bd9 commit_id=a68b041361139fc6fb9da7c7eba20b71b3805a4e87623a1ccea219a7d72a27a3 reason=:unsigned
02:47:43.739 [error] local node self-trust was not added: node signing public-key artifact is absent — continuing with configured trusted identities
02:47:43.739 [warning] CommitStore: local write DENIED by trust gate (enforce) doc_uuid=e98dc19a-7076-46ad-b345-73d2b4077020 commit_id=bfa401fae885c8aca8734314d0e02a3ffa2be6cecaabe0c8aa232d3d5365bc63 reason=:unsigned
02:47:43.739 [error] local node self-trust was not added: node signing public-key artifact is absent — continuing with configured trusted identities
02:47:43.739 [warning] CommitStore: local write DENIED by trust gate (enforce) doc_uuid=f1a7cb59-35a7-4c6b-b72d-0002cdaec9c8 commit_id=079f434eb050557f08c16d1d3faaa36583ff3b2435693936865bde8864c8d9a8 reason=:unsigned
02:47:43.740 [error] local node self-trust was not added: node signing public-key artifact is absent — continuing with configured trusted identities
02:47:43.740 [warning] CommitStore: local write DENIED by trust gate (enforce) doc_uuid=b12cd784-7c3e-4bd7-94df-aaef47d74dd5 commit_id=2dbbe8586333f2f8eecf1cc1d1b659be77e6c6c2ef1f5de3f0dedf930bbecd9d reason=:unsigned
02:47:43.740 [error] local node self-trust was not added: node signing public-key artifact is absent — continuing with configured trusted identities
02:47:43.740 [warning] CommitStore: local write DENIED by trust gate (enforce) doc_uuid=e6e17d19-6398-4081-9162-a8a90f4ebcf5 commit_id=81854bc69f16a59a12b442704dabf90c571052e885f274dab0577c4b5a662db1 reason=:unsigned
02:47:43.740 [error] local node self-trust was not added: node signing public-key artifact is absent — continuing with configured trusted identities
02:47:43.740 [warning] CommitStore: local write DENIED by trust gate (enforce) doc_uuid=a5b020a8-3bb9-468a-b8a5-a250c7a9ef2a commit_id=dfe18d85129732a9ef3460a193c4a19ab03ed9022948d7a65f03dd91aff3f9f1 reason=:unsigned
02:47:43.741 [error] local node self-trust was not added: node signing public-key artifact is absent — continuing with configured trusted identities
02:47:43.741 [warning] CommitStore: local write DENIED by trust gate (enforce) doc_uuid=b70788b3-2b21-4fcd-a644-a9a649bf71b4 commit_id=c97c5ee7ecaeced6cd74df9d3253b1ae80e5964fb74efc67c36599c5624051a7 reason=:unsigned
02:47:43.741 [error] local node self-trust was not added: node signing public-key artifact is absent — continuing with configured trusted identities
02:47:43.741 [warning] CommitStore: local write DENIED by trust gate (enforce) doc_uuid=6b20584f-92a3-47bc-8df2-7a10c54ebe05 commit_id=48352a2e763ff06bea590c9f369820ffaf44407b2bc422171d0d44633c4b8abd reason=:unsigned
02:47:43.741 [error] local node self-trust was not added: node signing public-key artifact is absent — continuing with configured trusted identities
02:47:43.742 [warning] CommitStore: local write DENIED by trust gate (enforce) doc_uuid=f562e321-66d3-4e84-9f52-9c6ffe45815e commit_id=6c33ef0e30135e938026911814a7f529f98f3e44bc7caca890eea0b75b4cb901 reason=:unsigned
02:47:43.742 [error] local node self-trust was not added: node signing public-key artifact is absent — continuing with configured trusted identities
02:47:43.742 [warning] CommitStore: local write DENIED by trust gate (enforce) doc_uuid=560a36ee-758f-4513-b9e5-927aa43f1efd commit_id=8ce0e04820a064c75f5125a465c0c6ee772695b3ba9c9491454e1ccf945e9078 reason=:unsigned
02:47:43.742 [error] local node self-trust was not added: node signing public-key artifact is absent — continuing with configured trusted identities
02:47:43.742 [warning] CommitStore: local write DENIED by trust gate (enforce) doc_uuid=e0438cdf-8434-401b-b675-95c938cc3aa1 commit_id=c980b96cf29e7795d40ac2d09fd96701585b9380a226e9d7d55fd838ce7fb8e4 reason=:unsigned
02:47:43.742 [error] local node self-trust was not added: node signing public-key artifact is absent — continuing with configured trusted identities
02:47:43.742 [warning] CommitStore: local write DENIED by trust gate (enforce) doc_uuid=9471d219-7554-4daf-bb07-df0b92433287 commit_id=1785a29f99486307f47251be87ba1d4b6208985e042795af8d60f05ee5751512 reason=:unsigned
02:47:43.743 [error] local node self-trust was not added: node signing public-key artifact is absent — continuing with configured trusted identities
02:47:43.743 [warning] CommitStore: local write DENIED by trust gate (enforce) doc_uuid=51041748-a054-479f-a8d8-db943566adbc commit_id=d060b12a3b2c416ac35253dab19a7ed92a95aff2e2ec564463ece137fd58e2f3 reason=:unsigned
02:47:43.743 [error] local node self-trust was not added: node signing public-key artifact is absent — continuing with configured trusted identities
02:47:43.743 [warning] CommitStore: local write DENIED by trust gate (enforce) doc_uuid=4b40e31e-6bb9-488d-8ba2-e53eb39e819b commit_id=65b3b76475f7470c231258def4df373f190369505c66f98a18632254efdb677d reason=:unsigned
02:47:43.743 [error] local node self-trust was not added: node signing public-key artifact is absent — continuing with configured trusted identities
02:47:43.743 [warning] CommitStore: local write DENIED by trust gate (enforce) doc_uuid=f60d4237-09b0-4a83-b29b-3b32c88bd446 commit_id=7bd8dea893f3877dd57401ed013e8c7b9c79a0117c7ee1794f901251dea6a751 reason=:unsigned
02:47:43.744 [error] local node self-trust was not added: node signing public-key artifact is absent — continuing with configured trusted identities
02:47:43.744 [warning] CommitStore: local write DENIED by trust gate (enforce) doc_uuid=117971ea-b0eb-406e-b85f-e38bfeb6735c commit_id=33c7b1a570d89cec6ee54a67565b69019fffa1a9a3e279948c61da4977b18cd5 reason=:unsigned
02:47:43.744 [error] local node self-trust was not added: node signing public-key artifact is absent — continuing with configured trusted identities
02:47:43.744 [warning] CommitStore: local write DENIED by trust gate (enforce) doc_uuid=684ed5e0-77d5-43fa-8da2-12cb8ff99544 commit_id=10955ddf75ccdaf319a0554674de94bc5b8708b2ac178097777ab69fd973415b reason=:unsigned
02:47:43.744 [error] local node self-trust was not added: node signing public-key artifact is absent — continuing with configured trusted identities
02:47:43.744 [warning] CommitStore: local write DENIED by trust gate (enforce) doc_uuid=d6b05c30-ce56-4655-9c9b-b01f4c04d923 commit_id=814732a0708ef5b59c01d475ac19722bde425c782b369eae8161c45be6460a5a reason=:unsigned
02:47:43.745 [error] local node self-trust was not added: node signing public-key artifact is absent — continuing with configured trusted identities
02:47:43.745 [warning] CommitStore: local write DENIED by trust gate (enforce) doc_uuid=0572690d-e714-43a0-b5f4-669e81152eef commit_id=6b65137dbd73bd6bc5a8feacbc42f6a739693bd42bd03f730eafd0daadfe49be reason=:unsigned
02:47:43.745 [error] local node self-trust was not added: node signing public-key artifact is absent — continuing with configured trusted identities
02:47:43.745 [warning] CommitStore: local write DENIED by trust gate (enforce) doc_uuid=4e194a08-2734-41e0-8cf0-ebd35a2f410e commit_id=d2d3c637c9e89a3dfa9add0e544fcf6d96d511ff91aac99bdb0b7dc8b221f85c reason=:unsigned
02:47:43.745 [error] local node self-trust was not added: node signing public-key artifact is absent — continuing with configured trusted identities
02:47:43.745 [warning] CommitStore: local write DENIED by trust gate (enforce) doc_uuid=d32f929b-da1d-4c72-9854-757ded2a1ad5 commit_id=18ebdd93f3aa55b46f518bad96d649d7386b9374948a6cee15da8813ae076aa6 reason=:unsigned
02:47:43.745 [error] local node self-trust was not added: node signing public-key artifact is absent — continuing with configured trusted identities
02:47:43.746 [warning] CommitStore: local write DENIED by trust gate (enforce) doc_uuid=34e758d3-bab7-494f-b2e3-afb8d1c633ee commit_id=63c810db7d17e5c25a1ae6ed4a33a4a841cf8e70ad96dbaba59149a8c04496b2 reason=:unsigned
02:47:43.746 [error] local node self-trust was not added: node signing public-key artifact is absent — continuing with configured trusted identities
02:47:43.746 [warning] CommitStore: local write DENIED by trust gate (enforce) doc_uuid=c023c755-90ea-4216-b304-cf2c019e0364 commit_id=6e2431a61c551898bfd5efabaa8a329220528eb7e77d347619f5d53ce0b86baf reason=:unsigned
02:47:43.746 [error] local node self-trust was not added: node signing public-key artifact is absent — continuing with configured trusted identities
02:47:43.746 [warning] CommitStore: local write DENIED by trust gate (enforce) doc_uuid=129df1c4-8379-4357-a3e5-7e5165259df7 commit_id=f29ca1abd0751f3a204b315d5451f2c9850bacaa134839cfe07ed342f3680314 reason=:unsigned
02:47:43.746 [error] local node self-trust was not added: node signing public-key artifact is absent — continuing with configured trusted identities
02:47:43.746 [warning] CommitStore: local write DENIED by trust gate (enforce) doc_uuid=a5146fb7-d13e-43d4-a3fc-aac31ff44cb7 commit_id=18a42768e4bc60b026d2ac7e028a62a15259669bd77966f2dfb23a7b512067ac reason=:unsigned
02:47:43.747 [error] local node self-trust was not added: node signing public-key artifact is absent — continuing with configured trusted identities
02:47:43.747 [warning] CommitStore: local write DENIED by trust gate (enforce) doc_uuid=8a82e352-0e5e-4460-9847-dc21ccb48b18 commit_id=f83256f9201361832ff0682482a6abbe219976f2fef999bc985ab483f8c4bf66 reason=:unsigned
02:47:43.747 [error] local node self-trust was not added: node signing public-key artifact is absent — continuing with configured trusted identities
02:47:43.747 [warning] CommitStore: local write DENIED by trust gate (enforce) doc_uuid=ff020fec-d714-4648-92f5-a35ce91ec115 commit_id=cca04ff93a29f337f73d5acfef300dacd78f35c45f8df16f2bb8cc963e030ba7 reason=:unsigned
02:47:43.747 [error] local node self-trust was not added: node signing public-key artifact is absent — continuing with configured trusted identities
02:47:43.747 [warning] CommitStore: local write DENIED by trust gate (enforce) doc_uuid=4020e09a-28ec-4eee-869b-e32e12e3051d commit_id=2530d3e344f42087b321fb9a0ff7b4885476b82bfcd2cd604ba4b8cb49541b4e reason=:unsigned
02:47:43.748 [error] local node self-trust was not added: node signing public-key artifact is absent — continuing with configured trusted identities
02:47:43.748 [warning] CommitStore: local write DENIED by trust gate (enforce) doc_uuid=3b62803c-a2f9-40c2-8f5e-e6961f81a145 commit_id=ec9fb7b32d72a119ded12681838f342131ebc17672a4d1453b7902bd959fdcd2 reason=:unsigned
02:47:43.748 [error] local node self-trust was not added: node signing public-key artifact is absent — continuing with configured trusted identities
02:47:43.748 [warning] CommitStore: local write DENIED by trust gate (enforce) doc_uuid=36ed67a9-7024-4038-814c-cba607be8417 commit_id=caf9d81b8c70d472e0b1232cbdaec06c5fec5d890b7a9bd62b0337babfb7d292 reason=:unsigned
02:47:43.748 [error] local node self-trust was not added: node signing public-key artifact is absent — continuing with configured trusted identities
02:47:43.748 [warning] CommitStore: local write DENIED by trust gate (enforce) doc_uuid=bbc32ee7-4bc9-4f56-bc60-c9ad818da8dc commit_id=f11f31f84aea9e1d8df8274d3699782387fd535a3affccabfc3765bb036c9428 reason=:unsigned
02:47:43.749 [error] local node self-trust was not added: node signing public-key artifact is absent — continuing with configured trusted identities
02:47:43.749 [warning] CommitStore: local write DENIED by trust gate (enforce) doc_uuid=e511f35a-6755-4a11-8e42-19e0b2525765 commit_id=0c3c3a6102e17d1861ecbc2a0130bf515e428c336865976a74a706dcb65a266f reason=:unsigned
02:47:43.749 [error] local node self-trust was not added: node signing public-key artifact is absent — continuing with configured trusted identities
02:47:43.749 [warning] CommitStore: local write DENIED by trust gate (enforce) doc_uuid=044226a8-1498-44d1-903a-aa3c2762a601 commit_id=972d60ff314fbbe52f502b81713912e1a4139c69451863da939e18ba8480f4cb reason=:unsigned
02:47:43.749 [error] local node self-trust was not added: node signing public-key artifact is absent — continuing with configured trusted identities
02:47:43.749 [warning] CommitStore: local write DENIED by trust gate (enforce) doc_uuid=87cf2d68-826e-4d42-b951-412438b9e35e commit_id=ffa9cf3eabf4d6d9320ab4e579c2c3ad89ac810f663426628183f65e65d73bff reason=:unsigned
02:47:43.749 [error] local node self-trust was not added: node signing public-key artifact is absent — continuing with configured trusted identities
02:47:43.750 [warning] CommitStore: local write DENIED by trust gate (enforce) doc_uuid=b24acf0a-1f44-45e0-8c90-d183a26da5ad commit_id=00c3f0b88b8b7fdd9a97b36a7bb4994e29973f7d3afd3ab4a8403171b0a5a80f reason=:unsigned
02:47:43.750 [error] local node self-trust was not added: node signing public-key artifact is absent — continuing with configured trusted identities
02:47:43.750 [warning] CommitStore: local write DENIED by trust gate (enforce) doc_uuid=f87324de-516e-4c08-9c88-699ecf8272b0 commit_id=ad81d60475ec83c2f5eceda76e792206e672d49e007b5083eaba104b8586ae03 reason=:unsigned
02:47:43.750 [error] local node self-trust was not added: node signing public-key artifact is absent — continuing with configured trusted identities
02:47:43.750 [warning] CommitStore: local write DENIED by trust gate (enforce) doc_uuid=9509a6d4-0e5d-4301-b82d-97e30d348620 commit_id=89cf274ef273a91031fb9551a0fde4f523888c3fb8d573cfbd87a19c4b75ee7b reason=:unsigned
02:47:43.751 [error] local node self-trust was not added: node signing public-key artifact is absent — continuing with configured trusted identities
02:47:43.751 [warning] CommitStore: local write DENIED by trust gate (enforce) doc_uuid=a6c8903e-1e40-4cfc-a9cf-3bb07d189707 commit_id=5f13998aac7382fb244b2f209ffdbd81bd9ecae4ff7028112f514a1d96c2730d reason=:unsigned
02:47:43.751 [error] local node self-trust was not added: node signing public-key artifact is absent — continuing with configured trusted identities
02:47:43.751 [warning] CommitStore: local write DENIED by trust gate (enforce) doc_uuid=6d691e79-846c-469e-9835-b523a52efcd1 commit_id=90e985c79a0d13faa54a770e328de1c03256a4b765daa4d06af376ec066f0bf2 reason=:unsigned
02:47:43.752 [error] local node self-trust was not added: node signing public-key artifact is absent — continuing with configured trusted identities
02:47:43.752 [warning] CommitStore: local write DENIED by trust gate (enforce) doc_uuid=01dfd5b4-d82b-4dc4-84d2-5a502a30da44 commit_id=dd4f3ace448c5fbf14360082416897ac0332cceb98f73c6dba14fb5124c18128 reason=:unsigned
02:47:43.752 [error] local node self-trust was not added: node signing public-key artifact is absent — continuing with configured trusted identities
02:47:43.752 [warning] CommitStore: local write DENIED by trust gate (enforce) doc_uuid=c912b6cf-9199-47fd-b3f2-e05de84edca5 commit_id=da50eb9b2f952ac69bd2cc009ee01c695275d9615175d4856d1c7ac12aeb4d71 reason=:unsigned
02:47:43.752 [error] local node self-trust was not added: node signing public-key artifact is absent — continuing with configured trusted identities
02:47:43.752 [warning] CommitStore: local write DENIED by trust gate (enforce) doc_uuid=76200dcb-15bf-48cf-90a9-cdc64311e38f commit_id=d4df971d0e66af2fc16e0ed67d9266d20e5325807c92c8849c432ebcff2b7f27 reason=:unsigned
02:47:43.753 [error] local node self-trust was not added: node signing public-key artifact is absent — continuing with configured trusted identities
02:47:43.753 [warning] CommitStore: local write DENIED by trust gate (enforce) doc_uuid=5bf37a9e-e89c-4db5-b1c1-e4c94f124c5d commit_id=e9362f2a1e3b64446c391be8ece4682001fe6cda609753da8d4c2cb03c07aa4b reason=:unsigned
02:47:43.753 [error] local node self-trust was not added: node signing public-key artifact is absent — continuing with configured trusted identities
02:47:43.753 [warning] CommitStore: local write DENIED by trust gate (enforce) doc_uuid=52dcea7d-1c41-43af-a3b7-f0d002a0f960 commit_id=3c346f877fb5c158ecbd6160455bd6c8e0c54af8abe2b839079ffca896ded154 reason=:unsigned
02:47:43.753 [error] local node self-trust was not added: node signing public-key artifact is absent — continuing with configured trusted identities
02:47:43.753 [warning] CommitStore: local write DENIED by trust gate (enforce) doc_uuid=0a9de65a-7758-4b17-9739-6c3074bceee3 commit_id=934f6d48d5adf77109771ed185376cee0be6ace0e05e8f886329b3657ecbf45a reason=:unsigned
02:47:43.753 [error] local node self-trust was not added: node signing public-key artifact is absent — continuing with configured trusted identities
02:47:43.754 [warning] CommitStore: local write DENIED by trust gate (enforce) doc_uuid=a454f726-cce6-4d56-9941-d4b886b8a557 commit_id=cb905b7ca6cf7271e3f7f776a58ad78dbdeffdecdd2bc4c04a0dc68c00e3b5af reason=:unsigned
02:47:43.754 [error] local node self-trust was not added: node signing public-key artifact is absent — continuing with configured trusted identities
02:47:43.754 [warning] CommitStore: local write DENIED by trust gate (enforce) doc_uuid=83b94bc0-559e-4532-a605-12dc9fecc3c3 commit_id=6d4534636d1c6e441e84e6fd86d2002b1b60caf0797782b86d2ba3df1990b50b reason=:unsigned
02:47:43.754 [error] local node self-trust was not added: node signing public-key artifact is absent — continuing with configured trusted identities
02:47:43.754 [warning] CommitStore: local write DENIED by trust gate (enforce) doc_uuid=9ca06468-82cd-4cef-8402-a3ea75e589b9 commit_id=ae797b40f4dd524ba1fbe6df8d9e54379c5bd848220b27a735706207354c1cf5 reason=:unsigned
02:47:43.754 [error] local node self-trust was not added: node signing public-key artifact is absent — continuing with configured trusted identities
02:47:43.754 [warning] CommitStore: local write DENIED by trust gate (enforce) doc_uuid=602b1559-d9d5-4ec1-ab87-8c4ec42637b4 commit_id=c49871f470c1a096c227ac8235692cab4739c5faf4aaa08aff4df20c845bc272 reason=:unsigned
02:47:43.755 [error] local node self-trust was not added: node signing public-key artifact is absent — continuing with configured trusted identities
02:47:43.755 [warning] CommitStore: local write DENIED by trust gate (enforce) doc_uuid=58b20c35-4215-47a5-b670-750341187a19 commit_id=6642b1608647eed003866f92ae3b6b16cce4f51c42de64c934cf4de79d5f4b0e reason=:unsigned
02:47:43.755 [error] local node self-trust was not added: node signing public-key artifact is absent — continuing with configured trusted identities
02:47:43.755 [warning] CommitStore: local write DENIED by trust gate (enforce) doc_uuid=3f739fef-e408-4de2-b67b-a2fc225dfc64 commit_id=0d1ea088f8162b259e804a717bf0523498474e7330887178724a817159cd9542 reason=:unsigned
02:47:43.755 [error] local node self-trust was not added: node signing public-key artifact is absent — continuing with configured trusted identities
02:47:43.755 [warning] CommitStore: local write DENIED by trust gate (enforce) doc_uuid=10583432-e687-4ac8-9ff1-00c16d09e952 commit_id=9304c9c394fc48ffc5892beaa117250aaf2d36fb653cd7a8ba7d158aa004a1c0 reason=:unsigned
02:47:43.756 [error] local node self-trust was not added: node signing public-key artifact is absent — continuing with configured trusted identities
02:47:43.756 [warning] CommitStore: local write DENIED by trust gate (enforce) doc_uuid=3489a572-4b50-4a5b-bb30-42737f671646 commit_id=01a01ac57d4e38867ccf51aaded1d436d8a557304c11d8d6a0684c4de309ee68 reason=:unsigned
02:47:43.756 [error] local node self-trust was not added: node signing public-key artifact is absent — continuing with configured trusted identities
02:47:43.756 [warning] CommitStore: local write DENIED by trust gate (enforce) doc_uuid=ea5e5478-6d7a-42e8-b9db-8e2bbcc515c5 commit_id=d1a5807f17716e01a82c9c5b5942f81f8b4162e27690eb1ed55e3461b0854516 reason=:unsigned
02:47:43.756 [error] local node self-trust was not added: node signing public-key artifact is absent — continuing with configured trusted identities
02:47:43.756 [warning] CommitStore: local write DENIED by trust gate (enforce) doc_uuid=5fdf0c06-d06a-4020-87f2-0c041f7e9905 commit_id=a38e8ae6db406c1eaa891a7c04178eb14d431db9e547d0af92de3440368ff6f0 reason=:unsigned
02:47:43.757 [error] local node self-trust was not added: node signing public-key artifact is absent — continuing with configured trusted identities
02:47:43.757 [warning] CommitStore: local write DENIED by trust gate (enforce) doc_uuid=1807188b-c989-4616-8c9a-e4f4441e3105 commit_id=1c5258f6fb08e796c84814f5abb866c5667cb5bb2138741c272a54c027ebc506 reason=:unsigned
02:47:43.757 [error] local node self-trust was not added: node signing public-key artifact is absent — continuing with configured trusted identities
02:47:43.757 [warning] CommitStore: local write DENIED by trust gate (enforce) doc_uuid=3e311a55-b2f0-47df-a636-d8f9712e56e8 commit_id=f5bf656333a0ce60f55ab200533125e7daf906088f7c2e6947cdac98ef1b0509 reason=:unsigned
02:47:43.757 [error] local node self-trust was not added: node signing public-key artifact is absent — continuing with configured trusted identities
02:47:43.757 [warning] CommitStore: local write DENIED by trust gate (enforce) doc_uuid=a2d57ce1-05e4-4a72-bb39-c91e193985e6 commit_id=fcee4827b50f6c42e527426887c09028639dbdc7fd7f682eab4e3818cc3e75df reason=:unsigned
02:47:43.758 [error] local node self-trust was not added: node signing public-key artifact is absent — continuing with configured trusted identities
02:47:43.758 [warning] CommitStore: local write DENIED by trust gate (enforce) doc_uuid=cec77ae8-fcc5-48fe-b802-42b4c9d76fb9 commit_id=5eee688bafa78b17c82b99af8f09487ca30a1480ce1edf2146fd87e651f27015 reason=:unsigned
02:47:43.758 [error] local node self-trust was not added: node signing public-key artifact is absent — continuing with configured trusted identities
02:47:43.758 [warning] CommitStore: local write DENIED by trust gate (enforce) doc_uuid=aa71a87e-d4e7-4c5a-a8a8-91b4f051b86e commit_id=e738235ae3d7f23b47c15833957ca84de30bd807effb51a5e5c5a5649cec11a8 reason=:unsigned
02:47:43.758 [error] local node self-trust was not added: node signing public-key artifact is absent — continuing with configured trusted identities
02:47:43.758 [warning] CommitStore: local write DENIED by trust gate (enforce) doc_uuid=7446effe-3c3f-48c7-9a51-999a3e9dfba3 commit_id=d7f0e75397ca2325c2250b1a4603f6b7d98470bd7ef743d36dc3bdf07e931428 reason=:unsigned
02:47:43.759 [error] local node self-trust was not added: node signing public-key artifact is absent — continuing with configured trusted identities
02:47:43.759 [warning] CommitStore: local write DENIED by trust gate (enforce) doc_uuid=09975ca1-361c-4be2-8d7e-0821b6dab426 commit_id=38fcac21bbaa54f88fce83188282b49e209d4828a781d5c4dd3008e80e67410c reason=:unsigned
02:47:43.759 [error] local node self-trust was not added: node signing public-key artifact is absent — continuing with configured trusted identities
02:47:43.759 [warning] CommitStore: local write DENIED by trust gate (enforce) doc_uuid=eb1c616c-29e7-479f-9b0e-b0eeae800cd9 commit_id=d1ece44ef9e26e91e47c62a6814c2d7cfeafc2511cac5922323018f032599393 reason=:unsigned
02:47:43.760 [error] local node self-trust was not added: node signing public-key artifact is absent — continuing with configured trusted identities
02:47:43.760 [warning] CommitStore: local write DENIED by trust gate (enforce) doc_uuid=95bdeeb7-539e-4ebe-87fa-53594f96639c commit_id=387cd69e75fe310f971ff36b95686df01456be015894155990be1dbb95c182de reason=:unsigned
02:47:43.760 [error] local node self-trust was not added: node signing public-key artifact is absent — continuing with configured trusted identities
02:47:43.760 [warning] CommitStore: local write DENIED by trust gate (enforce) doc_uuid=de36a081-83f9-4c16-8bb8-833a326a6322 commit_id=f72f4ca47f34ff5ff806ae7d4a4b0c686944f4f9096ec1288d980c70aeb3081a reason=:unsigned
02:47:43.760 [error] local node self-trust was not added: node signing public-key artifact is absent — continuing with configured trusted identities
02:47:43.760 [warning] CommitStore: local write DENIED by trust gate (enforce) doc_uuid=c7b78827-68d6-499d-a97a-279e63fdbfa2 commit_id=13ffcaea4b72505814c8e870dfc0349d0cb6846ebdeaabf6688e044d1114283c reason=:unsigned
02:47:43.761 [error] local node self-trust was not added: node signing public-key artifact is absent — continuing with configured trusted identities
02:47:43.761 [warning] CommitStore: local write DENIED by trust gate (enforce) doc_uuid=a10b8cc1-4b86-469a-864b-4bccb8a13f1f commit_id=18ba48c055d49bfe1a4427dff830997142e91348b91048274e54f5658e7bdd29 reason=:unsigned
02:47:43.761 [error] local node self-trust was not added: node signing public-key artifact is absent — continuing with configured trusted identities
02:47:43.761 [warning] CommitStore: local write DENIED by trust gate (enforce) doc_uuid=b41ee857-f365-49d0-9a1a-9a363898c26f commit_id=3b660da3e611114eadd076712ed5d1e191755af7fa52e823f73cf5bbc0f12e2a reason=:unsigned
02:47:43.761 [error] local node self-trust was not added: node signing public-key artifact is absent — continuing with configured trusted identities
02:47:43.761 [warning] CommitStore: local write DENIED by trust gate (enforce) doc_uuid=780324be-0473-4450-8154-224642260482 commit_id=085ebf07b5cd474dc8fbbd1d8677c450f8ca9ff2052fd9b5da0eb134e2e8674e reason=:unsigned
02:47:43.762 [error] local node self-trust was not added: node signing public-key artifact is absent — continuing with configured trusted identities
02:47:43.762 [warning] CommitStore: local write DENIED by trust gate (enforce) doc_uuid=b9d96677-eda6-457c-8384-824aaec30849 commit_id=978db44332691dc207a3661e99a1ca1a068ffdb222264b38d88e8ab7c64cdee0 reason=:unsigned
02:47:43.762 [error] local node self-trust was not added: node signing public-key artifact is absent — continuing with configured trusted identities
02:47:43.762 [warning] CommitStore: local write DENIED by trust gate (enforce) doc_uuid=507e52ee-b07c-445f-b39c-adb22d2e52e5 commit_id=f6eb28c2b572f841f65167aa1177fe8625f40d0c801d1d8af4e95952cd85d405 reason=:unsigned
02:47:43.762 [error] local node self-trust was not added: node signing public-key artifact is absent — continuing with configured trusted identities
02:47:43.762 [warning] CommitStore: local write DENIED by trust gate (enforce) doc_uuid=7f732648-a928-49ab-927d-7e3d8456dfa5 commit_id=c48492652dfa0e85e3cb75ce406e7b6031b6479e1d7fc750a2bb8e142d77ee1b reason=:unsigned
02:47:43.763 [error] local node self-trust was not added: node signing public-key artifact is absent — continuing with configured trusted identities
02:47:43.763 [warning] CommitStore: local write DENIED by trust gate (enforce) doc_uuid=85a14600-15a1-4b3b-8105-bac1341b9f14 commit_id=4e722c5b2b6b5c087c1c458a5f46b4020bde40501f0e1add707c42863da1694c reason=:unsigned
02:47:43.763 [error] local node self-trust was not added: node signing public-key artifact is absent — continuing with configured trusted identities
02:47:43.763 [warning] CommitStore: local write DENIED by trust gate (enforce) doc_uuid=ff895c0c-d3b5-49d2-acdf-3fc70db6dae6 commit_id=055cd1663cba9e2b35927f3eb48e292ac2ce4ee9eb5ba56002db3a752961d34f reason=:unsigned
02:47:43.763 [error] local node self-trust was not added: node signing public-key artifact is absent — continuing with configured trusted identities
02:47:43.763 [warning] CommitStore: local write DENIED by trust gate (enforce) doc_uuid=8c13d04d-d72d-4145-bcb0-e34daf2e826a commit_id=419dc6f77984528b7b6186368f31a6abd0b70b4fef116dc56f52210fdd7f750f reason=:unsigned
02:47:43.764 [error] local node self-trust was not added: node signing public-key artifact is absent — continuing with configured trusted identities
02:47:43.764 [warning] CommitStore: local write DENIED by trust gate (enforce) doc_uuid=793ef38a-8f10-4bab-a867-fa32cfe8a816 commit_id=d283eb3058b5f47432e046295bff5cf638fec55a5238796686f4fb572b5a4bf1 reason=:unsigned
02:47:43.764 [error] local node self-trust was not added: node signing public-key artifact is absent — continuing with configured trusted identities
02:47:43.764 [warning] CommitStore: local write DENIED by trust gate (enforce) doc_uuid=adef7e39-4049-40ec-b9ec-378512546344 commit_id=ba9c20c3c3c235948637a891ff653c4bee234201bc2b0b600804b6a4c28448fd reason=:unsigned
02:47:43.764 [error] local node self-trust was not added: node signing public-key artifact is absent — continuing with configured trusted identities
02:47:43.765 [warning] CommitStore: local write DENIED by trust gate (enforce) doc_uuid=017094b0-48f2-4d08-a21f-be69cea330e2 commit_id=4eae5581b5f282f606bc79378353966efc36fddb1120a230fc838a615f76d377 reason=:unsigned
02:47:43.765 [error] local node self-trust was not added: node signing public-key artifact is absent — continuing with configured trusted identities
02:47:43.765 [warning] CommitStore: local write DENIED by trust gate (enforce) doc_uuid=4d9243d5-d5ed-44be-9320-fa3a43831998 commit_id=b56731a0e7723e45ecae8504a4353c5ae85bf0a9b6088b8d35aade086226460e reason=:unsigned
02:47:43.765 [error] local node self-trust was not added: node signing public-key artifact is absent — continuing with configured trusted identities
02:47:43.765 [warning] CommitStore: local write DENIED by trust gate (enforce) doc_uuid=3a835aec-b182-4f8c-8eed-b8352dca39b8 commit_id=f500c1364bee8bc9ece127946c5dc23641db6785f9bf1bbbc8d516c39b3b1a0c reason=:unsigned
02:47:43.767 [error] local node self-trust was not added: node signing public-key artifact is absent — continuing with configured trusted identities
02:47:43.767 [warning] CommitStore: local write DENIED by trust gate (enforce) doc_uuid=9994f6b3-dde2-4c94-9f1d-6a5b54c14c80 commit_id=49087a28e3ff32c6e4ca831a3cc0226ace66d4d9f0e425ce1fbd3a519711ec3d reason=:unsigned
02:47:43.768 [error] local node self-trust was not added: node signing public-key artifact is absent — continuing with configured trusted identities
02:47:43.768 [warning] CommitStore: local write DENIED by trust gate (enforce) doc_uuid=939b275a-269f-4a31-bce1-3cc8126b592e commit_id=118b4345a777331f2fda513233cf18a36e7ef58d05b425d0dc4758af7662fb0c reason=:unsigned
02:47:43.768 [error] local node self-trust was not added: node signing public-key artifact is absent — continuing with configured trusted identities
02:47:43.768 [warning] CommitStore: local write DENIED by trust gate (enforce) doc_uuid=33f53430-2e30-495a-aba4-5a1294833919 commit_id=746d32a66b21695b405adfcf5cd7b27f668c66820673c0ee4a667df6e13297c7 reason=:unsigned
02:47:43.768 [error] local node self-trust was not added: node signing public-key artifact is absent — continuing with configured trusted identities
02:47:43.768 [warning] CommitStore: local write DENIED by trust gate (enforce) doc_uuid=44e8549f-222b-4655-89cb-3c2a4f389219 commit_id=9a65b7e371fa21370dd3fadf15d868c0827d114bcda70d8b8e35b097614d054c reason=:unsigned
02:47:43.769 [error] local node self-trust was not added: node signing public-key artifact is absent — continuing with configured trusted identities
02:47:43.769 [warning] CommitStore: local write DENIED by trust gate (enforce) doc_uuid=e15ba7fd-88cb-4e3e-bb3e-c53049903759 commit_id=185ee097515b8c75b9431767777fb6208d836553b6d366f63058e9486bc5f8f2 reason=:unsigned
02:47:43.770 [error] local node self-trust was not added: node signing public-key artifact is absent — continuing with configured trusted identities
02:47:43.770 [warning] CommitStore: local write DENIED by trust gate (enforce) doc_uuid=e67ccddf-cfff-42fd-9884-35b5124c7b41 commit_id=e2e0e0520f04f6cc76e861c20063d9fe670c3d12857208d0f901dea0510929bf reason=:unsigned
02:47:43.771 [error] local node self-trust was not added: node signing public-key artifact is absent — continuing with configured trusted identities
02:47:43.771 [warning] CommitStore: local write DENIED by trust gate (enforce) doc_uuid=2bb58ce0-9b74-4865-a89e-ec4be5c78705 commit_id=8452dcfcf0627c3ec1d7c5aa1df5545a12687ca8f238d00b106cf75e2b211443 reason=:unsigned
02:47:43.772 [error] local node self-trust was not added: node signing public-key artifact is absent — continuing with configured trusted identities
02:47:43.772 [warning] CommitStore: local write DENIED by trust gate (enforce) doc_uuid=fbf55fcd-35e0-45f6-a9af-dc94bc88b3ff commit_id=bda9d069a0528f0ee995a07ce8b697fcc223d79422d65dbfcdf6930b76409e2d reason=:unsigned
02:47:43.772 [error] local node self-trust was not added: node signing public-key artifact is absent — continuing with configured trusted identities
02:47:43.772 [warning] CommitStore: local write DENIED by trust gate (enforce) doc_uuid=f7a5f481-9a71-4f8f-a6af-8443a2e304b4 commit_id=e3af9b12f21abfaf5867afb369a5a93fbc9c70019196d8719d67535cbfc7d9a7 reason=:unsigned
02:47:43.772 [error] local node self-trust was not added: node signing public-key artifact is absent — continuing with configured trusted identities
02:47:43.772 [warning] CommitStore: local write DENIED by trust gate (enforce) doc_uuid=e4e810b8-adef-4867-b0a3-e2bb42ce2642 commit_id=6574bd2c01c43bf196c7a80be4911ce8c995449dffa50a5972d38897ea38a6c3 reason=:unsigned
02:47:43.773 [error] local node self-trust was not added: node signing public-key artifact is absent — continuing with configured trusted identities
02:47:43.773 [warning] CommitStore: local write DENIED by trust gate (enforce) doc_uuid=b852687f-9588-4d5e-bbbe-bd887762cdc6 commit_id=8af4a1fe7ce91d1407ed4aeb9ab33b4681ce6d0e5766cb34ecbbc289ccde173d reason=:unsigned
02:47:43.773 [error] local node self-trust was not added: node signing public-key artifact is absent — continuing with configured trusted identities
02:47:43.773 [warning] CommitStore: local write DENIED by trust gate (enforce) doc_uuid=2bbd6e34-2901-4f2d-adb6-b5c83b2c90ce commit_id=8e980b35455faceba694f7106d71a9d86bad208cbb69513b476b566d7a1a1802 reason=:unsigned
02:47:43.773 [error] local node self-trust was not added: node signing public-key artifact is absent — continuing with configured trusted identities
02:47:43.774 [warning] CommitStore: local write DENIED by trust gate (enforce) doc_uuid=da1dad66-3bff-48df-bff1-f9649277394d commit_id=3e15bbf76320c3cfe9887c7c64a3cbc8bc8ce1afb0f48e02e2e6f914e036136d reason=:unsigned
02:47:43.774 [error] local node self-trust was not added: node signing public-key artifact is absent — continuing with configured trusted identities
02:47:43.774 [warning] CommitStore: local write DENIED by trust gate (enforce) doc_uuid=c35f3172-fd79-449d-9498-6f30b822edef commit_id=1b9fcd8c8ce4dc3571b08c2276ade9bdcbdab876b80b222d7e3dd20b4c6151b1 reason=:unsigned
02:47:43.774 [error] local node self-trust was not added: node signing public-key artifact is absent — continuing with configured trusted identities
02:47:43.774 [warning] CommitStore: local write DENIED by trust gate (enforce) doc_uuid=6bd6a863-2c54-47b8-b80b-14958d56a565 commit_id=2865e2c67af3873f5435ebb7f6931e42f63397ecd6c43589d15ba74104e075fb reason=:unsigned
02:47:43.775 [error] local node self-trust was not added: node signing public-key artifact is absent — continuing with configured trusted identities
02:47:43.775 [warning] CommitStore: local write DENIED by trust gate (enforce) doc_uuid=0ce422b6-fe06-455e-b901-c6f7cde81656 commit_id=417960a9af7af180718143f89e5c9000e877c1a1304d86355174a0b502bd6cc3 reason=:unsigned
02:47:43.775 [error] local node self-trust was not added: node signing public-key artifact is absent — continuing with configured trusted identities
02:47:43.775 [warning] CommitStore: local write DENIED by trust gate (enforce) doc_uuid=f62a4daf-2aa2-4e85-b93b-b3bbc7da9291 commit_id=85fa66e8eb47b6df2b7d3aef93a520fa723535b3ade553b1053670dc32fa7288 reason=:unsigned
02:47:43.775 [error] local node self-trust was not added: node signing public-key artifact is absent — continuing with configured trusted identities
02:47:43.775 [warning] CommitStore: local write DENIED by trust gate (enforce) doc_uuid=a002fda6-4e27-4a7e-b024-71cb9c934fe0 commit_id=7c2ca94298395c4d64d6f6fcc870d84dda0dd8cf82de99010a3e952f0f4b7437 reason=:unsigned
02:47:43.776 [error] local node self-trust was not added: node signing public-key artifact is absent — continuing with configured trusted identities
02:47:43.776 [warning] CommitStore: local write DENIED by trust gate (enforce) doc_uuid=7db72d58-b138-455f-8f3c-0ef89d917321 commit_id=e3d72940d95cd004bd7c5db8d7dc577b1e58b318d1384138d8b534f9cea1e55f reason=:unsigned
02:47:43.776 [error] local node self-trust was not added: node signing public-key artifact is absent — continuing with configured trusted identities
02:47:43.776 [warning] CommitStore: local write DENIED by trust gate (enforce) doc_uuid=d9a839f5-cf4f-4f36-a684-95c224021351 commit_id=baff3284db466e2bc679681823c240174ac210559351617e516e8240c983fa51 reason=:unsigned
02:47:43.777 [error] local node self-trust was not added: node signing public-key artifact is absent — continuing with configured trusted identities
02:47:43.777 [warning] CommitStore: local write DENIED by trust gate (enforce) doc_uuid=f61054bb-62d0-479c-af9c-1816676fe146 commit_id=e2d4d444a81354da7f8f87bd951886e60429edae7c3488e1cfabd85a2040ed96 reason=:unsigned
02:47:43.777 [error] local node self-trust was not added: node signing public-key artifact is absent — continuing with configured trusted identities
02:47:43.777 [warning] CommitStore: local write DENIED by trust gate (enforce) doc_uuid=0b3543a2-d33b-4d92-b07e-114f58839abc commit_id=903033273e66bd6f39fc37305fe05234c39f38a28df464bd91deb70015df158a reason=:unsigned
02:47:43.777 [error] local node self-trust was not added: node signing public-key artifact is absent — continuing with configured trusted identities
02:47:43.778 [warning] CommitStore: local write DENIED by trust gate (enforce) doc_uuid=7c5e492a-5e99-46fa-9a1b-92207de996a2 commit_id=c6389b3f11eff0b8cb7af316cb84b48ac7175b90464f190ddbcb579457390d64 reason=:unsigned
02:47:43.778 [error] local node self-trust was not added: node signing public-key artifact is absent — continuing with configured trusted identities
02:47:43.778 [warning] CommitStore: local write DENIED by trust gate (enforce) doc_uuid=a571f6e2-6960-4c0c-be76-f091c9a72577 commit_id=6de6f46c82aa6ff773d11960414da3a92656d5927873f1df43461d2e30864418 reason=:unsigned
02:47:43.778 [error] local node self-trust was not added: node signing public-key artifact is absent — continuing with configured trusted identities
02:47:43.778 [warning] CommitStore: local write DENIED by trust gate (enforce) doc_uuid=f7f7076f-acb3-46ee-a659-e8a5e1948de9 commit_id=c158451e7658a88e23643f4f70c43cd801125403087d56012ff6689215decc71 reason=:unsigned
02:47:43.779 [error] local node self-trust was not added: node signing public-key artifact is absent — continuing with configured trusted identities
02:47:43.779 [warning] CommitStore: local write DENIED by trust gate (enforce) doc_uuid=5013fd4f-c6ce-4a6b-ab36-48c9aaec64b0 commit_id=d30780793601781ff45b672ffccf8c8c50105e1e594bdaf6d69ad96e86be78de reason=:unsigned
02:47:43.779 [error] local node self-trust was not added: node signing public-key artifact is absent — continuing with configured trusted identities
02:47:43.780 [warning] CommitStore: local write DENIED by trust gate (enforce) doc_uuid=d1e24d78-1a65-40c9-9028-65f5adb20445 commit_id=00771aef2683c7e42225241c1327600faad4ccffd23b50086a5e9010f4edde81 reason=:unsigned
02:47:43.780 [error] local node self-trust was not added: node signing public-key artifact is absent — continuing with configured trusted identities
02:47:43.780 [warning] CommitStore: local write DENIED by trust gate (enforce) doc_uuid=e4f66d40-635d-4e14-aa6f-7d550b2014f0 commit_id=b8da48559ac0737436aea1e124028eeb282ba2ec4c67c1343189b728ee0ddbe3 reason=:unsigned
02:47:43.780 [error] local node self-trust was not added: node signing public-key artifact is absent — continuing with configured trusted identities
02:47:43.780 [warning] CommitStore: local write DENIED by trust gate (enforce) doc_uuid=1bfe1178-b038-43c6-aa77-b9f3239213d6 commit_id=37ec8a4a517cdfc5c941948fc52f1fd8c4b2264be3ab604c9174313dce5226f6 reason=:unsigned
02:47:43.780 [error] local node self-trust was not added: node signing public-key artifact is absent — continuing with configured trusted identities
02:47:43.781 [warning] CommitStore: local write DENIED by trust gate (enforce) doc_uuid=8f276315-59dc-4166-b50c-88405bb374d8 commit_id=7ea342bd63c78b46ffdd44f04476c5a6de980426a82facdae334193b67fac5c0 reason=:unsigned
02:47:43.781 [error] local node self-trust was not added: node signing public-key artifact is absent — continuing with configured trusted identities
02:47:43.781 [warning] CommitStore: local write DENIED by trust gate (enforce) doc_uuid=54ae15a9-cdd9-42af-bb9b-8f7f254573b6 commit_id=58987956663d86177ae6cdbb6921d6ad938b26c4c8bed40e572494516cd974a5 reason=:unsigned
02:47:43.781 [error] local node self-trust was not added: node signing public-key artifact is absent — continuing with configured trusted identities
02:47:43.781 [warning] CommitStore: local write DENIED by trust gate (enforce) doc_uuid=175aade0-9786-4b4a-b24f-1f97fd71179c commit_id=6de019eccb4bed30ba6f9012136b16e9872061225a3faf59a8e86252d6b8f2b2 reason=:unsigned
02:47:43.782 [error] local node self-trust was not added: node signing public-key artifact is absent — continuing with configured trusted identities
02:47:43.782 [warning] CommitStore: local write DENIED by trust gate (enforce) doc_uuid=7ed8b49d-bbd7-4de5-ac1b-b0200b40c045 commit_id=33f60fbdb03066d9649560c81955b53521f8a64dc0c0fd2e3646d069794fd854 reason=:unsigned
02:47:43.782 [error] local node self-trust was not added: node signing public-key artifact is absent — continuing with configured trusted identities
02:47:43.783 [warning] CommitStore: local write DENIED by trust gate (enforce) doc_uuid=7e70ece2-4ccf-417b-a791-685ee452296c commit_id=ddc30aac0f95f31f83390f14da48d4ab806e76c9aba397ef007683cd1825b609 reason=:unsigned
02:47:43.783 [error] local node self-trust was not added: node signing public-key artifact is absent — continuing with configured trusted identities
02:47:43.783 [warning] CommitStore: local write DENIED by trust gate (enforce) doc_uuid=6ec033c4-7ad6-49c1-88b2-185d234e20e0 commit_id=89daeda8c43a95483c8c44c69a9450ab9b67a3ab3058c364f65422d43812bb21 reason=:unsigned
02:47:43.784 [error] local node self-trust was not added: node signing public-key artifact is absent — continuing with configured trusted identities
02:47:43.784 [warning] CommitStore: local write DENIED by trust gate (enforce) doc_uuid=9614e9e8-2d8e-4da6-b267-9faa8f352d80 commit_id=8ec1e09ef255d34f3ed653e1e6b3c7f46fd33e17e9359e4f12b842bb6a3be9d1 reason=:unsigned
02:47:43.785 [error] local node self-trust was not added: node signing public-key artifact is absent — continuing with configured trusted identities
02:47:43.785 [warning] CommitStore: local write DENIED by trust gate (enforce) doc_uuid=3eddfeae-c0c6-4f8a-b6d6-07f50a23f876 commit_id=6d951b584d20e836dcaece86338160ccbb4c79d8db5f1234c04c57d11a5f7928 reason=:unsigned
02:47:43.785 [error] local node self-trust was not added: node signing public-key artifact is absent — continuing with configured trusted identities
02:47:43.785 [warning] CommitStore: local write DENIED by trust gate (enforce) doc_uuid=f0dd2b95-eb9d-4b95-bc83-6691a5109edd commit_id=43467c263beff52af4329d66db8549e2b73abb118880a5f9a1233673d59462a5 reason=:unsigned
02:47:43.785 [error] local node self-trust was not added: node signing public-key artifact is absent — continuing with configured trusted identities
02:47:43.785 [warning] CommitStore: local write DENIED by trust gate (enforce) doc_uuid=061f0e09-6fe2-4ffc-ac2c-a30fce155380 commit_id=16571d8517f8961aa52a9d2c59d56d60ebe1aa78eb72457309045abca15838a1 reason=:unsigned
02:47:43.786 [error] local node self-trust was not added: node signing public-key artifact is absent — continuing with configured trusted identities
02:47:43.786 [warning] CommitStore: local write DENIED by trust gate (enforce) doc_uuid=a40f8dbd-d0b5-46b7-b1de-aee3d0d4eb58 commit_id=cb08889bce28894ab6ab4660bcbc8de6493caf12454d3efaab8beaed1c840d42 reason=:unsigned
02:47:43.786 [error] local node self-trust was not added: node signing public-key artifact is absent — continuing with configured trusted identities
02:47:43.786 [warning] CommitStore: local write DENIED by trust gate (enforce) doc_uuid=8d209920-3731-4f68-965c-8112ca9318e4 commit_id=3fd4d2f196e1169978140b20a55ed26693dbeb46b464afc13de3037242e7d894 reason=:unsigned
02:47:43.787 [error] local node self-trust was not added: node signing public-key artifact is absent — continuing with configured trusted identities
02:47:43.787 [warning] CommitStore: local write DENIED by trust gate (enforce) doc_uuid=54ca1850-e744-4308-b77c-448ba7a76d73 commit_id=5baf52b574d121cad85298a6a9bb43b8d4d78f570dc35e3e561a036b4c5636b0 reason=:unsigned
02:47:43.787 [error] local node self-trust was not added: node signing public-key artifact is absent — continuing with configured trusted identities
02:47:43.787 [warning] CommitStore: local write DENIED by trust gate (enforce) doc_uuid=761af573-cd24-407c-9053-a17fa8eed381 commit_id=9ed605384b8b15c86681d9dab957cf71c9a6121d22a3073e6460eb94289cdb99 reason=:unsigned
02:47:43.788 [error] local node self-trust was not added: node signing public-key artifact is absent — continuing with configured trusted identities
02:47:43.788 [warning] CommitStore: local write DENIED by trust gate (enforce) doc_uuid=03ccfe93-71aa-43f2-a0bd-0160a0c9f3b7 commit_id=6a931d69e4d03dedd4d806074ccef36e28d10a0a50fe57284ec51125accaecec reason=:unsigned
02:47:43.788 [error] local node self-trust was not added: node signing public-key artifact is absent — continuing with configured trusted identities
02:47:43.788 [warning] CommitStore: local write DENIED by trust gate (enforce) doc_uuid=2483cf07-9cd9-484f-8451-f5e323377fd1 commit_id=446774291d23aff79b535dd986e63b35fa4e05fd5b2b15daba50cc6c3b5ecc6e reason=:unsigned
02:47:43.789 [error] local node self-trust was not added: node signing public-key artifact is absent — continuing with configured trusted identities
02:47:43.789 [warning] CommitStore: local write DENIED by trust gate (enforce) doc_uuid=dadeca91-ec68-4e1c-89d9-c22f55acffeb commit_id=0519fea13993786e8c0ce31b99ffa16d434ddb0ffaa47c31d8939d75f4d783f2 reason=:unsigned
02:47:43.789 [error] local node self-trust was not added: node signing public-key artifact is absent — continuing with configured trusted identities
02:47:43.789 [warning] CommitStore: local write DENIED by trust gate (enforce) doc_uuid=87492eb3-9ee3-40e8-be4d-83c71bf7c3a1 commit_id=eeb77ce424d71e5245ac20156194b7e1fdb2bca3166df2416abb9eeda0a4af59 reason=:unsigned
02:47:43.790 [error] local node self-trust was not added: node signing public-key artifact is absent — continuing with configured trusted identities
02:47:43.790 [warning] CommitStore: local write DENIED by trust gate (enforce) doc_uuid=49fd3c96-63dc-48d3-a79d-b9b9584b09a3 commit_id=4fbecf9c6dc6dfe7694afa80d7ef34fc03a4d95681945b2bd1d3fd5934540542 reason=:unsigned
02:47:43.790 [error] local node self-trust was not added: node signing public-key artifact is absent — continuing with configured trusted identities
02:47:43.790 [warning] CommitStore: local write DENIED by trust gate (enforce) doc_uuid=e5b1b3a7-2e21-4815-b72d-b11ded92813a commit_id=2254c04b16cb9cdf8fff9451c1f293db95f552d8ae7cd7c64e0a49f8f701c572 reason=:unsigned
02:47:43.791 [error] local node self-trust was not added: node signing public-key artifact is absent — continuing with configured trusted identities
02:47:43.791 [warning] CommitStore: local write DENIED by trust gate (enforce) doc_uuid=776cf1a8-f805-4ab6-9a11-336576f36947 commit_id=3e27fae73525333832d147e892b3b9f45f4ba91b8f04cf05f2d2ee26b514adea reason=:unsigned
02:47:43.791 [error] local node self-trust was not added: node signing public-key artifact is absent — continuing with configured trusted identities
02:47:43.791 [warning] CommitStore: local write DENIED by trust gate (enforce) doc_uuid=f20b8764-dd4f-4392-aa3a-58465ae6d25f commit_id=3a286e591908c95c376ffd7bee29c3f4c6f6abb7c4a39fe89c423edf976ce47d reason=:unsigned
02:47:43.792 [error] local node self-trust was not added: node signing public-key artifact is absent — continuing with configured trusted identities
02:47:43.792 [warning] CommitStore: local write DENIED by trust gate (enforce) doc_uuid=bd8daab3-3a06-4d35-903c-2dbd4f35e944 commit_id=2ce9b4c691ef609eda876627f04dabd6103ed7c03afc815ba91c496c329d3c07 reason=:unsigned
02:47:43.792 [error] local node self-trust was not added: node signing public-key artifact is absent — continuing with configured trusted identities
02:47:43.792 [warning] CommitStore: local write DENIED by trust gate (enforce) doc_uuid=c89f0578-e53c-4976-90da-3dca5280c0c4 commit_id=5f27c47df6c819914cfcdc7bcdf2e1bee6b558173be54a0a04cb5964afa704f5 reason=:unsigned
02:47:43.792 [error] local node self-trust was not added: node signing public-key artifact is absent — continuing with configured trusted identities
02:47:43.792 [warning] CommitStore: local write DENIED by trust gate (enforce) doc_uuid=e66b3d9c-ac2a-474e-b6ab-5f71cff4bf1d commit_id=0e4851cbe2a9b77d1dff4117357c7ee8d489eec4730c284b28ef16f729cdb05a reason=:unsigned
02:47:43.793 [error] local node self-trust was not added: node signing public-key artifact is absent — continuing with configured trusted identities
02:47:43.793 [warning] CommitStore: local write DENIED by trust gate (enforce) doc_uuid=d71f89db-e500-431d-b15b-28043a9aacb5 commit_id=18a35ebe3f6395482fb6a089c8ecec7f0d1dfcf60ad0acd3a051608eda3fb1db reason=:unsigned
02:47:43.793 [error] local node self-trust was not added: node signing public-key artifact is absent — continuing with configured trusted identities
02:47:43.793 [warning] CommitStore: local write DENIED by trust gate (enforce) doc_uuid=8948acb2-07d9-4045-a443-e675e62caf4c commit_id=e3d7de307ae62b59ceac5a6087f8cde16a25729b64732d7b94b929ef547419d2 reason=:unsigned
02:47:43.794 [error] local node self-trust was not added: node signing public-key artifact is absent — continuing with configured trusted identities
02:47:43.794 [warning] CommitStore: local write DENIED by trust gate (enforce) doc_uuid=5fd5db59-cdc1-4d13-839c-d80d63ee7f3f commit_id=beacf53472c7b712c1f8ce290899d7111a84ec894a0340d4bbde344ec48b48d0 reason=:unsigned
02:47:43.794 [error] local node self-trust was not added: node signing public-key artifact is absent — continuing with configured trusted identities
02:47:43.794 [warning] CommitStore: local write DENIED by trust gate (enforce) doc_uuid=cdab9020-f91b-442b-b183-b4fe1bdc6949 commit_id=c7ed75f57638c1c61f36144438a3d9329e1e3ddb23d575efb8941d847ebc9ac6 reason=:unsigned
02:47:43.795 [error] local node self-trust was not added: node signing public-key artifact is absent — continuing with configured trusted identities
02:47:43.795 [warning] CommitStore: local write DENIED by trust gate (enforce) doc_uuid=e7633fc4-8cd3-43ef-b1b2-ff8f5bc6ee44 commit_id=c6f1a3e3b95b9fcdff358fef5e85a882899d48015d9aebd049225d038df23563 reason=:unsigned
02:47:43.795 [error] local node self-trust was not added: node signing public-key artifact is absent — continuing with configured trusted identities
02:47:43.795 [warning] CommitStore: local write DENIED by trust gate (enforce) doc_uuid=2cd0aa51-ed32-40d4-8001-353aaf288018 commit_id=9546582872c9e4865c26a2ace6e1307bf167172aefa25b9349b3d1851d03cecd reason=:unsigned
02:47:43.795 [error] local node self-trust was not added: node signing public-key artifact is absent — continuing with configured trusted identities
02:47:43.795 [warning] CommitStore: local write DENIED by trust gate (enforce) doc_uuid=b09ebd80-b1e0-4253-85e6-33e58e0e55f5 commit_id=8b4c0be86998fa8ea18bb711863c0970ab5dec4445f6543d6647f6fcbbe586f8 reason=:unsigned
02:47:43.796 [error] local node self-trust was not added: node signing public-key artifact is absent — continuing with configured trusted identities
02:47:43.796 [warning] CommitStore: local write DENIED by trust gate (enforce) doc_uuid=71586d65-5242-4fb8-afcc-7e20143e654a commit_id=100f4a7cfd27a78cec5c4b9e1bd5d1fb5a83fea87d9908748d2d491cb45b489c reason=:unsigned
02:47:43.796 [error] local node self-trust was not added: node signing public-key artifact is absent — continuing with configured trusted identities
02:47:43.796 [warning] CommitStore: local write DENIED by trust gate (enforce) doc_uuid=054bcdd2-768e-413e-a2c9-4fac63ec81fb commit_id=2d77136f1f7b9082555f90e04c50a976feb82b65a27912fb19c8fed84e3ef611 reason=:unsigned
02:47:43.796 [error] local node self-trust was not added: node signing public-key artifact is absent — continuing with configured trusted identities
02:47:43.796 [warning] CommitStore: local write DENIED by trust gate (enforce) doc_uuid=75c1266a-7e64-4185-95f0-afc11015fe43 commit_id=6fdd4efdc201fc1cb7abcb767dd6c8335a788896a5b32ef8c5f83a77d169c3e4 reason=:unsigned
02:47:43.797 [error] local node self-trust was not added: node signing public-key artifact is absent — continuing with configured trusted identities
02:47:43.797 [warning] CommitStore: local write DENIED by trust gate (enforce) doc_uuid=3c8ea90f-6a6a-4f6a-896e-434b4c21aee7 commit_id=68359771cf5cd15de8b6c4ef8c3ed391ac79981c98a2e5494faf6f1df63d48bf reason=:unsigned
02:47:43.797 [error] local node self-trust was not added: node signing public-key artifact is absent — continuing with configured trusted identities
02:47:43.797 [warning] CommitStore: local write DENIED by trust gate (enforce) doc_uuid=e4c58a51-701c-476a-b660-4f2abc76f16c commit_id=100f9424a68cd6b4eb0c0bad1b72ceb7da0466a9ca19f4583097316774f18fb1 reason=:unsigned
02:47:43.798 [error] local node self-trust was not added: node signing public-key artifact is absent — continuing with configured trusted identities
02:47:43.798 [warning] CommitStore: local write DENIED by trust gate (enforce) doc_uuid=01d8c076-e4fa-4a54-bdca-7fa6635dad05 commit_id=26789a404b850061dd7e349981642c66fad2f9dcf5f79826b62d8809caf93ea2 reason=:unsigned
02:47:43.798 [error] local node self-trust was not added: node signing public-key artifact is absent — continuing with configured trusted identities
02:47:43.798 [warning] CommitStore: local write DENIED by trust gate (enforce) doc_uuid=4b03467f-257c-4050-8696-4db2ba2f5905 commit_id=7b7f86c0e29c6a39ddb7b7949553a9adde54ee6fc5c68c3c27ca7b909440efa1 reason=:unsigned
02:47:43.799 [error] local node self-trust was not added: node signing public-key artifact is absent — continuing with configured trusted identities
02:47:43.799 [warning] CommitStore: local write DENIED by trust gate (enforce) doc_uuid=97d53f76-44da-4b3c-b32e-896666041ece commit_id=bff15372a6b51e04c705e0f8e239a55b0ea8ff063676efb44e022bf9d83f1372 reason=:unsigned
02:47:43.799 [error] local node self-trust was not added: node signing public-key artifact is absent — continuing with configured trusted identities
02:47:43.799 [warning] CommitStore: local write DENIED by trust gate (enforce) doc_uuid=cd7357d9-8fbf-42aa-a5ea-e4b4f3ec7934 commit_id=ad7bc7e288011d33655236d23701f3e7f89ca94da9e1e050e07f52683b6ee301 reason=:unsigned
02:47:43.800 [error] local node self-trust was not added: node signing public-key artifact is absent — continuing with configured trusted identities
02:47:43.800 [warning] CommitStore: local write DENIED by trust gate (enforce) doc_uuid=f2ca3509-2b55-442a-a3b9-69ba10e61368 commit_id=0efc2a9c56a360d41d98963c972479c1a3edd047b8381934a8247a2ba1f2b0b3 reason=:unsigned
02:47:43.800 [error] local node self-trust was not added: node signing public-key artifact is absent — continuing with configured trusted identities
02:47:43.800 [warning] CommitStore: local write DENIED by trust gate (enforce) doc_uuid=6af615de-f0d5-47ea-a023-26ce66a04baa commit_id=8c422040c85fc3ea838bf46b4518612153153a4843c9411ca00c3d5d9fe35456 reason=:unsigned
02:47:43.800 [error] local node self-trust was not added: node signing public-key artifact is absent — continuing with configured trusted identities
02:47:43.800 [warning] CommitStore: local write DENIED by trust gate (enforce) doc_uuid=67dffbc4-d6f9-4d8e-875e-4c450aa969fb commit_id=6caf73f69a21967e87367ed330514d3e3d005d80de12c075c42bbe709bcbd5f4 reason=:unsigned
02:47:43.801 [error] local node self-trust was not added: node signing public-key artifact is absent — continuing with configured trusted identities
02:47:43.801 [warning] CommitStore: local write DENIED by trust gate (enforce) doc_uuid=a8809efb-695e-49d0-a849-0156c95ebdbe commit_id=8bea094ecd9fb8aea449d389dcfcca3af88471489ce376d445504943663889e9 reason=:unsigned
02:47:43.801 [error] local node self-trust was not added: node signing public-key artifact is absent — continuing with configured trusted identities
02:47:43.801 [warning] CommitStore: local write DENIED by trust gate (enforce) doc_uuid=a1a29a93-8f70-40a0-a079-f66010de784d commit_id=9c119d766071da42a8567ccb5318f717da41f3b86f686bd2c398f351f3c4943d reason=:unsigned
02:47:43.801 [error] local node self-trust was not added: node signing public-key artifact is absent — continuing with configured trusted identities
02:47:43.802 [warning] CommitStore: local write DENIED by trust gate (enforce) doc_uuid=9e3f8a7a-6d73-4f0b-96b4-6015c468b68a commit_id=6359e0cf62931c1af4a1d2faa4085124d7b3ac8d28b35ed4a871ee418b736316 reason=:unsigned
02:47:43.802 [error] local node self-trust was not added: node signing public-key artifact is absent — continuing with configured trusted identities
02:47:43.802 [warning] CommitStore: local write DENIED by trust gate (enforce) doc_uuid=35cc51c0-24d9-4982-8a99-78cabe1c8f25 commit_id=c388607dca471eca421e9ae272213323ac24a233c238db97dbdef3b1696d0e17 reason=:unsigned
02:47:43.802 [error] local node self-trust was not added: node signing public-key artifact is absent — continuing with configured trusted identities
02:47:43.802 [warning] CommitStore: local write DENIED by trust gate (enforce) doc_uuid=1fa9fd82-b6c0-48ad-9841-34ad6ba4b922 commit_id=12f6c3b8e69a5b329fc3ed677e7e7b3c38c51db25120a2460413fa1d31a80908 reason=:unsigned
02:47:43.803 [error] local node self-trust was not added: node signing public-key artifact is absent — continuing with configured trusted identities
02:47:43.803 [warning] CommitStore: local write DENIED by trust gate (enforce) doc_uuid=a0e0c761-0e93-417c-9e4d-00e9fd1306cd commit_id=8c17ada3e2734911ed93d9e5d42cb797df38729131243466e4d2f5b7b17129e5 reason=:unsigned
02:47:43.803 [error] local node self-trust was not added: node signing public-key artifact is absent — continuing with configured trusted identities

DENY OFFERED path, n=200 per arm
  baseline    p50=322us p99=1407us calls=220
  with audit  p50=385us p99=5020us calls=220
  ratio       p50=1.196 p99=3.568
  offered     expected=220 observed=220

.
DENY path, n=200 per arm
  baseline    p50=510us p99=936us
  with audit  p50=528us p99=1859us
  ratio       p50=1.035 p99=1.986

.....02:47:47.699 [warning] EngineModule :look (nil) fell back to last-good/floor: {:runtime_crash, Commonplace.MUD.EngineLook, {:rescue, %FunctionClauseError{module: Commonplace.MUD.EngineLook, function: :run, arity: 2, kind: nil, args: nil, clauses: nil}}}
.....02:47:51.566 [warning] EngineModule :look (nil) fell back to last-good/floor: {:runtime_crash, Commonplace.MUD.EngineLook, {:rescue, %FunctionClauseError{module: Commonplace.MUD.EngineLook, function: :run, arity: 2, kind: nil, args: nil, clauses: nil}}}
.02:47:52.212 [warning] EngineModule :look (nil) fell back to last-good/floor: {:runtime_crash, Commonplace.MUD.EngineLook, {:rescue, %FunctionClauseError{module: Commonplace.MUD.EngineLook, function: :run, arity: 2, kind: nil, args: nil, clauses: nil}}}
.02:47:52.944 [warning] EngineModule :look (nil) fell back to last-good/floor: {:runtime_crash, Commonplace.MUD.EngineLook, {:rescue, %FunctionClauseError{module: Commonplace.MUD.EngineLook, function: :run, arity: 2, kind: nil, args: nil, clauses: nil}}}
...........02:47:53.840 [error] local node self-trust was not added: node signing public-key artifact is absent — continuing with configured trusted identities
.02:47:53.948 [error] local node self-trust was not added: node signing public-key artifact is absent — continuing with configured trusted identities
.02:47:54.026 [error] local node self-trust was not added: node signing public-key artifact is absent — continuing with configured trusted identities
.02:47:54.091 [error] local node self-trust was not added: node signing public-key artifact is absent — continuing with configured trusted identities
.02:47:54.204 [error] local node self-trust was not added: node signing public-key artifact is absent — continuing with configured trusted identities
.02:47:54.296 [error] local node self-trust was not added: node signing public-key artifact is absent — continuing with configured trusted identities
.02:47:54.387 [error] local node self-trust was not added: node signing public-key artifact is absent — continuing with configured trusted identities
............................02:47:56.401 [warning] DocBuilder.reconstruct_doc: chain for doc differential-missing-parent does not reach genesis — oldest fetched commit has a parent_id the store is missing; reconstruction starts mid-chain and content may be silently wrong (CX-vzod)
02:47:56.402 [warning] DocBuilder.reconstruct_doc: chain for doc differential-missing-parent does not reach genesis — oldest fetched commit has a parent_id the store is missing; reconstruction starts mid-chain and content may be silently wrong (CX-vzod)
........AUDIT_STAGE_COUNTERS ordinary_denial_under_cap before=%{guarded: 5, built: 654, offered: 338, boot_id: "9aa3debf893bfa63", entered: 654, offer_events: 337, rate_suppressed: 312, handler_failed: 0} after=%{guarded: 5, built: 655, offered: 339, boot_id: "9aa3debf893bfa63", entered: 655, offer_events: 338, rate_suppressed: 312, handler_failed: 0}
.AUDIT_STAGE_COUNTERS build_payload_raises before=%{guarded: 5, built: 655, offered: 339, boot_id: "9aa3debf893bfa63", entered: 655, offer_events: 338, rate_suppressed: 312, handler_failed: 0} after=%{guarded: 5, built: 655, offered: 339, boot_id: "9aa3debf893bfa63", entered: 656, offer_events: 338, rate_suppressed: 312, handler_failed: 1}
02:47:56.701 [error] Commonplace.Trust.AuditLog: handler failed ({:raised, %BadMapError{term: :measurements_are_not_a_map}}) — SWALLOWED so :telemetry does not detach it. Denial auditing may have lost this record; enforcement is unaffected.     (elixir 1.18.4) lib/map.ex:535: Map.get(:measurements_are_not_a_map, :system_time, nil)
    (commonplace 0.1.0) lib/commonplace/trust/audit_log.ex:314: Commonplace.Trust.AuditLog.build_payload/3
    (commonplace 0.1.0) lib/commonplace/trust/audit_log.ex:204: Commonplace.Trust.AuditLog.handle_event/4
    test/commonplace/trust/audit_log_counter_test.exs:115: Commonplace.Trust.AuditLogCounterTest."test build_payload raise increments handler_failed but not built"/1
    (ex_unit 1.18.4) lib/ex_unit/runner.ex:511: ExUnit.Runner.exec_test/2
    (stdlib 6.2.2.3) timer.erl:595: :timer.tc/2
    (ex_unit 1.18.4) lib/ex_unit/runner.ex:433: anonymous fn/6 in ExUnit.Runner.spawn_test_monitor/4

.AUDIT_STAGE_COUNTERS rate_limit_summary before=%{guarded: 5, built: 655, offered: 339, boot_id: "9aa3debf893bfa63", entered: 656, offer_events: 338, rate_suppressed: 312, handler_failed: 1} after=%{guarded: 5, built: 656, offered: 341, boot_id: "9aa3debf893bfa63", entered: 657, offer_events: 339, rate_suppressed: 312, handler_failed: 1}
.AUDIT_STAGE_COUNTERS past_rate_cap_20 before=%{guarded: 5, built: 656, offered: 341, boot_id: "9aa3debf893bfa63", entered: 657, offer_events: 339, rate_suppressed: 312, handler_failed: 1} after=%{guarded: 5, built: 677, offered: 361, boot_id: "9aa3debf893bfa63", entered: 678, offer_events: 359, rate_suppressed: 313, handler_failed: 1}
.AUDIT_STAGE_COUNTERS audit_log_own_doc before=%{guarded: 5, built: 677, offered: 361, boot_id: "9aa3debf893bfa63", entered: 678, offer_events: 359, rate_suppressed: 313, handler_failed: 1} after=%{guarded: 6, built: 678, offered: 361, boot_id: "9aa3debf893bfa63", entered: 679, offer_events: 359, rate_suppressed: 313, handler_failed: 1}
02:47:56.702 [error] Commonplace.Trust.AuditLog: RECURSION GUARD — a denial of the AUDIT LOG's own doc (f4e8eac8-7bab-5ecd-ad86-e09f3a9ff900) was not enqueued for auditing (that would loop). This means audit writes are themselves being refused: denial auditing is DEGRADED. record=%{"event" => "commonplace.commit.rejected.local_trust", "mode" => :enforce, "reason" => ":unsigned"}
.02:47:56.706 [error] GenServer #PID<0.28079.0> terminating
** (stop) killed
Last message: {:EXIT, #PID<0.28076.0>, :killed}
.........................02:47:56.869 [warning] EngineModule :look ("100ca11b-1004-4e55-9f66-a07788990011") fell back to last-good/floor: {:compile, :not_found}
02:47:56.871 [warning] World.find_presence: AMBIGUOUS presence alice.usr found in 2 rooms (["bb7ec894-60c3-4c07-9ddf-744c00fe0c12", "e616bd1f-69dc-4666-8bd5-26758440c3b6"]) — refusing to pick one
.02:47:56.945 [warning] EngineModule :look ("100ca11b-1004-4e55-9f66-a07788990011") fell back to last-good/floor: {:compile, :not_found}
02:47:56.947 [warning] World.find_presence: AMBIGUOUS presence alice.usr found in 2 rooms (["5e21a3e8-53e5-4a5e-8939-868c9e96e8e5", "ba476f86-0b0d-42cf-a756-6beb9ab696dd"]) — refusing to pick one
.02:47:57.001 [warning] EngineModule :look ("100ca11b-1004-4e55-9f66-a07788990011") fell back to last-good/floor: {:compile, :not_found}
...................02:47:58.500 [warning] CommitStore: local write DENIED by trust gate (enforce) doc_uuid=4cea0c71-f1ff-4491-9b21-4e73af853e89 commit_id=ff0bdfc32297fdb42f8a09a46e41f766717c55c89caec907d1342739e25dcffd reason=:unsigned
................02:47:59.638 [warning] EngineModule :look (nil) fell back to last-good/floor: {:runtime_crash, Commonplace.MUD.EngineLook, {:rescue, %FunctionClauseError{module: Commonplace.MUD.EngineLook, function: :run, arity: 2, kind: nil, args: nil, clauses: nil}}}
..02:48:01.415 [warning] EngineModule :look (nil) fell back to last-good/floor: {:runtime_crash, Commonplace.MUD.EngineLook, {:rescue, %FunctionClauseError{module: Commonplace.MUD.EngineLook, function: :run, arity: 2, kind: nil, args: nil, clauses: nil}}}
...02:48:03.715 [warning] EngineModule :look (nil) fell back to last-good/floor: {:runtime_crash, Commonplace.MUD.EngineLook, {:rescue, %FunctionClauseError{module: Commonplace.MUD.EngineLook, function: :run, arity: 2, kind: nil, args: nil, clauses: nil}}}
02:48:04.066 [warning] EngineModule :look (nil) fell back to last-good/floor: {:runtime_crash, Commonplace.MUD.EngineLook, {:rescue, %FunctionClauseError{module: Commonplace.MUD.EngineLook, function: :run, arity: 2, kind: nil, args: nil, clauses: nil}}}
02:48:04.158 [warning] EngineModule :look (nil) fell back to last-good/floor: {:runtime_crash, Commonplace.MUD.EngineLook, {:rescue, %FunctionClauseError{module: Commonplace.MUD.EngineLook, function: :run, arity: 2, kind: nil, args: nil, clauses: nil}}}
.02:48:05.234 [warning] EngineModule :look (nil) fell back to last-good/floor: {:runtime_crash, Commonplace.MUD.EngineLook, {:rescue, %FunctionClauseError{module: Commonplace.MUD.EngineLook, function: :run, arity: 2, kind: nil, args: nil, clauses: nil}}}
.02:48:06.374 [warning] EngineModule :look (nil) fell back to last-good/floor: {:runtime_crash, Commonplace.MUD.EngineLook, {:rescue, %FunctionClauseError{module: Commonplace.MUD.EngineLook, function: :run, arity: 2, kind: nil, args: nil, clauses: nil}}}
..02:48:08.058 [warning] EngineModule :look (nil) fell back to last-good/floor: {:runtime_crash, Commonplace.MUD.EngineLook, {:rescue, %FunctionClauseError{module: Commonplace.MUD.EngineLook, function: :run, arity: 2, kind: nil, args: nil, clauses: nil}}}
.....02:48:09.435 [warning] CommitStore: local write DENIED by trust gate (enforce) doc_uuid=3da979d1-bc3a-40b4-8069-da96cf692634 commit_id=eafaa2e33892485237358bb831cee9b9f8b0df54eb7dc9c53d536e1cd2156e36 reason=:unsigned
..........02:48:10.699 [warning] CommitStore: local write DENIED by trust gate (enforce) doc_uuid=8447636e-57fe-4fa2-8832-4dda9aa77ba3 commit_id=7efb758ae00c2b654295dad5ced1a5fa8b75da5611a56a2b954987a0fb58ed5b reason=:unsigned
...02:48:11.327 [error] local node self-trust was not added: node signing public-key artifact is absent — continuing with configured trusted identities
02:48:11.329 [error] local node self-trust was not added: node signing public-key artifact is absent — continuing with configured trusted identities
.02:48:11.353 [error] local node self-trust was not added: node signing public-key artifact is absent — continuing with configured trusted identities
02:48:11.355 [error] local node self-trust was not added: node signing public-key artifact is absent — continuing with configured trusted identities
02:48:11.369 [error] local node self-trust was not added: node signing public-key artifact is absent — continuing with configured trusted identities
.02:48:11.378 [error] local node self-trust was not added: node signing public-key artifact is absent — continuing with configured trusted identities
02:48:11.379 [warning] CommitStore: local write would be DENIED by trust gate (dry_run — write still lands) doc_uuid=63f6d0fe-1374-4a40-9d31-51db4d9c21b0 commit_id=721e583e952e5fe7e70d224449621d3d5c906ed011e75d45c7af318750e8d7eb reason=:unsigned
02:48:11.382 [error] local node self-trust was not added: node signing public-key artifact is absent — continuing with configured trusted identities
02:48:11.385 [error] local node self-trust was not added: node signing public-key artifact is absent — continuing with configured trusted identities
.02:48:11.394 [error] local node self-trust was not added: node signing public-key artifact is absent — continuing with configured trusted identities
02:48:11.397 [error] local node self-trust was not added: node signing public-key artifact is absent — continuing with configured trusted identities
02:48:11.399 [error] local node self-trust was not added: node signing public-key artifact is absent — continuing with configured trusted identities
.02:48:11.420 [error] local node self-trust was not added: node signing public-key artifact is absent — continuing with configured trusted identities
02:48:11.421 [warning] CommitStore: local write would be DENIED by trust gate (dry_run — write still lands) doc_uuid=f10b7271-6244-4126-9815-d35cadbd5aa7 commit_id=5b2584c5d8bf6ed241ca26db9f82cbb7d208a6b3801ac2f09bc476b552c43808 reason=:unsigned
02:48:11.422 [error] local node self-trust was not added: node signing public-key artifact is absent — continuing with configured trusted identities
.02:48:11.429 [error] local node self-trust was not added: node signing public-key artifact is absent — continuing with configured trusted identities
02:48:11.429 [warning] CommitStore: local write would be DENIED by trust gate (dry_run — write still lands) doc_uuid=bf0cdd8c-d20a-4ecb-9273-0013c87f0e56 commit_id=db2926de58607cb083577c71665d0f4569339c413ce6b60d09f22500efcce3a7 reason=:unsigned
02:48:11.431 [error] local node self-trust was not added: node signing public-key artifact is absent — continuing with configured trusted identities
.............02:48:11.900 [error] local node self-trust was not added: node signing public-key artifact is absent — continuing with configured trusted identities
02:48:11.903 [error] local node self-trust was not added: node signing public-key artifact is absent — continuing with configured trusted identities
02:48:11.903 [warning] Orchestrator running with a permissive trust config: declared processes (including code docs synced from peers) will auto-execute ungated. Pin identities / set accept_unsigned:false in trust.json for strict gating.
.02:48:12.011 [error] local node self-trust was not added: node signing public-key artifact is absent — continuing with configured trusted identities
02:48:12.013 [error] local node self-trust was not added: node signing public-key artifact is absent — continuing with configured trusted identities
02:48:12.016 [error] local node self-trust was not added: node signing public-key artifact is absent — continuing with configured trusted identities
02:48:12.018 [error] local node self-trust was not added: node signing public-key artifact is absent — continuing with configured trusted identities
02:48:12.019 [warning] Orchestrator running with a permissive trust config: declared processes (including code docs synced from peers) will auto-execute ungated. Pin identities / set accept_unsigned:false in trust.json for strict gating.
02:48:12.019 [error] local node self-trust was not added: node signing public-key artifact is absent — continuing with configured trusted identities
02:48:12.044 [error] Process 79c97613-d6f4-4ff0-b67e-a2f110a9ee75: log capability delegation failed: {:error, {:capability_store_unavailable, {:noproc, {GenServer, :call, [nil, {:store_capability, %Commonplace.Trust.Capability{issuer: {"290d9b4c-4e7c-4a4e-a9ef-1f6e6ea6b29b", <<2, 12, 64, 220, 24, 195, 65, 176, 134, 12, 247, 243, 136, 125, 67, 111, 121, 66, 204, 46, 243, 30, 221, 181, 14, 102, 141, 110, 12, 223, 79, 143>>}, audience: {"79c97613-d6f4-4ff0-b67e-a2f110a9ee75", <<192, 80, 47, 119, 0, 225, 25, 55, 30, 143, 239, 236, 113, 175, 202, 98, 244, 157, 86, 82, 166, 10, 96, 154, 210, 76, 148, 24, 97, 125, 163, 155>>}, claim: %{scope: {:docs, ["dcda8996-0b9d-51de-987e-b4f0c208f528"]}, verbs: [:write], caveats: %{not_before: nil, not_after: nil}}, proof: nil, sig: <<199, 82, 230, 70, 235, 140, 205, 79, 202, 199, 147, 230, 194, 38, 3, 56, 199, 14, 185, 196, 128, 97, 57, 33, 5, 145, 132, 139, 221, 50, 216, 181, ...>>, id: <<193, 8, 222, 240, 134, 175, 143, 147, 243, 14, 231, 5, 30, 73, 82, 102, 245, 41, 146, 82, 32, 44, 6, 76, 182, 233, 173, 175, 27, 26, 198, ...>>}}, 5000]}}}}
02:48:12.097 [warning] flock failed on /tmp/cp_sandbox_393877/__identities__/sleeper.bot: :enoent, proceeding without lock
02:48:12.101 [warning] flock failed on /tmp/cp_sandbox_393877/__processes.json: :enoent, proceeding without lock
02:48:12.183 [warning] flock failed on /tmp/cp_sandbox_393877/__reflog/server/__snapshot: :enoent, proceeding without lock
................................................02:48:18.930 [warning] GhostReaper: ABORTED run (fail-closed, reaped nothing) — {:session_state_unreadable, #PID<0.30726.0>}
.................02:48:20.616 [warning] CommitStore: local write DENIED by trust gate (enforce) doc_uuid=59017335-8077-493f-a27b-4d7644512ea1 commit_id=07f860ebbdc3c2423a62211b463ed72e0b296a7f6468209ad54f7c7b2303601f reason=:capability_insufficient
...02:48:20.773 [warning] CommitStore: local write DENIED by trust gate (enforce) doc_uuid=52fd33b1-1c56-4a38-8d5b-162ecff66575 commit_id=5c21e69c733e58d79102c07c1dea91f3e60ed8466f69bc2c440f75db356e22f0 reason={:untrusted_signer, "2cb1939e-c365-48bc-b3bb-ed447bcfaa6e"}
....02:48:21.118 [warning] CommitStore: local write DENIED by trust gate (enforce) doc_uuid=be1161ca-dedc-496c-bad7-f8f747aa9c78 commit_id=3c2a317e688621c07aed4e14a70e7db06d8661b5df43d4b0f2429fd259fbdab0 reason={:untrusted_signer, "visitor-mallory-566738523"}
.02:48:21.130 [warning] flock failed on /tmp/cp_int_work_505992/checkout_lifecycle/config.txt: :enoent, proceeding without lock
02:48:21.130 [warning] flock failed on /tmp/cp_int_work_505992/checkout_lifecycle/config.txt: :enoent, proceeding without lock
02:48:21.132 [warning] flock failed on /tmp/cp_int_work_505992/checkout_lifecycle/readme.md: :enoent, proceeding without lock
02:48:21.132 [warning] flock failed on /tmp/cp_int_work_505992/checkout_lifecycle/readme.md: :enoent, proceeding without lock
.02:48:21.151 [warning] flock failed on /tmp/cp_int_work_532143/standalone.txt: :enoent, proceeding without lock
02:48:21.151 [warning] flock failed on /tmp/cp_int_work_532143/standalone.txt: :enoent, proceeding without lock
.02:48:21.167 [warning] flock failed on /tmp/cp_int_work_495093/checkout_reroot/a.txt: :enoent, proceeding without lock
02:48:21.167 [warning] flock failed on /tmp/cp_int_work_495093/checkout_reroot/a.txt: :enoent, proceeding without lock
02:48:21.171 [warning] flock failed on /tmp/cp_int_work_495093/checkout_reroot/b.txt: :enoent, proceeding without lock
02:48:21.171 [warning] flock failed on /tmp/cp_int_work_495093/checkout_reroot/b.txt: :enoent, proceeding without lock
.02:48:21.189 [warning] flock failed on /tmp/cp_int_work_176196/checkout_a/shared.txt: :enoent, proceeding without lock
02:48:21.190 [warning] flock failed on /tmp/cp_int_work_176196/checkout_a/shared.txt: :enoent, proceeding without lock
02:48:21.193 [warning] flock failed on /tmp/cp_int_work_176196/checkout_b/shared.txt: :enoent, proceeding without lock
02:48:21.193 [warning] flock failed on /tmp/cp_int_work_176196/checkout_b/shared.txt: :enoent, proceeding without lock
......02:48:21.953 [error] local node self-trust was not added: node signing public-key artifact is absent — continuing with configured trusted identities
...02:48:21.963 [error] local node self-trust was not added: node signing public-key artifact is absent — continuing with configured trusted identities
....02:48:21.996 [warning] CommitStore: doc commit index interrupted (state={:dirty, 1, {:range_scan_seed, <<255, 7, 7, 7, 7, 7, 7, 7, 7, 7, 7, 7, 7, 7, 7, 7, 7, 7, 7, 7, 7, 7, 7, 7, 7, 7, 7, 7, 7, 7, 7, 7>>}}); startup backfill repaired commit_rows=1 doc_uuids=1 removed_index_rows=0 scope=entire_commit_range
...02:48:22.019 [warning] CommitStore: doc commit index interrupted (state={:dirty, 1, {:range_scan_seed, <<255, 255, 255, 255, 255, 255, 255, 255, 255, 255, 255, 255, 255, 255, 255, 255, 255, 255, 255, 255, 255, 255, 255, 255, 255, 255, 255, 255, 255, 255, 255, 255>>}}); startup backfill repaired commit_rows=1 doc_uuids=1 removed_index_rows=0 scope=entire_commit_range
.02:48:22.034 [warning] CommitStore: doc commit index interrupted (state={:dirty, 1, {:range_scan_seed, <<255, 7, 7, 7, 7, 7, 7, 7, 7, 7, 7, 7, 7, 7, 7, 7, 7, 7, 7, 7, 7, 7, 7, 7, 7, 7, 7, 7, 7, 7, 7, 7>>}}); startup backfill repaired commit_rows=6 doc_uuids=1 removed_index_rows=0 scope=entire_commit_range
.02:48:22.043 [warning] CommitStore: doc commit index interrupted (state={:dirty, 1, {:range_scan_seed, <<254, 7, 7, 7, 7, 7, 7, 7, 7, 7, 7, 7, 7, 7, 7, 7, 7, 7, 7, 7, 7, 7, 7, 7, 7, 7, 7, 7, 7, 7, 7, 7>>}}); startup backfill repaired commit_rows=2 doc_uuids=2 removed_index_rows=0 scope=entire_commit_range
.02:48:22.048 [warning] CommitStore: local write DENIED by trust gate (enforce) doc_uuid=3b75f735-1b3b-4b67-875b-aa6f6edc6d76 commit_id=4bd0a978c70f0d5ac872523f47552e82ddf1f5108f29b92f11e1b5cace2b4884 reason=:unsigned
02:48:22.048 [warning] CommitStore: local write DENIED by trust gate (enforce) doc_uuid=bb165f04-c3bc-4e5f-9690-46aa60b93c05 commit_id=43910cbb51979e6b21bfe833305d149c22257686fd2bc2792674148e890888f5 reason=:unsigned
02:48:22.049 [warning] CommitStore: local write DENIED by trust gate (enforce) doc_uuid=7abb9fbf-771e-4aa2-858c-3449f47b7335 commit_id=d4649cf42ec02a560fdf03824c58832fa53bf4b247be2588107b6fec12356d8b reason=:unsigned
02:48:22.049 [warning] CommitStore: local write DENIED by trust gate (enforce) doc_uuid=25d19832-dc75-475a-8580-d69aae27f18e commit_id=eb4e72a747b151debe9739e565bcdae96f8558df3c8bb948a123a4257f282813 reason=:unsigned
02:48:22.049 [warning] CommitStore: local write DENIED by trust gate (enforce) doc_uuid=08c9ffec-1e34-4448-b9ac-a32b4d7c4f7a commit_id=9e4763b2ba7c47f965af49a2ccf5a19df358ab2397501bfa253a7cfbe3cfe09e reason=:unsigned
02:48:22.050 [warning] CommitStore: local write DENIED by trust gate (enforce) doc_uuid=aa1efaa6-519b-419e-9897-d9523d4570cb commit_id=e7f2b0cfedfb687a51be7be261205fdefbabf7f45194b8d6ddcbdb0ee5e5af86 reason=:unsigned
02:48:22.050 [warning] CommitStore: local write DENIED by trust gate (enforce) doc_uuid=afb2269f-15d0-4c67-ab81-ce7a83e0b5bc commit_id=1b059c735aa2e00024c9cf3b92964c3baafa59e1179831c719eb6fb50c6c5df7 reason=:unsigned
CAPTURE_RATE handler_detached %{failed: 0, guarded: 0, emitted: 7, offered: 0, recorded: 0, shed: 0, queued: 0, in_flight: 0, upstream_loss: 7, pre_dispatcher_emitted: 0, capture_rate: 0.0, boot_id: "9aa3debf893bfa63"}
.CAPTURE_RATE idle %{failed: 0, guarded: 0, emitted: 0, offered: 0, recorded: 0, shed: 0, queued: 0, in_flight: 0, upstream_loss: 0, pre_dispatcher_emitted: 0, capture_rate: :not_applicable, boot_id: "9aa3debf893bfa63"}
.02:48:22.063 [warning] CommitStore: local write DENIED by trust gate (enforce) doc_uuid=2c69681a-4acf-4c43-a874-550db56a7f06 commit_id=2cdd1055b140f31e6471b8c79088f2937b649a377dd3de781f2c095fe8908168 reason=:unsigned
02:48:22.063 [warning] CommitStore: local write DENIED by trust gate (enforce) doc_uuid=6657875c-e540-4472-a38d-8878ba7e294d commit_id=2ba5aee0f3f594319fb255a1b76876f0976da8ad527419a783824a2137bf9867 reason=:unsigned
02:48:22.064 [warning] CommitStore: local write DENIED by trust gate (enforce) doc_uuid=b8b8a5a1-2184-4026-b65e-984b027e6050 commit_id=994802a31ee310d3f173ee273db854c81aa7ba9560df6c973cb76e4615fe0db9 reason=:unsigned
02:48:22.064 [warning] CommitStore: local write DENIED by trust gate (enforce) doc_uuid=a2e0b209-d89c-4b54-bf15-221b751c1802 commit_id=57c4915b1fb425da07b255063d0663925f050bb64484372431b2897d4b755403 reason=:unsigned
CAPTURE_RATE late_dispatcher %{failed: 0, guarded: 0, emitted: 1227, offered: 0, recorded: 0, shed: 0, queued: 0, in_flight: 0, upstream_loss: 0, pre_dispatcher_emitted: 1227, capture_rate: :not_applicable, boot_id: "9aa3debf893bfa63"}
.02:48:22.069 [warning] CommitStore: local write DENIED by trust gate (enforce) doc_uuid=3e123073-cfda-419b-a758-c3bf8bd0591c commit_id=1b0d745df50ba13a54655a6d1b6136d430bdb8154aaa87cba81a6888f771497a reason=:unsigned
02:48:22.069 [warning] CommitStore: local write DENIED by trust gate (enforce) doc_uuid=5aec0cc4-e7f9-4566-8d3b-fcce384c5da9 commit_id=b7fd704a549dddd5b3bb631d58ddeef1ff384eb67c19a099322171eb06a2fb1a reason=:unsigned
02:48:22.070 [warning] CommitStore: local write DENIED by trust gate (enforce) doc_uuid=1f062b19-d3df-42e7-a6b1-a70676823480 commit_id=95ea6ff7e896ac7c31fa3a309189548f3acdd3c187e22066618abaac3184d11a reason=:unsigned
CAPTURE_RATE normal %{failed: 0, guarded: 0, emitted: 3, offered: 3, recorded: 3, shed: 0, queued: 0, in_flight: 0, upstream_loss: 0, pre_dispatcher_emitted: 0, capture_rate: 1.0, boot_id: "9aa3debf893bfa63"}
.02:48:22.087 [warning] CommitStore: local write DENIED by trust gate (enforce) doc_uuid=209f63bb-8702-4050-8dde-65be9adf2a9a commit_id=7ef4f26a5372e3640b1a7d609680197eca1a44faa3fc9c6c311deb5e787a6c3c reason=:unsigned
CAPTURE_RATE two_populations %{error: :cross_population_counters, failed: 0, guarded: 0, emitted: 1, offered: 2, recorded: 2, shed: 0, queued: 0, in_flight: 0, pre_dispatcher_emitted: 0, boot_id: "9aa3debf893bfa63", note: "emitted counts local_write denials only; offered counts all audited events"}
.02:48:22.110 [warning] CommitStore: local write DENIED by trust gate (enforce) doc_uuid=a6ed802c-282f-425f-aa91-983fd5852156 commit_id=c75ab63ea4ee789195ca5b0fcdd8efaab968f7d3223268b380e5c07442acf78f reason=:unsigned
02:48:22.110 [warning] CommitStore: local write DENIED by trust gate (enforce) doc_uuid=aa43d50d-8f33-4f3d-a387-330313be0024 commit_id=27f4bb3990a6ccf06f80512f908a575bf571ca971cb88a5312243eca98a62632 reason=:unsigned
02:48:22.111 [warning] CommitStore: local write DENIED by trust gate (enforce) doc_uuid=15b64296-0a0c-4528-aa4f-9a54cc6c8a9d commit_id=80fad0074431cdf4561164b1fd75b2bf2dc687945783f03fd267c87a3fc7cf15 reason=:unsigned
02:48:22.111 [warning] CommitStore: local write DENIED by trust gate (enforce) doc_uuid=cc93ee5b-3a78-470a-9c3d-7e049d91960a commit_id=1c8164d4bd75a2a93aaf85b7c3a9d6aee4db2b04f10a0b30aa32f3f4c6979123 reason=:unsigned
02:48:22.112 [warning] CommitStore: local write DENIED by trust gate (enforce) doc_uuid=f1ef5e4f-90d6-46c6-88b6-9bc8c8bce900 commit_id=b89cdc0a6f07a7ac7136e51a21d53653ab8f8e31955c0a2ff4ce9a9a9974cd4d reason=:unsigned
02:48:22.112 [warning] CommitStore: local write DENIED by trust gate (enforce) doc_uuid=e308ca51-6557-4f6e-a263-20c84ea8236c commit_id=b4d2b9b3573ca37cbb4cf686482e2f4d5df98ecbd4a041bd1cf33fcd2b9d2851 reason=:unsigned
02:48:22.113 [warning] CommitStore: local write DENIED by trust gate (enforce) doc_uuid=a35cb3c1-53b9-48c6-970d-a9dc887ba7c4 commit_id=e4baa8b2f1755ee917b1953821e82642a19cc60e3a03e03bb2575c9e21c32f58 reason=:unsigned
02:48:22.113 [warning] CommitStore: local write DENIED by trust gate (enforce) doc_uuid=f28a1786-a9e1-4bbf-a83b-59899d78b7a4 commit_id=1be783e38311a89046663e6cd5abbbbe49824ddba9cfb2b34a177715b24d096d reason=:unsigned
02:48:22.114 [warning] CommitStore: local write DENIED by trust gate (enforce) doc_uuid=02239173-4e26-4ea6-942d-3edd69637d8f commit_id=9b2d61c9f8a785ecb8801dd4cd2abf8365c4d37ddefcf6ce23674d58ecbcf431 reason=:unsigned
02:48:22.114 [warning] CommitStore: local write DENIED by trust gate (enforce) doc_uuid=a803410a-8e66-4dde-ad5e-28c4b61bd005 commit_id=c985d74bc817c237bb6f65f575aae2e791fc7080c15d7844770c3c09021c7aac reason=:unsigned
02:48:22.115 [warning] CommitStore: local write DENIED by trust gate (enforce) doc_uuid=a8ab8a1d-ac1f-4114-a1fc-dccbb00069cf commit_id=09dfda170aa5fa6e0d5c5c6fcb84a257ab9fe4df24a94129d50dc07f60dccd32 reason=:unsigned
02:48:22.115 [warning] CommitStore: local write DENIED by trust gate (enforce) doc_uuid=429a51d7-5429-4416-b628-d317ad25bc72 commit_id=b3449d60569e7e2305fa2683ac38e385ac28bb1999982cbf4d37966aa701bc33 reason=:unsigned
02:48:22.116 [warning] CommitStore: local write DENIED by trust gate (enforce) doc_uuid=8ff89875-c0ec-4305-8ad9-59b4d2ef6e57 commit_id=9d439f75c8303446d9460ec3fdd65210631071aa9085017a0119bf55bbd7f620 reason=:unsigned
02:48:22.116 [warning] CommitStore: local write DENIED by trust gate (enforce) doc_uuid=0e371795-09a3-4a42-93ae-e57696767665 commit_id=c4300a9b365184985c2a9d4a518c1fab4b50e30c208bd41a4dbebd59220c08f7 reason=:unsigned
02:48:22.117 [warning] CommitStore: local write DENIED by trust gate (enforce) doc_uuid=c032f590-0999-498b-8aa8-ff7ef33f6eb7 commit_id=361d5e221d6100446f24e453a4736380567d402d8ad7786d9c5e2a9edeb47f2a reason=:unsigned
02:48:22.117 [warning] CommitStore: local write DENIED by trust gate (enforce) doc_uuid=8e87f674-f3e2-481a-a8e8-efb2f8cf2ebe commit_id=3451919ee8624e92dea8ef38b69bff262a8b19fe6b1e433986044b471de8f858 reason=:unsigned
02:48:22.118 [warning] CommitStore: local write DENIED by trust gate (enforce) doc_uuid=4f264eb5-594f-477f-aa2e-7b04481ce23a commit_id=6c5bd9c8c104d6f3bec8ce349cc75a2722a636c35a4d12e9f0620e3627d05136 reason=:unsigned
02:48:22.118 [warning] CommitStore: local write DENIED by trust gate (enforce) doc_uuid=879c74ef-283b-44e4-93fd-4085751a6c87 commit_id=01fa200644cb72b3e3c762ec78793186fcf86ae627bb46505a7e6b73bb9edc5a reason=:unsigned
02:48:22.118 [warning] CommitStore: local write DENIED by trust gate (enforce) doc_uuid=2002c401-4c40-433e-83d0-ceffee3b2aa5 commit_id=d2b5e9d4ad111d9813b4d7f16f4a8678ccb1cedf5f8c8ad1c5fcae028c22daa5 reason=:unsigned
02:48:22.120 [warning] CommitStore: local write DENIED by trust gate (enforce) doc_uuid=0fea0532-206d-4efe-aa08-ffbfa0996af2 commit_id=eb3c86a885caaae7b9152724897510b9b1efd512312702c3330eb75eec1b3c2e reason=:unsigned
02:48:22.122 [warning] CommitStore: local write DENIED by trust gate (enforce) doc_uuid=812ad112-04bb-4c96-99df-6bc81c14e403 commit_id=4367d6230594ec388c601537b157e7c77e91978965b916f8186c89682b010a41 reason=:unsigned
02:48:22.122 [warning] CommitStore: local write DENIED by trust gate (enforce) doc_uuid=bf1e43b3-fab5-421e-bdc7-f5ec1976c498 commit_id=12fc5d66723898147c508fad2f00162ac594d112585c2317ea7ba6d4fa2096ba reason=:unsigned
02:48:22.127 [warning] CommitStore: local write DENIED by trust gate (enforce) doc_uuid=bc57c100-4e7e-4533-ab0f-5964a85daeb6 commit_id=5c336b9cd85fe7a5d8d535d76fd56cfdb43d31c229d62d88a195f53a545fc6ec reason=:unsigned
02:48:22.127 [warning] CommitStore: local write DENIED by trust gate (enforce) doc_uuid=871c6fb0-146f-492a-8f38-f0b21ad34710 commit_id=5feb7e8d4d334a4b62e14442a9e3244aac17f68d134137070b2bad416a7e55f8 reason=:unsigned
02:48:22.128 [warning] CommitStore: local write DENIED by trust gate (enforce) doc_uuid=fb8f245e-b0fe-4639-b587-732daeae34c7 commit_id=d6cf82d48f0d3a431ff47facbfdbd6dde3aa6352ff82b874e984e0b9663d30f9 reason=:unsigned
CAPTURE_RATE rate_limited %{failed: 0, guarded: 0, emitted: 25, offered: 20, recorded: 20, shed: 0, queued: 0, in_flight: 0, upstream_loss: 5, pre_dispatcher_emitted: 0, capture_rate: 0.8, boot_id: "9aa3debf893bfa63"}
.............02:48:22.246 [warning] CommitStore: local write DENIED by trust gate (enforce) doc_uuid=d0a11ec6-c722-4e1d-9913-e6c8e80b1b63 commit_id=59aa94cd426934f2abceda24c2938f333aee5067f180f16ededb2db242a38b5f reason={:untrusted_signer, "898a1707-51d3-4e2a-a02d-0d3a0596714f"}
02:48:22.256 [warning] CommitStore: local write DENIED by trust gate (enforce) doc_uuid=7f776520-3b2a-486a-a2cc-53b9781eb6ed commit_id=e9b3f94c2f2e3ad654a717a6a29946911ad18a5de2783715ca20b9cb6b9d919f reason=:capability_insufficient
02:48:23.766 [warning] CommitStore: local write DENIED by trust gate (enforce) doc_uuid=d0a11ec6-c722-4e1d-9913-e6c8e80b1b63 commit_id=a396c7561c71a7c0b430cf961b4400e0a421b0cdf34d6e17d71a224d848657d5 reason=:expired
02:48:23.773 [warning] CommitStore: local write DENIED by trust gate (enforce) doc_uuid=d0a11ec6-c722-4e1d-9913-e6c8e80b1b63 commit_id=702de263832428dbf663c7c914446889d3a0ba65389f5f2270ed9921e59db09d reason=:revoked
02:48:23.776 [warning] CommitStore: local write DENIED by trust gate (enforce) doc_uuid=f11e0dec-fa62-49ae-9c28-789dd8e8c75d commit_id=c144356b03ccf9adb576b2992789dee93c1cf3d77584f45daab7a2208d1fd260 reason={:untrusted_signer, "898a1707-51d3-4e2a-a02d-0d3a0596714f"}
.02:48:23.787 [warning] flock failed on /tmp/cp_export_out_720527/hello.txt: :enoent, proceeding without lock
..02:48:23.815 [warning] flock failed on /tmp/cp_export_out_868772/mid/deep/leaf.txt: :enoent, proceeding without lock
.02:48:23.829 [warning] flock failed on /tmp/cp_export_out_667157/subdir/nested.txt: :enoent, proceeding without lock
.02:48:23.846 [warning] flock failed on /tmp/cp_export_out_793347/config.json: :enoent, proceeding without lock
02:48:23.849 [warning] flock failed on /tmp/cp_export_out_793347/readme.txt: :enoent, proceeding without lock
02:48:23.852 [warning] flock failed on /tmp/cp_export_out_793347/sub/inner.txt: :enoent, proceeding without lock
.02:48:23.866 [warning] flock failed on /tmp/cp_export_out_855414/a.txt: :enoent, proceeding without lock
02:48:23.868 [warning] flock failed on /tmp/cp_export_out_855414/b.txt: :enoent, proceeding without lock
.02:48:23.879 [warning] flock failed on /tmp/cp_export_out_654995/file.txt: :enoent, proceeding without lock
.....................02:48:34.979 [warning] CommitStore: local write DENIED by trust gate (enforce) doc_uuid=e58b6040-10bc-4687-a231-41022d20ac00 commit_id=24dd848825847eee3f4ee7c6c50c0a916bd7f2ea83cb33bcca8b6530da2f8293 reason=:capability_insufficient
.02:48:34.993 [warning] CommitStore: local write DENIED by trust gate (enforce) doc_uuid=60235f69-a7bf-4314-a25b-464d5fa21f7b commit_id=4e9ce535b72ad6e80cddb73dbac63af7f8be9e3e149e82f230b0d2a19456df63 reason={:untrusted_signer, "2f2be215-a46e-4f8d-b31a-285948b1d138"}
..02:48:35.026 [warning] CommitStore: local write DENIED by trust gate (enforce) doc_uuid=3ffc864a-69cf-42f6-98bd-b12a81262ba1 commit_id=ff6302e629e9181f2aac5f657b01d287864bb15d59a3e0f3de5c7102511f0575 reason={:untrusted_signer, "dde297e0-6818-435e-af26-bc1c4b3a45af"}
............................02:48:37.222 [warning] Orchestrator running with a permissive trust config: declared processes (including code docs synced from peers) will auto-execute ungated. Pin identities / set accept_unsigned:false in trust.json for strict gating.
02:48:37.347 [error] Process 42277851-6e1a-4993-a2ed-614f85f70520: log capability delegation failed: {:error, {:capability_store_unavailable, {:noproc, {GenServer, :call, [nil, {:store_capability, %Commonplace.Trust.Capability{issuer: {"37b9ee1d-2de3-4418-9e70-8b850575eb9f", <<83, 82, 228, 6, 228, 128, 203, 149, 83, 155, 144, 56, 1, 4, 212, 202, 13, 62, 25, 172, 29, 70, 200, 72, 0, 99, 243, 68, 89, 191, 146, 129>>}, audience: {"42277851-6e1a-4993-a2ed-614f85f70520", <<193, 165, 103, 118, 226, 190, 71, 240, 9, 242, 10, 169, 173, 45, 145, 199, 70, 110, 5, 0, 154, 160, 29, 241, 47, 203, 213, 76, 91, 14, 189, 88>>}, claim: %{scope: {:docs, ["a48d2e53-ddd8-51fc-94cd-939d56431a10"]}, verbs: [:write], caveats: %{not_before: nil, not_after: nil}}, proof: nil, sig: <<62, 86, 183, 116, 88, 72, 216, 82, 89, 234, 12, 250, 72, 32, 0, 83, 77, 241, 2, 116, 89, 219, 217, 219, 115, 103, 181, 166, 173, 239, 247, 16, ...>>, id: <<7, 108, 43, 102, 115, 84, 206, 57, 10, 118, 0, 167, 130, 111, 208, 162, 86, 3, 202, 9, 132, 142, 221, 150, 79, 145, 116, 192, 104, 141, 140, ...>>}}, 5000]}}}}
02:48:37.496 [error] Process 42277851-6e1a-4993-a2ed-614f85f70520: log capability delegation failed: {:error, {:capability_store_unavailable, {:noproc, {GenServer, :call, [nil, {:store_capability, %Commonplace.Trust.Capability{issuer: {"37b9ee1d-2de3-4418-9e70-8b850575eb9f", <<83, 82, 228, 6, 228, 128, 203, 149, 83, 155, 144, 56, 1, 4, 212, 202, 13, 62, 25, 172, 29, 70, 200, 72, 0, 99, 243, 68, 89, 191, 146, 129>>}, audience: {"42277851-6e1a-4993-a2ed-614f85f70520", <<193, 165, 103, 118, 226, 190, 71, 240, 9, 242, 10, 169, 173, 45, 145, 199, 70, 110, 5, 0, 154, 160, 29, 241, 47, 203, 213, 76, 91, 14, 189, 88>>}, claim: %{scope: {:docs, ["a48d2e53-ddd8-51fc-94cd-939d56431a10"]}, verbs: [:write], caveats: %{not_before: nil, not_after: nil}}, proof: nil, sig: <<62, 86, 183, 116, 88, 72, 216, 82, 89, 234, 12, 250, 72, 32, 0, 83, 77, 241, 2, 116, 89, 219, 217, 219, 115, 103, 181, 166, 173, 239, 247, 16, ...>>, id: <<7, 108, 43, 102, 115, 84, 206, 57, 10, 118, 0, 167, 130, 111, 208, 162, 86, 3, 202, 9, 132, 142, 221, 150, 79, 145, 116, 192, 104, 141, 140, ...>>}}, 5000]}}}}
02:48:37.604 [error] Process 42277851-6e1a-4993-a2ed-614f85f70520: log capability delegation failed: {:error, {:capability_store_unavailable, {:noproc, {GenServer, :call, [nil, {:store_capability, %Commonplace.Trust.Capability{issuer: {"37b9ee1d-2de3-4418-9e70-8b850575eb9f", <<83, 82, 228, 6, 228, 128, 203, 149, 83, 155, 144, 56, 1, 4, 212, 202, 13, 62, 25, 172, 29, 70, 200, 72, 0, 99, 243, 68, 89, 191, 146, 129>>}, audience: {"42277851-6e1a-4993-a2ed-614f85f70520", <<193, 165, 103, 118, 226, 190, 71, 240, 9, 242, 10, 169, 173, 45, 145, 199, 70, 110, 5, 0, 154, 160, 29, 241, 47, 203, 213, 76, 91, 14, 189, 88>>}, claim: %{scope: {:docs, ["a48d2e53-ddd8-51fc-94cd-939d56431a10"]}, verbs: [:write], caveats: %{not_before: nil, not_after: nil}}, proof: nil, sig: <<62, 86, 183, 116, 88, 72, 216, 82, 89, 234, 12, 250, 72, 32, 0, 83, 77, 241, 2, 116, 89, 219, 217, 219, 115, 103, 181, 166, 173, 239, 247, 16, ...>>, id: <<7, 108, 43, 102, 115, 84, 206, 57, 10, 118, 0, 167, 130, 111, 208, 162, 86, 3, 202, 9, 132, 142, 221, 150, 79, 145, 116, 192, 104, 141, 140, ...>>}}, 5000]}}}}
02:48:37.749 [error] Process 42277851-6e1a-4993-a2ed-614f85f70520: log capability delegation failed: {:error, {:capability_store_unavailable, {:noproc, {GenServer, :call, [nil, {:store_capability, %Commonplace.Trust.Capability{issuer: {"37b9ee1d-2de3-4418-9e70-8b850575eb9f", <<83, 82, 228, 6, 228, 128, 203, 149, 83, 155, 144, 56, 1, 4, 212, 202, 13, 62, 25, 172, 29, 70, 200, 72, 0, 99, 243, 68, 89, 191, 146, 129>>}, audience: {"42277851-6e1a-4993-a2ed-614f85f70520", <<193, 165, 103, 118, 226, 190, 71, 240, 9, 242, 10, 169, 173, 45, 145, 199, 70, 110, 5, 0, 154, 160, 29, 241, 47, 203, 213, 76, 91, 14, 189, 88>>}, claim: %{scope: {:docs, ["a48d2e53-ddd8-51fc-94cd-939d56431a10"]}, verbs: [:write], caveats: %{not_before: nil, not_after: nil}}, proof: nil, sig: <<62, 86, 183, 116, 88, 72, 216, 82, 89, 234, 12, 250, 72, 32, 0, 83, 77, 241, 2, 116, 89, 219, 217, 219, 115, 103, 181, 166, 173, 239, 247, 16, ...>>, id: <<7, 108, 43, 102, 115, 84, 206, 57, 10, 118, 0, 167, 130, 111, 208, 162, 86, 3, 202, 9, 132, 142, 221, 150, 79, 145, 116, 192, 104, 141, 140, ...>>}}, 5000]}}}}
.02:48:37.846 [warning] Orchestrator running with a permissive trust config: declared processes (including code docs synced from peers) will auto-execute ungated. Pin identities / set accept_unsigned:false in trust.json for strict gating.
02:48:37.967 [error] Process 089a0253-f6bd-4b89-bef6-5e72641f1226: log capability delegation failed: {:error, {:capability_store_unavailable, {:noproc, {GenServer, :call, [nil, {:store_capability, %Commonplace.Trust.Capability{issuer: {"37b9ee1d-2de3-4418-9e70-8b850575eb9f", <<83, 82, 228, 6, 228, 128, 203, 149, 83, 155, 144, 56, 1, 4, 212, 202, 13, 62, 25, 172, 29, 70, 200, 72, 0, 99, 243, 68, 89, 191, 146, 129>>}, audience: {"089a0253-f6bd-4b89-bef6-5e72641f1226", <<134, 249, 185, 117, 7, 171, 73, 239, 73, 142, 254, 229, 204, 145, 20, 108, 135, 69, 36, 94, 68, 182, 135, 2, 14, 74, 61, 98, 101, 144, 118, 113>>}, claim: %{scope: {:docs, ["369ee911-cf05-587c-ae88-790a82affccd"]}, verbs: [:write], caveats: %{not_before: nil, not_after: nil}}, proof: nil, sig: <<88, 222, 190, 133, 97, 108, 138, 62, 232, 249, 208, 218, 241, 47, 207, 157, 107, 213, 186, 218, 56, 185, 101, 219, 220, 190, 133, 60, 31, 203, 40, 241, ...>>, id: <<235, 120, 144, 125, 112, 203, 176, 94, 226, 125, 234, 91, 145, 250, 187, 166, 141, 80, 206, 128, 170, 131, 29, 228, 145, 97, 72, 33, 230, 241, 188, ...>>}}, 5000]}}}}
02:48:38.106 [error] Process 089a0253-f6bd-4b89-bef6-5e72641f1226: log capability delegation failed: {:error, {:capability_store_unavailable, {:noproc, {GenServer, :call, [nil, {:store_capability, %Commonplace.Trust.Capability{issuer: {"37b9ee1d-2de3-4418-9e70-8b850575eb9f", <<83, 82, 228, 6, 228, 128, 203, 149, 83, 155, 144, 56, 1, 4, 212, 202, 13, 62, 25, 172, 29, 70, 200, 72, 0, 99, 243, 68, 89, 191, 146, 129>>}, audience: {"089a0253-f6bd-4b89-bef6-5e72641f1226", <<134, 249, 185, 117, 7, 171, 73, 239, 73, 142, 254, 229, 204, 145, 20, 108, 135, 69, 36, 94, 68, 182, 135, 2, 14, 74, 61, 98, 101, 144, 118, 113>>}, claim: %{scope: {:docs, ["369ee911-cf05-587c-ae88-790a82affccd"]}, verbs: [:write], caveats: %{not_before: nil, not_after: nil}}, proof: nil, sig: <<88, 222, 190, 133, 97, 108, 138, 62, 232, 249, 208, 218, 241, 47, 207, 157, 107, 213, 186, 218, 56, 185, 101, 219, 220, 190, 133, 60, 31, 203, 40, 241, ...>>, id: <<235, 120, 144, 125, 112, 203, 176, 94, 226, 125, 234, 91, 145, 250, 187, 166, 141, 80, 206, 128, 170, 131, 29, 228, 145, 97, 72, 33, 230, 241, 188, ...>>}}, 5000]}}}}
02:48:38.211 [error] Process 089a0253-f6bd-4b89-bef6-5e72641f1226: log capability delegation failed: {:error, {:capability_store_unavailable, {:noproc, {GenServer, :call, [nil, {:store_capability, %Commonplace.Trust.Capability{issuer: {"37b9ee1d-2de3-4418-9e70-8b850575eb9f", <<83, 82, 228, 6, 228, 128, 203, 149, 83, 155, 144, 56, 1, 4, 212, 202, 13, 62, 25, 172, 29, 70, 200, 72, 0, 99, 243, 68, 89, 191, 146, 129>>}, audience: {"089a0253-f6bd-4b89-bef6-5e72641f1226", <<134, 249, 185, 117, 7, 171, 73, 239, 73, 142, 254, 229, 204, 145, 20, 108, 135, 69, 36, 94, 68, 182, 135, 2, 14, 74, 61, 98, 101, 144, 118, 113>>}, claim: %{scope: {:docs, ["369ee911-cf05-587c-ae88-790a82affccd"]}, verbs: [:write], caveats: %{not_before: nil, not_after: nil}}, proof: nil, sig: <<88, 222, 190, 133, 97, 108, 138, 62, 232, 249, 208, 218, 241, 47, 207, 157, 107, 213, 186, 218, 56, 185, 101, 219, 220, 190, 133, 60, 31, 203, 40, 241, ...>>, id: <<235, 120, 144, 125, 112, 203, 176, 94, 226, 125, 234, 91, 145, 250, 187, 166, 141, 80, 206, 128, 170, 131, 29, 228, 145, 97, 72, 33, 230, 241, 188, ...>>}}, 5000]}}}}
02:48:38.348 [error] Process 089a0253-f6bd-4b89-bef6-5e72641f1226: log capability delegation failed: {:error, {:capability_store_unavailable, {:noproc, {GenServer, :call, [nil, {:store_capability, %Commonplace.Trust.Capability{issuer: {"37b9ee1d-2de3-4418-9e70-8b850575eb9f", <<83, 82, 228, 6, 228, 128, 203, 149, 83, 155, 144, 56, 1, 4, 212, 202, 13, 62, 25, 172, 29, 70, 200, 72, 0, 99, 243, 68, 89, 191, 146, 129>>}, audience: {"089a0253-f6bd-4b89-bef6-5e72641f1226", <<134, 249, 185, 117, 7, 171, 73, 239, 73, 142, 254, 229, 204, 145, 20, 108, 135, 69, 36, 94, 68, 182, 135, 2, 14, 74, 61, 98, 101, 144, 118, 113>>}, claim: %{scope: {:docs, ["369ee911-cf05-587c-ae88-790a82affccd"]}, verbs: [:write], caveats: %{not_before: nil, not_after: nil}}, proof: nil, sig: <<88, 222, 190, 133, 97, 108, 138, 62, 232, 249, 208, 218, 241, 47, 207, 157, 107, 213, 186, 218, 56, 185, 101, 219, 220, 190, 133, 60, 31, 203, 40, 241, ...>>, id: <<235, 120, 144, 125, 112, 203, 176, 94, 226, 125, 234, 91, 145, 250, 187, 166, 141, 80, 206, 128, 170, 131, 29, 228, 145, 97, 72, 33, 230, 241, 188, ...>>}}, 5000]}}}}
02:48:38.452 [error] Process 089a0253-f6bd-4b89-bef6-5e72641f1226: log capability delegation failed: {:error, {:capability_store_unavailable, {:noproc, {GenServer, :call, [nil, {:store_capability, %Commonplace.Trust.Capability{issuer: {"37b9ee1d-2de3-4418-9e70-8b850575eb9f", <<83, 82, 228, 6, 228, 128, 203, 149, 83, 155, 144, 56, 1, 4, 212, 202, 13, 62, 25, 172, 29, 70, 200, 72, 0, 99, 243, 68, 89, 191, 146, 129>>}, audience: {"089a0253-f6bd-4b89-bef6-5e72641f1226", <<134, 249, 185, 117, 7, 171, 73, 239, 73, 142, 254, 229, 204, 145, 20, 108, 135, 69, 36, 94, 68, 182, 135, 2, 14, 74, 61, 98, 101, 144, 118, 113>>}, claim: %{scope: {:docs, ["369ee911-cf05-587c-ae88-790a82affccd"]}, verbs: [:write], caveats: %{not_before: nil, not_after: nil}}, proof: nil, sig: <<88, 222, 190, 133, 97, 108, 138, 62, 232, 249, 208, 218, 241, 47, 207, 157, 107, 213, 186, 218, 56, 185, 101, 219, 220, 190, 133, 60, 31, 203, 40, 241, ...>>, id: <<235, 120, 144, 125, 112, 203, 176, 94, 226, 125, 234, 91, 145, 250, 187, 166, 141, 80, 206, 128, 170, 131, 29, 228, 145, 97, 72, 33, 230, 241, 188, ...>>}}, 5000]}}}}
.02:48:38.460 [error] local node self-trust was not added: node signing public-key artifact is absent — continuing with configured trusted identities
.02:48:38.497 [error] local node self-trust was not added: node signing public-key artifact is absent — continuing with configured trusted identities
.02:48:38.525 [error] local node self-trust was not added: node signing public-key artifact is absent — continuing with configured trusted identities
.02:48:38.554 [error] local node self-trust was not added: node signing public-key artifact is absent — continuing with configured trusted identities
.......warning: found quoted keyword "worker" but the quotes are not required. Note that keywords are always atoms, even when quoted. Similar to atoms, keywords made exclusively of ASCII letters, numbers, and underscores and not beginning with a number do not require quotes
└─ nofile:1:2

warning: found quoted keyword "command" but the quotes are not required. Note that keywords are always atoms, even when quoted. Similar to atoms, keywords made exclusively of ASCII letters, numbers, and underscores and not beginning with a number do not require quotes
└─ nofile:1:13

warning: found quoted keyword "mode" but the quotes are not required. Note that keywords are always atoms, even when quoted. Similar to atoms, keywords made exclusively of ASCII letters, numbers, and underscores and not beginning with a number do not require quotes
└─ nofile:1:35

...........................02:48:38.812 [error] local node self-trust was not added: node signing public-key artifact is absent — continuing with configured trusted identities
02:48:38.815 [error] local node self-trust was not added: node signing public-key artifact is absent — continuing with configured trusted identities
02:48:38.817 [error] local node self-trust was not added: node signing public-key artifact is absent — continuing with configured trusted identities
02:48:38.819 [error] local node self-trust was not added: node signing public-key artifact is absent — continuing with configured trusted identities
02:48:38.820 [error] local node self-trust was not added: node signing public-key artifact is absent — continuing with configured trusted identities
02:48:38.822 [error] local node self-trust was not added: node signing public-key artifact is absent — continuing with configured trusted identities
02:48:38.824 [error] local node self-trust was not added: node signing public-key artifact is absent — continuing with configured trusted identities
02:48:38.826 [error] local node self-trust was not added: node signing public-key artifact is absent — continuing with configured trusted identities
02:48:38.828 [error] local node self-trust was not added: node signing public-key artifact is absent — continuing with configured trusted identities
02:48:38.830 [error] local node self-trust was not added: node signing public-key artifact is absent — continuing with configured trusted identities
02:48:38.832 [error] local node self-trust was not added: node signing public-key artifact is absent — continuing with configured trusted identities
02:48:38.834 [error] local node self-trust was not added: node signing public-key artifact is absent — continuing with configured trusted identities
02:48:38.836 [error] local node self-trust was not added: node signing public-key artifact is absent — continuing with configured trusted identities
.02:48:38.845 [error] local node self-trust was not added: node signing public-key artifact is absent — continuing with configured trusted identities
02:48:38.847 [error] local node self-trust was not added: node signing public-key artifact is absent — continuing with configured trusted identities
02:48:38.849 [error] local node self-trust was not added: node signing public-key artifact is absent — continuing with configured trusted identities
.02:48:38.856 [error] local node self-trust was not added: node signing public-key artifact is absent — continuing with configured trusted identities
.02:48:38.865 [error] local node self-trust was not added: node signing public-key artifact is absent — continuing with configured trusted identities
02:48:38.867 [error] local node self-trust was not added: node signing public-key artifact is absent — continuing with configured trusted identities
02:48:38.869 [error] local node self-trust was not added: node signing public-key artifact is absent — continuing with configured trusted identities
.02:48:38.880 [error] local node self-trust was not added: node signing public-key artifact is absent — continuing with configured trusted identities
02:48:38.882 [error] local node self-trust was not added: node signing public-key artifact is absent — continuing with configured trusted identities
02:48:38.885 [error] local node self-trust was not added: node signing public-key artifact is absent — continuing with configured trusted identities
.02:48:38.900 [error] local node self-trust was not added: node signing public-key artifact is absent — continuing with configured trusted identities
02:48:38.903 [error] local node self-trust was not added: node signing public-key artifact is absent — continuing with configured trusted identities
02:48:38.906 [error] local node self-trust was not added: node signing public-key artifact is absent — continuing with configured trusted identities
.02:48:38.916 [error] local node self-trust was not added: node signing public-key artifact is absent — continuing with configured trusted identities
02:48:38.918 [error] local node self-trust was not added: node signing public-key artifact is absent — continuing with configured trusted identities
02:48:38.921 [error] local node self-trust was not added: node signing public-key artifact is absent — continuing with configured trusted identities
.02:48:38.930 [error] local node self-trust was not added: node signing public-key artifact is absent — continuing with configured trusted identities
02:48:38.932 [error] local node self-trust was not added: node signing public-key artifact is absent — continuing with configured trusted identities
02:48:38.936 [error] local node self-trust was not added: node signing public-key artifact is absent — continuing with configured trusted identities
02:48:38.938 [error] local node self-trust was not added: node signing public-key artifact is absent — continuing with configured trusted identities
02:48:38.940 [error] local node self-trust was not added: node signing public-key artifact is absent — continuing with configured trusted identities
.02:48:38.949 [error] local node self-trust was not added: node signing public-key artifact is absent — continuing with configured trusted identities
02:48:38.951 [error] local node self-trust was not added: node signing public-key artifact is absent — continuing with configured trusted identities
02:48:38.953 [error] local node self-trust was not added: node signing public-key artifact is absent — continuing with configured trusted identities
02:48:38.955 [error] local node self-trust was not added: node signing public-key artifact is absent — continuing with configured trusted identities
02:48:38.957 [error] local node self-trust was not added: node signing public-key artifact is absent — continuing with configured trusted identities
.02:48:38.967 [error] local node self-trust was not added: node signing public-key artifact is absent — continuing with configured trusted identities
02:48:38.969 [error] local node self-trust was not added: node signing public-key artifact is absent — continuing with configured trusted identities
02:48:38.972 [error] local node self-trust was not added: node signing public-key artifact is absent — continuing with configured trusted identities
02:48:38.974 [error] local node self-trust was not added: node signing public-key artifact is absent — continuing with configured trusted identities
02:48:38.977 [error] local node self-trust was not added: node signing public-key artifact is absent — continuing with configured trusted identities
.02:48:38.987 [error] local node self-trust was not added: node signing public-key artifact is absent — continuing with configured trusted identities
02:48:38.989 [error] local node self-trust was not added: node signing public-key artifact is absent — continuing with configured trusted identities
02:48:38.991 [error] local node self-trust was not added: node signing public-key artifact is absent — continuing with configured trusted identities
02:48:38.996 [error] local node self-trust was not added: node signing public-key artifact is absent — continuing with configured trusted identities
02:48:39.000 [error] local node self-trust was not added: node signing public-key artifact is absent — continuing with configured trusted identities
02:48:39.003 [error] local node self-trust was not added: node signing public-key artifact is absent — continuing with configured trusted identities
02:48:39.006 [error] local node self-trust was not added: node signing public-key artifact is absent — continuing with configured trusted identities
02:48:39.010 [error] local node self-trust was not added: node signing public-key artifact is absent — continuing with configured trusted identities
02:48:39.013 [error] local node self-trust was not added: node signing public-key artifact is absent — continuing with configured trusted identities
.02:48:39.025 [error] local node self-trust was not added: node signing public-key artifact is absent — continuing with configured trusted identities
02:48:39.029 [error] local node self-trust was not added: node signing public-key artifact is absent — continuing with configured trusted identities
02:48:39.031 [error] local node self-trust was not added: node signing public-key artifact is absent — continuing with configured trusted identities
02:48:39.036 [error] local node self-trust was not added: node signing public-key artifact is absent — continuing with configured trusted identities
02:48:39.039 [error] local node self-trust was not added: node signing public-key artifact is absent — continuing with configured trusted identities
02:48:39.042 [error] local node self-trust was not added: node signing public-key artifact is absent — continuing with configured trusted identities
02:48:39.045 [error] local node self-trust was not added: node signing public-key artifact is absent — continuing with configured trusted identities
02:48:39.047 [error] local node self-trust was not added: node signing public-key artifact is absent — continuing with configured trusted identities
02:48:39.050 [error] local node self-trust was not added: node signing public-key artifact is absent — continuing with configured trusted identities
..02:48:39.106 [warning] CommitStore: local write DENIED by trust gate (enforce) doc_uuid=b7321ae8-24b7-461a-bcfc-a9fb5954faf7 commit_id=562c96f3864550dea1c096ab91bb7dec119d6046ad06f1c62bb638a4ff62c21c reason={:untrusted_signer, "ba679881-8c53-42d2-8047-ed34b829b224"}
02:48:39.106 [error] Bursar: red-log DOC CREATION refused ({:trust_rejected, {:untrusted_signer, "ba679881-8c53-42d2-8047-ed34b829b224"}}) — no schema entry was written, so nothing points at the commit-less doc. Custody enforcement continues; EVENT LOGGING IS DEGRADED until the write path accepts this writer.
.02:48:39.127 [warning] CommitStore: local write DENIED by trust gate (enforce) doc_uuid=c7ad10cc-cbb0-4b22-86cc-8d021f03a876 commit_id=494288add97d021d4562093bcbace5ef066650a33b3a4e52531bc6c17aa9a674 reason={:untrusted_signer, "fa80c5f6-09b6-46f6-8df8-accd46e7e36e"}
02:48:39.127 [warning] Bursar: red-log write failed event=acquire path="ephemeral.txt" reason={:trust_rejected, {:untrusted_signer, "fa80c5f6-09b6-46f6-8df8-accd46e7e36e"}}
.02:48:39.159 [warning] Orchestrator running with a permissive trust config: declared processes (including code docs synced from peers) will auto-execute ungated. Pin identities / set accept_unsigned:false in trust.json for strict gating.
02:48:39.285 [error] Process 880e92d2-457f-4901-aaf3-41a69374da40: log capability delegation failed: {:error, {:capability_store_unavailable, {:noproc, {GenServer, :call, [nil, {:store_capability, %Commonplace.Trust.Capability{issuer: {"37b9ee1d-2de3-4418-9e70-8b850575eb9f", <<83, 82, 228, 6, 228, 128, 203, 149, 83, 155, 144, 56, 1, 4, 212, 202, 13, 62, 25, 172, 29, 70, 200, 72, 0, 99, 243, 68, 89, 191, 146, 129>>}, audience: {"880e92d2-457f-4901-aaf3-41a69374da40", <<172, 136, 14, 111, 187, 180, 143, 141, 140, 178, 25, 187, 43, 138, 207, 142, 124, 110, 63, 144, 26, 28, 227, 149, 68, 230, 148, 250, 195, 232, 60, 32>>}, claim: %{scope: {:docs, ["55536bdb-cb0e-54bd-b675-84743c134636"]}, verbs: [:write], caveats: %{not_before: nil, not_after: nil}}, proof: nil, sig: <<208, 19, 34, 78, 25, 225, 22, 93, 235, 142, 249, 25, 54, 137, 82, 22, 26, 158, 197, 210, 76, 196, 16, 26, 9, 210, 117, 188, 26, 114, 215, 208, ...>>, id: <<242, 34, 132, 61, 238, 147, 37, 202, 64, 114, 111, 136, 17, 146, 114, 237, 23, 28, 70, 63, 56, 131, 172, 125, 69, 69, 29, 151, 59, 250, 37, ...>>}}, 5000]}}}}
.02:48:39.407 [warning] Orchestrator running with a permissive trust config: declared processes (including code docs synced from peers) will auto-execute ungated. Pin identities / set accept_unsigned:false in trust.json for strict gating.
02:48:39.534 [error] Process 3b61184d-69f9-4818-801f-f6f652fe79da: log capability delegation failed: {:error, {:capability_store_unavailable, {:noproc, {GenServer, :call, [nil, {:store_capability, %Commonplace.Trust.Capability{issuer: {"37b9ee1d-2de3-4418-9e70-8b850575eb9f", <<83, 82, 228, 6, 228, 128, 203, 149, 83, 155, 144, 56, 1, 4, 212, 202, 13, 62, 25, 172, 29, 70, 200, 72, 0, 99, 243, 68, 89, 191, 146, 129>>}, audience: {"3b61184d-69f9-4818-801f-f6f652fe79da", <<43, 181, 131, 104, 78, 55, 137, 179, 132, 76, 167, 107, 97, 72, 218, 80, 204, 42, 12, 123, 239, 208, 196, 155, 120, 29, 100, 56, 98, 76, 87, 82>>}, claim: %{scope: {:docs, ["957d07d1-6cce-5197-bf0a-08429d5bbb6b"]}, verbs: [:write], caveats: %{not_before: nil, not_after: nil}}, proof: nil, sig: <<82, 205, 124, 130, 107, 152, 17, 4, 110, 204, 75, 61, 42, 125, 89, 60, 92, 96, 66, 129, 171, 66, 73, 105, 66, 177, 89, 131, 231, 247, 181, 115, ...>>, id: <<67, 214, 20, 31, 166, 19, 59, 44, 23, 207, 140, 167, 2, 175, 58, 68, 226, 170, 98, 101, 199, 60, 249, 148, 80, 58, 47, 29, 200, 87, 134, ...>>}}, 5000]}}}}
02:48:39.677 [error] Process 3b61184d-69f9-4818-801f-f6f652fe79da: log capability delegation failed: {:error, {:capability_store_unavailable, {:noproc, {GenServer, :call, [nil, {:store_capability, %Commonplace.Trust.Capability{issuer: {"37b9ee1d-2de3-4418-9e70-8b850575eb9f", <<83, 82, 228, 6, 228, 128, 203, 149, 83, 155, 144, 56, 1, 4, 212, 202, 13, 62, 25, 172, 29, 70, 200, 72, 0, 99, 243, 68, 89, 191, 146, 129>>}, audience: {"3b61184d-69f9-4818-801f-f6f652fe79da", <<43, 181, 131, 104, 78, 55, 137, 179, 132, 76, 167, 107, 97, 72, 218, 80, 204, 42, 12, 123, 239, 208, 196, 155, 120, 29, 100, 56, 98, 76, 87, 82>>}, claim: %{scope: {:docs, ["957d07d1-6cce-5197-bf0a-08429d5bbb6b"]}, verbs: [:write], caveats: %{not_before: nil, not_after: nil}}, proof: nil, sig: <<82, 205, 124, 130, 107, 152, 17, 4, 110, 204, 75, 61, 42, 125, 89, 60, 92, 96, 66, 129, 171, 66, 73, 105, 66, 177, 89, 131, 231, 247, 181, 115, ...>>, id: <<67, 214, 20, 31, 166, 19, 59, 44, 23, 207, 140, 167, 2, 175, 58, 68, 226, 170, 98, 101, 199, 60, 249, 148, 80, 58, 47, 29, 200, 87, 134, ...>>}}, 5000]}}}}
02:48:39.782 [error] Process 3b61184d-69f9-4818-801f-f6f652fe79da: log capability delegation failed: {:error, {:capability_store_unavailable, {:noproc, {GenServer, :call, [nil, {:store_capability, %Commonplace.Trust.Capability{issuer: {"37b9ee1d-2de3-4418-9e70-8b850575eb9f", <<83, 82, 228, 6, 228, 128, 203, 149, 83, 155, 144, 56, 1, 4, 212, 202, 13, 62, 25, 172, 29, 70, 200, 72, 0, 99, 243, 68, 89, 191, 146, 129>>}, audience: {"3b61184d-69f9-4818-801f-f6f652fe79da", <<43, 181, 131, 104, 78, 55, 137, 179, 132, 76, 167, 107, 97, 72, 218, 80, 204, 42, 12, 123, 239, 208, 196, 155, 120, 29, 100, 56, 98, 76, 87, 82>>}, claim: %{scope: {:docs, ["957d07d1-6cce-5197-bf0a-08429d5bbb6b"]}, verbs: [:write], caveats: %{not_before: nil, not_after: nil}}, proof: nil, sig: <<82, 205, 124, 130, 107, 152, 17, 4, 110, 204, 75, 61, 42, 125, 89, 60, 92, 96, 66, 129, 171, 66, 73, 105, 66, 177, 89, 131, 231, 247, 181, 115, ...>>, id: <<67, 214, 20, 31, 166, 19, 59, 44, 23, 207, 140, 167, 2, 175, 58, 68, 226, 170, 98, 101, 199, 60, 249, 148, 80, 58, 47, 29, 200, 87, 134, ...>>}}, 5000]}}}}
02:48:39.887 [error] Process 3b61184d-69f9-4818-801f-f6f652fe79da: log capability delegation failed: {:error, {:capability_store_unavailable, {:noproc, {GenServer, :call, [nil, {:store_capability, %Commonplace.Trust.Capability{issuer: {"37b9ee1d-2de3-4418-9e70-8b850575eb9f", <<83, 82, 228, 6, 228, 128, 203, 149, 83, 155, 144, 56, 1, 4, 212, 202, 13, 62, 25, 172, 29, 70, 200, 72, 0, 99, 243, 68, 89, 191, 146, 129>>}, audience: {"3b61184d-69f9-4818-801f-f6f652fe79da", <<43, 181, 131, 104, 78, 55, 137, 179, 132, 76, 167, 107, 97, 72, 218, 80, 204, 42, 12, 123, 239, 208, 196, 155, 120, 29, 100, 56, 98, 76, 87, 82>>}, claim: %{scope: {:docs, ["957d07d1-6cce-5197-bf0a-08429d5bbb6b"]}, verbs: [:write], caveats: %{not_before: nil, not_after: nil}}, proof: nil, sig: <<82, 205, 124, 130, 107, 152, 17, 4, 110, 204, 75, 61, 42, 125, 89, 60, 92, 96, 66, 129, 171, 66, 73, 105, 66, 177, 89, 131, 231, 247, 181, 115, ...>>, id: <<67, 214, 20, 31, 166, 19, 59, 44, 23, 207, 140, 167, 2, 175, 58, 68, 226, 170, 98, 101, 199, 60, 249, 148, 80, 58, 47, 29, 200, 87, 134, ...>>}}, 5000]}}}}
.02:48:39.977 [warning] Orchestrator running with a permissive trust config: declared processes (including code docs synced from peers) will auto-execute ungated. Pin identities / set accept_unsigned:false in trust.json for strict gating.
02:48:40.106 [error] Process b173b871-7729-4bd9-9045-4cf4c7ec4f35: log capability delegation failed: {:error, {:capability_store_unavailable, {:noproc, {GenServer, :call, [nil, {:store_capability, %Commonplace.Trust.Capability{issuer: {"37b9ee1d-2de3-4418-9e70-8b850575eb9f", <<83, 82, 228, 6, 228, 128, 203, 149, 83, 155, 144, 56, 1, 4, 212, 202, 13, 62, 25, 172, 29, 70, 200, 72, 0, 99, 243, 68, 89, 191, 146, 129>>}, audience: {"b173b871-7729-4bd9-9045-4cf4c7ec4f35", <<87, 110, 50, 196, 73, 163, 46, 172, 58, 197, 218, 116, 86, 120, 13, 179, 167, 249, 36, 32, 46, 147, 109, 2, 200, 218, 66, 220, 253, 44, 186, 132>>}, claim: %{scope: {:docs, ["75229bfa-06f7-5820-9d9f-a155ddfe444e"]}, verbs: [:write], caveats: %{not_before: nil, not_after: nil}}, proof: nil, sig: <<126, 221, 145, 0, 2, 116, 189, 142, 147, 72, 63, 44, 181, 182, 3, 164, 241, 152, 184, 53, 230, 211, 45, 50, 209, 135, 56, 220, 11, 230, 188, 235, ...>>, id: <<251, 177, 30, 2, 121, 152, 213, 231, 103, 242, 217, 6, 28, 249, 97, 214, 163, 7, 64, 65, 96, 164, 18, 143, 163, 189, 41, 45, 26, 147, 248, ...>>}}, 5000]}}}}
02:48:40.127 [error] Process 89e1b872-254d-4162-a65f-13e01a516f70: log capability delegation failed: {:error, {:capability_store_unavailable, {:noproc, {GenServer, :call, [nil, {:store_capability, %Commonplace.Trust.Capability{issuer: {"37b9ee1d-2de3-4418-9e70-8b850575eb9f", <<83, 82, 228, 6, 228, 128, 203, 149, 83, 155, 144, 56, 1, 4, 212, 202, 13, 62, 25, 172, 29, 70, 200, 72, 0, 99, 243, 68, 89, 191, 146, 129>>}, audience: {"89e1b872-254d-4162-a65f-13e01a516f70", <<144, 206, 37, 230, 208, 9, 28, 216, 76, 57, 97, 185, 15, 75, 231, 228, 45, 61, 175, 119, 40, 65, 96, 28, 151, 106, 236, 106, 151, 206, 72, 198>>}, claim: %{scope: {:docs, ["8e108851-9219-566e-81ea-962d091c6c17"]}, verbs: [:write], caveats: %{not_before: nil, not_after: nil}}, proof: nil, sig: <<192, 69, 238, 197, 201, 244, 94, 194, 121, 63, 184, 82, 42, 186, 110, 66, 170, 149, 94, 252, 115, 8, 227, 225, 215, 117, 166, 195, 129, 150, 121, 81, ...>>, id: <<239, 154, 180, 253, 103, 73, 161, 137, 72, 227, 48, 203, 235, 139, 181, 92, 208, 184, 100, 57, 197, 240, 132, 21, 185, 99, 161, 99, 82, 152, 219, ...>>}}, 5000]}}}}
.02:48:40.228 [warning] Orchestrator running with a permissive trust config: declared processes (including code docs synced from peers) will auto-execute ungated. Pin identities / set accept_unsigned:false in trust.json for strict gating.
02:48:40.363 [error] Process e8d970c0-08b3-4a29-b3f1-1169baec2eec: log capability delegation failed: {:error, {:capability_store_unavailable, {:noproc, {GenServer, :call, [nil, {:store_capability, %Commonplace.Trust.Capability{issuer: {"37b9ee1d-2de3-4418-9e70-8b850575eb9f", <<83, 82, 228, 6, 228, 128, 203, 149, 83, 155, 144, 56, 1, 4, 212, 202, 13, 62, 25, 172, 29, 70, 200, 72, 0, 99, 243, 68, 89, 191, 146, 129>>}, audience: {"e8d970c0-08b3-4a29-b3f1-1169baec2eec", <<4, 182, 0, 76, 55, 212, 239, 99, 75, 162, 130, 211, 255, 227, 90, 122, 152, 252, 63, 117, 251, 249, 234, 165, 54, 108, 100, 87, 175, 250, 52, 122>>}, claim: %{scope: {:docs, ["a70a6c09-00b1-5c26-a2ce-8bc1b62420aa"]}, verbs: [:write], caveats: %{not_before: nil, not_after: nil}}, proof: nil, sig: <<102, 186, 141, 178, 18, 111, 114, 194, 227, 156, 88, 165, 114, 51, 165, 101, 203, 217, 50, 69, 49, 246, 93, 181, 61, 169, 242, 253, 126, 36, 206, 104, ...>>, id: <<243, 100, 50, 175, 165, 77, 163, 199, 252, 195, 209, 36, 59, 231, 152, 76, 152, 251, 96, 157, 43, 229, 108, 27, 158, 197, 183, 29, 185, 8, 178, ...>>}}, 5000]}}}}
.02:48:40.530 [error] CommitStore: REFUSING TO BOOT — will not re-initialize an empty world over a prior one.
  Corrupt commits store: /tmp/cxpm68_refuse_413719956/commits
  CubDB failed to open: {{:badmatch, {:error, :eisdir}}, [{CubDB.Store.File, :init, 1, [file: ~c"lib/cubdb/store/file.ex", line: 35]}, {Agent.Server, :init, 1, [file: ~c"lib/agent/server.ex", line: 8]}, {:gen_server, :init_it, 2, [file: ~c"gen_server.erl", line: 2229]}, {:gen_server, :init_it, 6, [file: ~c"gen_server.erl", line: 2184]}, {:proc_lib, :init_p_do_apply, 3, [file: ~c"proc_lib.erl", line: 329]}]}
  Prior world EXISTS: /tmp/cxpm68_refuse_413719956/root is present, so this workspace held a world before this boot.
  NO archive and NO re-initialization was performed. Nothing on disk was changed.
  Recovery is a HUMAN/OPERATOR decision, not an automatic one. Options:
    * truncate-to-last-valid-header on the damaged .cub, then reopen;
    * salvage what is readable with Commonplace.Store.CommitStore.salvage_corrupt_archive/2 into a fresh store;
    * if the empty world is genuinely what you want: set COMMONPLACE_ACCEPT_FRESH_REINIT=1 (app env :accept_fresh_reinit) and reboot — this is a deliberate, recorded act and the fresh store will carry a :fresh_reinit_fact row naming the archived predecessor.
(CX-pm68)
.02:48:40.608 [warning] CubDB failed to open ({{:badmatch, {:error, :eisdir}}, [{CubDB.Store.File, :init, 1, [file: ~c"lib/cubdb/store/file.ex", line: 35]}, {Agent.Server, :init, 1, [file: ~c"lib/agent/server.ex", line: 8]}, {:gen_server, :init_it, 2, [file: ~c"gen_server.erl", line: 2229]}, {:gen_server, :init_it, 6, [file: ~c"gen_server.erl", line: 2184]}, {:proc_lib, :init_p_do_apply, 3, [file: ~c"proc_lib.erl", line: 329]}]}). A PRIOR WORLD EXISTS (/tmp/cxpm68_override_215126084/root present) but :accept_fresh_reinit is set — proceeding with archive-and-fresh by explicit operator consent. A {:fresh_reinit_fact, <iso8601>} row is being written into the fresh store so this empty world is durably marked empty-because-broke, not empty-because-new. (CX-pm68)
...02:48:40.710 [warning] CubDB failed to open ({{:badmatch, {:error, :eisdir}}, [{CubDB.Store.File, :init, 1, [file: ~c"lib/cubdb/store/file.ex", line: 35]}, {Agent.Server, :init, 1, [file: ~c"lib/agent/server.ex", line: 8]}, {:gen_server, :init_it, 2, [file: ~c"gen_server.erl", line: 2229]}, {:gen_server, :init_it, 6, [file: ~c"gen_server.erl", line: 2184]}, {:proc_lib, :init_p_do_apply, 3, [file: ~c"proc_lib.erl", line: 329]}]}). No prior-world evidence (no /tmp/cxpm68_fresh_688321544/root) — treating as a first boot, archiving and starting fresh.
...........02:48:41.681 [warning] flock failed on /tmp/cp_gb_sup_repo1_153190414/a.txt: :enoent, proceeding without lock
02:48:41.684 [warning] flock failed on /tmp/cp_gb_sup_repo1_153190414/.commonplace/a.txt.json: :enoent, proceeding without lock
02:48:41.686 [warning] flock failed on /tmp/cp_gb_sup_repo1_153190414/.commonplace/mount.json: :enoent, proceeding without lock
02:48:41.689 [warning] flock failed on /tmp/cp_gb_sup_repo1_153190414/.commonplace/archive/doc-a/2c7d395e18b12aa4bf3419681fafb259768ac6c32b0759d8871a513b9affb5aa.json: :enoent, proceeding without lock
02:48:41.692 [warning] flock failed on /tmp/cp_gb_sup_repo1_153190414/.commonplace/archive/doc-a/1fcea0c52030b836cd20be1f48074705db00a9bbe93f2e7ca1f78c66a575c48c.json: :enoent, proceeding without lock
02:48:41.696 [warning] flock failed on /tmp/cp_gb_sup_repo1_153190414/.commonplace/archive/mount-uuid/f1e3e92644607870e6a8519664bc0af4a02022038bd81f20b43b22dc60d4899f.json: :enoent, proceeding without lock
02:48:41.699 [warning] flock failed on /tmp/cp_gb_sup_repo1_153190414/.commonplace/archive/mount-uuid/c0445bdec574543d5aa5c2b0c437b227adbe1d9f860ae44dd99ca1cd7431bf94.json: :enoent, proceeding without lock
02:48:41.701 [warning] flock failed on /tmp/cp_gb_sup_repo1_153190414/.commonplace/archive/mount-uuid/81ee8b6f6fa29f6f7577a214c64129a8b04aed37c2300b09dbbf0b27ff1dbc9f.json: :enoent, proceeding without lock
02:48:41.703 [warning] flock failed on /tmp/cp_gb_sup_repo1_153190414/.commonplace/archive/mount-uuid/4a4b38d4ab444c8be8e9be1b98ca0d356bf51622b1a47ada5c4dd0d94ab30cd0.json: :enoent, proceeding without lock
02:48:41.704 [warning] flock failed on /tmp/cp_gb_sup_repo1_153190414/.commonplace/archive/watermarks.json: :enoent, proceeding without lock
..02:48:41.823 [error] GitBridge.Supervisor: failed to decode /tmp/cp_gb_sup_data_206730087/git_bridges.json ({:error, %Jason.DecodeError{position: 1, token: nil, data: "{not valid json"}}) — archiving the corrupt file and starting with zero mappings
...............02:48:43.245 [warning] EngineModule :look ("100ca11b-1004-4e55-9f66-a07788990011") fell back to last-good/floor: {:compile, :not_found}
02:48:43.248 [warning] EngineModule :parser ("aa11bb22-cc33-4d44-8e55-ff6677889900") fell back to last-good/floor: {:compile, :not_found}
.02:48:43.358 [warning] EngineModule :look ("100ca11b-1004-4e55-9f66-a07788990011") fell back to last-good/floor: {:compile, :not_found}
.02:48:43.459 [warning] EngineModule :look ("100ca11b-1004-4e55-9f66-a07788990011") fell back to last-good/floor: {:compile, :not_found}
02:48:43.461 [warning] EngineModule :parser ("aa11bb22-cc33-4d44-8e55-ff6677889900") fell back to last-good/floor: {:compile, :not_found}
02:48:43.462 [warning] EngineModule :look ("100ca11b-1004-4e55-9f66-a07788990011") fell back to last-good/floor: {:compile, :not_found}
.02:48:43.552 [warning] EngineModule :look ("100ca11b-1004-4e55-9f66-a07788990011") fell back to last-good/floor: {:compile, :not_found}
02:48:43.631 [warning] EngineModule :look ("100ca11b-1004-4e55-9f66-a07788990011") fell back to last-good/floor: {:compile, :not_found}
02:48:43.633 [warning] EngineModule :parser ("aa11bb22-cc33-4d44-8e55-ff6677889900") fell back to last-good/floor: {:compile, :not_found}
02:48:43.657 [warning] CommitStore: local write DENIED by trust gate (enforce) doc_uuid=ee552927-2fd3-4739-ba63-c3704621b9eb commit_id=23dc8427cb4f574d376fd14cd7698c850b7f331ab0c2f5be698dfa2832f70f87 reason=:capability_insufficient
.....02:48:44.241 [warning] CommitStore: local write DENIED by trust gate (enforce) doc_uuid=3e2c033b-ccbd-42c3-80ff-6f45a61fbf0f commit_id=5eb230241ca6544f5d490adf9f94afcab166fff7f102e25057a85898c712a90a reason={:untrusted_signer, "31f7bc41-682e-4ea7-b45e-1cf928ba24e0"}
................................02:48:46.168 [error] local node self-trust was not added: node signing public-key artifact is absent — continuing with configured trusted identities
02:48:46.170 [error] local node self-trust was not added: node signing public-key artifact is absent — continuing with configured trusted identities
02:48:46.172 [error] local node self-trust was not added: node signing public-key artifact is absent — continuing with configured trusted identities
02:48:46.173 [error] local node self-trust was not added: node signing public-key artifact is absent — continuing with configured trusted identities
02:48:46.175 [error] local node self-trust was not added: node signing public-key artifact is absent — continuing with configured trusted identities
02:48:46.177 [error] local node self-trust was not added: node signing public-key artifact is absent — continuing with configured trusted identities
02:48:46.178 [error] local node self-trust was not added: node signing public-key artifact is absent — continuing with configured trusted identities
02:48:46.180 [error] local node self-trust was not added: node signing public-key artifact is absent — continuing with configured trusted identities
02:48:46.183 [error] local node self-trust was not added: node signing public-key artifact is absent — continuing with configured trusted identities
02:48:46.186 [error] local node self-trust was not added: node signing public-key artifact is absent — continuing with configured trusted identities
02:48:46.189 [error] local node self-trust was not added: node signing public-key artifact is absent — continuing with configured trusted identities
02:48:46.191 [error] local node self-trust was not added: node signing public-key artifact is absent — continuing with configured trusted identities
02:48:46.193 [error] local node self-trust was not added: node signing public-key artifact is absent — continuing with configured trusted identities
02:48:46.195 [error] local node self-trust was not added: node signing public-key artifact is absent — continuing with configured trusted identities
02:48:46.197 [error] local node self-trust was not added: node signing public-key artifact is absent — continuing with configured trusted identities
02:48:46.200 [error] local node self-trust was not added: node signing public-key artifact is absent — continuing with configured trusted identities
02:48:46.203 [error] local node self-trust was not added: node signing public-key artifact is absent — continuing with configured trusted identities
02:48:46.205 [error] local node self-trust was not added: node signing public-key artifact is absent — continuing with configured trusted identities
02:48:46.212 [error] local node self-trust was not added: node signing public-key artifact is absent — continuing with configured trusted identities
02:48:46.215 [error] local node self-trust was not added: node signing public-key artifact is absent — continuing with configured trusted identities
02:48:46.218 [error] local node self-trust was not added: node signing public-key artifact is absent — continuing with configured trusted identities
02:48:46.220 [error] local node self-trust was not added: node signing public-key artifact is absent — continuing with configured trusted identities
02:48:46.223 [error] local node self-trust was not added: node signing public-key artifact is absent — continuing with configured trusted identities
02:48:46.225 [error] local node self-trust was not added: node signing public-key artifact is absent — continuing with configured trusted identities
02:48:46.229 [error] local node self-trust was not added: node signing public-key artifact is absent — continuing with configured trusted identities
02:48:46.232 [error] local node self-trust was not added: node signing public-key artifact is absent — continuing with configured trusted identities
02:48:46.236 [error] local node self-trust was not added: node signing public-key artifact is absent — continuing with configured trusted identities
02:48:46.261 [error] local node self-trust was not added: node signing public-key artifact is absent — continuing with configured trusted identities
02:48:46.262 [error] local node self-trust was not added: node signing public-key artifact is absent — continuing with configured trusted identities
02:48:46.266 [error] local node self-trust was not added: node signing public-key artifact is absent — continuing with configured trusted identities
.02:48:46.297 [error] local node self-trust was not added: node signing public-key artifact is absent — continuing with configured trusted identities
02:48:46.300 [error] local node self-trust was not added: node signing public-key artifact is absent — continuing with configured trusted identities
02:48:46.303 [error] local node self-trust was not added: node signing public-key artifact is absent — continuing with configured trusted identities
02:48:46.306 [error] local node self-trust was not added: node signing public-key artifact is absent — continuing with configured trusted identities
02:48:46.308 [error] local node self-trust was not added: node signing public-key artifact is absent — continuing with configured trusted identities
02:48:46.310 [error] local node self-trust was not added: node signing public-key artifact is absent — continuing with configured trusted identities
02:48:46.313 [error] local node self-trust was not added: node signing public-key artifact is absent — continuing with configured trusted identities
02:48:46.316 [error] local node self-trust was not added: node signing public-key artifact is absent — continuing with configured trusted identities
02:48:46.319 [error] local node self-trust was not added: node signing public-key artifact is absent — continuing with configured trusted identities
02:48:46.321 [error] local node self-trust was not added: node signing public-key artifact is absent — continuing with configured trusted identities
02:48:46.325 [error] local node self-trust was not added: node signing public-key artifact is absent — continuing with configured trusted identities
02:48:46.328 [error] local node self-trust was not added: node signing public-key artifact is absent — continuing with configured trusted identities
02:48:46.330 [error] local node self-trust was not added: node signing public-key artifact is absent — continuing with configured trusted identities
02:48:46.333 [error] local node self-trust was not added: node signing public-key artifact is absent — continuing with configured trusted identities
02:48:46.336 [error] local node self-trust was not added: node signing public-key artifact is absent — continuing with configured trusted identities
02:48:46.338 [error] local node self-trust was not added: node signing public-key artifact is absent — continuing with configured trusted identities
02:48:46.342 [error] local node self-trust was not added: node signing public-key artifact is absent — continuing with configured trusted identities
02:48:46.344 [error] local node self-trust was not added: node signing public-key artifact is absent — continuing with configured trusted identities
02:48:46.350 [error] local node self-trust was not added: node signing public-key artifact is absent — continuing with configured trusted identities
02:48:46.377 [error] local node self-trust was not added: node signing public-key artifact is absent — continuing with configured trusted identities
02:48:46.383 [error] local node self-trust was not added: node signing public-key artifact is absent — continuing with configured trusted identities
.02:48:46.397 [error] local node self-trust was not added: node signing public-key artifact is absent — continuing with configured trusted identities
02:48:46.400 [error] local node self-trust was not added: node signing public-key artifact is absent — continuing with configured trusted identities
.02:48:46.411 [error] local node self-trust was not added: node signing public-key artifact is absent — continuing with configured trusted identities
02:48:46.413 [error] local node self-trust was not added: node signing public-key artifact is absent — continuing with configured trusted identities
02:48:46.417 [error] local node self-trust was not added: node signing public-key artifact is absent — continuing with configured trusted identities
02:48:46.420 [error] local node self-trust was not added: node signing public-key artifact is absent — continuing with configured trusted identities
02:48:46.423 [error] local node self-trust was not added: node signing public-key artifact is absent — continuing with configured trusted identities
02:48:46.425 [error] local node self-trust was not added: node signing public-key artifact is absent — continuing with configured trusted identities
02:48:46.428 [error] local node self-trust was not added: node signing public-key artifact is absent — continuing with configured trusted identities
02:48:46.431 [error] local node self-trust was not added: node signing public-key artifact is absent — continuing with configured trusted identities
02:48:46.435 [error] local node self-trust was not added: node signing public-key artifact is absent — continuing with configured trusted identities
02:48:46.437 [error] local node self-trust was not added: node signing public-key artifact is absent — continuing with configured trusted identities
02:48:46.441 [error] local node self-trust was not added: node signing public-key artifact is absent — continuing with configured trusted identities
02:48:46.444 [error] local node self-trust was not added: node signing public-key artifact is absent — continuing with configured trusted identities
02:48:46.447 [error] local node self-trust was not added: node signing public-key artifact is absent — continuing with configured trusted identities
02:48:46.450 [error] local node self-trust was not added: node signing public-key artifact is absent — continuing with configured trusted identities
02:48:46.453 [error] local node self-trust was not added: node signing public-key artifact is absent — continuing with configured trusted identities
02:48:46.456 [error] local node self-trust was not added: node signing public-key artifact is absent — continuing with configured trusted identities
02:48:46.460 [error] local node self-trust was not added: node signing public-key artifact is absent — continuing with configured trusted identities
02:48:46.463 [error] local node self-trust was not added: node signing public-key artifact is absent — continuing with configured trusted identities
02:48:46.467 [error] local node self-trust was not added: node signing public-key artifact is absent — continuing with configured trusted identities
.02:48:46.500 [error] local node self-trust was not added: node signing public-key artifact is absent — continuing with configured trusted identities
02:48:46.503 [error] local node self-trust was not added: node signing public-key artifact is absent — continuing with configured trusted identities
02:48:46.505 [error] local node self-trust was not added: node signing public-key artifact is absent — continuing with configured trusted identities
02:48:46.507 [error] local node self-trust was not added: node signing public-key artifact is absent — continuing with configured trusted identities
02:48:46.510 [error] local node self-trust was not added: node signing public-key artifact is absent — continuing with configured trusted identities
02:48:46.512 [error] local node self-trust was not added: node signing public-key artifact is absent — continuing with configured trusted identities
02:48:46.515 [error] local node self-trust was not added: node signing public-key artifact is absent — continuing with configured trusted identities
02:48:46.517 [error] local node self-trust was not added: node signing public-key artifact is absent — continuing with configured trusted identities
02:48:46.521 [error] local node self-trust was not added: node signing public-key artifact is absent — continuing with configured trusted identities
02:48:46.525 [error] local node self-trust was not added: node signing public-key artifact is absent — continuing with configured trusted identities
02:48:46.531 [error] local node self-trust was not added: node signing public-key artifact is absent — continuing with configured trusted identities
02:48:46.535 [error] local node self-trust was not added: node signing public-key artifact is absent — continuing with configured trusted identities
02:48:46.537 [error] local node self-trust was not added: node signing public-key artifact is absent — continuing with configured trusted identities
02:48:46.540 [error] local node self-trust was not added: node signing public-key artifact is absent — continuing with configured trusted identities
02:48:46.543 [error] local node self-trust was not added: node signing public-key artifact is absent — continuing with configured trusted identities
02:48:46.547 [error] local node self-trust was not added: node signing public-key artifact is absent — continuing with configured trusted identities
02:48:46.551 [error] local node self-trust was not added: node signing public-key artifact is absent — continuing with configured trusted identities
02:48:46.556 [error] local node self-trust was not added: node signing public-key artifact is absent — continuing with configured trusted identities
02:48:46.562 [error] local node self-trust was not added: node signing public-key artifact is absent — continuing with configured trusted identities
02:48:46.590 [error] local node self-trust was not added: node signing public-key artifact is absent — continuing with configured trusted identities
02:48:46.596 [error] ViewCompute nil: write failed: "exit: {:noproc, {GenServer, :call, [#PID<0.35157.0>, {:snapshot, :infinity}, :infinity]}}"
..............................02:48:47.746 [warning] CommitStore: local write would be DENIED by trust gate (dry_run — write still lands) doc_uuid=3749242a-25c8-4b10-9c6d-c228e52197a5 commit_id=d5d96f4c998d9fbb0ba92f0cba98c276af3a6d19b8cb91b06e5c378d087859e7 reason=:unsigned
..02:48:47.758 [warning] CommitStore: local write would be DENIED by trust gate (dry_run — write still lands) doc_uuid=44223208-a4a7-48c9-9329-77cfc019c68d commit_id=9fad491258167f62f799a7f50eb8eca9e9f5acfaf938d4b0021c9205db46dab0 reason=:unsigned
.02:48:47.765 [warning] CommitStore: local write DENIED by trust gate (enforce) doc_uuid=483a2fdc-1764-4045-bb31-c2b490a6ca09 commit_id=cb52cc90194042368ada76e06e4815e619033b25a33a46469a5c6593c4ec9b15 reason=:unsigned
...02:48:47.804 [warning] CommitStore: local write DENIED by trust gate (enforce) doc_uuid=94cb9f6e-6129-43b7-b871-804332bafa71 commit_id=ae35c6c7dfa250f2e9bf20f2a2029581318a933e7475f1653f60a9f1e51e1152 reason=:unsigned
.02:48:47.809 [warning] CommitStore: local write DENIED by trust gate (enforce) doc_uuid=b4d1c9b4-90ff-44ae-b7d3-fd45cbbb4eb2 commit_id=036e2b2ba76d389b6052c5b7947837a1c157dffdf616e90c2aa0c6255019998f reason=:unsigned
.02:48:48.017 [warning] CommitStore: local write DENIED by trust gate (enforce) doc_uuid=f8ff4747-81cb-44f2-91de-7474e575d8ef commit_id=8863479030b5e4aacec8e93d8d7da9d9ab9ddba0e97d3b019acec1cf5308d139 reason=:unsigned
..02:48:48.042 [warning] CommitStore: local write DENIED by trust gate (enforce) doc_uuid=9ab36574-6757-46b4-8750-3f582f182170 commit_id=21949cb41771c9cf1c1388b206c7c90c50f11cac8bc7355fe76a868a90579550 reason=:capability_insufficient
............................................02:48:48.564 [warning] CommitStore: local write DENIED by trust gate (enforce) doc_uuid=f2aef1da-0ebe-4098-9489-e78d160b5a70 commit_id=1410992a1ea05606084526361ed2a67e474b203de786825c6466bcfd82592ccb reason={:untrusted_signer, "63f9faa1-db1f-454e-bf05-5e0c288da395"}
.....02:48:48.903 [error] local node self-trust was not added: node signing public-key artifact is absent — continuing with configured trusted identities
02:48:48.906 [error] local node self-trust was not added: node signing public-key artifact is absent — continuing with configured trusted identities
02:48:48.908 [error] local node self-trust was not added: node signing public-key artifact is absent — continuing with configured trusted identities
02:48:48.908 [warning] CommitStore: local write would be DENIED by trust gate (dry_run — write still lands) doc_uuid=13146686-f14d-47b6-b0b7-ffe2b560cc38 commit_id=b5378c396dc11033678197a8de784267a6a3d8f4b85030f7326c05f7c9118c29 reason={:untrusted_signer, "b0b22222-0000-0000-0000-327161031256"}
02:48:48.911 [error] local node self-trust was not added: node signing public-key artifact is absent — continuing with configured trusted identities
02:48:48.911 [error] local node self-trust was not added: node signing public-key artifact is absent — continuing with configured trusted identities
..02:48:48.927 [error] local node self-trust was not added: node signing public-key artifact is absent — continuing with configured trusted identities
02:48:48.930 [error] local node self-trust was not added: node signing public-key artifact is absent — continuing with configured trusted identities
02:48:48.931 [error] local node self-trust was not added: node signing public-key artifact is absent — continuing with configured trusted identities
02:48:48.934 [error] local node self-trust was not added: node signing public-key artifact is absent — continuing with configured trusted identities
02:48:48.935 [error] local node self-trust was not added: node signing public-key artifact is absent — continuing with configured trusted identities
.02:48:48.943 [error] local node self-trust was not added: node signing public-key artifact is absent — continuing with configured trusted identities
02:48:48.945 [error] local node self-trust was not added: node signing public-key artifact is absent — continuing with configured trusted identities
...02:48:48.972 [warning] CommitStore: local write would be DENIED by trust gate (dry_run — write still lands) doc_uuid=7a1357d9-67e2-4a98-9bff-2425ac3b94ce commit_id=d5e7ccc75775d515d36a249843d7a35eb485e0dd82ae4d4045761ca3b39ec3f4 reason=:untrusted_root
02:48:48.975 [warning] CommitStore: local write would be DENIED by trust gate (dry_run — write still lands) doc_uuid=7a1357d9-67e2-4a98-9bff-2425ac3b94ce commit_id=b5585028a53ba659133dde624aba42ace42b43016435021f56c6b2af52fc7628 reason=:untrusted_root
..02:48:48.997 [error] local node self-trust was not added: node signing public-key artifact is absent — continuing with configured trusted identities
02:48:48.999 [error] local node self-trust was not added: node signing public-key artifact is absent — continuing with configured trusted identities
02:48:49.002 [error] local node self-trust was not added: node signing public-key artifact is absent — continuing with configured trusted identities
02:48:49.002 [warning] CommitStore: local write would be DENIED by trust gate (dry_run — write still lands) doc_uuid=73c830fe-4097-479f-aeea-1c804f572e56 commit_id=5d5d246646239d57c79e6dc1d2fd83ff61e1d11d12314b3ba614306b4a4bd267 reason={:untrusted_signer, "b0b22222-0000-0000-0000-716062360793"}
02:48:49.004 [error] local node self-trust was not added: node signing public-key artifact is absent — continuing with configured trusted identities
02:48:49.004 [error] local node self-trust was not added: node signing public-key artifact is absent — continuing with configured trusted identities
..02:48:49.026 [error] local node self-trust was not added: node signing public-key artifact is absent — continuing with configured trusted identities
02:48:49.028 [error] local node self-trust was not added: node signing public-key artifact is absent — continuing with configured trusted identities
02:48:49.029 [error] local node self-trust was not added: node signing public-key artifact is absent — continuing with configured trusted identities
02:48:49.031 [error] local node self-trust was not added: node signing public-key artifact is absent — continuing with configured trusted identities
02:48:49.032 [error] local node self-trust was not added: node signing public-key artifact is absent — continuing with configured trusted identities
..............................................................................02:48:50.114 [warning] flock failed on /tmp/cp_sandbox_818859/__reflog/server/__snapshot: :enoent, proceeding without lock
.02:48:51.644 [warning] flock failed on /tmp/cp_sandbox_533050/__reflog/server/__snapshot: :enoent, proceeding without lock
.02:48:53.185 [warning] flock failed on /tmp/cp_sandbox_517642/__reflog/server/__snapshot: :enoent, proceeding without lock
.02:48:54.705 [warning] flock failed on /tmp/cp_sandbox_655938/__reflog/server/__snapshot: :enoent, proceeding without lock
.02:48:56.228 [warning] flock failed on /tmp/cp_sandbox_884827/__reflog/server/__snapshot: :enoent, proceeding without lock
...............................02:48:57.716 [error] local node self-trust was not added: node signing public-key artifact is absent — continuing with configured trusted identities
02:48:57.721 [error] local node self-trust was not added: node signing public-key artifact is absent — continuing with configured trusted identities
.02:48:57.746 [error] local node self-trust was not added: node signing public-key artifact is absent — continuing with configured trusted identities
.02:48:57.752 [error] local node self-trust was not added: node signing public-key artifact is absent — continuing with configured trusted identities
02:48:57.754 [error] local node self-trust was not added: node signing public-key artifact is absent — continuing with configured trusted identities
.02:48:57.774 [error] local node self-trust was not added: node signing public-key artifact is absent — continuing with configured trusted identities
02:48:57.777 [error] local node self-trust was not added: node signing public-key artifact is absent — continuing with configured trusted identities
.02:48:57.798 [error] local node self-trust was not added: node signing public-key artifact is absent — continuing with configured trusted identities
02:48:57.800 [error] local node self-trust was not added: node signing public-key artifact is absent — continuing with configured trusted identities
.02:48:57.824 [error] local node self-trust was not added: node signing public-key artifact is absent — continuing with configured trusted identities
02:48:57.826 [error] local node self-trust was not added: node signing public-key artifact is absent — continuing with configured trusted identities
.02:48:57.850 [error] local node self-trust was not added: node signing public-key artifact is absent — continuing with configured trusted identities
02:48:57.852 [error] local node self-trust was not added: node signing public-key artifact is absent — continuing with configured trusted identities
02:48:57.866 [error] local node self-trust was not added: node signing public-key artifact is absent — continuing with configured trusted identities
.02:48:57.873 [error] local node self-trust was not added: node signing public-key artifact is absent — continuing with configured trusted identities
02:48:57.876 [error] local node self-trust was not added: node signing public-key artifact is absent — continuing with configured trusted identities
.02:48:57.903 [error] local node self-trust was not added: node signing public-key artifact is absent — continuing with configured trusted identities
02:48:57.905 [error] local node self-trust was not added: node signing public-key artifact is absent — continuing with configured trusted identities
..............02:48:58.373 [warning] EngineModule :look ("100ca11b-1004-4e55-9f66-a07788990011") fell back to last-good/floor: {:compile, :not_found}
02:48:58.375 [warning] EngineModule :parser ("aa11bb22-cc33-4d44-8e55-ff6677889900") fell back to last-good/floor: {:compile, :not_found}
02:48:58.398 [warning] EngineModule :look ("100ca11b-1004-4e55-9f66-a07788990011") fell back to last-good/floor: {:compile, :not_found}
02:48:58.400 [warning] EngineModule :parser ("aa11bb22-cc33-4d44-8e55-ff6677889900") fell back to last-good/floor: {:compile, :not_found}
02:48:58.405 [warning] CommitStore: local write DENIED by trust gate (enforce) doc_uuid=eef6d25a-871e-4b87-a379-a9bceec79faf commit_id=b40c99198ff3c67e6f62f63ed7144745b0767a9a47bd15f9e79654c4927e66a0 reason={:untrusted_signer, "b10636f5-872a-4ffb-a1d3-13391cd4c99d"}
02:48:58.409 [warning] CommitStore: local write DENIED by trust gate (enforce) doc_uuid=f47687b8-c43e-4894-afa0-89ff8f133ca1 commit_id=96c336b7df07387b00fc02e9b6faf37bfca6043df11c58f0939cab114fe3c9e7 reason={:untrusted_signer, "b10636f5-872a-4ffb-a1d3-13391cd4c99d"}
.02:48:58.563 [warning] EngineModule :look ("100ca11b-1004-4e55-9f66-a07788990011") fell back to last-good/floor: {:compile, :not_found}
02:48:58.564 [warning] EngineModule :parser ("aa11bb22-cc33-4d44-8e55-ff6677889900") fell back to last-good/floor: {:compile, :not_found}
02:48:58.564 [warning] EngineModule :go ("1a2b3c4d-5e6f-4a7b-8c9d-0e1f2a3b4c5d") fell back to last-good/floor: {:compile, :not_found}
02:48:58.573 [warning] CommitStore: local write DENIED by trust gate (enforce) doc_uuid=b647c58d-2504-47dd-a676-019c5a95806e commit_id=07e600db9ed4d0f7582e4fe6506f569b75f4b61e725898eeddbe2a512873ad42 reason={:untrusted_signer, "6e610ae2-c5c4-4813-b690-04020919f3fd"}
02:48:58.580 [warning] EngineModule :parser ("aa11bb22-cc33-4d44-8e55-ff6677889900") fell back to last-good/floor: {:compile, :not_found}
02:48:58.581 [warning] EngineModule :go ("1a2b3c4d-5e6f-4a7b-8c9d-0e1f2a3b4c5d") fell back to last-good/floor: {:compile, :not_found}
02:48:58.585 [warning] CommitStore: local write DENIED by trust gate (enforce) doc_uuid=d9f31e40-f122-4a14-97d8-7bfab449c1bd commit_id=ba7fec60c25dd68345af267d39cc0ca4ad35561749c1a369e0e38775709bb58a reason={:untrusted_signer, "6e610ae2-c5c4-4813-b690-04020919f3fd"}
.02:48:58.746 [warning] EngineModule :look ("100ca11b-1004-4e55-9f66-a07788990011") fell back to last-good/floor: {:compile, :not_found}
02:48:58.748 [warning] EngineModule :parser ("aa11bb22-cc33-4d44-8e55-ff6677889900") fell back to last-good/floor: {:compile, :not_found}
02:48:58.755 [warning] CommitStore: local write DENIED by trust gate (enforce) doc_uuid=f903b0b0-f7af-4a8a-b0ab-3e9d83fe7c46 commit_id=dc494ddddca4b9d5860ef7ef3a156ac731b7ca9d4fb913b849efe2d417382b94 reason={:untrusted_signer, "3a554d3c-5133-4b02-9632-f02404857959"}
.................02:49:00.095 [error] local node self-trust was not added: node signing public-key artifact is absent — continuing with configured trusted identities
.02:49:00.153 [error] local node self-trust was not added: node signing public-key artifact is absent — continuing with configured trusted identities
.02:49:00.250 [error] local node self-trust was not added: node signing public-key artifact is absent — continuing with configured trusted identities
...02:49:00.337 [warning] CommitStore: local write would be DENIED by trust gate (dry_run — write still lands) doc_uuid=68c3ddf4-d2b0-4a4b-9e2d-6b73dbaa9510 commit_id=fe0a901ba85e1772db0275eed8e494ddd045b31008b2f3652553da5a2e961850 reason=:capability_insufficient
.02:49:00.367 [warning] CommitStore: local write would be DENIED by trust gate (dry_run — write still lands) doc_uuid=cd18653c-2dcc-4e69-8f31-30cb30b2867c commit_id=5c307becd57ed02c9383c86f4fb44ad33b35d3b904788fd9286e2bc606e3b004 reason=:capability_insufficient
.02:49:00.380 [warning] CommitStore: local write would be DENIED by trust gate (dry_run — write still lands) doc_uuid=96e8da58-03ac-4868-b963-c5d2294f7468 commit_id=085cc49ae9d64899d8519259b1bbd8cfbc2c03ea95c29104b420b76b6c418683 reason={:untrusted_signer, "def1111-516039300517"}
.02:49:00.392 [warning] CommitStore: local write would be DENIED by trust gate (dry_run — write still lands) doc_uuid=5608138f-7f7e-469a-91e9-b68c16ee00ce commit_id=453b853c1f5d0153162979715c982c573c0873ce9310e5022eae36e5fab2fe6d reason=:capability_insufficient
..02:49:00.455 [warning] CommitStore: local write would be DENIED by trust gate (dry_run — write still lands) doc_uuid=ecb960e9-2966-463f-9c8b-9cc28474a4e2 commit_id=dcd0648fdf4f9bb16e2ed357fccbd134fd82cc0b066c0903735fb91a364606a3 reason={:untrusted_signer, "def1111-468877225636"}
.02:49:00.462 [warning] CommitStore: local write would be DENIED by trust gate (dry_run — write still lands) doc_uuid=ac97381f-1a92-40f1-8d47-0e7f869eac66 commit_id=3544fcdf7e41a9d562705806d240055962162fecf5f479e801b380aceb439b1f reason=:unsigned
.........................02:49:00.756 [error] local node self-trust was not added: node signing public-key artifact is absent — continuing with configured trusted identities
.02:49:00.774 [warning] CommitStore: non-system-kind commit (kind=:regular) reached prebuilt_cas unsigned-context CAS path — this path is meant only for node-signed system commits (doc_uuid=cas-310231)
.02:49:00.790 [error] local node self-trust was not added: node signing public-key artifact is absent — continuing with configured trusted identities
................02:49:01.528 [warning] CommitStore: local write would be DENIED by trust gate (dry_run — write still lands) doc_uuid=78121ce7-30e3-49a0-958a-8468060f11dd commit_id=50501f9c70732a52ff978b874b357a59a7ba29aa5de42c3c8781985eaa0d7127 reason={:untrusted_signer, "invB-866683512175"}
02:49:01.532 [warning] CommitStore: local write would be DENIED by trust gate (dry_run — write still lands) doc_uuid=42165f9b-a12b-4819-b83d-fb78bb0ee96c commit_id=2293f796255dd21887d22478078da4145bd6e6f0b595ca59186b176605f4ac15 reason=:unsigned
......02:49:01.872 [warning] CommitStore: local write DENIED by trust gate (enforce) doc_uuid=80db7d3e-7836-44a4-8781-b976bc4c5e18 commit_id=0c247e46265a57b60ed932c5cc656b00c46baec3b4aa34ca69e0dfdc6f5d63b6 reason={:untrusted_signer, "invB-627956780657"}
.....02:49:02.122 [warning] CommitStore: local write DENIED by trust gate (enforce) doc_uuid=d6df6bd5-903a-4772-a735-4f48fcb8a5a8 commit_id=2fe1b128c3e894c26feed0d3484669dd9f3bb110bd1a855074f416d9ecc0eda8 reason={:untrusted_signer, "invB-192299488457"}
........02:49:02.401 [warning] CommitStore: local write would be DENIED by trust gate (dry_run — write still lands) doc_uuid=a1f52cb9-3df9-43f1-b32f-443d2df3f600 commit_id=2c3d9ad1b04ca9d8c991fb46f9ccd26c7127626847c75cf3b78326a067f8f401 reason={:untrusted_signer, "invB-377412890003"}
02:49:02.403 [warning] CommitStore: local write would be DENIED by trust gate (dry_run — write still lands) doc_uuid=eb0f9fb8-fede-4d90-8375-d1c8a3e49527 commit_id=8341ec8ffcce224a208179be4504a363f961594d2323d75239905e725016360d reason=:unsigned
02:49:02.406 [warning] safe-verb reach bound fired: set_attr → :owner_grant_exceeded (via_verb={"6c2ea354-1bad-4901-99fd-4e7d5e61a333", "some-host"})
......02:49:02.508 [warning] CommitStore: local write would be DENIED by trust gate (dry_run — write still lands) doc_uuid=19b2f545-caf9-4aff-b8f4-a6df0c5e2705 commit_id=49031f8c5a6b1d0b2360998567e7418f1e9c3d04b9eda1010b8da1713409e8eb reason={:untrusted_signer, "invB-850934137275"}
02:49:02.510 [warning] CommitStore: local write would be DENIED by trust gate (dry_run — write still lands) doc_uuid=e9c1acb6-2d6d-4abc-95fc-11a5ecb65283 commit_id=2294530ccbfd5814b06c07666530ba2eb070c0ce5d8987a112e47dc0d5068be1 reason=:unsigned
.02:49:02.530 [warning] CommitStore: local write would be DENIED by trust gate (dry_run — write still lands) doc_uuid=49e01197-b01e-425e-bdfe-f3e494852e8d commit_id=4b42cdefef27e91cb59c77b1473f1fa231e78aac150d77fbfc004ae48a0a58f8 reason={:untrusted_signer, "invB-170190569082"}
02:49:02.533 [warning] CommitStore: local write would be DENIED by trust gate (dry_run — write still lands) doc_uuid=c57c1c5d-4c4f-4c12-849e-5847c93678e9 commit_id=d690a74ffab33e1512876c1b6a85a144f5266042802b38c41cdcfa7989c3cd51 reason=:unsigned
.02:49:02.659 [warning] CommitStore: local write would be DENIED by trust gate (dry_run — write still lands) doc_uuid=5ac34edc-a4ea-418c-9c9d-90948b711bea commit_id=2bd4d3987f8cd1d4fec4e3f84a4140840fc01f465747761f505e87f23a75db34 reason={:untrusted_signer, "invB-331531973806"}
02:49:02.662 [warning] CommitStore: local write would be DENIED by trust gate (dry_run — write still lands) doc_uuid=4254d4a9-086d-4bbe-95ad-9f29e33f1711 commit_id=db7fd81418eb37b3c0480918ac2e7586ea71327966fcddd2b4cafa6d13dcdd52 reason=:unsigned
..02:49:02.826 [warning] CommitStore: local write DENIED by trust gate (enforce) doc_uuid=a09c119f-89a2-491b-b67c-e655939bbc71 commit_id=be0b19986a6d7dbfbc6a3f1b038ba51678a2d2eb35104678a58f3f801bc9b702 reason={:untrusted_signer, "invB-656099910975"}
....02:49:02.887 [warning] CommitStore: local write DENIED by trust gate (enforce) doc_uuid=b5c5243b-466f-40d8-b5dc-342c695a65c1 commit_id=b332d63e92b322446a9b213fa01291087f14d7023618a45c4dc79d2e4119b06e reason={:untrusted_signer, "invB-134515901219"}
.........02:49:03.217 [warning] CommitStore: local write DENIED by trust gate (enforce) doc_uuid=2978ab84-a6c4-4286-84ed-623485f4c08c commit_id=661fda722d2251075402301d5c631ec6bac2237d4bf23ecaba7cc19f93287bf5 reason={:untrusted_signer, "invB-904252019502"}
......02:49:03.389 [error] local node self-trust was not added: node signing public-key artifact is absent — continuing with configured trusted identities
.02:49:03.457 [error] local node self-trust was not added: node signing public-key artifact is absent — continuing with configured trusted identities
.02:49:03.492 [error] local node self-trust was not added: node signing public-key artifact is absent — continuing with configured trusted identities
.02:49:03.545 [error] local node self-trust was not added: node signing public-key artifact is absent — continuing with configured trusted identities
...................02:49:04.556 [warning] CommitStore: local write DENIED by trust gate (enforce) doc_uuid=de4af076-08a6-4af4-94d8-83329b3c3f06 commit_id=6a0fe5d308e73d898a95f1641c5494139345c38f793c140bbca12d305ce4f511 reason=:unsigned
02:49:04.558 [warning] CommitStore: local write DENIED by trust gate (enforce) doc_uuid=41ffebc8-862c-45a6-a44f-ba17cb351f1e commit_id=1ca28e333b3ffc041c99157c376ec1fd918f4b326412629511242bcb9f0ab5a8 reason=:unsigned
02:49:04.565 [warning] CommitStore: local write DENIED by trust gate (enforce) doc_uuid=de4af076-08a6-4af4-94d8-83329b3c3f06 commit_id=03bdcc9afd3e54e24ef3655eeb15ae1985d2407efd83ee0cff21cef2dbfbc7e5 reason=:unsigned
02:49:04.566 [warning] CommitStore: local write DENIED by trust gate (enforce) doc_uuid=41ffebc8-862c-45a6-a44f-ba17cb351f1e commit_id=b4758834fe270abf176f69aba2160c0e48112f98dc673c4207a093bcf5493b83 reason=:unsigned
....02:49:05.057 [warning] CommitStore: local write DENIED by trust gate (enforce) doc_uuid=6aa8e12e-b8d0-454d-8411-883b57005534 commit_id=2b592b5c4255fa3271362397bc53977b1517f35bc9de0259454aab1bf208653f reason=:unsigned
02:49:05.058 [warning] CommitStore: local write DENIED by trust gate (enforce) doc_uuid=99b4a0fa-5bcf-47ac-94de-96165da045a0 commit_id=648374a956fcd197a641e0f0bae58d612bf5fefadeb0237ad6034d5e16d38ebf reason=:unsigned
02:49:05.062 [warning] CommitStore: local write DENIED by trust gate (enforce) doc_uuid=6974e602-9634-451b-a7a7-99cc7b015304 commit_id=1e5bd819971d9a4da5d8ff4e73f78f713e36c966fc7a1828c6e5f7c441a73ece reason={:untrusted_signer, "0e41e256-c7ef-476c-8e85-c4f96e250574"}
02:49:05.062 [error] Bd.Frontier.Server: red-log write failed log_uuid=6974e602-9634-451b-a7a7-99cc7b015304 reason={:trust_rejected, {:untrusted_signer, "0e41e256-c7ef-476c-8e85-c4f96e250574"}}; frontier server continues with stale log state
02:49:05.063 [warning] CommitStore: local write DENIED by trust gate (enforce) doc_uuid=6aa8e12e-b8d0-454d-8411-883b57005534 commit_id=f12719468e1376e398229a4dc78f00a873d852142f1bd832ed5eace04ea44fb4 reason=:unsigned
02:49:05.064 [warning] CommitStore: local write DENIED by trust gate (enforce) doc_uuid=99b4a0fa-5bcf-47ac-94de-96165da045a0 commit_id=6429a6b370510f75faac3a2e984312e696f38963235b1eacfbcb113802df29a2 reason=:unsigned
..02:49:05.217 [warning] CommitStore: local write DENIED by trust gate (enforce) doc_uuid=228c43aa-22f5-4ee7-9eee-887d75f8dda0 commit_id=d08eda7d12081f348be3f4ecd722d6ac5af77f50b4d6e56e45c8b15098173bc5 reason=:unsigned
02:49:05.217 [error] Bd.Frontier.Server: red-log creation failed log_uuid=228c43aa-22f5-4ee7-9eee-887d75f8dda0 reason={:trust_rejected, :unsigned}; no __frontier_log schema entry was written and the frontier server continues
02:49:05.219 [warning] CommitStore: local write DENIED by trust gate (enforce) doc_uuid=6c54cb55-b9d4-461a-8a32-7f0c0526d5e4 commit_id=ef885edb12a9d81e12614b24709a3eee82acb7c80945191a163eea852b71ab34 reason=:unsigned
02:49:05.220 [warning] CommitStore: local write DENIED by trust gate (enforce) doc_uuid=9bbee047-acce-4f37-9cbb-18fd02a98291 commit_id=97b598b80f1cbaf4367956509a8e0368b86be1c8318fe27ebcf52f92694da722 reason=:unsigned
.....02:49:05.321 [warning] Cyan cycle detected after adding edges for proc-cycle-3: [["A", "B", "C"]]
....02:49:05.455 [warning] flock failed on /tmp/cp_sandbox_753052/__reflog/server/__snapshot: :enoent, proceeding without lock
..02:49:06.465 [warning] flock failed on /tmp/cp_sandbox_394021/__reflog/server/__snapshot: :enoent, proceeding without lock
.02:49:07.998 [warning] flock failed on /tmp/cp_sandbox_239619/__reflog/server/__snapshot: :enoent, proceeding without lock
.02:49:09.539 [warning] flock failed on /tmp/cp_sandbox_20033/__reflog/server/__snapshot: :enoent, proceeding without lock
.02:49:09.986 [warning] flock failed on /tmp/cp_sandbox_661944/__reflog/server/__snapshot: :enoent, proceeding without lock
.02:49:10.338 [warning] flock failed on /tmp/cp_sandbox_120724/__reflog/server/__snapshot: :enoent, proceeding without lock
.02:49:10.577 [warning] flock failed on /tmp/cp_sandbox_564803/__reflog/server/__snapshot: :enoent, proceeding without lock
.02:49:12.120 [warning] flock failed on /tmp/cp_sandbox_990489/__reflog/server/__snapshot: :enoent, proceeding without lock
.02:49:12.357 [warning] flock failed on /tmp/cp_sandbox_353705/__reflog/server/__snapshot: :enoent, proceeding without lock
.02:49:13.636 [warning] flock failed on /tmp/cp_sandbox_280107/__reflog/server/__snapshot: :enoent, proceeding without lock
.02:49:15.164 [warning] flock failed on /tmp/cp_sandbox_545493/__reflog/server/__snapshot: :enoent, proceeding without lock
.................02:49:17.271 [warning] Orchestrator running with a permissive trust config: declared processes (including code docs synced from peers) will auto-execute ungated. Pin identities / set accept_unsigned:false in trust.json for strict gating.
02:49:17.403 [error] Process 7c80bccc-de28-4354-be27-54e397cf170e: log capability delegation failed: {:error, {:capability_store_unavailable, {:noproc, {GenServer, :call, [nil, {:store_capability, %Commonplace.Trust.Capability{issuer: {"37b9ee1d-2de3-4418-9e70-8b850575eb9f", <<83, 82, 228, 6, 228, 128, 203, 149, 83, 155, 144, 56, 1, 4, 212, 202, 13, 62, 25, 172, 29, 70, 200, 72, 0, 99, 243, 68, 89, 191, 146, 129>>}, audience: {"7c80bccc-de28-4354-be27-54e397cf170e", <<189, 91, 158, 34, 175, 86, 186, 26, 180, 152, 246, 54, 32, 139, 48, 139, 42, 209, 92, 81, 153, 102, 149, 205, 135, 216, 241, 79, 239, 149, 193, 197>>}, claim: %{scope: {:docs, ["a4ebec07-8c3f-5357-8f3a-da600c413af7"]}, verbs: [:write], caveats: %{not_before: nil, not_after: nil}}, proof: nil, sig: <<184, 201, 111, 157, 130, 246, 139, 27, 184, 49, 194, 216, 87, 10, 28, 247, 33, 249, 86, 9, 6, 171, 153, 153, 147, 2, 59, 96, 61, 53, 41, 93, ...>>, id: <<58, 150, 37, 82, 222, 68, 127, 201, 77, 161, 76, 6, 228, 239, 238, 59, 144, 60, 157, 203, 228, 136, 136, 180, 96, 148, 157, 28, 246, 223, 109, ...>>}}, 5000]}}}}
.02:49:17.510 [warning] Orchestrator running with a permissive trust config: declared processes (including code docs synced from peers) will auto-execute ungated. Pin identities / set accept_unsigned:false in trust.json for strict gating.
02:49:17.641 [error] Process 7700d2e8-681a-466d-8f53-1e1b40dbb696: log capability delegation failed: {:error, {:capability_store_unavailable, {:noproc, {GenServer, :call, [nil, {:store_capability, %Commonplace.Trust.Capability{issuer: {"37b9ee1d-2de3-4418-9e70-8b850575eb9f", <<83, 82, 228, 6, 228, 128, 203, 149, 83, 155, 144, 56, 1, 4, 212, 202, 13, 62, 25, 172, 29, 70, 200, 72, 0, 99, 243, 68, 89, 191, 146, 129>>}, audience: {"7700d2e8-681a-466d-8f53-1e1b40dbb696", <<139, 71, 110, 36, 48, 77, 68, 180, 48, 66, 177, 29, 194, 187, 3, 21, 235, 155, 16, 40, 175, 127, 155, 125, 46, 204, 225, 132, 155, 195, 6, 174>>}, claim: %{scope: {:docs, ["085d8752-0082-5361-a10f-7a30a334dc6b"]}, verbs: [:write], caveats: %{not_before: nil, not_after: nil}}, proof: nil, sig: <<54, 57, 12, 30, 160, 184, 123, 89, 191, 163, 218, 161, 215, 105, 23, 75, 207, 203, 115, 49, 32, 247, 102, 214, 206, 102, 126, 127, 91, 179, 204, 76, ...>>, id: <<124, 67, 142, 179, 46, 72, 65, 126, 18, 108, 157, 121, 242, 23, 93, 237, 87, 228, 95, 142, 186, 172, 29, 13, 201, 190, 137, 2, 49, 13, 255, ...>>}}, 5000]}}}}
02:49:17.667 [error] Process 2b76db73-8ef5-4500-bc01-542e8620b8e2: log capability delegation failed: {:error, {:capability_store_unavailable, {:noproc, {GenServer, :call, [nil, {:store_capability, %Commonplace.Trust.Capability{issuer: {"37b9ee1d-2de3-4418-9e70-8b850575eb9f", <<83, 82, 228, 6, 228, 128, 203, 149, 83, 155, 144, 56, 1, 4, 212, 202, 13, 62, 25, 172, 29, 70, 200, 72, 0, 99, 243, 68, 89, 191, 146, 129>>}, audience: {"2b76db73-8ef5-4500-bc01-542e8620b8e2", <<79, 216, 128, 45, 234, 155, 100, 94, 124, 135, 28, 179, 4, 192, 156, 137, 92, 52, 94, 183, 197, 157, 248, 170, 14, 91, 104, 165, 184, 112, 117, 17>>}, claim: %{scope: {:docs, ["30611591-baa4-5403-af38-ca068e90fb7d"]}, verbs: [:write], caveats: %{not_before: nil, not_after: nil}}, proof: nil, sig: <<16, 121, 91, 77, 250, 20, 18, 205, 136, 17, 122, 153, 136, 169, 53, 225, 250, 41, 187, 255, 237, 77, 145, 115, 36, 235, 88, 96, 148, 139, 157, 238, ...>>, id: <<212, 16, 235, 22, 13, 70, 178, 237, 93, 121, 162, 44, 164, 161, 120, 0, 251, 185, 1, 153, 218, 68, 172, 90, 244, 91, 119, 19, 96, 245, 74, ...>>}}, 5000]}}}}
02:49:17.757 [warning] flock failed on /tmp/cp_sandbox_442418/__processes.json: :enoent, proceeding without lock
02:49:17.839 [warning] flock failed on /tmp/cp_sandbox_442418/__reflog/server/__snapshot: :enoent, proceeding without lock
02:49:18.015 [error] Process 7700d2e8-681a-466d-8f53-1e1b40dbb696: log capability delegation failed: {:error, {:capability_store_unavailable, {:noproc, {GenServer, :call, [nil, {:store_capability, %Commonplace.Trust.Capability{issuer: {"37b9ee1d-2de3-4418-9e70-8b850575eb9f", <<83, 82, 228, 6, 228, 128, 203, 149, 83, 155, 144, 56, 1, 4, 212, 202, 13, 62, 25, 172, 29, 70, 200, 72, 0, 99, 243, 68, 89, 191, 146, 129>>}, audience: {"7700d2e8-681a-466d-8f53-1e1b40dbb696", <<139, 71, 110, 36, 48, 77, 68, 180, 48, 66, 177, 29, 194, 187, 3, 21, 235, 155, 16, 40, 175, 127, 155, 125, 46, 204, 225, 132, 155, 195, 6, 174>>}, claim: %{scope: {:docs, ["085d8752-0082-5361-a10f-7a30a334dc6b"]}, verbs: [:write], caveats: %{not_before: nil, not_after: nil}}, proof: nil, sig: <<54, 57, 12, 30, 160, 184, 123, 89, 191, 163, 218, 161, 215, 105, 23, 75, 207, 203, 115, 49, 32, 247, 102, 214, 206, 102, 126, 127, 91, 179, 204, 76, ...>>, id: <<124, 67, 142, 179, 46, 72, 65, 126, 18, 108, 157, 121, 242, 23, 93, 237, 87, 228, 95, 142, 186, 172, 29, 13, 201, 190, 137, 2, 49, 13, 255, ...>>}}, 5000]}}}}
02:49:18.019 [error] Process 2b76db73-8ef5-4500-bc01-542e8620b8e2: log capability delegation failed: {:error, {:capability_store_unavailable, {:noproc, {GenServer, :call, [nil, {:store_capability, %Commonplace.Trust.Capability{issuer: {"37b9ee1d-2de3-4418-9e70-8b850575eb9f", <<83, 82, 228, 6, 228, 128, 203, 149, 83, 155, 144, 56, 1, 4, 212, 202, 13, 62, 25, 172, 29, 70, 200, 72, 0, 99, 243, 68, 89, 191, 146, 129>>}, audience: {"2b76db73-8ef5-4500-bc01-542e8620b8e2", <<79, 216, 128, 45, 234, 155, 100, 94, 124, 135, 28, 179, 4, 192, 156, 137, 92, 52, 94, 183, 197, 157, 248, 170, 14, 91, 104, 165, 184, 112, 117, 17>>}, claim: %{scope: {:docs, ["30611591-baa4-5403-af38-ca068e90fb7d"]}, verbs: [:write], caveats: %{not_before: nil, not_after: nil}}, proof: nil, sig: <<16, 121, 91, 77, 250, 20, 18, 205, 136, 17, 122, 153, 136, 169, 53, 225, 250, 41, 187, 255, 237, 77, 145, 115, 36, 235, 88, 96, 148, 139, 157, 238, ...>>, id: <<212, 16, 235, 22, 13, 70, 178, 237, 93, 121, 162, 44, 164, 161, 120, 0, 251, 185, 1, 153, 218, 68, 172, 90, 244, 91, 119, 19, 96, 245, 74, ...>>}}, 5000]}}}}
.02:49:23.093 [warning] Orchestrator running with a permissive trust config: declared processes (including code docs synced from peers) will auto-execute ungated. Pin identities / set accept_unsigned:false in trust.json for strict gating.
02:49:23.219 [error] Process b9af4c69-7fb3-468d-a485-401401fdf501: log capability delegation failed: {:error, {:capability_store_unavailable, {:noproc, {GenServer, :call, [nil, {:store_capability, %Commonplace.Trust.Capability{issuer: {"37b9ee1d-2de3-4418-9e70-8b850575eb9f", <<83, 82, 228, 6, 228, 128, 203, 149, 83, 155, 144, 56, 1, 4, 212, 202, 13, 62, 25, 172, 29, 70, 200, 72, 0, 99, 243, 68, 89, 191, 146, 129>>}, audience: {"b9af4c69-7fb3-468d-a485-401401fdf501", <<224, 218, 102, 24, 208, 250, 62, 182, 231, 74, 186, 64, 42, 83, 191, 85, 190, 134, 28, 153, 171, 37, 110, 34, 92, 140, 15, 154, 186, 245, 251, 183>>}, claim: %{scope: {:docs, ["d6346cca-7afd-5031-93d1-07e79dd73b8f"]}, verbs: [:write], caveats: %{not_before: nil, not_after: nil}}, proof: nil, sig: <<220, 183, 107, 36, 149, 90, 215, 87, 196, 141, 80, 248, 246, 119, 144, 242, 116, 36, 6, 121, 137, 57, 84, 97, 127, 233, 223, 199, 216, 70, 7, 10, ...>>, id: <<115, 72, 70, 187, 252, 94, 177, 49, 217, 190, 31, 45, 30, 222, 207, 232, 217, 146, 110, 99, 220, 134, 253, 46, 154, 183, 110, 206, 224, 36, 150, ...>>}}, 5000]}}}}
.02:49:23.315 [warning] Orchestrator running with a permissive trust config: declared processes (including code docs synced from peers) will auto-execute ungated. Pin identities / set accept_unsigned:false in trust.json for strict gating.
02:49:23.441 [error] Process c18fd635-1e13-4f01-8655-778078d5c921: log capability delegation failed: {:error, {:capability_store_unavailable, {:noproc, {GenServer, :call, [nil, {:store_capability, %Commonplace.Trust.Capability{issuer: {"37b9ee1d-2de3-4418-9e70-8b850575eb9f", <<83, 82, 228, 6, 228, 128, 203, 149, 83, 155, 144, 56, 1, 4, 212, 202, 13, 62, 25, 172, 29, 70, 200, 72, 0, 99, 243, 68, 89, 191, 146, 129>>}, audience: {"c18fd635-1e13-4f01-8655-778078d5c921", <<15, 105, 113, 19, 17, 15, 67, 106, 220, 183, 33, 188, 144, 148, 115, 189, 149, 76, 170, 196, 187, 220, 154, 73, 124, 67, 193, 31, 0, 215, 15, 49>>}, claim: %{scope: {:docs, ["d4344140-fd56-52c7-8e69-2232f680c7c0"]}, verbs: [:write], caveats: %{not_before: nil, not_after: nil}}, proof: nil, sig: <<219, 159, 159, 204, 171, 27, 131, 198, 110, 247, 176, 191, 228, 48, 157, 15, 233, 149, 130, 59, 165, 5, 119, 181, 120, 61, 144, 235, 227, 176, 1, 176, ...>>, id: <<203, 185, 215, 231, 176, 153, 131, 224, 97, 187, 44, 169, 107, 53, 98, 27, 201, 115, 243, 139, 254, 3, 116, 195, 37, 232, 223, 168, 125, 74, 83, ...>>}}, 5000]}}}}
02:49:23.575 [error] Process c18fd635-1e13-4f01-8655-778078d5c921: log capability delegation failed: {:error, {:capability_store_unavailable, {:noproc, {GenServer, :call, [nil, {:store_capability, %Commonplace.Trust.Capability{issuer: {"37b9ee1d-2de3-4418-9e70-8b850575eb9f", <<83, 82, 228, 6, 228, 128, 203, 149, 83, 155, 144, 56, 1, 4, 212, 202, 13, 62, 25, 172, 29, 70, 200, 72, 0, 99, 243, 68, 89, 191, 146, 129>>}, audience: {"c18fd635-1e13-4f01-8655-778078d5c921", <<15, 105, 113, 19, 17, 15, 67, 106, 220, 183, 33, 188, 144, 148, 115, 189, 149, 76, 170, 196, 187, 220, 154, 73, 124, 67, 193, 31, 0, 215, 15, 49>>}, claim: %{scope: {:docs, ["d4344140-fd56-52c7-8e69-2232f680c7c0"]}, verbs: [:write], caveats: %{not_before: nil, not_after: nil}}, proof: nil, sig: <<219, 159, 159, 204, 171, 27, 131, 198, 110, 247, 176, 191, 228, 48, 157, 15, 233, 149, 130, 59, 165, 5, 119, 181, 120, 61, 144, 235, 227, 176, 1, 176, ...>>, id: <<203, 185, 215, 231, 176, 153, 131, 224, 97, 187, 44, 169, 107, 53, 98, 27, 201, 115, 243, 139, 254, 3, 116, 195, 37, 232, 223, 168, 125, 74, 83, ...>>}}, 5000]}}}}
02:49:23.711 [error] Process c18fd635-1e13-4f01-8655-778078d5c921: log capability delegation failed: {:error, {:capability_store_unavailable, {:noproc, {GenServer, :call, [nil, {:store_capability, %Commonplace.Trust.Capability{issuer: {"37b9ee1d-2de3-4418-9e70-8b850575eb9f", <<83, 82, 228, 6, 228, 128, 203, 149, 83, 155, 144, 56, 1, 4, 212, 202, 13, 62, 25, 172, 29, 70, 200, 72, 0, 99, 243, 68, 89, 191, 146, 129>>}, audience: {"c18fd635-1e13-4f01-8655-778078d5c921", <<15, 105, 113, 19, 17, 15, 67, 106, 220, 183, 33, 188, 144, 148, 115, 189, 149, 76, 170, 196, 187, 220, 154, 73, 124, 67, 193, 31, 0, 215, 15, 49>>}, claim: %{scope: {:docs, ["d4344140-fd56-52c7-8e69-2232f680c7c0"]}, verbs: [:write], caveats: %{not_before: nil, not_after: nil}}, proof: nil, sig: <<219, 159, 159, 204, 171, 27, 131, 198, 110, 247, 176, 191, 228, 48, 157, 15, 233, 149, 130, 59, 165, 5, 119, 181, 120, 61, 144, 235, 227, 176, 1, 176, ...>>, id: <<203, 185, 215, 231, 176, 153, 131, 224, 97, 187, 44, 169, 107, 53, 98, 27, 201, 115, 243, 139, 254, 3, 116, 195, 37, 232, 223, 168, 125, 74, 83, ...>>}}, 5000]}}}}
02:49:23.816 [error] Process c18fd635-1e13-4f01-8655-778078d5c921: log capability delegation failed: {:error, {:capability_store_unavailable, {:noproc, {GenServer, :call, [nil, {:store_capability, %Commonplace.Trust.Capability{issuer: {"37b9ee1d-2de3-4418-9e70-8b850575eb9f", <<83, 82, 228, 6, 228, 128, 203, 149, 83, 155, 144, 56, 1, 4, 212, 202, 13, 62, 25, 172, 29, 70, 200, 72, 0, 99, 243, 68, 89, 191, 146, 129>>}, audience: {"c18fd635-1e13-4f01-8655-778078d5c921", <<15, 105, 113, 19, 17, 15, 67, 106, 220, 183, 33, 188, 144, 148, 115, 189, 149, 76, 170, 196, 187, 220, 154, 73, 124, 67, 193, 31, 0, 215, 15, 49>>}, claim: %{scope: {:docs, ["d4344140-fd56-52c7-8e69-2232f680c7c0"]}, verbs: [:write], caveats: %{not_before: nil, not_after: nil}}, proof: nil, sig: <<219, 159, 159, 204, 171, 27, 131, 198, 110, 247, 176, 191, 228, 48, 157, 15, 233, 149, 130, 59, 165, 5, 119, 181, 120, 61, 144, 235, 227, 176, 1, 176, ...>>, id: <<203, 185, 215, 231, 176, 153, 131, 224, 97, 187, 44, 169, 107, 53, 98, 27, 201, 115, 243, 139, 254, 3, 116, 195, 37, 232, 223, 168, 125, 74, 83, ...>>}}, 5000]}}}}
.02:49:23.841 [warning] Orchestrator running with a permissive trust config: declared processes (including code docs synced from peers) will auto-execute ungated. Pin identities / set accept_unsigned:false in trust.json for strict gating.
02:49:23.964 [error] Process 5027c10c-96e6-407a-997a-2a15871d9274: log capability delegation failed: {:error, {:capability_store_unavailable, {:noproc, {GenServer, :call, [nil, {:store_capability, %Commonplace.Trust.Capability{issuer: {"37b9ee1d-2de3-4418-9e70-8b850575eb9f", <<83, 82, 228, 6, 228, 128, 203, 149, 83, 155, 144, 56, 1, 4, 212, 202, 13, 62, 25, 172, 29, 70, 200, 72, 0, 99, 243, 68, 89, 191, 146, 129>>}, audience: {"5027c10c-96e6-407a-997a-2a15871d9274", <<99, 142, 55, 79, 157, 219, 88, 162, 122, 1, 11, 88, 229, 179, 43, 69, 26, 194, 204, 3, 219, 228, 248, 237, 62, 198, 149, 70, 95, 180, 254, 82>>}, claim: %{scope: {:docs, ["ac07c5cc-4523-5c91-b3c0-f53e39288706"]}, verbs: [:write], caveats: %{not_before: nil, not_after: nil}}, proof: nil, sig: <<254, 193, 51, 159, 221, 71, 47, 115, 216, 13, 133, 131, 3, 27, 151, 32, 57, 195, 227, 209, 48, 188, 238, 178, 171, 174, 193, 149, 76, 183, 144, 179, ...>>, id: <<149, 225, 90, 42, 247, 27, 221, 74, 1, 160, 137, 8, 80, 148, 123, 181, 3, 153, 199, 255, 38, 148, 64, 89, 135, 21, 112, 99, 224, 60, 9, ...>>}}, 5000]}}}}
.....02:49:24.507 [warning] CommitStore: local write DENIED by trust gate (enforce) doc_uuid=b5c1cf87-2f57-448f-9f9c-c6c0087fa5e5 commit_id=650a543d4e69afa23a51a8c6864a41cd8c1c04d20947a38229d7921d14391dd3 reason={:untrusted_signer, "e49993fb-a7e9-4636-bcb7-dae6fdadc2a9"}
.02:49:24.554 [warning] CommitStore: local write DENIED by trust gate (enforce) doc_uuid=6cedca25-6d5a-4534-b989-24f1a9558305 commit_id=e653b6beaa27dd1e265cb472f56512f87575fd2704d253a40238d10c0ae578f5 reason={:untrusted_signer, "0a1ebbb8-3886-4045-815e-49d7f8dcb8da"}
.02:49:24.611 [warning] flock failed on /tmp/cp_gb_archive_repo_585758734/a.txt: :enoent, proceeding without lock
02:49:24.614 [warning] flock failed on /tmp/cp_gb_archive_repo_585758734/b.json: :enoent, proceeding without lock
02:49:24.617 [warning] flock failed on /tmp/cp_gb_archive_repo_585758734/nested/nested.txt: :enoent, proceeding without lock
02:49:24.619 [warning] flock failed on /tmp/cp_gb_archive_repo_585758734/.commonplace/a.txt.json: :enoent, proceeding without lock
02:49:24.621 [warning] flock failed on /tmp/cp_gb_archive_repo_585758734/.commonplace/b.json.json: :enoent, proceeding without lock
02:49:24.622 [warning] flock failed on /tmp/cp_gb_archive_repo_585758734/.commonplace/nested/nested.txt.json: :enoent, proceeding without lock
02:49:24.624 [warning] flock failed on /tmp/cp_gb_archive_repo_585758734/.commonplace/mount.json: :enoent, proceeding without lock
02:49:24.626 [warning] flock failed on /tmp/cp_gb_archive_repo_585758734/.commonplace/archive/doc-a/07a382d28b1343abcad3f2a5fc9269afce48eced57bcf5c4b4c02e9883ec1676.json: :enoent, proceeding without lock
02:49:24.629 [warning] flock failed on /tmp/cp_gb_archive_repo_585758734/.commonplace/archive/doc-a/1fcea0c52030b836cd20be1f48074705db00a9bbe93f2e7ca1f78c66a575c48c.json: :enoent, proceeding without lock
02:49:24.631 [warning] flock failed on /tmp/cp_gb_archive_repo_585758734/.commonplace/archive/doc-b/2928dccc7813e0851c7d878af8fd545bad5f464d8c2c2b665edc549a82db1372.json: :enoent, proceeding without lock
02:49:24.633 [warning] flock failed on /tmp/cp_gb_archive_repo_585758734/.commonplace/archive/doc-b/f9ba6b41370d5fd0e074664d7c3507bf9e6f570dbf4a1ef21ca5578f2bb0f580.json: :enoent, proceeding without lock
02:49:24.635 [warning] flock failed on /tmp/cp_gb_archive_repo_585758734/.commonplace/archive/doc-nested/5b3411037a9cb60dc0267e3969e1476ef9a6fc72b4274fa885eb89e1b38baca9.json: :enoent, proceeding without lock
02:49:24.637 [warning] flock failed on /tmp/cp_gb_archive_repo_585758734/.commonplace/archive/doc-nested/2252523025b3dcbbb0203c318ee41827aef9eed64274a132f52080a38ae6ccdc.json: :enoent, proceeding without lock
02:49:24.640 [warning] flock failed on /tmp/cp_gb_archive_repo_585758734/.commonplace/archive/mount-uuid-542426586/6024070ba191b8cc848e1311a813cc9ad7e9f9eee5fb931d37dfd21de7e78a53.json: :enoent, proceeding without lock
02:49:24.642 [warning] flock failed on /tmp/cp_gb_archive_repo_585758734/.commonplace/archive/mount-uuid-542426586/c0b51c62243f4c92f45b5cb7317577ef54300897af611131ad6ab0851f984bab.json: :enoent, proceeding without lock
02:49:24.645 [warning] flock failed on /tmp/cp_gb_archive_repo_585758734/.commonplace/archive/sub-uuid-975987559/df9324f0df905dffeaf8557e4f5b82faa17eb29ddc6cde6d7fcf63d9d614b899.json: :enoent, proceeding without lock
02:49:24.647 [warning] flock failed on /tmp/cp_gb_archive_repo_585758734/.commonplace/archive/sub-uuid-975987559/fea6349e4c53a4cc8ec61b4afea565d571e32b3c0d3a40c5e9564f6e70f86f43.json: :enoent, proceeding without lock
02:49:24.651 [warning] flock failed on /tmp/cp_gb_archive_repo_585758734/.commonplace/archive/watermarks.json: :enoent, proceeding without lock
..02:49:24.793 [warning] flock failed on /tmp/cp_gb_archive_repo_157691558/a.txt: :enoent, proceeding without lock
02:49:24.797 [warning] flock failed on /tmp/cp_gb_archive_repo_157691558/b.json: :enoent, proceeding without lock
02:49:24.800 [warning] flock failed on /tmp/cp_gb_archive_repo_157691558/nested/nested.txt: :enoent, proceeding without lock
02:49:24.802 [warning] flock failed on /tmp/cp_gb_archive_repo_157691558/.commonplace/a.txt.json: :enoent, proceeding without lock
02:49:24.805 [warning] flock failed on /tmp/cp_gb_archive_repo_157691558/.commonplace/b.json.json: :enoent, proceeding without lock
02:49:24.808 [warning] flock failed on /tmp/cp_gb_archive_repo_157691558/.commonplace/nested/nested.txt.json: :enoent, proceeding without lock
02:49:24.810 [warning] flock failed on /tmp/cp_gb_archive_repo_157691558/.commonplace/mount.json: :enoent, proceeding without lock
02:49:24.812 [warning] flock failed on /tmp/cp_gb_archive_repo_157691558/.commonplace/archive/doc-a/ed5b64de9bf0ad99b331880740f611ba68954a71b05c3605cda00be74d4483e7.json: :enoent, proceeding without lock
02:49:24.814 [warning] flock failed on /tmp/cp_gb_archive_repo_157691558/.commonplace/archive/doc-a/1fcea0c52030b836cd20be1f48074705db00a9bbe93f2e7ca1f78c66a575c48c.json: :enoent, proceeding without lock
02:49:24.817 [warning] flock failed on /tmp/cp_gb_archive_repo_157691558/.commonplace/archive/doc-b/9233edd77ed975dceeacac6d0b0091bec25289eba7e8d40906e0a1f1cab6c382.json: :enoent, proceeding without lock
02:49:24.819 [warning] flock failed on /tmp/cp_gb_archive_repo_157691558/.commonplace/archive/doc-b/f9ba6b41370d5fd0e074664d7c3507bf9e6f570dbf4a1ef21ca5578f2bb0f580.json: :enoent, proceeding without lock
02:49:24.822 [warning] flock failed on /tmp/cp_gb_archive_repo_157691558/.commonplace/archive/doc-nested/bc6902ecdcb60a726320d8c176a7242eb5f8575bf960f32af1443f19c89f27ab.json: :enoent, proceeding without lock
02:49:24.824 [warning] flock failed on /tmp/cp_gb_archive_repo_157691558/.commonplace/archive/doc-nested/2252523025b3dcbbb0203c318ee41827aef9eed64274a132f52080a38ae6ccdc.json: :enoent, proceeding without lock
02:49:24.827 [warning] flock failed on /tmp/cp_gb_archive_repo_157691558/.commonplace/archive/mount-uuid-523058969/08d75e9d247ce1d8ab52a6d8e36172c5ab4cf91ce5672977abf6b4a0c03785b7.json: :enoent, proceeding without lock
02:49:24.829 [warning] flock failed on /tmp/cp_gb_archive_repo_157691558/.commonplace/archive/mount-uuid-523058969/89af1743e7c21a04edace5a7d1cb3fce692d77daec3e9d3b19e12d7e22d07094.json: :enoent, proceeding without lock
02:49:24.831 [warning] flock failed on /tmp/cp_gb_archive_repo_157691558/.commonplace/archive/sub-uuid-182272935/fbeb1eb79260334fbb48057e496c911b60df7746b8ad1e4d75627cc2afbddbb6.json: :enoent, proceeding without lock
02:49:24.833 [warning] flock failed on /tmp/cp_gb_archive_repo_157691558/.commonplace/archive/sub-uuid-182272935/39e488e42634253099c9f95a96948892a7169243a749a76003341c1d5636f0b4.json: :enoent, proceeding without lock
02:49:24.835 [warning] flock failed on /tmp/cp_gb_archive_repo_157691558/.commonplace/archive/watermarks.json: :enoent, proceeding without lock
02:49:24.901 [warning] flock failed on /tmp/cp_gb_archive_repo_157691558/.commonplace/archive/watermarks.json: :enoent, proceeding without lock
.02:49:25.004 [warning] flock failed on /tmp/cp_gb_archive_repo_29798507/a.txt: :enoent, proceeding without lock
02:49:25.007 [warning] flock failed on /tmp/cp_gb_archive_repo_29798507/b.json: :enoent, proceeding without lock
02:49:25.010 [warning] flock failed on /tmp/cp_gb_archive_repo_29798507/nested/nested.txt: :enoent, proceeding without lock
02:49:25.012 [warning] flock failed on /tmp/cp_gb_archive_repo_29798507/.commonplace/a.txt.json: :enoent, proceeding without lock
02:49:25.014 [warning] flock failed on /tmp/cp_gb_archive_repo_29798507/.commonplace/b.json.json: :enoent, proceeding without lock
02:49:25.016 [warning] flock failed on /tmp/cp_gb_archive_repo_29798507/.commonplace/nested/nested.txt.json: :enoent, proceeding without lock
02:49:25.018 [warning] flock failed on /tmp/cp_gb_archive_repo_29798507/.commonplace/mount.json: :enoent, proceeding without lock
02:49:25.020 [warning] flock failed on /tmp/cp_gb_archive_repo_29798507/.commonplace/archive/doc-a/c8780380a19202068b6f8ca081b9270615cf99e55c147f7e5615e7d2649180aa.json: :enoent, proceeding without lock
02:49:25.022 [warning] flock failed on /tmp/cp_gb_archive_repo_29798507/.commonplace/archive/doc-a/1fcea0c52030b836cd20be1f48074705db00a9bbe93f2e7ca1f78c66a575c48c.json: :enoent, proceeding without lock
02:49:25.025 [warning] flock failed on /tmp/cp_gb_archive_repo_29798507/.commonplace/archive/doc-b/8eb64c6b6965f30181210635bca449ef88a582cf4ef8d46fe9fb1902b741cb36.json: :enoent, proceeding without lock
02:49:25.027 [warning] flock failed on /tmp/cp_gb_archive_repo_29798507/.commonplace/archive/doc-b/f9ba6b41370d5fd0e074664d7c3507bf9e6f570dbf4a1ef21ca5578f2bb0f580.json: :enoent, proceeding without lock
02:49:25.032 [warning] flock failed on /tmp/cp_gb_archive_repo_29798507/.commonplace/archive/doc-nested/9b78172852c96d35085fd85062760f3040fae1f1fbdd204268472aa5559ff586.json: :enoent, proceeding without lock
02:49:25.034 [warning] flock failed on /tmp/cp_gb_archive_repo_29798507/.commonplace/archive/doc-nested/2252523025b3dcbbb0203c318ee41827aef9eed64274a132f52080a38ae6ccdc.json: :enoent, proceeding without lock
02:49:25.037 [warning] flock failed on /tmp/cp_gb_archive_repo_29798507/.commonplace/archive/mount-uuid-47258890/13ad7456be8ca9ca5d718f633bdbca6486f19c2900ff07b952c490bfc23ca640.json: :enoent, proceeding without lock
02:49:25.039 [warning] flock failed on /tmp/cp_gb_archive_repo_29798507/.commonplace/archive/mount-uuid-47258890/204a19a5021cbf365a1f1d2cdcb097b8f8613e21b0be4e2363946a2fa4c4973e.json: :enoent, proceeding without lock
02:49:25.041 [warning] flock failed on /tmp/cp_gb_archive_repo_29798507/.commonplace/archive/sub-uuid-872424167/4152a7a8a2a51b2a6ffdedd3d128549740dbc9650f5f70de22a32eaea4fb9747.json: :enoent, proceeding without lock
02:49:25.043 [warning] flock failed on /tmp/cp_gb_archive_repo_29798507/.commonplace/archive/sub-uuid-872424167/f57370821864986c641abf7b35d092a91fabf16ee8f0622e5eb431b29c34ba95.json: :enoent, proceeding without lock
02:49:25.045 [warning] flock failed on /tmp/cp_gb_archive_repo_29798507/.commonplace/archive/watermarks.json: :enoent, proceeding without lock
02:49:25.105 [warning] flock failed on /tmp/cp_gb_archive_repo_29798507/.commonplace/archive/doc-a/9230b9357a5612dfd8ae78a405cc89f235c717df7b868c365f515ca24e7274eb.json: :enoent, proceeding without lock
02:49:25.107 [warning] flock failed on /tmp/cp_gb_archive_repo_29798507/.commonplace/archive/doc-a/cf6b6e6cfadcc3473f482182f53d2851ffa146475e9a464cfe75ea765a885e9f.json: :enoent, proceeding without lock
.02:49:25.220 [warning] flock failed on /tmp/cp_gb_archive_repo_70054120/a.txt: :enoent, proceeding without lock
02:49:25.222 [warning] flock failed on /tmp/cp_gb_archive_repo_70054120/b.json: :enoent, proceeding without lock
02:49:25.225 [warning] flock failed on /tmp/cp_gb_archive_repo_70054120/nested/nested.txt: :enoent, proceeding without lock
02:49:25.229 [warning] flock failed on /tmp/cp_gb_archive_repo_70054120/.commonplace/a.txt.json: :enoent, proceeding without lock
02:49:25.231 [warning] flock failed on /tmp/cp_gb_archive_repo_70054120/.commonplace/b.json.json: :enoent, proceeding without lock
02:49:25.232 [warning] flock failed on /tmp/cp_gb_archive_repo_70054120/.commonplace/nested/nested.txt.json: :enoent, proceeding without lock
02:49:25.234 [warning] flock failed on /tmp/cp_gb_archive_repo_70054120/.commonplace/mount.json: :enoent, proceeding without lock
02:49:25.238 [warning] flock failed on /tmp/cp_gb_archive_repo_70054120/.commonplace/archive/doc-a/d3dbc5f09c08f3661725bd0f985b1448225788b43def3f4ed290312bfea09736.json: :enoent, proceeding without lock
02:49:25.241 [warning] flock failed on /tmp/cp_gb_archive_repo_70054120/.commonplace/archive/doc-a/1fcea0c52030b836cd20be1f48074705db00a9bbe93f2e7ca1f78c66a575c48c.json: :enoent, proceeding without lock
02:49:25.243 [warning] flock failed on /tmp/cp_gb_archive_repo_70054120/.commonplace/archive/doc-b/79d68554b94faca20f0ac9783658b48d307d18325f796250524caeeed94e87bd.json: :enoent, proceeding without lock
02:49:25.246 [warning] flock failed on /tmp/cp_gb_archive_repo_70054120/.commonplace/archive/doc-b/f9ba6b41370d5fd0e074664d7c3507bf9e6f570dbf4a1ef21ca5578f2bb0f580.json: :enoent, proceeding without lock
02:49:25.248 [warning] flock failed on /tmp/cp_gb_archive_repo_70054120/.commonplace/archive/doc-nested/366045a21305c7d4fd3782905687914904fe0c56bd1d738f2af70ed6387a2794.json: :enoent, proceeding without lock
02:49:25.250 [warning] flock failed on /tmp/cp_gb_archive_repo_70054120/.commonplace/archive/doc-nested/2252523025b3dcbbb0203c318ee41827aef9eed64274a132f52080a38ae6ccdc.json: :enoent, proceeding without lock
02:49:25.253 [warning] flock failed on /tmp/cp_gb_archive_repo_70054120/.commonplace/archive/mount-uuid-914551874/c7e409f6fb124ac8f550c41820a708087f7ef36c54557ee75378ea2f49433155.json: :enoent, proceeding without lock
02:49:25.256 [warning] flock failed on /tmp/cp_gb_archive_repo_70054120/.commonplace/archive/mount-uuid-914551874/e0bb5eec0b2643918941593e5d41e2bda4531d3f2d19c870a52f83af570e5c46.json: :enoent, proceeding without lock
02:49:25.259 [warning] flock failed on /tmp/cp_gb_archive_repo_70054120/.commonplace/archive/sub-uuid-323542460/4c956982c1c136d6deda970ed9103d411ed4488d8ddb363282ec65e13f1b3b1a.json: :enoent, proceeding without lock
02:49:25.261 [warning] flock failed on /tmp/cp_gb_archive_repo_70054120/.commonplace/archive/sub-uuid-323542460/5779278d439a10d6a7602f9ced81f38ea5ff030dbac8119d46bab39231cbb08c.json: :enoent, proceeding without lock
02:49:25.263 [warning] flock failed on /tmp/cp_gb_archive_repo_70054120/.commonplace/archive/watermarks.json: :enoent, proceeding without lock
02:49:25.321 [warning] flock failed on /tmp/cp_gb_archive_repo_70054120/.commonplace/archive/doc-a/bd34a0cca8954391cd2a1621f0fb61ca1e0014d6cf12782126bcd7ad915eb33d.json: :enoent, proceeding without lock
02:49:25.323 [warning] flock failed on /tmp/cp_gb_archive_repo_70054120/.commonplace/archive/doc-a/9d0806c47a222f46391b17379fbd8bae372a65a79866647adb69a7b134f1b7a7.json: :enoent, proceeding without lock
.02:49:25.400 [warning] flock failed on /tmp/cp_gb_archive_repo_494375028/subdir/a.txt: :enoent, proceeding without lock
.02:49:25.477 [warning] flock failed on /tmp/cp_gb_archive_repo_21515852/a.txt: :enoent, proceeding without lock
02:49:25.479 [warning] flock failed on /tmp/cp_gb_archive_repo_21515852/b.json: :enoent, proceeding without lock
02:49:25.482 [warning] flock failed on /tmp/cp_gb_archive_repo_21515852/nested/nested.txt: :enoent, proceeding without lock
02:49:25.485 [warning] flock failed on /tmp/cp_gb_archive_repo_21515852/.commonplace/a.txt.json: :enoent, proceeding without lock
02:49:25.487 [warning] flock failed on /tmp/cp_gb_archive_repo_21515852/.commonplace/b.json.json: :enoent, proceeding without lock
02:49:25.489 [warning] flock failed on /tmp/cp_gb_archive_repo_21515852/.commonplace/nested/nested.txt.json: :enoent, proceeding without lock
02:49:25.491 [warning] flock failed on /tmp/cp_gb_archive_repo_21515852/.commonplace/mount.json: :enoent, proceeding without lock
02:49:25.494 [warning] flock failed on /tmp/cp_gb_archive_repo_21515852/.commonplace/archive/doc-a/0c3351139d0c4870ab11a0ee00f912020c47e9b5e8315f7bd2a68a671dfe8d4a.json: :enoent, proceeding without lock
02:49:25.496 [warning] flock failed on /tmp/cp_gb_archive_repo_21515852/.commonplace/archive/doc-a/1fcea0c52030b836cd20be1f48074705db00a9bbe93f2e7ca1f78c66a575c48c.json: :enoent, proceeding without lock
02:49:25.499 [warning] flock failed on /tmp/cp_gb_archive_repo_21515852/.commonplace/archive/doc-b/151a447d46cd1366943b06ffae4bc579a2d2283faa6c111689c2daa4ce4ecbe3.json: :enoent, proceeding without lock
02:49:25.501 [warning] flock failed on /tmp/cp_gb_archive_repo_21515852/.commonplace/archive/doc-b/f9ba6b41370d5fd0e074664d7c3507bf9e6f570dbf4a1ef21ca5578f2bb0f580.json: :enoent, proceeding without lock
02:49:25.503 [warning] flock failed on /tmp/cp_gb_archive_repo_21515852/.commonplace/archive/doc-nested/3b0f9629b6a8434753436dcc7bad2158b59fd08b50442aafee9fd5d4f760e71b.json: :enoent, proceeding without lock
02:49:25.506 [warning] flock failed on /tmp/cp_gb_archive_repo_21515852/.commonplace/archive/doc-nested/2252523025b3dcbbb0203c318ee41827aef9eed64274a132f52080a38ae6ccdc.json: :enoent, proceeding without lock
02:49:25.508 [warning] flock failed on /tmp/cp_gb_archive_repo_21515852/.commonplace/archive/mount-uuid-743292486/b57329384f84a11a173ce9747fc3d6fbae23f46a5436252e9e66159af3505860.json: :enoent, proceeding without lock
02:49:25.510 [warning] flock failed on /tmp/cp_gb_archive_repo_21515852/.commonplace/archive/mount-uuid-743292486/c404f2ec87d084cfb18ef9aec382c5c51d2452b8c396d4782c38636a5b8ac69f.json: :enoent, proceeding without lock
02:49:25.512 [warning] flock failed on /tmp/cp_gb_archive_repo_21515852/.commonplace/archive/sub-uuid-81618256/ae03a639e0daa45db6b920dc27bd5d069cfcc5a80d30fc224d730eb69df5c881.json: :enoent, proceeding without lock
02:49:25.515 [warning] flock failed on /tmp/cp_gb_archive_repo_21515852/.commonplace/archive/sub-uuid-81618256/c181b5d510fc166a3abd14d3dd51de2e04b8f53760f6b69612bf3df7065dec71.json: :enoent, proceeding without lock
02:49:25.517 [warning] flock failed on /tmp/cp_gb_archive_repo_21515852/.commonplace/archive/watermarks.json: :enoent, proceeding without lock
.02:49:25.663 [warning] flock failed on /tmp/cp_gb_archive_repo_465185673/a.txt: :enoent, proceeding without lock
02:49:25.670 [warning] flock failed on /tmp/cp_gb_archive_repo_465185673/b.json: :enoent, proceeding without lock
02:49:25.676 [warning] flock failed on /tmp/cp_gb_archive_repo_465185673/nested/nested.txt: :enoent, proceeding without lock
02:49:25.679 [warning] flock failed on /tmp/cp_gb_archive_repo_465185673/.commonplace/a.txt.json: :enoent, proceeding without lock
02:49:25.682 [warning] flock failed on /tmp/cp_gb_archive_repo_465185673/.commonplace/b.json.json: :enoent, proceeding without lock
02:49:25.685 [warning] flock failed on /tmp/cp_gb_archive_repo_465185673/.commonplace/nested/nested.txt.json: :enoent, proceeding without lock
02:49:25.688 [warning] flock failed on /tmp/cp_gb_archive_repo_465185673/.commonplace/mount.json: :enoent, proceeding without lock
02:49:25.692 [warning] flock failed on /tmp/cp_gb_archive_repo_465185673/.commonplace/archive/doc-a/63b2c3f66391330a2b66fec7ccdab108bc97d001ac253f0174e127026d6e026d.json: :enoent, proceeding without lock
02:49:25.694 [warning] flock failed on /tmp/cp_gb_archive_repo_465185673/.commonplace/archive/doc-a/1fcea0c52030b836cd20be1f48074705db00a9bbe93f2e7ca1f78c66a575c48c.json: :enoent, proceeding without lock
02:49:25.698 [warning] flock failed on /tmp/cp_gb_archive_repo_465185673/.commonplace/archive/doc-b/a2df841e037a52653889a799c99f461d0a7e4236c897b17b17a664ec0e66b9a0.json: :enoent, proceeding without lock
02:49:25.700 [warning] flock failed on /tmp/cp_gb_archive_repo_465185673/.commonplace/archive/doc-b/f9ba6b41370d5fd0e074664d7c3507bf9e6f570dbf4a1ef21ca5578f2bb0f580.json: :enoent, proceeding without lock
02:49:25.703 [warning] flock failed on /tmp/cp_gb_archive_repo_465185673/.commonplace/archive/doc-nested/719b2c8761305706280431522457136a6cd91e41e9cec81446d9591590fcb975.json: :enoent, proceeding without lock
02:49:25.706 [warning] flock failed on /tmp/cp_gb_archive_repo_465185673/.commonplace/archive/doc-nested/2252523025b3dcbbb0203c318ee41827aef9eed64274a132f52080a38ae6ccdc.json: :enoent, proceeding without lock
02:49:25.710 [warning] flock failed on /tmp/cp_gb_archive_repo_465185673/.commonplace/archive/mount-uuid-704315570/9b0d187158b0e1201d46e8e8b876b4912b04f6e75b078ea11f008355438898c9.json: :enoent, proceeding without lock
02:49:25.712 [warning] flock failed on /tmp/cp_gb_archive_repo_465185673/.commonplace/archive/mount-uuid-704315570/32cfe2109c1a1cf4be42f1e5c70677ed6ebce0c99568eede911bd4876384ee77.json: :enoent, proceeding without lock
02:49:25.716 [warning] flock failed on /tmp/cp_gb_archive_repo_465185673/.commonplace/archive/sub-uuid-27366124/3707c32a6c93aa720adb034f227b8c24a325d672aeb89243125bdec7d90de740.json: :enoent, proceeding without lock
02:49:25.720 [warning] flock failed on /tmp/cp_gb_archive_repo_465185673/.commonplace/archive/sub-uuid-27366124/3a475b51f71225fb7217e05e3400f4744d52aa459d0032191ef69d0af068fa8a.json: :enoent, proceeding without lock
02:49:25.722 [warning] flock failed on /tmp/cp_gb_archive_repo_465185673/.commonplace/archive/watermarks.json: :enoent, proceeding without lock
02:49:25.786 [warning] flock failed on /tmp/cp_gb_archive_repo_465185673/.commonplace/archive/doc-a/674179516c83d47455e4ab57c4ef4cb25b09b066ddfc08e087a728942f7aebf8.json: :enoent, proceeding without lock
..........02:49:26.226 [warning] Orchestrator running with a permissive trust config: declared processes (including code docs synced from peers) will auto-execute ungated. Pin identities / set accept_unsigned:false in trust.json for strict gating.
02:49:26.353 [error] Process cc85899b-b28e-4b0e-8669-5638bfece883: log capability delegation failed: {:error, {:capability_store_unavailable, {:noproc, {GenServer, :call, [nil, {:store_capability, %Commonplace.Trust.Capability{issuer: {"37b9ee1d-2de3-4418-9e70-8b850575eb9f", <<83, 82, 228, 6, 228, 128, 203, 149, 83, 155, 144, 56, 1, 4, 212, 202, 13, 62, 25, 172, 29, 70, 200, 72, 0, 99, 243, 68, 89, 191, 146, 129>>}, audience: {"cc85899b-b28e-4b0e-8669-5638bfece883", <<57, 104, 21, 40, 28, 43, 83, 47, 132, 233, 35, 4, 106, 7, 197, 21, 116, 234, 143, 202, 31, 172, 91, 153, 136, 4, 2, 190, 220, 4, 97, 238>>}, claim: %{scope: {:docs, ["74d66ffa-3ec1-5c57-a4cf-fac5cbbd1fbd"]}, verbs: [:write], caveats: %{not_before: nil, not_after: nil}}, proof: nil, sig: <<86, 39, 143, 151, 101, 179, 202, 147, 179, 140, 158, 118, 236, 115, 131, 87, 234, 138, 117, 152, 156, 197, 170, 131, 219, 177, 12, 38, 177, 194, 226, 249, ...>>, id: <<170, 167, 189, 64, 29, 147, 255, 165, 213, 228, 49, 230, 105, 189, 25, 201, 130, 188, 65, 92, 241, 214, 0, 137, 82, 76, 202, 73, 218, 25, 11, ...>>}}, 5000]}}}}
02:49:26.497 [error] Process cc85899b-b28e-4b0e-8669-5638bfece883: log capability delegation failed: {:error, {:capability_store_unavailable, {:noproc, {GenServer, :call, [nil, {:store_capability, %Commonplace.Trust.Capability{issuer: {"37b9ee1d-2de3-4418-9e70-8b850575eb9f", <<83, 82, 228, 6, 228, 128, 203, 149, 83, 155, 144, 56, 1, 4, 212, 202, 13, 62, 25, 172, 29, 70, 200, 72, 0, 99, 243, 68, 89, 191, 146, 129>>}, audience: {"cc85899b-b28e-4b0e-8669-5638bfece883", <<57, 104, 21, 40, 28, 43, 83, 47, 132, 233, 35, 4, 106, 7, 197, 21, 116, 234, 143, 202, 31, 172, 91, 153, 136, 4, 2, 190, 220, 4, 97, 238>>}, claim: %{scope: {:docs, ["74d66ffa-3ec1-5c57-a4cf-fac5cbbd1fbd"]}, verbs: [:write], caveats: %{not_before: nil, not_after: nil}}, proof: nil, sig: <<86, 39, 143, 151, 101, 179, 202, 147, 179, 140, 158, 118, 236, 115, 131, 87, 234, 138, 117, 152, 156, 197, 170, 131, 219, 177, 12, 38, 177, 194, 226, 249, ...>>, id: <<170, 167, 189, 64, 29, 147, 255, 165, 213, 228, 49, 230, 105, 189, 25, 201, 130, 188, 65, 92, 241, 214, 0, 137, 82, 76, 202, 73, 218, 25, 11, ...>>}}, 5000]}}}}
.02:49:26.984 [error] Process b2cbd858-7e9b-47dc-9e77-c3eaf46b9fe4: log capability delegation failed: {:error, {:capability_store_unavailable, {:noproc, {GenServer, :call, [nil, {:store_capability, %Commonplace.Trust.Capability{issuer: {"37b9ee1d-2de3-4418-9e70-8b850575eb9f", <<83, 82, 228, 6, 228, 128, 203, 149, 83, 155, 144, 56, 1, 4, 212, 202, 13, 62, 25, 172, 29, 70, 200, 72, 0, 99, 243, 68, 89, 191, 146, 129>>}, audience: {"b2cbd858-7e9b-47dc-9e77-c3eaf46b9fe4", <<214, 51, 33, 54, 105, 141, 68, 215, 4, 176, 12, 196, 160, 247, 172, 229, 216, 17, 115, 151, 5, 183, 102, 0, 82, 118, 149, 147, 254, 79, 233, 224>>}, claim: %{scope: {:docs, ["d2797875-d71c-5b16-a0f1-88d7fe078bf5"]}, verbs: [:write], caveats: %{not_before: nil, not_after: nil}}, proof: nil, sig: <<225, 114, 248, 59, 233, 168, 72, 160, 75, 76, 216, 187, 125, 78, 226, 67, 254, 155, 164, 224, 190, 50, 87, 198, 253, 0, 151, 58, 18, 34, 255, 196, ...>>, id: <<89, 189, 154, 97, 250, 148, 124, 102, 210, 56, 187, 46, 2, 226, 226, 193, 75, 145, 186, 238, 5, 117, 2, 117, 155, 229, 55, 14, 151, 86, 22, ...>>}}, 5000]}}}}
02:49:27.133 [error] Process b2cbd858-7e9b-47dc-9e77-c3eaf46b9fe4: log capability delegation failed: {:error, {:capability_store_unavailable, {:noproc, {GenServer, :call, [nil, {:store_capability, %Commonplace.Trust.Capability{issuer: {"37b9ee1d-2de3-4418-9e70-8b850575eb9f", <<83, 82, 228, 6, 228, 128, 203, 149, 83, 155, 144, 56, 1, 4, 212, 202, 13, 62, 25, 172, 29, 70, 200, 72, 0, 99, 243, 68, 89, 191, 146, 129>>}, audience: {"b2cbd858-7e9b-47dc-9e77-c3eaf46b9fe4", <<214, 51, 33, 54, 105, 141, 68, 215, 4, 176, 12, 196, 160, 247, 172, 229, 216, 17, 115, 151, 5, 183, 102, 0, 82, 118, 149, 147, 254, 79, 233, 224>>}, claim: %{scope: {:docs, ["d2797875-d71c-5b16-a0f1-88d7fe078bf5"]}, verbs: [:write], caveats: %{not_before: nil, not_after: nil}}, proof: nil, sig: <<225, 114, 248, 59, 233, 168, 72, 160, 75, 76, 216, 187, 125, 78, 226, 67, 254, 155, 164, 224, 190, 50, 87, 198, 253, 0, 151, 58, 18, 34, 255, 196, ...>>, id: <<89, 189, 154, 97, 250, 148, 124, 102, 210, 56, 187, 46, 2, 226, 226, 193, 75, 145, 186, 238, 5, 117, 2, 117, 155, 229, 55, 14, 151, 86, 22, ...>>}}, 5000]}}}}
......02:49:27.892 [warning] CommitStore: local write would be DENIED by trust gate (dry_run — write still lands) doc_uuid=bd68a7de-4b62-456a-b146-276f82ba7c54 commit_id=0cf183d55c1da09d987a594ff993dc7083b8937805956728b8922a439b7aa868 reason=:capability_insufficient
02:49:27.900 [warning] CommitStore: local write would be DENIED by trust gate (dry_run — write still lands) doc_uuid=b19c5b76-bed7-400f-a5b6-742946c0ca59 commit_id=0d8090511d5fa01842a96cd5600c958e9e8dca743657caeb9edf34efee770e41 reason=:capability_insufficient
02:49:27.906 [warning] CommitStore: local write would be DENIED by trust gate (dry_run — write still lands) doc_uuid=a6fb9e5f-05d4-4790-889a-54eb87dee3d1 commit_id=fec7ff645b295d7f251f84a82cba7c13a40da86ea9375d0f81b446a2af998515 reason=:capability_insufficient
02:49:27.910 [warning] CommitStore: local write would be DENIED by trust gate (dry_run — write still lands) doc_uuid=781d9a01-38db-46af-b07f-0524c0f3f10b commit_id=a68ec9a03e5a5c9c2cfc055c31b18d096575e7ba969c2dfc300573248997220b reason=:capability_insufficient
02:49:27.916 [warning] CommitStore: local write would be DENIED by trust gate (dry_run — write still lands) doc_uuid=f14673ce-58ff-4beb-a402-42cbd81c8138 commit_id=e90c5ddc9c681eef11955b01972f92e34529d7b14443ce2a339590d64b53fa27 reason=:capability_insufficient
02:49:27.927 [warning] CommitStore: local write would be DENIED by trust gate (dry_run — write still lands) doc_uuid=781d9a01-38db-46af-b07f-0524c0f3f10b commit_id=2b1aa517a1b9350704c7c752f24a9e7db42771cb5b1e5f6045dd4b7193edc27a reason=:capability_insufficient
02:49:27.937 [warning] CommitStore: local write would be DENIED by trust gate (dry_run — write still lands) doc_uuid=bd68a7de-4b62-456a-b146-276f82ba7c54 commit_id=38b4e180970353d2da13253e88956a707d23e461506bbcd5b33f388baf20f236 reason=:capability_insufficient
.02:49:28.474 [warning] CommitStore: local write would be DENIED by trust gate (dry_run — write still lands) doc_uuid=0d421246-f615-4b22-8e39-480a5f8bb98f commit_id=a38837b9a008cfdfbaf1551de2eee7eda591eff98c0b4f6421f161181eff2de5 reason=:capability_insufficient
02:49:28.486 [warning] CommitStore: local write would be DENIED by trust gate (dry_run — write still lands) doc_uuid=bb35031e-bb06-4c10-9b30-2c71d49d1aa7 commit_id=73b987aa153f1f6aeed058981e1bb17a01548fe0f9aabcc6f0dc817319ff4ce0 reason=:capability_insufficient
02:49:28.490 [warning] CommitStore: local write would be DENIED by trust gate (dry_run — write still lands) doc_uuid=5992bd2c-1890-42a0-814a-488635976977 commit_id=7861b50affad771b1b34fbe1366f4dba920dd316cf15a5ab33210542f55d32df reason=:capability_insufficient
02:49:28.495 [warning] CommitStore: local write would be DENIED by trust gate (dry_run — write still lands) doc_uuid=74513b5b-fdf3-4709-b3de-062311030843 commit_id=95f1c674edf2286e634d7fb2618d97c9b6c605f06d49627ebf422c66548d2b1d reason=:capability_insufficient
02:49:28.500 [warning] CommitStore: local write would be DENIED by trust gate (dry_run — write still lands) doc_uuid=065f5ad9-957f-49ba-97e2-bd9be355b687 commit_id=22dd436bc1ca2872ab944b0f689093a7538a4b170802f3fc63286481611f528a reason=:capability_insufficient
02:49:28.511 [warning] CommitStore: local write would be DENIED by trust gate (dry_run — write still lands) doc_uuid=74513b5b-fdf3-4709-b3de-062311030843 commit_id=d2f17a081d9a046bd10610a479fb6dc706324552afcf7ecfe35c1fd4ec7b8142 reason=:capability_insufficient
02:49:28.515 [warning] CommitStore: local write would be DENIED by trust gate (dry_run — write still lands) doc_uuid=0d421246-f615-4b22-8e39-480a5f8bb98f commit_id=d1cef4c8e9cc61201870c67f45f4aee382ad959fd15f5608dbf7643c7cb2d320 reason=:capability_insufficient
..02:49:56.898 [warning] CommitStore: local write would be DENIED by trust gate (dry_run — write still lands) doc_uuid=35a10463-2a26-4a32-9c82-bb0bdb757725 commit_id=1dbc3354e60dcf4ed1bd572a9c11f9e01359a5f0ac0031cefc977b75244b5698 reason=:capability_insufficient
02:49:56.905 [warning] CommitStore: local write would be DENIED by trust gate (dry_run — write still lands) doc_uuid=f7b5f497-e308-40c0-ac7b-084b02e2cb34 commit_id=f3d3489ae87b56fb9485e33ea86c35aab85bea553d0c13c36f49db75d450e706 reason=:capability_insufficient
02:49:56.910 [warning] CommitStore: local write would be DENIED by trust gate (dry_run — write still lands) doc_uuid=5700208c-04eb-4a39-af81-c4fb0a6e708e commit_id=05a5f47f8ee9b5a18b63fe4bd55f8f1f16e10142436f10caef6bebc83fb6b308 reason=:capability_insufficient
02:49:56.913 [warning] CommitStore: local write would be DENIED by trust gate (dry_run — write still lands) doc_uuid=334143aa-2828-4351-9764-ae14ab26b530 commit_id=614e9ed21842b8ee13d2048b967e89f5e12d401aabdccf1af42a540873b8a06c reason=:capability_insufficient
02:49:56.918 [warning] CommitStore: local write would be DENIED by trust gate (dry_run — write still lands) doc_uuid=5d14bd8a-ad86-4518-a82d-655f702f2bda commit_id=6fc74c26ef7098e5ac1b9c0bf7bcb31cf43c9ff1fbe62c51b066c896ff1c5729 reason=:capability_insufficient
02:49:56.924 [warning] CommitStore: local write would be DENIED by trust gate (dry_run — write still lands) doc_uuid=334143aa-2828-4351-9764-ae14ab26b530 commit_id=e0ac055721527df970122dc8e5f0e36a86d22445768e20463a035c59b6603105 reason=:capability_insufficient
02:49:56.930 [warning] CommitStore: local write would be DENIED by trust gate (dry_run — write still lands) doc_uuid=35a10463-2a26-4a32-9c82-bb0bdb757725 commit_id=78bc1655409ebba32aa90cd5b585ca449af33bb8a3a7817f820f8225d4d41696 reason=:capability_insufficient
.....02:49:57.558 [warning] SiblingMerger: skipping auto-merge for code doc code-sibling — no-delta-merge-on-code-docs invariant (CX-obfb). Heads stay divergent; converge by re-authorship (an :execute-authorized signer mints a regular full-state commit).
.......02:49:57.672 [warning] CommitStore: local write DENIED by trust gate (enforce) doc_uuid=37f7afa9-0dd2-4a54-a219-d9676ab87307 commit_id=417d320cd3d9a20e7fa89000989d70e89c192409cc0ba0dc66ca29746118eb72 reason=:unsigned
02:49:57.673 [warning] CommitStore: local write DENIED by trust gate (enforce) doc_uuid=d9ff5c3e-ef07-4b66-b037-299a752a460f commit_id=a282d72f7f0cd086fa0df1d6233e5602adec7278fb6ee961141295258b41ed55 reason=:unsigned
.02:49:57.690 [warning] CommitStore: local write DENIED by trust gate (enforce) doc_uuid=c86bf9d4-a0b5-46b9-9c7c-9446bb58c345 commit_id=ccf4f606259d0c3df01d2eae4363feb1da3c30c0a67df20264ff54a657341391 reason=:unsigned
02:49:57.693 [warning] CommitStore: local write DENIED by trust gate (enforce) doc_uuid=c86bf9d4-a0b5-46b9-9c7c-9446bb58c345 commit_id=0110604d87f52e31f9ce97acc2f520c583dff16d232524e87630550fb2ffa8b6 reason=:unsigned
..02:49:57.738 [warning] CommitStore: local write DENIED by trust gate (enforce) doc_uuid=344cb83f-7865-4203-a116-01840a880298 commit_id=5f8996c077b939b9ca1b252f9afbb93489b9b1cde04c1298d3b800419da95fd3 reason=:unsigned
..02:49:57.791 [warning] CommitStore: local write DENIED by trust gate (enforce) doc_uuid=2299ab04-a58e-462d-92f1-0d1a294082fc commit_id=50341871903401149d68bbee8b5add25cb188cc9b4cc59a826f6d5edd6039bee reason=:unsigned
.........02:49:59.767 [warning] Watcher: skipping unreadable file /tmp/cp_watch_dir_295124/bad.txt (:eacces)
02:49:59.767 [warning] Watcher: skipping unreadable file /tmp/cp_watch_dir_295124/bad.txt (:eacces)
.02:49:59.799 [warning] Watcher: skipping symlinked directory /tmp/cp_watch_dir_957661/loop/self (not followed, prevents cycle)
........................................02:50:00.795 [warning] EngineModule :look (nil) fell back to last-good/floor: {:runtime_crash, Commonplace.MUD.EngineLook, {:rescue, %FunctionClauseError{module: Commonplace.MUD.EngineLook, function: :run, arity: 2, kind: nil, args: nil, clauses: nil}}}
.02:50:01.429 [warning] EngineModule :look (nil) fell back to last-good/floor: {:runtime_crash, Commonplace.MUD.EngineLook, {:rescue, %FunctionClauseError{module: Commonplace.MUD.EngineLook, function: :run, arity: 2, kind: nil, args: nil, clauses: nil}}}
.....02:50:02.561 [warning] EngineModule :look ("100ca11b-1004-4e55-9f66-a07788990011") fell back to last-good/floor: {:compile, :not_found}
...02:50:02.775 [warning] CommitStore: local write would be DENIED by trust gate (dry_run — write still lands) doc_uuid=103e394d-d87d-485a-873e-e565d69129e6 commit_id=fbfe79b50ea7ff09a5960356dc6e30da00400a0f9d0b1ba5aed1040e5802b135 reason=:invalid_signature
02:50:02.780 [warning] CommitStore: local write would be DENIED by trust gate (dry_run — write still lands) doc_uuid=476dff89-ca8f-4d4e-a427-d4e53de2c51f commit_id=9bd13bbed70478a36359cce86e49318cbfeb652e46878676696072ee1aee5d90 reason=:invalid_signature
02:50:02.870 [warning] safe-verb reach bound fired: move_object → :owner_grant_exceeded (via_verb={"verbs/shove.safe.elx", "chest.obj"})
02:50:02.877 [warning] safe-verb reach bound fired: move_object → :owner_grant_exceeded (via_verb={"f1b6b0b8-dac1-4738-8674-2bf866096fe5", "chest.obj"})
.02:50:02.905 [warning] CommitStore: local write would be DENIED by trust gate (dry_run — write still lands) doc_uuid=0abee963-8528-4291-95ac-124d9941d5f1 commit_id=c513ac4c79cb7df11749156b5310ab91d5cfbfa0e491a321f848d048ad9641d4 reason=:unsigned
02:50:02.910 [warning] CommitStore: local write would be DENIED by trust gate (dry_run — write still lands) doc_uuid=b093a781-804f-402c-862e-350ffb1e4e68 commit_id=cec08eb993b25285549ebcbb5cb96af5c1af06b220e35dc508ddedb8e0b8b9db reason=:unsigned
02:50:02.915 [warning] CommitStore: local write would be DENIED by trust gate (dry_run — write still lands) doc_uuid=244b9ab9-edea-4b82-85e4-8d87c6e81314 commit_id=7f416f2b5f4f9412daad35893c77d643e343a2459122d143caf7c2b7864e531a reason=:unsigned
....02:50:03.349 [warning] EngineModule :go ("1a2b3c4d-5e6f-4a7b-8c9d-0e1f2a3b4c5d") fell back to last-good/floor: {:compile, :not_found}
.02:50:03.388 [warning] EngineModule :search ("0521e66a-d36f-4c25-86bc-3f77c2fccdf8") fell back to last-good/floor: {:compile, :not_found}
.02:50:03.431 [warning] EngineModule :examine ("fdcb5f1e-a0f1-4fc3-82dc-1508bdf44b12") fell back to last-good/floor: {:compile, :not_found}
.02:50:03.527 [warning] EngineModule :examine ("fdcb5f1e-a0f1-4fc3-82dc-1508bdf44b12") fell back to last-good/floor: {:compile, :not_found}
.02:50:03.559 [warning] CommitStore: local write would be DENIED by trust gate (dry_run — write still lands) doc_uuid=903aefdb-6af0-40e7-b614-0369c0372b51 commit_id=54a82db9d074d6ae6e257392a17384d8770c8301d731526a9ff53c4b29dcd97d reason=:unsigned
02:50:03.565 [warning] CommitStore: local write would be DENIED by trust gate (dry_run — write still lands) doc_uuid=87751d69-ba10-4635-b164-62054513c9e8 commit_id=fd65ad3d49554c4d29bf35f040fc59f50073d76c9e2c8173068d9b17b3758697 reason=:unsigned
02:50:03.569 [warning] CommitStore: local write would be DENIED by trust gate (dry_run — write still lands) doc_uuid=875dceae-f917-47b8-b229-affc50af5990 commit_id=abe84a02e3e4a73fe6bf6205a3a3ac9604d13740eccec8426e124df9adceb4b2 reason=:unsigned
.02:50:03.621 [warning] EngineModule :read ("61f0cb2f-3676-445e-95ae-ce8585f3ef25") fell back to last-good/floor: {:compile, :not_found}
....02:50:03.958 [warning] EngineModule :look ("100ca11b-1004-4e55-9f66-a07788990011") fell back to last-good/floor: {:compile, :not_found}
02:50:03.959 [warning] EngineModule :say ("400fc44e-4007-4b88-c299-d3a011223344") fell back to last-good/floor: {:compile, :not_found}
.02:50:03.982 [warning] EngineModule :sit ("9b002b18-37e4-4a31-a869-8849f9906761") fell back to last-good/floor: {:compile, :not_found}
02:50:03.983 [warning] EngineModule :stand ("2b5eae29-f49e-4a85-a426-9342ac6c4b4d") fell back to last-good/floor: {:compile, :not_found}
..02:50:04.382 [warning] safe-verb reach bound fired: move_object → :owner_grant_exceeded (via_verb={"verbs/shove.safe.elx", "box.obj"})
02:50:04.386 [warning] safe-verb reach bound fired: move_object → :owner_grant_exceeded (via_verb={"1ba7e846-b397-469a-92d8-9ceea4799b23", "box.obj"})
.02:50:04.423 [warning] EngineModule :use ("9f14c802-1d85-4cb1-9e16-5e6179d0997b") fell back to last-good/floor: {:compile, :not_found}
.................02:50:11.521 [warning] CommitStore: doc commit index missing; startup backfill repaired commit_rows=5000 doc_uuids=500 removed_index_rows=0 scope=entire_commit_range
CX-3an0 current one-doc read: store_commits=5000 store_docs=500 target_commits=10 rows_read=5000
CX-3an0 one-doc read: store_commits=5000 store_docs=500 target_commits=10 before_rows_read=5000 after_rows_read=11
.............................02:50:15.549 [error] local node self-trust was not added: node signing public-key artifact is absent — continuing with configured trusted identities
.02:50:15.658 [error] local node self-trust was not added: node signing public-key artifact is absent — continuing with configured trusted identities
.02:50:15.800 [error] local node self-trust was not added: node signing public-key artifact is absent — continuing with configured trusted identities
.02:50:15.897 [error] local node self-trust was not added: node signing public-key artifact is absent — continuing with configured trusted identities
.02:50:16.038 [error] local node self-trust was not added: node signing public-key artifact is absent — continuing with configured trusted identities
.02:50:16.119 [error] local node self-trust was not added: node signing public-key artifact is absent — continuing with configured trusted identities
.02:50:16.228 [error] local node self-trust was not added: node signing public-key artifact is absent — continuing with configured trusted identities
......................02:50:17.046 [warning] CommitStore: local write DENIED by trust gate (enforce) doc_uuid=7fc650da-aaf3-4a97-a58f-5b3fb1002a77 commit_id=11b148171e822de21062940d74264101c40035440d524d0a57262ae89831435e reason=:unsigned
....02:50:17.137 [error] CommitStore: refusing to open /tmp/cx2479_dup_890617742/commits — the commits store is LOCKED by another live process (flock on /tmp/cx2479_dup_890617742/commits.lock, :would_block).
  Holder hint (NOT proof — diagnostic content of the lock file): 3 nonode@nohost
  This store is held by a live process. Read it through the running serve (:erpc into the serve node, or Commonplace.Store.CommitStoreClient against it), or from a CubDB.back_up/2 copy. Do NOT retry the direct open and do NOT delete the lock file — a second opener on one CubDB directory is how the store gets corrupted.
No CubDB open was attempted; nothing on disk was touched. (CX-2479)
.MEASURED: flock reacquire after kill took 0 ms
...02:50:17.260 [error] CommitStore: refusing to open /tmp/cx2479_flock_unavailable_31811329/commits — flock_nif.so is unavailable, so single-opener exclusion cannot be guaranteed.
  flock NIF load failed (:nofile). Reinstall or rebuild the CLI so commonplace/priv/flock_nif.so is present and loadable; refusing the local CommitStore rather than opening it without an OS lock.
No CubDB open was attempted. (CX-a449)
.02:50:17.265 [error] GenServer #PID<0.47331.0> terminating
** (stop) killed
Last message: {:EXIT, #PID<0.47328.0>, :killed}
.02:50:17.331 [warning] GitBridge.Inbound: fetch failed for mount-863705771: "fatal: couldn't find remote ref main"
02:50:17.332 [warning] flock failed on /tmp/cp_gb_in_repo_390822098/a.txt: :enoent, proceeding without lock
02:50:17.334 [warning] flock failed on /tmp/cp_gb_in_repo_390822098/.commonplace/a.txt.json: :enoent, proceeding without lock
02:50:17.336 [warning] flock failed on /tmp/cp_gb_in_repo_390822098/.commonplace/mount.json: :enoent, proceeding without lock
02:50:17.339 [warning] flock failed on /tmp/cp_gb_in_repo_390822098/.commonplace/archive/doc-705745190/a3cc79730094f0bf6ae81958e365f27c1a6756d2c6fc690b46d85fb0cffff604.json: :enoent, proceeding without lock
02:50:17.341 [warning] flock failed on /tmp/cp_gb_in_repo_390822098/.commonplace/archive/doc-705745190/f04596644c128595f63bd1e1ee1d2e1d0a138ea0a90717da8b88224fd9c4842f.json: :enoent, proceeding without lock
02:50:17.343 [warning] flock failed on /tmp/cp_gb_in_repo_390822098/.commonplace/archive/mount-863705771/e8f13e452a7a95ae9aa15d2dae09be954776b8589e69b8c691f8fcce67c93214.json: :enoent, proceeding without lock
02:50:17.345 [warning] flock failed on /tmp/cp_gb_in_repo_390822098/.commonplace/archive/mount-863705771/c3213e98d1e45782d9fd799408858d5da272edbe1f23e2a51705345a4ecf7645.json: :enoent, proceeding without lock
02:50:17.347 [warning] flock failed on /tmp/cp_gb_in_repo_390822098/.commonplace/archive/mount-863705771/7db9483a5efe018e004830bc7887ec23e27ff4ac44cb42b89af8b10df07f02dc.json: :enoent, proceeding without lock
02:50:17.348 [warning] flock failed on /tmp/cp_gb_in_repo_390822098/.commonplace/archive/watermarks.json: :enoent, proceeding without lock
.02:50:17.617 [warning] GitBridge.Inbound: fetch failed for mount-937055612: "fatal: couldn't find remote ref main"
02:50:17.618 [warning] flock failed on /tmp/cp_gb_in_repo_364603783/a.txt: :enoent, proceeding without lock
02:50:17.621 [warning] flock failed on /tmp/cp_gb_in_repo_364603783/.commonplace/a.txt.json: :enoent, proceeding without lock
02:50:17.625 [warning] flock failed on /tmp/cp_gb_in_repo_364603783/.commonplace/mount.json: :enoent, proceeding without lock
02:50:17.628 [warning] flock failed on /tmp/cp_gb_in_repo_364603783/.commonplace/archive/doc-320137064/b6c6dccdc2da1b4583f85ad5e5fea56632852f9f07ef529068759d9bb33d83b0.json: :enoent, proceeding without lock
02:50:17.631 [warning] flock failed on /tmp/cp_gb_in_repo_364603783/.commonplace/archive/doc-320137064/23f61c5a77509b2adea7e68e3ee380f8b67168b0fd58a82c4abffd541f3d287f.json: :enoent, proceeding without lock
02:50:17.633 [warning] flock failed on /tmp/cp_gb_in_repo_364603783/.commonplace/archive/mount-937055612/22b70404a5318564974ef5601cd9e3d72bee14379833960c3bd66b7fd465e4ae.json: :enoent, proceeding without lock
02:50:17.636 [warning] flock failed on /tmp/cp_gb_in_repo_364603783/.commonplace/archive/mount-937055612/86a35ec88daa30275cc2102bcd78fd2e36cc9710899422d3f882f587d3eb021e.json: :enoent, proceeding without lock
02:50:17.638 [warning] flock failed on /tmp/cp_gb_in_repo_364603783/.commonplace/archive/mount-937055612/942f3a4ece00033144739ec35952d213863dc5c73c2741fb46d422c857aa138c.json: :enoent, proceeding without lock
02:50:17.641 [warning] flock failed on /tmp/cp_gb_in_repo_364603783/.commonplace/archive/watermarks.json: :enoent, proceeding without lock
02:50:17.841 [warning] flock failed on /tmp/cp_gb_in_repo_364603783/.commonplace/archive/doc-320137064/a317bf990f461e9422c272928939af50e9f4a3ea19922d6d6d507854511813cd.json: :enoent, proceeding without lock
02:50:17.880 [warning] GitBridge.Server: push failed for mount-937055612: "To /tmp/cp_gb_in_bare_276968387\n ! [rejected]        main -> main (non-fast-forward)\nerror: failed to push some refs to '/tmp/cp_gb_in_bare_276968387'\nhint: Updates were rejected because the tip of your current branch is behind\nhint: its remote counterpart. If you want to integrate the remote changes,\nhint: use 'git pull' before pushing again.\nhint: See the 'Note about fast-forwards' in 'git push --help' for details."
02:50:17.937 [warning] flock failed on /tmp/cp_gb_in_repo_364603783/.commonplace/archive/doc-320137064/a317bf990f461e9422c272928939af50e9f4a3ea19922d6d6d507854511813cd.json: :enoent, proceeding without lock
.02:50:18.138 [warning] GitBridge.Inbound: fetch failed for mount-107732269: "fatal: couldn't find remote ref main"
02:50:18.139 [warning] flock failed on /tmp/cp_gb_in_repo_264499357/a.txt: :enoent, proceeding without lock
02:50:18.141 [warning] flock failed on /tmp/cp_gb_in_repo_264499357/.commonplace/a.txt.json: :enoent, proceeding without lock
02:50:18.142 [warning] flock failed on /tmp/cp_gb_in_repo_264499357/.commonplace/mount.json: :enoent, proceeding without lock
02:50:18.144 [warning] flock failed on /tmp/cp_gb_in_repo_264499357/.commonplace/archive/doc-243519259/bd17a091e88651d04f53473a4d487c6dd3ba040069a2cb245af33d0eabb6134b.json: :enoent, proceeding without lock
02:50:18.148 [warning] flock failed on /tmp/cp_gb_in_repo_264499357/.commonplace/archive/doc-243519259/cf4440b8b9225be5e8fe3a097154840352311a2fbf632af1e6b42c148403b099.json: :enoent, proceeding without lock
02:50:18.151 [warning] flock failed on /tmp/cp_gb_in_repo_264499357/.commonplace/archive/mount-107732269/cf501d9b80570ae7e9c5f8277b61a03fe4c74f8eff4aaff4c0de41c71640b7ee.json: :enoent, proceeding without lock
02:50:18.153 [warning] flock failed on /tmp/cp_gb_in_repo_264499357/.commonplace/archive/mount-107732269/52f9f6afa263a2d8744bc08b000b455e02351a533c1e536f90098cb24474706e.json: :enoent, proceeding without lock
02:50:18.154 [warning] flock failed on /tmp/cp_gb_in_repo_264499357/.commonplace/archive/mount-107732269/3a4ccf5e4784a3b83f64e60c5a857fc8a196604b7ad8fa04ae5f880b4027b648.json: :enoent, proceeding without lock
02:50:18.156 [warning] flock failed on /tmp/cp_gb_in_repo_264499357/.commonplace/archive/watermarks.json: :enoent, proceeding without lock
.02:50:18.434 [warning] GitBridge.Inbound: fetch failed for mount-972361020: "fatal: couldn't find remote ref main"
02:50:18.435 [warning] flock failed on /tmp/cp_gb_in_repo_955593505/a.txt: :enoent, proceeding without lock
02:50:18.438 [warning] flock failed on /tmp/cp_gb_in_repo_955593505/.commonplace/a.txt.json: :enoent, proceeding without lock
02:50:18.439 [warning] flock failed on /tmp/cp_gb_in_repo_955593505/.commonplace/mount.json: :enoent, proceeding without lock
02:50:18.442 [warning] flock failed on /tmp/cp_gb_in_repo_955593505/.commonplace/archive/doc-298488248/9051f43c6d3f0ef3bfbbfc79ae7c5bac88389ef76c6bbb9d0fdd7e1ed727a985.json: :enoent, proceeding without lock
02:50:18.444 [warning] flock failed on /tmp/cp_gb_in_repo_955593505/.commonplace/archive/doc-298488248/7cadaea63d7b82dcd3a5a845b2c4ef0967c72f8132f075efa1f966f396af2138.json: :enoent, proceeding without lock
02:50:18.446 [warning] flock failed on /tmp/cp_gb_in_repo_955593505/.commonplace/archive/mount-972361020/22d458136d03725574e450fd68488ac7b296d9b08a93ea2e3ef7ff2fdcd50820.json: :enoent, proceeding without lock
02:50:18.448 [warning] flock failed on /tmp/cp_gb_in_repo_955593505/.commonplace/archive/mount-972361020/e31ae06d83b69db563c19441a83366173fcea04e4cd1c0232055a65024c10cf6.json: :enoent, proceeding without lock
02:50:18.450 [warning] flock failed on /tmp/cp_gb_in_repo_955593505/.commonplace/archive/mount-972361020/d989582778a2713bf354dc8cd850bd6c1cc624e50d69fe1d6df2627734dd8c20.json: :enoent, proceeding without lock
02:50:18.451 [warning] flock failed on /tmp/cp_gb_in_repo_955593505/.commonplace/archive/watermarks.json: :enoent, proceeding without lock
02:50:18.638 [warning] flock failed on /tmp/cp_gb_in_repo_955593505/new_file.txt: :enoent, proceeding without lock
02:50:18.641 [warning] flock failed on /tmp/cp_gb_in_repo_955593505/.commonplace/new_file.txt.json: :enoent, proceeding without lock
02:50:18.647 [warning] flock failed on /tmp/cp_gb_in_repo_955593505/.commonplace/archive/82454232-f056-4d3d-a8e7-9582463c8463/73c0e80fe4dd1b69692d0bda85df19c581e4730ff840f3230e5dfe45f4f6ef20.json: :enoent, proceeding without lock
02:50:18.651 [warning] flock failed on /tmp/cp_gb_in_repo_955593505/.commonplace/archive/82454232-f056-4d3d-a8e7-9582463c8463/0dd7ecaf38591ef87e1a9b1583232c606c1206c97573007dcea78bb3cbdd547d.json: :enoent, proceeding without lock
02:50:18.654 [warning] flock failed on /tmp/cp_gb_in_repo_955593505/.commonplace/archive/mount-972361020/87e0e48e4073ffe0a41ccf441e523c09a2f7695a01ec07f5c3296f1e71fdb237.json: :enoent, proceeding without lock
02:50:18.657 [warning] flock failed on /tmp/cp_gb_in_repo_955593505/.commonplace/archive/mount-972361020/05a39ba68919f38e76fdf39e4da255ccc3a96d4675bd2c3a8e61b41a47277715.json: :enoent, proceeding without lock
02:50:18.696 [warning] GitBridge.Server: push failed for mount-972361020: "To /tmp/cp_gb_in_bare_426797133\n ! [rejected]        main -> main (non-fast-forward)\nerror: failed to push some refs to '/tmp/cp_gb_in_bare_426797133'\nhint: Updates were rejected because the tip of your current branch is behind\nhint: its remote counterpart. If you want to integrate the remote changes,\nhint: use 'git pull' before pushing again.\nhint: See the 'Note about fast-forwards' in 'git push --help' for details."
02:50:18.745 [warning] flock failed on /tmp/cp_gb_in_repo_955593505/.commonplace/new_file.txt.json: :enoent, proceeding without lock
02:50:18.750 [warning] flock failed on /tmp/cp_gb_in_repo_955593505/.commonplace/archive/82454232-f056-4d3d-a8e7-9582463c8463/73c0e80fe4dd1b69692d0bda85df19c581e4730ff840f3230e5dfe45f4f6ef20.json: :enoent, proceeding without lock
02:50:18.753 [warning] flock failed on /tmp/cp_gb_in_repo_955593505/.commonplace/archive/82454232-f056-4d3d-a8e7-9582463c8463/0dd7ecaf38591ef87e1a9b1583232c606c1206c97573007dcea78bb3cbdd547d.json: :enoent, proceeding without lock
02:50:18.756 [warning] flock failed on /tmp/cp_gb_in_repo_955593505/.commonplace/archive/mount-972361020/87e0e48e4073ffe0a41ccf441e523c09a2f7695a01ec07f5c3296f1e71fdb237.json: :enoent, proceeding without lock
02:50:18.759 [warning] flock failed on /tmp/cp_gb_in_repo_955593505/.commonplace/archive/mount-972361020/05a39ba68919f38e76fdf39e4da255ccc3a96d4675bd2c3a8e61b41a47277715.json: :enoent, proceeding without lock
.02:50:18.962 [warning] GitBridge.Inbound: fetch failed for mount-42812554: "fatal: couldn't find remote ref main"
02:50:18.963 [warning] flock failed on /tmp/cp_gb_in_repo_553752326/a.txt: :enoent, proceeding without lock
02:50:18.965 [warning] flock failed on /tmp/cp_gb_in_repo_553752326/.commonplace/a.txt.json: :enoent, proceeding without lock
02:50:18.968 [warning] flock failed on /tmp/cp_gb_in_repo_553752326/.commonplace/mount.json: :enoent, proceeding without lock
02:50:18.973 [warning] flock failed on /tmp/cp_gb_in_repo_553752326/.commonplace/archive/doc-149054755/664b690044f683aa5b775fab85fc017bdef3019be5727c2d9f5d9bc4dfac0486.json: :enoent, proceeding without lock
02:50:18.977 [warning] flock failed on /tmp/cp_gb_in_repo_553752326/.commonplace/archive/doc-149054755/748c7b120451e9a0793fb4cdb538c510f58892ccd383c9427f57680d13a712da.json: :enoent, proceeding without lock
02:50:18.981 [warning] flock failed on /tmp/cp_gb_in_repo_553752326/.commonplace/archive/mount-42812554/bbfc340cc423ab18380681e69ce02e67a9ffdaf700ac97808d61bf1c3db1e373.json: :enoent, proceeding without lock
02:50:18.983 [warning] flock failed on /tmp/cp_gb_in_repo_553752326/.commonplace/archive/mount-42812554/c5e145c2d5be75f54b0f41c7addfb812193d58220058f39179ad5b42c4ddc33e.json: :enoent, proceeding without lock
02:50:18.988 [warning] flock failed on /tmp/cp_gb_in_repo_553752326/.commonplace/archive/mount-42812554/5e03e620ed92bc0db3f32ef1aab385017274cf21e3ac0b9a15fb1330cd102bbe.json: :enoent, proceeding without lock
02:50:18.991 [warning] flock failed on /tmp/cp_gb_in_repo_553752326/.commonplace/archive/watermarks.json: :enoent, proceeding without lock
02:50:19.188 [warning] GitBridge.Server: push failed for mount-42812554: "To /tmp/cp_gb_in_bare_404593922\n ! [rejected]        main -> main (non-fast-forward)\nerror: failed to push some refs to '/tmp/cp_gb_in_bare_404593922'\nhint: Updates were rejected because the tip of your current branch is behind\nhint: its remote counterpart. If you want to integrate the remote changes,\nhint: use 'git pull' before pushing again.\nhint: See the 'Note about fast-forwards' in 'git push --help' for details."
.02:50:19.303 [warning] GitBridge.Inbound: fetch failed for mount-466200726: "fatal: couldn't find remote ref main"
02:50:19.304 [warning] flock failed on /tmp/cp_gb_in_repo_168181645/a.txt: :enoent, proceeding without lock
02:50:19.306 [warning] flock failed on /tmp/cp_gb_in_repo_168181645/.commonplace/a.txt.json: :enoent, proceeding without lock
02:50:19.308 [warning] flock failed on /tmp/cp_gb_in_repo_168181645/.commonplace/mount.json: :enoent, proceeding without lock
02:50:19.310 [warning] flock failed on /tmp/cp_gb_in_repo_168181645/.commonplace/archive/doc-597260937/b96513b16247b816131f82226e1100d58fd81b748282fa90b92ef8ab4c8e1c9f.json: :enoent, proceeding without lock
02:50:19.312 [warning] flock failed on /tmp/cp_gb_in_repo_168181645/.commonplace/archive/doc-597260937/56c56f29e50ba9be528eb170bd266196879e1800b159b7c841b7776147ebae5f.json: :enoent, proceeding without lock
02:50:19.315 [warning] flock failed on /tmp/cp_gb_in_repo_168181645/.commonplace/archive/mount-466200726/62f9fc449b9cac797d98379ae3f260538a766438266aed3feb88c30c6bccce86.json: :enoent, proceeding without lock
02:50:19.316 [warning] flock failed on /tmp/cp_gb_in_repo_168181645/.commonplace/archive/mount-466200726/9e102b89cc19a7ad711e5bb9104d67c5007af5afab262ccdc8eb98eb226faf66.json: :enoent, proceeding without lock
02:50:19.318 [warning] flock failed on /tmp/cp_gb_in_repo_168181645/.commonplace/archive/mount-466200726/670f5c1782f2d7def869f3f201b20bd830c223e9422388c9837246066bc0f105.json: :enoent, proceeding without lock
02:50:19.320 [warning] flock failed on /tmp/cp_gb_in_repo_168181645/.commonplace/archive/watermarks.json: :enoent, proceeding without lock
..02:50:19.636 [warning] GitBridge.Inbound: fetch failed for mount-991814405: "fatal: couldn't find remote ref main"
02:50:19.637 [warning] flock failed on /tmp/cp_gb_in_repo_645945195/a.txt: :enoent, proceeding without lock
02:50:19.640 [warning] flock failed on /tmp/cp_gb_in_repo_645945195/.commonplace/a.txt.json: :enoent, proceeding without lock
02:50:19.642 [warning] flock failed on /tmp/cp_gb_in_repo_645945195/.commonplace/mount.json: :enoent, proceeding without lock
02:50:19.645 [warning] flock failed on /tmp/cp_gb_in_repo_645945195/.commonplace/archive/doc-160926594/ae54151f7a9602602f67613937e487a77227cd8319e8f600175343ad9d7100ca.json: :enoent, proceeding without lock
02:50:19.648 [warning] flock failed on /tmp/cp_gb_in_repo_645945195/.commonplace/archive/doc-160926594/73bda7562c78c697df8ffd605eb006b008d362fcb6d84ce4814187957bef0bfe.json: :enoent, proceeding without lock
02:50:19.651 [warning] flock failed on /tmp/cp_gb_in_repo_645945195/.commonplace/archive/mount-991814405/8ee880a25e5bdcd3e9706817abe03cecc02de47b7c23e6136a6126b397886718.json: :enoent, proceeding without lock
02:50:19.653 [warning] flock failed on /tmp/cp_gb_in_repo_645945195/.commonplace/archive/mount-991814405/2e135bd6746336c24b458a4fac4004e823d0d7a50ddb6263a48b7590cc2662ae.json: :enoent, proceeding without lock
02:50:19.654 [warning] flock failed on /tmp/cp_gb_in_repo_645945195/.commonplace/archive/mount-991814405/d74aeafcc53117559014c99acc0152c2cb1401480d4ffcc79f6499542cf6a20f.json: :enoent, proceeding without lock
02:50:19.656 [warning] flock failed on /tmp/cp_gb_in_repo_645945195/.commonplace/archive/watermarks.json: :enoent, proceeding without lock
02:50:19.847 [warning] flock failed on /tmp/cp_gb_in_repo_645945195/.commonplace/archive/doc-160926594/41fc5649ed6091635399ffec1a87280252163e7b14a338e05c8bde86eb15a10d.json: :enoent, proceeding without lock
02:50:19.849 [warning] flock failed on /tmp/cp_gb_in_repo_645945195/.commonplace/archive/doc-160926594/5dba4d0de48164587b34ca861312aa6760899ad02a251c5499535d510325046d.json: :enoent, proceeding without lock
02:50:19.885 [warning] GitBridge.Server: push failed for mount-991814405: "To /tmp/cp_gb_in_bare_257519675\n ! [rejected]        main -> main (non-fast-forward)\nerror: failed to push some refs to '/tmp/cp_gb_in_bare_257519675'\nhint: Updates were rejected because the tip of your current branch is behind\nhint: its remote counterpart. If you want to integrate the remote changes,\nhint: use 'git pull' before pushing again.\nhint: See the 'Note about fast-forwards' in 'git push --help' for details."
02:50:20.444 [warning] flock failed on /tmp/cp_gb_in_repo_645945195/.commonplace/archive/doc-160926594/41fc5649ed6091635399ffec1a87280252163e7b14a338e05c8bde86eb15a10d.json: :enoent, proceeding without lock
02:50:20.447 [warning] flock failed on /tmp/cp_gb_in_repo_645945195/.commonplace/archive/doc-160926594/5dba4d0de48164587b34ca861312aa6760899ad02a251c5499535d510325046d.json: :enoent, proceeding without lock
.02:50:20.658 [warning] GitBridge.Inbound: fetch failed for mount-604849896: "fatal: couldn't find remote ref main"
02:50:20.659 [warning] flock failed on /tmp/cp_gb_in_repo_221728578/a.txt: :enoent, proceeding without lock
02:50:20.662 [warning] flock failed on /tmp/cp_gb_in_repo_221728578/.commonplace/a.txt.json: :enoent, proceeding without lock
02:50:20.666 [warning] flock failed on /tmp/cp_gb_in_repo_221728578/.commonplace/mount.json: :enoent, proceeding without lock
02:50:20.669 [warning] flock failed on /tmp/cp_gb_in_repo_221728578/.commonplace/archive/doc-625659212/109778a7a158673f7f0133b46d798b71b059324b63b3b80457a924c15e349c04.json: :enoent, proceeding without lock
02:50:20.672 [warning] flock failed on /tmp/cp_gb_in_repo_221728578/.commonplace/archive/doc-625659212/c8f2be84518f451384ebe29c321986b912a02fa620719f8aa05f3336a0f0559c.json: :enoent, proceeding without lock
02:50:20.674 [warning] flock failed on /tmp/cp_gb_in_repo_221728578/.commonplace/archive/mount-604849896/e0ec1730f51444d1f24ed8015a6137c8b8fb7cb9367a9e68276c8d70a390493e.json: :enoent, proceeding without lock
02:50:20.676 [warning] flock failed on /tmp/cp_gb_in_repo_221728578/.commonplace/archive/mount-604849896/f352a89114620a6bd9e65eb13cec5b32a6577b8990e124febe9292549acc5a75.json: :enoent, proceeding without lock
02:50:20.679 [warning] flock failed on /tmp/cp_gb_in_repo_221728578/.commonplace/archive/mount-604849896/4a17d0626f67729aba3d5ae41d7a88ed0af1a448c3614b5ead3609c664518067.json: :enoent, proceeding without lock
02:50:20.681 [warning] flock failed on /tmp/cp_gb_in_repo_221728578/.commonplace/archive/watermarks.json: :enoent, proceeding without lock
02:50:20.874 [warning] flock failed on /tmp/cp_gb_in_repo_221728578/.commonplace/archive/doc-625659212/ed36b6fc98ac862581d26e235647dfa1c4ff16070d6add1757828d5a8895e302.json: :enoent, proceeding without lock
02:50:20.877 [warning] flock failed on /tmp/cp_gb_in_repo_221728578/.commonplace/archive/doc-625659212/eb550e30cea9b2dfea2c9cf28d45ea6e52797e24eb6f4369f7e23d9d7860f067.json: :enoent, proceeding without lock
02:50:20.916 [warning] GitBridge.Server: push failed for mount-604849896: "To /tmp/cp_gb_in_bare_535971357\n ! [rejected]        main -> main (non-fast-forward)\nerror: failed to push some refs to '/tmp/cp_gb_in_bare_535971357'\nhint: Updates were rejected because the tip of your current branch is behind\nhint: its remote counterpart. If you want to integrate the remote changes,\nhint: use 'git pull' before pushing again.\nhint: See the 'Note about fast-forwards' in 'git push --help' for details."
02:50:20.970 [warning] flock failed on /tmp/cp_gb_in_repo_221728578/.commonplace/archive/doc-625659212/ed36b6fc98ac862581d26e235647dfa1c4ff16070d6add1757828d5a8895e302.json: :enoent, proceeding without lock
02:50:20.974 [warning] flock failed on /tmp/cp_gb_in_repo_221728578/.commonplace/archive/doc-625659212/eb550e30cea9b2dfea2c9cf28d45ea6e52797e24eb6f4369f7e23d9d7860f067.json: :enoent, proceeding without lock
.02:50:21.289 [warning] GitBridge.Inbound: fetch failed for mount-983141849: "fatal: couldn't find remote ref main"
02:50:21.290 [warning] flock failed on /tmp/cp_gb_in_repo_564381150/a.txt: :enoent, proceeding without lock
02:50:21.292 [warning] flock failed on /tmp/cp_gb_in_repo_564381150/.commonplace/a.txt.json: :enoent, proceeding without lock
02:50:21.295 [warning] flock failed on /tmp/cp_gb_in_repo_564381150/.commonplace/mount.json: :enoent, proceeding without lock
02:50:21.299 [warning] flock failed on /tmp/cp_gb_in_repo_564381150/.commonplace/archive/doc-27941991/1a9e5f45b928ae534d6c96caf66cef60486db57bd1ca8a6a94ab0e0c4bff9c8e.json: :enoent, proceeding without lock
02:50:21.301 [warning] flock failed on /tmp/cp_gb_in_repo_564381150/.commonplace/archive/doc-27941991/16c9f3cd1caf75227a9c01c72d319eafa271e018f26da841d5ee4eb3e044a7b0.json: :enoent, proceeding without lock
02:50:21.304 [warning] flock failed on /tmp/cp_gb_in_repo_564381150/.commonplace/archive/mount-983141849/35e2714702beaa25de2879448c3db0685aad4c9ac98fd0bc49c4e534daded0e5.json: :enoent, proceeding without lock
02:50:21.307 [warning] flock failed on /tmp/cp_gb_in_repo_564381150/.commonplace/archive/mount-983141849/c31661f5544a70ba74c50a3c0ab6727ff98858ebed465a8de59a9ee35c6bf2e8.json: :enoent, proceeding without lock
02:50:21.309 [warning] flock failed on /tmp/cp_gb_in_repo_564381150/.commonplace/archive/mount-983141849/c66a6fbb9c7764cb0de565086ecfce9b013811e13495f110dc67fbe93c8701ab.json: :enoent, proceeding without lock
02:50:21.311 [warning] flock failed on /tmp/cp_gb_in_repo_564381150/.commonplace/archive/watermarks.json: :enoent, proceeding without lock
.02:50:21.584 [warning] GitBridge.Inbound: fetch failed for mount-458998726: "fatal: couldn't find remote ref main"
02:50:21.587 [warning] flock failed on /tmp/cp_gb_in_repo_583756819/a.txt: :enoent, proceeding without lock
02:50:21.590 [warning] flock failed on /tmp/cp_gb_in_repo_583756819/.commonplace/a.txt.json: :enoent, proceeding without lock
02:50:21.594 [warning] flock failed on /tmp/cp_gb_in_repo_583756819/.commonplace/mount.json: :enoent, proceeding without lock
02:50:21.598 [warning] flock failed on /tmp/cp_gb_in_repo_583756819/.commonplace/archive/doc-105484715/32e9255a8004baa8437c69f08b3e1272cd5f6289110023ce19c70100571a5074.json: :enoent, proceeding without lock
02:50:21.601 [warning] flock failed on /tmp/cp_gb_in_repo_583756819/.commonplace/archive/doc-105484715/df8d2f91f6751a818914014a833e953b433526f5f08fcc5ba7f3c186ce7caa9a.json: :enoent, proceeding without lock
02:50:21.604 [warning] flock failed on /tmp/cp_gb_in_repo_583756819/.commonplace/archive/mount-458998726/7e39d986ad74b77589091c81df0b2983b19aed4d0ac6d3406ae2e58215fa14f6.json: :enoent, proceeding without lock
02:50:21.606 [warning] flock failed on /tmp/cp_gb_in_repo_583756819/.commonplace/archive/mount-458998726/35f6bd518851d8e56b319326b84558dfc030aff093a85fccb3c7fa857e7e5f39.json: :enoent, proceeding without lock
02:50:21.610 [warning] flock failed on /tmp/cp_gb_in_repo_583756819/.commonplace/archive/mount-458998726/3370d5f76aeda7f209caffae56177964305d80fa2f6de0b3c721df7d8f00b7f4.json: :enoent, proceeding without lock
02:50:21.613 [warning] flock failed on /tmp/cp_gb_in_repo_583756819/.commonplace/archive/watermarks.json: :enoent, proceeding without lock
.02:50:21.795 [warning] GitBridge.Inbound: fetch failed for mount-745022863: "fatal: couldn't find remote ref main"
02:50:21.796 [warning] flock failed on /tmp/cp_gb_in_repo_798771/a.txt: :enoent, proceeding without lock
02:50:21.799 [warning] flock failed on /tmp/cp_gb_in_repo_798771/.commonplace/a.txt.json: :enoent, proceeding without lock
02:50:21.801 [warning] flock failed on /tmp/cp_gb_in_repo_798771/.commonplace/mount.json: :enoent, proceeding without lock
02:50:21.802 [warning] flock failed on /tmp/cp_gb_in_repo_798771/.commonplace/archive/doc-461811199/8ded4389fcfe8ca7468919716119e2cff9fb3874f6c3d0d50146c8e4065a2b70.json: :enoent, proceeding without lock
02:50:21.804 [warning] flock failed on /tmp/cp_gb_in_repo_798771/.commonplace/archive/doc-461811199/62d628251dc1a181fed1c79f23123ad4a8052f105c775246fe90ddc3d28d8c83.json: :enoent, proceeding without lock
02:50:21.806 [warning] flock failed on /tmp/cp_gb_in_repo_798771/.commonplace/archive/mount-745022863/59fa5f5d551dd3476edab9766dccdddde3425dd712b56eeedd756937daf27972.json: :enoent, proceeding without lock
02:50:21.809 [warning] flock failed on /tmp/cp_gb_in_repo_798771/.commonplace/archive/mount-745022863/c880cb38b6766552c62ef47172d69e90c292175687183963e1ee0234fc505916.json: :enoent, proceeding without lock
02:50:21.811 [warning] flock failed on /tmp/cp_gb_in_repo_798771/.commonplace/archive/mount-745022863/62d686aa80d0653577cdfdad00a50cefde929bf3185a0161c8dbb4a234b90458.json: :enoent, proceeding without lock
02:50:21.813 [warning] flock failed on /tmp/cp_gb_in_repo_798771/.commonplace/archive/watermarks.json: :enoent, proceeding without lock
02:50:21.977 [warning] flock failed on /tmp/cp_gb_in_repo_798771/.commonplace/archive/doc-461811199/40440120ab45df05db4f8b25dfce465497a0f6ef4889f21f42a8c18e9cac049f.json: :enoent, proceeding without lock
02:50:22.014 [warning] GitBridge.Server: push failed for mount-745022863: "To /tmp/cp_gb_in_bare_66031038\n ! [rejected]        main -> main (non-fast-forward)\nerror: failed to push some refs to '/tmp/cp_gb_in_bare_66031038'\nhint: Updates were rejected because the tip of your current branch is behind\nhint: its remote counterpart. If you want to integrate the remote changes,\nhint: use 'git pull' before pushing again.\nhint: See the 'Note about fast-forwards' in 'git push --help' for details."
02:50:22.063 [warning] flock failed on /tmp/cp_gb_in_repo_798771/.commonplace/archive/doc-461811199/40440120ab45df05db4f8b25dfce465497a0f6ef4889f21f42a8c18e9cac049f.json: :enoent, proceeding without lock
.02:50:22.265 [warning] GitBridge.Inbound: fetch failed for mount-452016075: "fatal: couldn't find remote ref main"
02:50:22.266 [warning] flock failed on /tmp/cp_gb_in_repo_120561637/a.txt: :enoent, proceeding without lock
02:50:22.269 [warning] flock failed on /tmp/cp_gb_in_repo_120561637/.commonplace/a.txt.json: :enoent, proceeding without lock
02:50:22.271 [warning] flock failed on /tmp/cp_gb_in_repo_120561637/.commonplace/mount.json: :enoent, proceeding without lock
02:50:22.273 [warning] flock failed on /tmp/cp_gb_in_repo_120561637/.commonplace/archive/doc-651976083/2719f55386828d0da6a33ecfe0b0f5f71a588b23ad0980d4b451ec0a4cd5697e.json: :enoent, proceeding without lock
02:50:22.276 [warning] flock failed on /tmp/cp_gb_in_repo_120561637/.commonplace/archive/doc-651976083/5e7cf222fac9fcd74a0d80436dcb13593d6ede56c647d61a1fcb34f9900cda64.json: :enoent, proceeding without lock
02:50:22.277 [warning] flock failed on /tmp/cp_gb_in_repo_120561637/.commonplace/archive/mount-452016075/2b9c3e78d9f5a0b1e4f48b010f3bc066f25e5689152d5caae9c28c0c60d4ca6a.json: :enoent, proceeding without lock
02:50:22.280 [warning] flock failed on /tmp/cp_gb_in_repo_120561637/.commonplace/archive/mount-452016075/8d2a3356907d7dc5cff2ab27e1a3d7386addacc269b233e1d7f1624698a9ac34.json: :enoent, proceeding without lock
02:50:22.281 [warning] flock failed on /tmp/cp_gb_in_repo_120561637/.commonplace/archive/mount-452016075/44f4dafd84cc53f3b1e4a9e4c2bb543261d2e212e47cb2142a94892406ecd55b.json: :enoent, proceeding without lock
02:50:22.283 [warning] flock failed on /tmp/cp_gb_in_repo_120561637/.commonplace/archive/watermarks.json: :enoent, proceeding without lock
02:50:22.379 [warning] flock failed on /tmp/cp_gb_in_repo_120561637/.commonplace/archive/doc-651976083/cb042b6c8432772bd2be4e94038bdbec68fed4adb47cae3874dc43ab064b8d07.json: :enoent, proceeding without lock
02:50:22.565 [warning] flock failed on /tmp/cp_gb_in_repo_120561637/.commonplace/archive/doc-651976083/94adc83b09e2db5fc8797628e5159c030a6592e034c7683f1f19163ec5ad596c.json: :enoent, proceeding without lock
02:50:22.601 [warning] GitBridge.Server: push failed for mount-452016075: "To /tmp/cp_gb_in_bare_279520284\n ! [rejected]        main -> main (non-fast-forward)\nerror: failed to push some refs to '/tmp/cp_gb_in_bare_279520284'\nhint: Updates were rejected because the tip of your current branch is behind\nhint: its remote counterpart. If you want to integrate the remote changes,\nhint: use 'git pull' before pushing again.\nhint: See the 'Note about fast-forwards' in 'git push --help' for details."
02:50:22.663 [warning] flock failed on /tmp/cp_gb_in_repo_120561637/.commonplace/archive/doc-651976083/94adc83b09e2db5fc8797628e5159c030a6592e034c7683f1f19163ec5ad596c.json: :enoent, proceeding without lock
.02:50:22.819 [warning] GitBridge.Inbound: fetch failed for mount-984623932: "fatal: couldn't find remote ref main"
02:50:22.820 [warning] flock failed on /tmp/cp_gb_in_repo_586638887/a.txt: :enoent, proceeding without lock
02:50:22.823 [warning] flock failed on /tmp/cp_gb_in_repo_586638887/.commonplace/a.txt.json: :enoent, proceeding without lock
02:50:22.825 [warning] flock failed on /tmp/cp_gb_in_repo_586638887/.commonplace/mount.json: :enoent, proceeding without lock
02:50:22.827 [warning] flock failed on /tmp/cp_gb_in_repo_586638887/.commonplace/archive/doc-522738674/e3f867c5f9e1dbd2a75c0b4196876350f920d5fb828c9def8d8488c501d9e080.json: :enoent, proceeding without lock
02:50:22.829 [warning] flock failed on /tmp/cp_gb_in_repo_586638887/.commonplace/archive/doc-522738674/270429d7e1ca31a497107f3780cc9c09f44a57dad4c6b728084aeffe971d99dc.json: :enoent, proceeding without lock
02:50:22.831 [warning] flock failed on /tmp/cp_gb_in_repo_586638887/.commonplace/archive/mount-984623932/ab4ce76757651136b497c33ef19837d019b023d093818d27b07dc7254a2e4053.json: :enoent, proceeding without lock
02:50:22.833 [warning] flock failed on /tmp/cp_gb_in_repo_586638887/.commonplace/archive/mount-984623932/14c648f78aa9dd9bf000861d1ee3fa2d761e334aaafc2a7ae17965a96f3ccdd3.json: :enoent, proceeding without lock
02:50:22.834 [warning] flock failed on /tmp/cp_gb_in_repo_586638887/.commonplace/archive/mount-984623932/fa1b3360216c620f91f8128a8a5473d2e865fec7fe8b013450d29d98becd1d9b.json: :enoent, proceeding without lock
02:50:22.836 [warning] flock failed on /tmp/cp_gb_in_repo_586638887/.commonplace/archive/watermarks.json: :enoent, proceeding without lock
.02:50:23.101 [warning] GitBridge.Inbound: fetch failed for mount-89383601: "fatal: couldn't find remote ref main"
02:50:23.103 [warning] flock failed on /tmp/cp_gb_in_repo_14597974/_outline: :enoent, proceeding without lock
02:50:23.106 [warning] flock failed on /tmp/cp_gb_in_repo_14597974/.commonplace/_outline.json: :enoent, proceeding without lock
02:50:23.108 [warning] flock failed on /tmp/cp_gb_in_repo_14597974/.commonplace/mount.json: :enoent, proceeding without lock
02:50:23.111 [warning] flock failed on /tmp/cp_gb_in_repo_14597974/.commonplace/archive/doc-990532705/aa730261ec506b02efbb6497877e85904d1a663f757f9f9500dacf66f6f7903e.json: :enoent, proceeding without lock
02:50:23.114 [warning] flock failed on /tmp/cp_gb_in_repo_14597974/.commonplace/archive/doc-990532705/795a8a041a398d71338ef3f07e6aac4f92aa70344f2c44af95b67f7f8c36e24a.json: :enoent, proceeding without lock
02:50:23.115 [warning] flock failed on /tmp/cp_gb_in_repo_14597974/.commonplace/archive/mount-89383601/387864c2a793a697ab6192bc95aafddb053bfcd81d5f6f577ece8d4bffdcba31.json: :enoent, proceeding without lock
02:50:23.117 [warning] flock failed on /tmp/cp_gb_in_repo_14597974/.commonplace/archive/mount-89383601/979b6e502ecc69d87529e58fa35c6e28eecc2c86fd66f0e35a1437ac015f8d03.json: :enoent, proceeding without lock
02:50:23.120 [warning] flock failed on /tmp/cp_gb_in_repo_14597974/.commonplace/archive/mount-89383601/b10a8b767b3561e60d0a6d2fe517cf41949bf1f54ab99b87234b3ef2e3c2600a.json: :enoent, proceeding without lock
02:50:23.122 [warning] flock failed on /tmp/cp_gb_in_repo_14597974/.commonplace/archive/watermarks.json: :enoent, proceeding without lock
.....02:50:23.583 [warning] CommitStore: local write DENIED by trust gate (enforce) doc_uuid=fb6690ee-17ae-456d-b05d-526314720cfd commit_id=08e4864a1411db0263c0eb5656ea2a6aa80d9dbbd28474ee7a291c231869cc49 reason=:capability_insufficient
.02:50:23.596 [warning] CommitStore: local write DENIED by trust gate (enforce) doc_uuid=8a740e91-5670-45c9-8a85-c264b647da02 commit_id=f454eb8179e9739fedd1852e45d3950b8763304f5f25b939b6da9cf38a5fa008 reason={:untrusted_signer, "sess-326815859"}
02:50:23.597 [warning] CommitStore: local write DENIED by trust gate (enforce) doc_uuid=70f90809-7ed3-453a-b967-16169a7c8316 commit_id=b30c6612150cb2b6829b648a1fe808252e3f2fe620c35a938b31f8c2ca926aaf reason={:untrusted_signer, "sess-326815859"}
.02:50:23.650 [warning] CommitStore: local write DENIED by trust gate (enforce) doc_uuid=a531bfd0-124b-4eea-a0d9-69dff43a9e17 commit_id=3654d38acf6fb03a4321e05995fcd89471404db0372063493a4f4fe496e1930b reason=:capability_insufficient
.02:50:23.669 [warning] CommitStore: local write DENIED by trust gate (enforce) doc_uuid=cfcb41a5-844c-4b7e-b608-616b8d669453 commit_id=1471ab79c0f84908e212c45fe809478d0cebd20f2f43e0012ab400e0a04f5e3a reason={:untrusted_signer, "sess-195515904"}
..02:50:23.670 [error] RateLimit.check failed open (allowing command): :error %ArithmeticError{message: "bad argument in arithmetic expression"}
.......................02:50:24.023 [warning] CommitStore: local write DENIED by trust gate (enforce) doc_uuid=6423dd58-9c0c-4c3e-8088-3b5ed673dc3c commit_id=7222c05b2dccb08456922b82882a797a2258fa38c5ecccd9265721604a70bbd0 reason=:unsigned
.......................02:50:25.245 [error] local node self-trust was not added: node signing public-key artifact is absent — continuing with configured trusted identities
02:50:25.247 [error] local node self-trust was not added: node signing public-key artifact is absent — continuing with configured trusted identities
.02:50:25.255 [error] local node self-trust was not added: node signing public-key artifact is absent — continuing with configured trusted identities
02:50:25.257 [error] local node self-trust was not added: node signing public-key artifact is absent — continuing with configured trusted identities
02:50:25.259 [error] local node self-trust was not added: node signing public-key artifact is absent — continuing with configured trusted identities
02:50:25.261 [error] local node self-trust was not added: node signing public-key artifact is absent — continuing with configured trusted identities
.02:50:25.269 [error] local node self-trust was not added: node signing public-key artifact is absent — continuing with configured trusted identities
02:50:25.271 [error] local node self-trust was not added: node signing public-key artifact is absent — continuing with configured trusted identities
.02:50:25.280 [error] local node self-trust was not added: node signing public-key artifact is absent — continuing with configured trusted identities
02:50:25.282 [error] local node self-trust was not added: node signing public-key artifact is absent — continuing with configured trusted identities
.02:50:25.290 [error] local node self-trust was not added: node signing public-key artifact is absent — continuing with configured trusted identities
02:50:25.292 [error] local node self-trust was not added: node signing public-key artifact is absent — continuing with configured trusted identities
.02:50:25.299 [error] local node self-trust was not added: node signing public-key artifact is absent — continuing with configured trusted identities
02:50:25.302 [error] local node self-trust was not added: node signing public-key artifact is absent — continuing with configured trusted identities
.02:50:25.331 [error] local node self-trust was not added: node signing public-key artifact is absent — continuing with configured trusted identities
02:50:25.333 [error] local node self-trust was not added: node signing public-key artifact is absent — continuing with configured trusted identities
.02:50:25.343 [error] local node self-trust was not added: node signing public-key artifact is absent — continuing with configured trusted identities
02:50:25.345 [error] local node self-trust was not added: node signing public-key artifact is absent — continuing with configured trusted identities
.02:50:25.417 [error] local node self-trust was not added: node signing public-key artifact is absent — continuing with configured trusted identities
02:50:25.419 [error] local node self-trust was not added: node signing public-key artifact is absent — continuing with configured trusted identities
.02:50:25.427 [error] local node self-trust was not added: node signing public-key artifact is absent — continuing with configured trusted identities
02:50:25.429 [error] local node self-trust was not added: node signing public-key artifact is absent — continuing with configured trusted identities
.02:50:25.437 [error] local node self-trust was not added: node signing public-key artifact is absent — continuing with configured trusted identities
02:50:25.439 [error] local node self-trust was not added: node signing public-key artifact is absent — continuing with configured trusted identities
.02:50:25.490 [error] local node self-trust was not added: node signing public-key artifact is absent — continuing with configured trusted identities
02:50:25.493 [error] local node self-trust was not added: node signing public-key artifact is absent — continuing with configured trusted identities
.02:50:25.506 [error] local node self-trust was not added: node signing public-key artifact is absent — continuing with configured trusted identities
02:50:25.508 [error] local node self-trust was not added: node signing public-key artifact is absent — continuing with configured trusted identities
.02:50:25.657 [error] local node self-trust was not added: node signing public-key artifact is absent — continuing with configured trusted identities
02:50:25.660 [error] local node self-trust was not added: node signing public-key artifact is absent — continuing with configured trusted identities
.02:50:25.668 [error] local node self-trust was not added: node signing public-key artifact is absent — continuing with configured trusted identities
02:50:25.670 [error] local node self-trust was not added: node signing public-key artifact is absent — continuing with configured trusted identities
.02:50:25.714 [error] local node self-trust was not added: node signing public-key artifact is absent — continuing with configured trusted identities
02:50:25.716 [error] local node self-trust was not added: node signing public-key artifact is absent — continuing with configured trusted identities
.02:50:25.760 [error] local node self-trust was not added: node signing public-key artifact is absent — continuing with configured trusted identities
02:50:25.762 [error] local node self-trust was not added: node signing public-key artifact is absent — continuing with configured trusted identities
.02:50:25.772 [error] local node self-trust was not added: node signing public-key artifact is absent — continuing with configured trusted identities
02:50:25.774 [error] local node self-trust was not added: node signing public-key artifact is absent — continuing with configured trusted identities
.02:50:25.812 [error] local node self-trust was not added: node signing public-key artifact is absent — continuing with configured trusted identities
02:50:25.817 [error] local node self-trust was not added: node signing public-key artifact is absent — continuing with configured trusted identities
.02:50:25.827 [error] local node self-trust was not added: node signing public-key artifact is absent — continuing with configured trusted identities
02:50:25.830 [error] local node self-trust was not added: node signing public-key artifact is absent — continuing with configured trusted identities
02:50:25.832 [error] local node self-trust was not added: node signing public-key artifact is absent — continuing with configured trusted identities
02:50:25.833 [error] local node self-trust was not added: node signing public-key artifact is absent — continuing with configured trusted identities
02:50:25.836 [error] local node self-trust was not added: node signing public-key artifact is absent — continuing with configured trusted identities
02:50:25.838 [error] local node self-trust was not added: node signing public-key artifact is absent — continuing with configured trusted identities
.02:50:25.848 [error] local node self-trust was not added: node signing public-key artifact is absent — continuing with configured trusted identities
02:50:25.850 [error] local node self-trust was not added: node signing public-key artifact is absent — continuing with configured trusted identities
.02:50:25.859 [error] local node self-trust was not added: node signing public-key artifact is absent — continuing with configured trusted identities
02:50:25.861 [error] local node self-trust was not added: node signing public-key artifact is absent — continuing with configured trusted identities
.02:50:25.870 [error] local node self-trust was not added: node signing public-key artifact is absent — continuing with configured trusted identities
02:50:25.872 [error] local node self-trust was not added: node signing public-key artifact is absent — continuing with configured trusted identities
02:50:25.874 [error] local node self-trust was not added: node signing public-key artifact is absent — continuing with configured trusted identities
.02:50:25.880 [error] local node self-trust was not added: node signing public-key artifact is absent — continuing with configured trusted identities
02:50:25.882 [error] local node self-trust was not added: node signing public-key artifact is absent — continuing with configured trusted identities
.02:50:25.890 [error] local node self-trust was not added: node signing public-key artifact is absent — continuing with configured trusted identities
02:50:25.892 [error] local node self-trust was not added: node signing public-key artifact is absent — continuing with configured trusted identities
.02:50:25.901 [error] local node self-trust was not added: node signing public-key artifact is absent — continuing with configured trusted identities
02:50:25.903 [error] local node self-trust was not added: node signing public-key artifact is absent — continuing with configured trusted identities
.02:50:25.913 [error] local node self-trust was not added: node signing public-key artifact is absent — continuing with configured trusted identities
02:50:25.916 [error] local node self-trust was not added: node signing public-key artifact is absent — continuing with configured trusted identities
02:50:25.920 [error] local node self-trust was not added: node signing public-key artifact is absent — continuing with configured trusted identities
02:50:25.922 [error] local node self-trust was not added: node signing public-key artifact is absent — continuing with configured trusted identities
02:50:25.924 [error] local node self-trust was not added: node signing public-key artifact is absent — continuing with configured trusted identities
02:50:25.926 [error] local node self-trust was not added: node signing public-key artifact is absent — continuing with configured trusted identities
02:50:25.930 [error] local node self-trust was not added: node signing public-key artifact is absent — continuing with configured trusted identities
02:50:25.932 [error] local node self-trust was not added: node signing public-key artifact is absent — continuing with configured trusted identities
02:50:25.935 [error] local node self-trust was not added: node signing public-key artifact is absent — continuing with configured trusted identities
02:50:25.937 [error] local node self-trust was not added: node signing public-key artifact is absent — continuing with configured trusted identities
02:50:25.940 [error] local node self-trust was not added: node signing public-key artifact is absent — continuing with configured trusted identities
02:50:25.943 [error] local node self-trust was not added: node signing public-key artifact is absent — continuing with configured trusted identities
02:50:25.946 [error] local node self-trust was not added: node signing public-key artifact is absent — continuing with configured trusted identities
02:50:25.953 [error] local node self-trust was not added: node signing public-key artifact is absent — continuing with configured trusted identities
02:50:25.957 [error] local node self-trust was not added: node signing public-key artifact is absent — continuing with configured trusted identities
02:50:25.960 [error] local node self-trust was not added: node signing public-key artifact is absent — continuing with configured trusted identities
02:50:25.964 [error] local node self-trust was not added: node signing public-key artifact is absent — continuing with configured trusted identities
02:50:25.968 [error] local node self-trust was not added: node signing public-key artifact is absent — continuing with configured trusted identities
02:50:25.972 [error] local node self-trust was not added: node signing public-key artifact is absent — continuing with configured trusted identities
02:50:25.976 [error] local node self-trust was not added: node signing public-key artifact is absent — continuing with configured trusted identities
02:50:25.980 [error] local node self-trust was not added: node signing public-key artifact is absent — continuing with configured trusted identities
02:50:25.985 [error] local node self-trust was not added: node signing public-key artifact is absent — continuing with configured trusted identities
02:50:25.988 [error] local node self-trust was not added: node signing public-key artifact is absent — continuing with configured trusted identities
02:50:25.994 [error] local node self-trust was not added: node signing public-key artifact is absent — continuing with configured trusted identities
02:50:25.999 [error] local node self-trust was not added: node signing public-key artifact is absent — continuing with configured trusted identities
02:50:26.005 [error] local node self-trust was not added: node signing public-key artifact is absent — continuing with configured trusted identities
02:50:26.011 [error] local node self-trust was not added: node signing public-key artifact is absent — continuing with configured trusted identities
02:50:26.018 [error] local node self-trust was not added: node signing public-key artifact is absent — continuing with configured trusted identities
02:50:26.024 [error] local node self-trust was not added: node signing public-key artifact is absent — continuing with configured trusted identities
02:50:26.033 [error] local node self-trust was not added: node signing public-key artifact is absent — continuing with configured trusted identities
02:50:26.038 [error] local node self-trust was not added: node signing public-key artifact is absent — continuing with configured trusted identities
02:50:26.046 [error] local node self-trust was not added: node signing public-key artifact is absent — continuing with configured trusted identities
02:50:26.051 [error] local node self-trust was not added: node signing public-key artifact is absent — continuing with configured trusted identities
02:50:26.061 [error] local node self-trust was not added: node signing public-key artifact is absent — continuing with configured trusted identities
02:50:26.067 [error] local node self-trust was not added: node signing public-key artifact is absent — continuing with configured trusted identities
02:50:26.077 [error] local node self-trust was not added: node signing public-key artifact is absent — continuing with configured trusted identities
02:50:26.083 [error] local node self-trust was not added: node signing public-key artifact is absent — continuing with configured trusted identities
02:50:26.095 [error] local node self-trust was not added: node signing public-key artifact is absent — continuing with configured trusted identities
02:50:26.100 [error] local node self-trust was not added: node signing public-key artifact is absent — continuing with configured trusted identities
02:50:26.109 [error] local node self-trust was not added: node signing public-key artifact is absent — continuing with configured trusted identities
02:50:26.115 [error] local node self-trust was not added: node signing public-key artifact is absent — continuing with configured trusted identities
02:50:26.124 [error] local node self-trust was not added: node signing public-key artifact is absent — continuing with configured trusted identities
02:50:26.131 [error] local node self-trust was not added: node signing public-key artifact is absent — continuing with configured trusted identities
02:50:26.142 [error] local node self-trust was not added: node signing public-key artifact is absent — continuing with configured trusted identities
02:50:26.147 [error] local node self-trust was not added: node signing public-key artifact is absent — continuing with configured trusted identities
02:50:26.158 [error] local node self-trust was not added: node signing public-key artifact is absent — continuing with configured trusted identities
02:50:26.163 [error] local node self-trust was not added: node signing public-key artifact is absent — continuing with configured trusted identities
02:50:26.173 [error] local node self-trust was not added: node signing public-key artifact is absent — continuing with configured trusted identities
02:50:26.178 [error] local node self-trust was not added: node signing public-key artifact is absent — continuing with configured trusted identities
02:50:26.189 [error] local node self-trust was not added: node signing public-key artifact is absent — continuing with configured trusted identities
02:50:26.195 [error] local node self-trust was not added: node signing public-key artifact is absent — continuing with configured trusted identities
02:50:26.207 [error] local node self-trust was not added: node signing public-key artifact is absent — continuing with configured trusted identities
02:50:26.213 [error] local node self-trust was not added: node signing public-key artifact is absent — continuing with configured trusted identities
02:50:26.227 [error] local node self-trust was not added: node signing public-key artifact is absent — continuing with configured trusted identities
02:50:26.235 [error] local node self-trust was not added: node signing public-key artifact is absent — continuing with configured trusted identities
02:50:26.252 [error] local node self-trust was not added: node signing public-key artifact is absent — continuing with configured trusted identities
02:50:26.259 [error] local node self-trust was not added: node signing public-key artifact is absent — continuing with configured trusted identities
02:50:26.274 [error] local node self-trust was not added: node signing public-key artifact is absent — continuing with configured trusted identities
02:50:26.280 [error] local node self-trust was not added: node signing public-key artifact is absent — continuing with configured trusted identities
02:50:26.294 [error] local node self-trust was not added: node signing public-key artifact is absent — continuing with configured trusted identities
02:50:26.300 [error] local node self-trust was not added: node signing public-key artifact is absent — continuing with configured trusted identities
02:50:26.315 [error] local node self-trust was not added: node signing public-key artifact is absent — continuing with configured trusted identities
02:50:26.323 [error] local node self-trust was not added: node signing public-key artifact is absent — continuing with configured trusted identities
02:50:26.344 [error] local node self-trust was not added: node signing public-key artifact is absent — continuing with configured trusted identities
02:50:26.351 [error] local node self-trust was not added: node signing public-key artifact is absent — continuing with configured trusted identities
02:50:26.369 [error] local node self-trust was not added: node signing public-key artifact is absent — continuing with configured trusted identities
02:50:26.377 [error] local node self-trust was not added: node signing public-key artifact is absent — continuing with configured trusted identities
02:50:26.394 [error] local node self-trust was not added: node signing public-key artifact is absent — continuing with configured trusted identities
02:50:26.402 [error] local node self-trust was not added: node signing public-key artifact is absent — continuing with configured trusted identities
02:50:26.422 [error] local node self-trust was not added: node signing public-key artifact is absent — continuing with configured trusted identities
02:50:26.431 [error] local node self-trust was not added: node signing public-key artifact is absent — continuing with configured trusted identities
02:50:26.454 [error] local node self-trust was not added: node signing public-key artifact is absent — continuing with configured trusted identities
02:50:26.463 [error] local node self-trust was not added: node signing public-key artifact is absent — continuing with configured trusted identities
02:50:26.486 [error] local node self-trust was not added: node signing public-key artifact is absent — continuing with configured trusted identities
02:50:26.495 [error] local node self-trust was not added: node signing public-key artifact is absent — continuing with configured trusted identities
02:50:26.520 [error] local node self-trust was not added: node signing public-key artifact is absent — continuing with configured trusted identities
02:50:26.529 [error] local node self-trust was not added: node signing public-key artifact is absent — continuing with configured trusted identities
02:50:26.553 [error] local node self-trust was not added: node signing public-key artifact is absent — continuing with configured trusted identities
02:50:26.563 [error] local node self-trust was not added: node signing public-key artifact is absent — continuing with configured trusted identities
02:50:26.587 [error] local node self-trust was not added: node signing public-key artifact is absent — continuing with configured trusted identities
02:50:26.595 [error] local node self-trust was not added: node signing public-key artifact is absent — continuing with configured trusted identities
02:50:26.618 [error] local node self-trust was not added: node signing public-key artifact is absent — continuing with configured trusted identities
02:50:26.627 [error] local node self-trust was not added: node signing public-key artifact is absent — continuing with configured trusted identities
02:50:26.652 [error] local node self-trust was not added: node signing public-key artifact is absent — continuing with configured trusted identities
02:50:26.661 [error] local node self-trust was not added: node signing public-key artifact is absent — continuing with configured trusted identities
02:50:26.687 [error] local node self-trust was not added: node signing public-key artifact is absent — continuing with configured trusted identities
02:50:26.697 [error] local node self-trust was not added: node signing public-key artifact is absent — continuing with configured trusted identities
02:50:26.724 [error] local node self-trust was not added: node signing public-key artifact is absent — continuing with configured trusted identities
02:50:26.734 [error] local node self-trust was not added: node signing public-key artifact is absent — continuing with configured trusted identities
02:50:26.764 [error] local node self-trust was not added: node signing public-key artifact is absent — continuing with configured trusted identities
02:50:26.774 [error] local node self-trust was not added: node signing public-key artifact is absent — continuing with configured trusted identities
02:50:26.803 [error] local node self-trust was not added: node signing public-key artifact is absent — continuing with configured trusted identities
02:50:26.815 [error] local node self-trust was not added: node signing public-key artifact is absent — continuing with configured trusted identities
02:50:26.844 [error] local node self-trust was not added: node signing public-key artifact is absent — continuing with configured trusted identities
02:50:26.854 [error] local node self-trust was not added: node signing public-key artifact is absent — continuing with configured trusted identities
02:50:26.887 [error] local node self-trust was not added: node signing public-key artifact is absent — continuing with configured trusted identities
02:50:26.896 [error] local node self-trust was not added: node signing public-key artifact is absent — continuing with configured trusted identities
02:50:26.931 [error] local node self-trust was not added: node signing public-key artifact is absent — continuing with configured trusted identities
02:50:26.941 [error] local node self-trust was not added: node signing public-key artifact is absent — continuing with configured trusted identities
02:50:26.976 [error] local node self-trust was not added: node signing public-key artifact is absent — continuing with configured trusted identities
02:50:26.988 [error] local node self-trust was not added: node signing public-key artifact is absent — continuing with configured trusted identities
02:50:27.024 [error] local node self-trust was not added: node signing public-key artifact is absent — continuing with configured trusted identities
02:50:27.035 [error] local node self-trust was not added: node signing public-key artifact is absent — continuing with configured trusted identities
02:50:27.069 [error] local node self-trust was not added: node signing public-key artifact is absent — continuing with configured trusted identities
02:50:27.080 [error] local node self-trust was not added: node signing public-key artifact is absent — continuing with configured trusted identities
02:50:27.115 [error] local node self-trust was not added: node signing public-key artifact is absent — continuing with configured trusted identities
02:50:27.127 [error] local node self-trust was not added: node signing public-key artifact is absent — continuing with configured trusted identities
02:50:27.165 [error] local node self-trust was not added: node signing public-key artifact is absent — continuing with configured trusted identities
02:50:27.177 [error] local node self-trust was not added: node signing public-key artifact is absent — continuing with configured trusted identities
02:50:27.215 [error] local node self-trust was not added: node signing public-key artifact is absent — continuing with configured trusted identities
02:50:27.228 [error] local node self-trust was not added: node signing public-key artifact is absent — continuing with configured trusted identities
02:50:27.268 [error] local node self-trust was not added: node signing public-key artifact is absent — continuing with configured trusted identities
02:50:27.282 [error] local node self-trust was not added: node signing public-key artifact is absent — continuing with configured trusted identities
02:50:27.324 [error] local node self-trust was not added: node signing public-key artifact is absent — continuing with configured trusted identities
02:50:27.339 [error] local node self-trust was not added: node signing public-key artifact is absent — continuing with configured trusted identities
02:50:27.382 [error] local node self-trust was not added: node signing public-key artifact is absent — continuing with configured trusted identities
02:50:27.397 [error] local node self-trust was not added: node signing public-key artifact is absent — continuing with configured trusted identities
02:50:27.450 [error] local node self-trust was not added: node signing public-key artifact is absent — continuing with configured trusted identities
02:50:27.471 [error] local node self-trust was not added: node signing public-key artifact is absent — continuing with configured trusted identities
02:50:27.518 [error] local node self-trust was not added: node signing public-key artifact is absent — continuing with configured trusted identities
02:50:27.533 [error] local node self-trust was not added: node signing public-key artifact is absent — continuing with configured trusted identities
02:50:27.581 [error] local node self-trust was not added: node signing public-key artifact is absent — continuing with configured trusted identities
02:50:27.595 [error] local node self-trust was not added: node signing public-key artifact is absent — continuing with configured trusted identities
02:50:27.636 [error] local node self-trust was not added: node signing public-key artifact is absent — continuing with configured trusted identities
02:50:27.649 [error] local node self-trust was not added: node signing public-key artifact is absent — continuing with configured trusted identities
02:50:27.697 [error] local node self-trust was not added: node signing public-key artifact is absent — continuing with configured trusted identities
02:50:27.711 [error] local node self-trust was not added: node signing public-key artifact is absent — continuing with configured trusted identities
02:50:27.756 [error] local node self-trust was not added: node signing public-key artifact is absent — continuing with configured trusted identities
02:50:27.771 [error] local node self-trust was not added: node signing public-key artifact is absent — continuing with configured trusted identities
02:50:27.832 [error] local node self-trust was not added: node signing public-key artifact is absent — continuing with configured trusted identities
02:50:27.847 [error] local node self-trust was not added: node signing public-key artifact is absent — continuing with configured trusted identities
02:50:27.858 [error] local node self-trust was not added: node signing public-key artifact is absent — continuing with configured trusted identities
02:50:27.923 [error] local node self-trust was not added: node signing public-key artifact is absent — continuing with configured trusted identities
.02:50:27.950 [error] local node self-trust was not added: node signing public-key artifact is absent — continuing with configured trusted identities
02:50:27.950 [warning] CommitStore: local write would be DENIED by trust gate (dry_run — write still lands) doc_uuid=7af9e06d-e744-487c-8bff-62496e031cb9 commit_id=f5657af03a28e484b14a5dfaced4937b984d934074b6ad4fb6f8d5c5d5b98dd1 reason=:unsigned
02:50:27.952 [error] local node self-trust was not added: node signing public-key artifact is absent — continuing with configured trusted identities
02:50:27.952 [warning] CommitStore: local write would be DENIED by trust gate (dry_run — write still lands) doc_uuid=ab0ce0b2-a5a0-4ec1-90df-fcecef19e229 commit_id=10070bd4aa6cb642944beebd95740f82dbf8fae82ffd08dbf02e9fa962feee35 reason=:unsigned
02:50:27.954 [error] local node self-trust was not added: node signing public-key artifact is absent — continuing with configured trusted identities
02:50:27.954 [warning] CommitStore: local write would be DENIED by trust gate (dry_run — write still lands) doc_uuid=3bcd05ab-32ce-4555-8a0d-c813cc16e7be commit_id=8988aa55c04891b0dd0e810a26fa0710dc1c8ba83ac9376fad3f3245aae4079d reason=:unsigned
02:50:27.956 [error] local node self-trust was not added: node signing public-key artifact is absent — continuing with configured trusted identities
02:50:27.957 [warning] CommitStore: local write would be DENIED by trust gate (dry_run — write still lands) doc_uuid=b628c7eb-0b0e-4702-ba38-d5c12c7ddb74 commit_id=ef884bb13f9d079b4685d04fd9c9cd6a109c3b8e5212921cc3d26c65cd0f5a56 reason=:unsigned
02:50:27.958 [error] local node self-trust was not added: node signing public-key artifact is absent — continuing with configured trusted identities
02:50:27.959 [warning] CommitStore: local write would be DENIED by trust gate (dry_run — write still lands) doc_uuid=8f672885-bcd4-4a91-ae0e-101d523bb142 commit_id=467fbee808d5bf03c1d5908d66ee89752a61b307c9351ade0e9fd3edb5177c83 reason=:unsigned
02:50:27.961 [error] local node self-trust was not added: node signing public-key artifact is absent — continuing with configured trusted identities
02:50:27.961 [warning] CommitStore: local write would be DENIED by trust gate (dry_run — write still lands) doc_uuid=ab0ce0b2-a5a0-4ec1-90df-fcecef19e229 commit_id=7162fa36c23552f96b688e804fe7cc41c2264ca1dfa9849faa5de0743790e3ac reason=:unsigned
02:50:27.963 [error] local node self-trust was not added: node signing public-key artifact is absent — continuing with configured trusted identities
02:50:27.966 [error] local node self-trust was not added: node signing public-key artifact is absent — continuing with configured trusted identities
02:50:28.016 [error] local node self-trust was not added: node signing public-key artifact is absent — continuing with configured trusted identities
02:50:28.017 [warning] CommitStore: local write would be DENIED by trust gate (dry_run — write still lands) doc_uuid=ddbfd7d9-a97c-43fa-8c82-f2f679250466 commit_id=17ff0fca40bbea2cde0e7c4585e4d004e4637e8a47ff525424b28d1466cfdb44 reason={:untrusted_signer, "b0b22222-0000-0000-0000-762656667515"}
02:50:28.021 [error] local node self-trust was not added: node signing public-key artifact is absent — continuing with configured trusted identities
02:50:28.022 [error] local node self-trust was not added: node signing public-key artifact is absent — continuing with configured trusted identities
02:50:28.022 [warning] EngineModule :examine ("ddbfd7d9-a97c-43fa-8c82-f2f679250466") fell back to last-good/floor: {:authority, {:execution_denied, {:untrusted_contributor, <<23, 255, 15, 202, 64, 187, 234, 44, 222, 14, 124, 69, 133, 228, 208, 4, 228, 99, 126, 138, 71, 255, 82, 84, 36, 178, 141, 20, 102, 207, 219, 68>>, {:untrusted_signer, "b0b22222-0000-0000-0000-762656667515"}}}}
..02:50:28.160 [error] local node self-trust was not added: node signing public-key artifact is absent — continuing with configured trusted identities
02:50:28.163 [error] local node self-trust was not added: node signing public-key artifact is absent — continuing with configured trusted identities
02:50:28.165 [error] local node self-trust was not added: node signing public-key artifact is absent — continuing with configured trusted identities
02:50:28.167 [error] local node self-trust was not added: node signing public-key artifact is absent — continuing with configured trusted identities
02:50:28.169 [error] local node self-trust was not added: node signing public-key artifact is absent — continuing with configured trusted identities
02:50:28.170 [error] local node self-trust was not added: node signing public-key artifact is absent — continuing with configured trusted identities
.02:50:28.179 [error] local node self-trust was not added: node signing public-key artifact is absent — continuing with configured trusted identities
02:50:28.181 [error] local node self-trust was not added: node signing public-key artifact is absent — continuing with configured trusted identities
02:50:28.183 [error] local node self-trust was not added: node signing public-key artifact is absent — continuing with configured trusted identities
.02:50:28.294 [error] local node self-trust was not added: node signing public-key artifact is absent — continuing with configured trusted identities
02:50:28.294 [warning] CommitStore: local write would be DENIED by trust gate (dry_run — write still lands) doc_uuid=672683e6-ca09-4e16-a688-f01385252ed5 commit_id=2fed2ba619ef131fa5c697da4a4c61068bba632f3651ee540b3bccda67998577 reason=:unsigned
02:50:28.296 [error] local node self-trust was not added: node signing public-key artifact is absent — continuing with configured trusted identities
02:50:28.296 [warning] CommitStore: local write would be DENIED by trust gate (dry_run — write still lands) doc_uuid=da85b23a-80f4-4e5d-b7f7-ff2bae7bd247 commit_id=1e73a72cf612f162f724fac4ffdadc78dad2d6928cdb9d090e1a340e7ea51222 reason=:unsigned
02:50:28.298 [error] local node self-trust was not added: node signing public-key artifact is absent — continuing with configured trusted identities
02:50:28.298 [warning] CommitStore: local write would be DENIED by trust gate (dry_run — write still lands) doc_uuid=01c77cb8-1417-4792-af92-0a1754786237 commit_id=74cb820a7f80826c22708519d37c351e050059ab0dd92938b2bec8857ee4074d reason=:unsigned
02:50:28.299 [error] local node self-trust was not added: node signing public-key artifact is absent — continuing with configured trusted identities
02:50:28.302 [error] local node self-trust was not added: node signing public-key artifact is absent — continuing with configured trusted identities
02:50:28.335 [error] local node self-trust was not added: node signing public-key artifact is absent — continuing with configured trusted identities
02:50:28.335 [warning] CommitStore: local write would be DENIED by trust gate (dry_run — write still lands) doc_uuid=9335fb77-06e3-48a4-ad51-229b5b0aa384 commit_id=55ca2914f652fb252bbad5421cfd9d20cd0be969eb34f5e31796086655199cd8 reason={:untrusted_signer, "b0b22222-0000-0000-0000-153928920844"}
02:50:28.337 [error] local node self-trust was not added: node signing public-key artifact is absent — continuing with configured trusted identities
02:50:28.338 [error] local node self-trust was not added: node signing public-key artifact is absent — continuing with configured trusted identities
02:50:28.338 [warning] EngineModule :where ("9335fb77-06e3-48a4-ad51-229b5b0aa384") fell back to last-good/floor: {:authority, {:execution_denied, {:untrusted_contributor, <<85, 202, 41, 20, 246, 82, 251, 37, 43, 186, 213, 66, 28, 253, 157, 32, 205, 11, 233, 105, 235, 52, 245, 227, 23, 150, 8, 102, 85, 25, 156, 216>>, {:untrusted_signer, "b0b22222-0000-0000-0000-153928920844"}}}}
.02:50:28.345 [error] local node self-trust was not added: node signing public-key artifact is absent — continuing with configured trusted identities
02:50:28.348 [error] local node self-trust was not added: node signing public-key artifact is absent — continuing with configured trusted identities
02:50:28.350 [error] local node self-trust was not added: node signing public-key artifact is absent — continuing with configured trusted identities
02:50:28.352 [error] local node self-trust was not added: node signing public-key artifact is absent — continuing with configured trusted identities
02:50:28.354 [error] local node self-trust was not added: node signing public-key artifact is absent — continuing with configured trusted identities
02:50:28.356 [error] local node self-trust was not added: node signing public-key artifact is absent — continuing with configured trusted identities
02:50:28.357 [error] local node self-trust was not added: node signing public-key artifact is absent — continuing with configured trusted identities
02:50:28.359 [error] local node self-trust was not added: node signing public-key artifact is absent — continuing with configured trusted identities
02:50:28.404 [error] local node self-trust was not added: node signing public-key artifact is absent — continuing with configured trusted identities
02:50:28.407 [error] local node self-trust was not added: node signing public-key artifact is absent — continuing with configured trusted identities
..02:50:28.550 [error] local node self-trust was not added: node signing public-key artifact is absent — continuing with configured trusted identities
02:50:28.553 [error] local node self-trust was not added: node signing public-key artifact is absent — continuing with configured trusted identities
02:50:28.555 [error] local node self-trust was not added: node signing public-key artifact is absent — continuing with configured trusted identities
02:50:28.557 [error] local node self-trust was not added: node signing public-key artifact is absent — continuing with configured trusted identities
02:50:28.559 [error] local node self-trust was not added: node signing public-key artifact is absent — continuing with configured trusted identities
02:50:28.561 [error] local node self-trust was not added: node signing public-key artifact is absent — continuing with configured trusted identities
02:50:28.562 [error] local node self-trust was not added: node signing public-key artifact is absent — continuing with configured trusted identities
.02:50:28.624 [error] local node self-trust was not added: node signing public-key artifact is absent — continuing with configured trusted identities
02:50:28.627 [error] local node self-trust was not added: node signing public-key artifact is absent — continuing with configured trusted identities
02:50:28.632 [warning] EngineModule :say ("b93dccc2-9769-42d5-8a05-d1474a544b79") fell back to last-good/floor: {:compile, {:compile_error, "token missing on docref:/b93dccc2-9769-42d5-8a05-d1474a544b79:1:68:\n    error: missing terminator: )\n    │\n  1 │ defmodule Commonplace.MUD.EngineParser do  def parse(  # unbalanced\n    │                                                     │              └ missing closing delimiter (expected \")\")\n    │                                                     └ unclosed delimiter\n    │\n    └─ docref:/b93dccc2-9769-42d5-8a05-d1474a544b79:1:68"}}
.02:50:28.639 [error] local node self-trust was not added: node signing public-key artifact is absent — continuing with configured trusted identities
02:50:28.641 [error] local node self-trust was not added: node signing public-key artifact is absent — continuing with configured trusted identities
02:50:28.671 [error] local node self-trust was not added: node signing public-key artifact is absent — continuing with configured trusted identities
02:50:28.675 [error] local node self-trust was not added: node signing public-key artifact is absent — continuing with configured trusted identities
.02:50:28.715 [error] local node self-trust was not added: node signing public-key artifact is absent — continuing with configured trusted identities
.02:50:28.725 [error] local node self-trust was not added: node signing public-key artifact is absent — continuing with configured trusted identities
02:50:28.728 [error] local node self-trust was not added: node signing public-key artifact is absent — continuing with configured trusted identities
02:50:28.730 [error] local node self-trust was not added: node signing public-key artifact is absent — continuing with configured trusted identities
02:50:28.732 [error] local node self-trust was not added: node signing public-key artifact is absent — continuing with configured trusted identities
02:50:28.736 [error] local node self-trust was not added: node signing public-key artifact is absent — continuing with configured trusted identities
02:50:28.738 [error] local node self-trust was not added: node signing public-key artifact is absent — continuing with configured trusted identities
.02:50:28.750 [error] local node self-trust was not added: node signing public-key artifact is absent — continuing with configured trusted identities
02:50:28.754 [error] local node self-trust was not added: node signing public-key artifact is absent — continuing with configured trusted identities
02:50:28.756 [error] local node self-trust was not added: node signing public-key artifact is absent — continuing with configured trusted identities
02:50:28.759 [error] local node self-trust was not added: node signing public-key artifact is absent — continuing with configured trusted identities
02:50:28.762 [error] local node self-trust was not added: node signing public-key artifact is absent — continuing with configured trusted identities
02:50:28.764 [error] local node self-trust was not added: node signing public-key artifact is absent — continuing with configured trusted identities
.02:50:28.876 [error] local node self-trust was not added: node signing public-key artifact is absent — continuing with configured trusted identities
02:50:28.878 [error] local node self-trust was not added: node signing public-key artifact is absent — continuing with configured trusted identities
02:50:28.909 [error] local node self-trust was not added: node signing public-key artifact is absent — continuing with configured trusted identities
02:50:28.909 [error] local node self-trust was not added: node signing public-key artifact is absent — continuing with configured trusted identities
02:50:28.910 [error] local node self-trust was not added: node signing public-key artifact is absent — continuing with configured trusted identities
02:50:28.910 [error] local node self-trust was not added: node signing public-key artifact is absent — continuing with configured trusted identities
02:50:28.911 [error] local node self-trust was not added: node signing public-key artifact is absent — continuing with configured trusted identities
.02:50:28.922 [error] local node self-trust was not added: node signing public-key artifact is absent — continuing with configured trusted identities
02:50:28.925 [error] local node self-trust was not added: node signing public-key artifact is absent — continuing with configured trusted identities
02:50:28.927 [error] local node self-trust was not added: node signing public-key artifact is absent — continuing with configured trusted identities
02:50:28.929 [error] local node self-trust was not added: node signing public-key artifact is absent — continuing with configured trusted identities
02:50:28.931 [error] local node self-trust was not added: node signing public-key artifact is absent — continuing with configured trusted identities
02:50:28.934 [error] local node self-trust was not added: node signing public-key artifact is absent — continuing with configured trusted identities
02:50:28.936 [error] local node self-trust was not added: node signing public-key artifact is absent — continuing with configured trusted identities
02:50:28.992 [error] local node self-trust was not added: node signing public-key artifact is absent — continuing with configured trusted identities
02:50:28.996 [error] local node self-trust was not added: node signing public-key artifact is absent — continuing with configured trusted identities
..02:50:29.233 [error] local node self-trust was not added: node signing public-key artifact is absent — continuing with configured trusted identities
02:50:29.236 [error] local node self-trust was not added: node signing public-key artifact is absent — continuing with configured trusted identities
02:50:29.239 [error] local node self-trust was not added: node signing public-key artifact is absent — continuing with configured trusted identities
02:50:29.241 [error] local node self-trust was not added: node signing public-key artifact is absent — continuing with configured trusted identities
02:50:29.243 [error] local node self-trust was not added: node signing public-key artifact is absent — continuing with configured trusted identities
..02:50:29.479 [warning] CommitStore: local write would be DENIED by trust gate (dry_run — write still lands) doc_uuid=db42ca25-4dc8-4bbb-a20c-56215573cb4f commit_id=b77faf7ce4347211917c25d8f6f09b446ac9a768f9ad7899f9f1e9f9378ffba2 reason=:unsigned
02:50:29.482 [warning] CommitStore: local write would be DENIED by trust gate (dry_run — write still lands) doc_uuid=eb14013c-090e-4b64-ba7f-9925306ccca5 commit_id=9e970e19639f2543106cb1da796b6384a6332a0a5250332722c1df263b08c5bd reason=:unsigned
02:50:29.484 [warning] CommitStore: local write would be DENIED by trust gate (dry_run — write still lands) doc_uuid=46257290-38a3-4b96-bcf0-a3733a030b4f commit_id=5791673fcf4ded380b317b85896fba5945972502e2ccdb2a7e10157a032f76f3 reason=:unsigned
02:50:29.546 [warning] CommitStore: local write would be DENIED by trust gate (dry_run — write still lands) doc_uuid=6cb07401-a347-48af-9ae1-5e3da0cd6d44 commit_id=01cde225d336f3ff52f9c5a034d4f54b9e484bac76427909bb3e4499234ea413 reason={:untrusted_signer, "b0b22222-0000-0000-0000-720737640971"}
02:50:29.550 [warning] EngineModule :home ("6cb07401-a347-48af-9ae1-5e3da0cd6d44") fell back to last-good/floor: {:authority, {:execution_denied, {:untrusted_contributor, <<1, 205, 226, 37, 211, 54, 243, 255, 82, 249, 197, 160, 52, 212, 245, 75, 158, 72, 75, 172, 118, 66, 121, 9, 187, 62, 68, 153, 35, 78, 164, 19>>, {:untrusted_signer, "b0b22222-0000-0000-0000-720737640971"}}}}
.02:50:29.559 [error] local node self-trust was not added: node signing public-key artifact is absent — continuing with configured trusted identities
02:50:29.561 [error] local node self-trust was not added: node signing public-key artifact is absent — continuing with configured trusted identities
02:50:29.588 [error] local node self-trust was not added: node signing public-key artifact is absent — continuing with configured trusted identities
02:50:29.591 [error] local node self-trust was not added: node signing public-key artifact is absent — continuing with configured trusted identities
02:50:29.592 [warning] EngineModule :say ("3dae9283-f3d1-49f2-93c4-c03afde434f9") fell back to last-good/floor: {:compile, {:compile_error, "token missing on docref:/3dae9283-f3d1-49f2-93c4-c03afde434f9:1:68:\n    error: missing terminator: )\n    │\n  1 │ defmodule Commonplace.MUD.EngineParser do  def parse(  # unbalanced\n    │                                                     │              └ missing closing delimiter (expected \")\")\n    │                                                     └ unclosed delimiter\n    │\n    └─ docref:/3dae9283-f3d1-49f2-93c4-c03afde434f9:1:68"}}
.02:50:29.600 [error] local node self-trust was not added: node signing public-key artifact is absent — continuing with configured trusted identities
02:50:29.602 [error] local node self-trust was not added: node signing public-key artifact is absent — continuing with configured trusted identities
02:50:29.604 [error] local node self-trust was not added: node signing public-key artifact is absent — continuing with configured trusted identities
02:50:29.607 [error] local node self-trust was not added: node signing public-key artifact is absent — continuing with configured trusted identities
02:50:29.610 [error] local node self-trust was not added: node signing public-key artifact is absent — continuing with configured trusted identities
02:50:29.613 [error] local node self-trust was not added: node signing public-key artifact is absent — continuing with configured trusted identities
02:50:29.615 [error] local node self-trust was not added: node signing public-key artifact is absent — continuing with configured trusted identities
02:50:29.641 [warning] EngineModule :look (nil) fell back to last-good/floor: {:runtime_crash, Commonplace.MUD.EngineLook, {:rescue, %RuntimeError{message: "boom from a doc-hosted look verb"}}}
.02:50:29.652 [error] local node self-trust was not added: node signing public-key artifact is absent — continuing with configured trusted identities
.02:50:29.661 [error] local node self-trust was not added: node signing public-key artifact is absent — continuing with configured trusted identities
02:50:29.663 [error] local node self-trust was not added: node signing public-key artifact is absent — continuing with configured trusted identities
02:50:29.689 [error] local node self-trust was not added: node signing public-key artifact is absent — continuing with configured trusted identities
.02:50:29.700 [error] local node self-trust was not added: node signing public-key artifact is absent — continuing with configured trusted identities
02:50:29.701 [error] local node self-trust was not added: node signing public-key artifact is absent — continuing with configured trusted identities
02:50:29.703 [error] local node self-trust was not added: node signing public-key artifact is absent — continuing with configured trusted identities
02:50:29.705 [error] local node self-trust was not added: node signing public-key artifact is absent — continuing with configured trusted identities
02:50:29.707 [error] local node self-trust was not added: node signing public-key artifact is absent — continuing with configured trusted identities
02:50:29.709 [error] local node self-trust was not added: node signing public-key artifact is absent — continuing with configured trusted identities
02:50:29.711 [error] local node self-trust was not added: node signing public-key artifact is absent — continuing with configured trusted identities
02:50:29.712 [warning] EngineModule :inventory ("a44377cc-bc03-4b0f-90f9-46371507af39") fell back to last-good/floor: {:compile, {:compile_error, "token missing on docref:/a44377cc-bc03-4b0f-90f9-46371507af39:1:68:\n    error: missing terminator: )\n    │\n  1 │ defmodule Commonplace.MUD.EngineParser do  def parse(  # unbalanced\n    │                                                     │              └ missing closing delimiter (expected \")\")\n    │                                                     └ unclosed delimiter\n    │\n    └─ docref:/a44377cc-bc03-4b0f-90f9-46371507af39:1:68"}}
..02:50:29.880 [error] local node self-trust was not added: node signing public-key artifact is absent — continuing with configured trusted identities
02:50:29.882 [error] local node self-trust was not added: node signing public-key artifact is absent — continuing with configured trusted identities
02:50:29.884 [error] local node self-trust was not added: node signing public-key artifact is absent — continuing with configured trusted identities
02:50:29.886 [error] local node self-trust was not added: node signing public-key artifact is absent — continuing with configured trusted identities
02:50:29.889 [error] local node self-trust was not added: node signing public-key artifact is absent — continuing with configured trusted identities
02:50:29.891 [error] local node self-trust was not added: node signing public-key artifact is absent — continuing with configured trusted identities
02:50:29.894 [error] local node self-trust was not added: node signing public-key artifact is absent — continuing with configured trusted identities
02:50:29.896 [error] local node self-trust was not added: node signing public-key artifact is absent — continuing with configured trusted identities
02:50:29.923 [warning] EngineModule :examine (nil) fell back to last-good/floor: {:runtime_crash, Commonplace.MUD.EngineExamine, {:rescue, %RuntimeError{message: "boom from a doc-hosted examine verb"}}}
.02:50:29.935 [error] local node self-trust was not added: node signing public-key artifact is absent — continuing with configured trusted identities
02:50:29.938 [error] local node self-trust was not added: node signing public-key artifact is absent — continuing with configured trusted identities
02:50:29.941 [error] local node self-trust was not added: node signing public-key artifact is absent — continuing with configured trusted identities
02:50:29.943 [error] local node self-trust was not added: node signing public-key artifact is absent — continuing with configured trusted identities
02:50:29.945 [error] local node self-trust was not added: node signing public-key artifact is absent — continuing with configured trusted identities
02:50:29.982 [error] local node self-trust was not added: node signing public-key artifact is absent — continuing with configured trusted identities
02:50:29.986 [error] local node self-trust was not added: node signing public-key artifact is absent — continuing with configured trusted identities
02:50:29.989 [error] local node self-trust was not added: node signing public-key artifact is absent — continuing with configured trusted identities
.02:50:30.030 [error] local node self-trust was not added: node signing public-key artifact is absent — continuing with configured trusted identities
02:50:30.032 [error] local node self-trust was not added: node signing public-key artifact is absent — continuing with configured trusted identities
02:50:30.033 [warning] EngineModule :parser ("3aa06efa-dcb3-4fe3-ae40-4f27701ba68f") fell back to last-good/floor: {:compile, {:compile_error, "token missing on docref:/3aa06efa-dcb3-4fe3-ae40-4f27701ba68f:1:68:\n    error: missing terminator: )\n    │\n  1 │ defmodule Commonplace.MUD.EngineParser do  def parse(  # unbalanced\n    │                                                     │              └ missing closing delimiter (expected \")\")\n    │                                                     └ unclosed delimiter\n    │\n    └─ docref:/3aa06efa-dcb3-4fe3-ae40-4f27701ba68f:1:68"}}
..02:50:30.157 [error] local node self-trust was not added: node signing public-key artifact is absent — continuing with configured trusted identities
02:50:30.159 [error] local node self-trust was not added: node signing public-key artifact is absent — continuing with configured trusted identities
02:50:30.189 [error] local node self-trust was not added: node signing public-key artifact is absent — continuing with configured trusted identities
02:50:30.192 [error] local node self-trust was not added: node signing public-key artifact is absent — continuing with configured trusted identities
02:50:30.193 [warning] EngineModule :parser ("e8019806-cf0c-4730-b79d-d05bea7c61ec") fell back to last-good/floor: {:compile, {:compile_error, "token missing on docref:/e8019806-cf0c-4730-b79d-d05bea7c61ec:1:68:\n    error: missing terminator: )\n    │\n  1 │ defmodule Commonplace.MUD.EngineParser do  def parse(  # unbalanced\n    │                                                     │              └ missing closing delimiter (expected \")\")\n    │                                                     └ unclosed delimiter\n    │\n    └─ docref:/e8019806-cf0c-4730-b79d-d05bea7c61ec:1:68"}}
.02:50:30.202 [error] local node self-trust was not added: node signing public-key artifact is absent — continuing with configured trusted identities
02:50:30.202 [warning] CommitStore: local write would be DENIED by trust gate (dry_run — write still lands) doc_uuid=c835602c-7706-4c18-ae67-3447c8a3f7d0 commit_id=9328f78cf1c1fb7736da4759c445a73e09721fd3d598e511ed5d82a3c16de055 reason=:unsigned
02:50:30.205 [error] local node self-trust was not added: node signing public-key artifact is absent — continuing with configured trusted identities
02:50:30.205 [warning] CommitStore: local write would be DENIED by trust gate (dry_run — write still lands) doc_uuid=b034d42b-94bc-4565-94d1-ab63a6ce1ff0 commit_id=d5e8d8143f9df310dada3d7d2f032bc3527a7b9822b9465ecd157beba227f266 reason=:unsigned
02:50:30.207 [error] local node self-trust was not added: node signing public-key artifact is absent — continuing with configured trusted identities
02:50:30.207 [warning] CommitStore: local write would be DENIED by trust gate (dry_run — write still lands) doc_uuid=6980a246-63c9-459e-9237-6a33ec34b872 commit_id=2f2227d0af5371829976de322f401c2665384b8e4a4cc2792d453247b89615bf reason=:unsigned
02:50:30.209 [error] local node self-trust was not added: node signing public-key artifact is absent — continuing with configured trusted identities
02:50:30.210 [warning] CommitStore: local write would be DENIED by trust gate (dry_run — write still lands) doc_uuid=36f0f969-8c19-4ac6-b07b-982950bf3ca3 commit_id=6de3eac2a8faecbaeea45b8ea598dfeff92edd97ed07bbafb21cb8e515fa07bf reason=:unsigned
02:50:30.211 [error] local node self-trust was not added: node signing public-key artifact is absent — continuing with configured trusted identities
02:50:30.211 [warning] CommitStore: local write would be DENIED by trust gate (dry_run — write still lands) doc_uuid=a31d1325-e762-432c-a4d0-c7678931dbed commit_id=52f1e370ec2c262f43810cd3c6e6ef60b578abcc78dec0eca7764491954b5125 reason=:unsigned
02:50:30.213 [error] local node self-trust was not added: node signing public-key artifact is absent — continuing with configured trusted identities
02:50:30.217 [error] local node self-trust was not added: node signing public-key artifact is absent — continuing with configured trusted identities
02:50:30.268 [error] local node self-trust was not added: node signing public-key artifact is absent — continuing with configured trusted identities
02:50:30.269 [warning] CommitStore: local write would be DENIED by trust gate (dry_run — write still lands) doc_uuid=03cd9b58-fbe4-4c05-9355-fb4eb4399732 commit_id=12dc34563db3a6c6c31cc94f0a357cbadf4b325c5dbae81462e5ae43f5728c0e reason={:untrusted_signer, "b0b22222-0000-0000-0000-131928654855"}
02:50:30.271 [error] local node self-trust was not added: node signing public-key artifact is absent — continuing with configured trusted identities
02:50:30.272 [error] local node self-trust was not added: node signing public-key artifact is absent — continuing with configured trusted identities
02:50:30.273 [warning] EngineModule :look ("03cd9b58-fbe4-4c05-9355-fb4eb4399732") fell back to last-good/floor: {:authority, {:execution_denied, {:untrusted_contributor, <<18, 220, 52, 86, 61, 179, 166, 198, 195, 28, 201, 79, 10, 53, 124, 186, 223, 75, 50, 92, 93, 186, 232, 20, 98, 229, 174, 67, 245, 114, 140, 14>>, {:untrusted_signer, "b0b22222-0000-0000-0000-131928654855"}}}}
.02:50:30.283 [error] local node self-trust was not added: node signing public-key artifact is absent — continuing with configured trusted identities
02:50:30.285 [error] local node self-trust was not added: node signing public-key artifact is absent — continuing with configured trusted identities
02:50:30.318 [error] local node self-trust was not added: node signing public-key artifact is absent — continuing with configured trusted identities
02:50:30.323 [error] local node self-trust was not added: node signing public-key artifact is absent — continuing with configured trusted identities
..02:50:30.539 [error] local node self-trust was not added: node signing public-key artifact is absent — continuing with configured trusted identities
02:50:30.541 [error] local node self-trust was not added: node signing public-key artifact is absent — continuing with configured trusted identities
02:50:30.543 [error] local node self-trust was not added: node signing public-key artifact is absent — continuing with configured trusted identities
02:50:30.545 [error] local node self-trust was not added: node signing public-key artifact is absent — continuing with configured trusted identities
02:50:30.547 [error] local node self-trust was not added: node signing public-key artifact is absent — continuing with configured trusted identities
02:50:30.549 [error] local node self-trust was not added: node signing public-key artifact is absent — continuing with configured trusted identities
02:50:30.552 [error] local node self-trust was not added: node signing public-key artifact is absent — continuing with configured trusted identities
02:50:30.610 [error] local node self-trust was not added: node signing public-key artifact is absent — continuing with configured trusted identities
02:50:30.613 [error] local node self-trust was not added: node signing public-key artifact is absent — continuing with configured trusted identities
02:50:30.614 [warning] EngineModule :look ("0bf992c8-e4b6-498c-b87c-ba8194226d30") fell back to last-good/floor: {:compile, {:compile_error, "token missing on docref:/0bf992c8-e4b6-498c-b87c-ba8194226d30:1:68:\n    error: missing terminator: )\n    │\n  1 │ defmodule Commonplace.MUD.EngineParser do  def parse(  # unbalanced\n    │                                                     │              └ missing closing delimiter (expected \")\")\n    │                                                     └ unclosed delimiter\n    │\n    └─ docref:/0bf992c8-e4b6-498c-b87c-ba8194226d30:1:68"}}
..02:50:30.694 [error] local node self-trust was not added: node signing public-key artifact is absent — continuing with configured trusted identities
02:50:30.697 [error] local node self-trust was not added: node signing public-key artifact is absent — continuing with configured trusted identities
02:50:30.699 [error] local node self-trust was not added: node signing public-key artifact is absent — continuing with configured trusted identities
02:50:30.702 [error] local node self-trust was not added: node signing public-key artifact is absent — continuing with configured trusted identities
02:50:30.703 [error] local node self-trust was not added: node signing public-key artifact is absent — continuing with configured trusted identities
02:50:30.726 [warning] EngineModule :where (nil) fell back to last-good/floor: {:runtime_crash, Commonplace.MUD.EngineWhere, {:rescue, %RuntimeError{message: "boom from a doc-hosted where verb"}}}
.02:50:30.751 [warning] CommitStore: local write would be DENIED by trust gate (dry_run — write still lands) doc_uuid=b2153cb4-d004-48cb-9d06-87a049043e4d commit_id=6e61f867641ac2bddc72495c9a0767336f93b37cecc5eb429d4610384d9b9887 reason=:unsigned
02:50:30.754 [warning] CommitStore: local write would be DENIED by trust gate (dry_run — write still lands) doc_uuid=3d0b214d-6cef-410e-8ef6-c2bfd126826f commit_id=8024240ea19b1a91e5410ef64669c466ca3a6194ee6d96695eca10e278b12c9f reason=:unsigned
02:50:30.758 [warning] CommitStore: local write would be DENIED by trust gate (dry_run — write still lands) doc_uuid=722b4d8e-a867-47b6-9916-a636e3b7722d commit_id=fb867ddd0343b27a078e61f7358819e5223f1a78d6c00b448b0c406ecbde9e2c reason=:unsigned
02:50:30.761 [warning] CommitStore: local write would be DENIED by trust gate (dry_run — write still lands) doc_uuid=23d088fa-ee49-43ed-adca-37d3d9a93c32 commit_id=593e34a87dc0027dce418dfa5550ee97ccd6cf011d49a234c8f85525dda3d563 reason=:unsigned
02:50:30.765 [warning] CommitStore: local write would be DENIED by trust gate (dry_run — write still lands) doc_uuid=48d0747a-aeee-49fa-b0ed-281bafddd6a8 commit_id=e3297cab018a65a0c9cdd7ccff88a21a6042ea875819c9a78fcc3164fbca8a07 reason=:unsigned
02:50:30.768 [warning] CommitStore: local write would be DENIED by trust gate (dry_run — write still lands) doc_uuid=48d0747a-aeee-49fa-b0ed-281bafddd6a8 commit_id=6dd9bdd9f16e4332c7f6c04ac82ec040afb132192f275d5e56e61a6c3ae776d1 reason=:unsigned
02:50:30.845 [warning] CommitStore: local write would be DENIED by trust gate (dry_run — write still lands) doc_uuid=9f2e3802-75af-4ecb-97ea-831c141d8a49 commit_id=91de05acb70595f2722bd7de4c703c62870df459e8f806ac02c5fdfd7a6a20d8 reason={:untrusted_signer, "b0b22222-0000-0000-0000-84910952027"}
02:50:30.850 [warning] EngineModule :go ("9f2e3802-75af-4ecb-97ea-831c141d8a49") fell back to last-good/floor: {:authority, {:execution_denied, {:untrusted_contributor, <<145, 222, 5, 172, 183, 5, 149, 242, 114, 43, 215, 222, 76, 112, 60, 98, 135, 13, 244, 89, 232, 248, 6, 172, 2, 197, 253, 253, 122, 106, 32, 216>>, {:untrusted_signer, "b0b22222-0000-0000-0000-84910952027"}}}}
.02:50:30.858 [error] local node self-trust was not added: node signing public-key artifact is absent — continuing with configured trusted identities
02:50:30.860 [error] local node self-trust was not added: node signing public-key artifact is absent — continuing with configured trusted identities
02:50:30.884 [warning] EngineModule :say (nil) fell back to last-good/floor: {:runtime_crash, Commonplace.MUD.EngineSay, {:rescue, %RuntimeError{message: "boom from a doc-hosted say verb"}}}
..02:50:30.990 [error] local node self-trust was not added: node signing public-key artifact is absent — continuing with configured trusted identities
02:50:30.992 [error] local node self-trust was not added: node signing public-key artifact is absent — continuing with configured trusted identities
02:50:30.995 [error] local node self-trust was not added: node signing public-key artifact is absent — continuing with configured trusted identities
02:50:30.997 [error] local node self-trust was not added: node signing public-key artifact is absent — continuing with configured trusted identities
02:50:30.999 [error] local node self-trust was not added: node signing public-key artifact is absent — continuing with configured trusted identities
02:50:31.001 [error] local node self-trust was not added: node signing public-key artifact is absent — continuing with configured trusted identities
02:50:31.004 [error] local node self-trust was not added: node signing public-key artifact is absent — continuing with configured trusted identities
02:50:31.006 [error] local node self-trust was not added: node signing public-key artifact is absent — continuing with configured trusted identities
02:50:31.009 [error] local node self-trust was not added: node signing public-key artifact is absent — continuing with configured trusted identities
02:50:31.013 [error] local node self-trust was not added: node signing public-key artifact is absent — continuing with configured trusted identities
02:50:31.050 [error] local node self-trust was not added: node signing public-key artifact is absent — continuing with configured trusted identities
.02:50:31.062 [error] local node self-trust was not added: node signing public-key artifact is absent — continuing with configured trusted identities
02:50:31.064 [error] local node self-trust was not added: node signing public-key artifact is absent — continuing with configured trusted identities
02:50:31.066 [error] local node self-trust was not added: node signing public-key artifact is absent — continuing with configured trusted identities
02:50:31.068 [error] local node self-trust was not added: node signing public-key artifact is absent — continuing with configured trusted identities
02:50:31.070 [error] local node self-trust was not added: node signing public-key artifact is absent — continuing with configured trusted identities
02:50:31.072 [error] local node self-trust was not added: node signing public-key artifact is absent — continuing with configured trusted identities
02:50:31.073 [error] local node self-trust was not added: node signing public-key artifact is absent — continuing with configured trusted identities
02:50:31.074 [warning] EngineModule :look ("a1cd8a1f-3f76-4025-8069-300c9a91786a") fell back to last-good/floor: {:compile, {:compile_error, "token missing on docref:/a1cd8a1f-3f76-4025-8069-300c9a91786a:1:68:\n    error: missing terminator: )\n    │\n  1 │ defmodule Commonplace.MUD.EngineParser do  def parse(  # unbalanced\n    │                                                     │              └ missing closing delimiter (expected \")\")\n    │                                                     └ unclosed delimiter\n    │\n    └─ docref:/a1cd8a1f-3f76-4025-8069-300c9a91786a:1:68"}}
.02:50:31.132 [warning] EngineModule :go (nil) fell back to last-good/floor: {:runtime_crash, Commonplace.MUD.EngineGo, {:rescue, %RuntimeError{message: "boom from a doc-hosted go verb"}}}
.02:50:31.142 [error] local node self-trust was not added: node signing public-key artifact is absent — continuing with configured trusted identities
02:50:31.145 [error] local node self-trust was not added: node signing public-key artifact is absent — continuing with configured trusted identities
02:50:31.147 [error] local node self-trust was not added: node signing public-key artifact is absent — continuing with configured trusted identities
02:50:31.149 [error] local node self-trust was not added: node signing public-key artifact is absent — continuing with configured trusted identities
02:50:31.150 [error] local node self-trust was not added: node signing public-key artifact is absent — continuing with configured trusted identities
02:50:31.152 [error] local node self-trust was not added: node signing public-key artifact is absent — continuing with configured trusted identities
02:50:31.155 [error] local node self-trust was not added: node signing public-key artifact is absent — continuing with configured trusted identities
02:50:31.207 [warning] EngineModule :look (nil) fell back to last-good/floor: {:runtime_crash, Commonplace.MUD.EngineLook, {:rescue, %FunctionClauseError{module: Commonplace.MUD.EngineLook, function: :run, arity: 2, kind: nil, args: nil, clauses: nil}}}
.02:50:31.216 [error] local node self-trust was not added: node signing public-key artifact is absent — continuing with configured trusted identities
02:50:31.219 [error] local node self-trust was not added: node signing public-key artifact is absent — continuing with configured trusted identities
02:50:31.221 [error] local node self-trust was not added: node signing public-key artifact is absent — continuing with configured trusted identities
02:50:31.236 [warning] EngineModule :who (nil) fell back to last-good/floor: {:runtime_crash, Commonplace.MUD.EngineWho, {:rescue, %RuntimeError{message: "boom from a doc-hosted who verb"}}}
.02:50:31.244 [error] local node self-trust was not added: node signing public-key artifact is absent — continuing with configured trusted identities
..02:50:31.436 [error] local node self-trust was not added: node signing public-key artifact is absent — continuing with configured trusted identities
02:50:31.439 [error] local node self-trust was not added: node signing public-key artifact is absent — continuing with configured trusted identities
02:50:31.441 [error] local node self-trust was not added: node signing public-key artifact is absent — continuing with configured trusted identities
02:50:31.443 [error] local node self-trust was not added: node signing public-key artifact is absent — continuing with configured trusted identities
02:50:31.446 [error] local node self-trust was not added: node signing public-key artifact is absent — continuing with configured trusted identities
02:50:31.447 [error] local node self-trust was not added: node signing public-key artifact is absent — continuing with configured trusted identities
02:50:31.450 [error] local node self-trust was not added: node signing public-key artifact is absent — continuing with configured trusted identities
02:50:31.452 [error] local node self-trust was not added: node signing public-key artifact is absent — continuing with configured trusted identities
.02:50:31.510 [error] local node self-trust was not added: node signing public-key artifact is absent — continuing with configured trusted identities
02:50:31.516 [error] local node self-trust was not added: node signing public-key artifact is absent — continuing with configured trusted identities
02:50:31.548 [error] local node self-trust was not added: node signing public-key artifact is absent — continuing with configured trusted identities
02:50:31.549 [warning] CommitStore: local write would be DENIED by trust gate (dry_run — write still lands) doc_uuid=b33038d6-9267-44bd-b1d4-cb8e491a9c90 commit_id=f44bb4d98ff5c142c1d05a860f7cc5f5aa242894cdba69b39d4c577c4045ce71 reason={:untrusted_signer, "b0b22222-0000-0000-0000-180369137361"}
02:50:31.552 [error] local node self-trust was not added: node signing public-key artifact is absent — continuing with configured trusted identities
02:50:31.553 [error] local node self-trust was not added: node signing public-key artifact is absent — continuing with configured trusted identities
02:50:31.553 [warning] EngineModule :parser ("b33038d6-9267-44bd-b1d4-cb8e491a9c90") fell back to last-good/floor: {:authority, {:execution_denied, {:untrusted_contributor, <<244, 75, 180, 217, 143, 245, 193, 66, 193, 208, 90, 134, 15, 124, 197, 245, 170, 36, 40, 148, 205, 186, 105, 179, 157, 76, 87, 124, 64, 69, 206, 113>>, {:untrusted_signer, "b0b22222-0000-0000-0000-180369137361"}}}}
02:50:31.554 [error] local node self-trust was not added: node signing public-key artifact is absent — continuing with configured trusted identities
02:50:31.554 [warning] EngineModule :parser ("b33038d6-9267-44bd-b1d4-cb8e491a9c90") fell back to last-good/floor: {:authority, {:execution_denied, {:untrusted_contributor, <<244, 75, 180, 217, 143, 245, 193, 66, 193, 208, 90, 134, 15, 124, 197, 245, 170, 36, 40, 148, 205, 186, 105, 179, 157, 76, 87, 124, 64, 69, 206, 113>>, {:untrusted_signer, "b0b22222-0000-0000-0000-180369137361"}}}}
.02:50:31.563 [error] local node self-trust was not added: node signing public-key artifact is absent — continuing with configured trusted identities
02:50:31.566 [error] local node self-trust was not added: node signing public-key artifact is absent — continuing with configured trusted identities
02:50:31.569 [error] local node self-trust was not added: node signing public-key artifact is absent — continuing with configured trusted identities
02:50:31.571 [error] local node self-trust was not added: node signing public-key artifact is absent — continuing with configured trusted identities
02:50:31.574 [error] local node self-trust was not added: node signing public-key artifact is absent — continuing with configured trusted identities
02:50:31.577 [error] local node self-trust was not added: node signing public-key artifact is absent — continuing with configured trusted identities
02:50:31.581 [error] local node self-trust was not added: node signing public-key artifact is absent — continuing with configured trusted identities
02:50:31.618 [error] local node self-trust was not added: node signing public-key artifact is absent — continuing with configured trusted identities
02:50:31.622 [error] local node self-trust was not added: node signing public-key artifact is absent — continuing with configured trusted identities
02:50:31.623 [warning] EngineModule :inventory ("dcf192c7-a3be-446c-96e7-e9c9ef77fdf6") fell back to last-good/floor: {:compile, {:compile_error, "token missing on docref:/dcf192c7-a3be-446c-96e7-e9c9ef77fdf6:1:68:\n    error: missing terminator: )\n    │\n  1 │ defmodule Commonplace.MUD.EngineParser do  def parse(  # unbalanced\n    │                                                     │              └ missing closing delimiter (expected \")\")\n    │                                                     └ unclosed delimiter\n    │\n    └─ docref:/dcf192c7-a3be-446c-96e7-e9c9ef77fdf6:1:68"}}
.02:50:31.633 [error] local node self-trust was not added: node signing public-key artifact is absent — continuing with configured trusted identities
02:50:31.636 [error] local node self-trust was not added: node signing public-key artifact is absent — continuing with configured trusted identities
02:50:31.639 [error] local node self-trust was not added: node signing public-key artifact is absent — continuing with configured trusted identities
02:50:31.669 [error] local node self-trust was not added: node signing public-key artifact is absent — continuing with configured trusted identities
02:50:31.671 [error] local node self-trust was not added: node signing public-key artifact is absent — continuing with configured trusted identities
02:50:31.673 [error] local node self-trust was not added: node signing public-key artifact is absent — continuing with configured trusted identities
.02:50:31.717 [error] local node self-trust was not added: node signing public-key artifact is absent — continuing with configured trusted identities
02:50:31.720 [error] local node self-trust was not added: node signing public-key artifact is absent — continuing with configured trusted identities
02:50:31.722 [error] local node self-trust was not added: node signing public-key artifact is absent — continuing with configured trusted identities
..02:50:31.888 [error] local node self-trust was not added: node signing public-key artifact is absent — continuing with configured trusted identities
02:50:31.888 [warning] CommitStore: local write would be DENIED by trust gate (dry_run — write still lands) doc_uuid=3c07ffb8-bb81-4bf3-8cd2-ec9730167554 commit_id=0cfa05724260c59e7919317384841c55b2986cf0160ec4afb13df6d832a5a50d reason=:unsigned
02:50:31.893 [error] local node self-trust was not added: node signing public-key artifact is absent — continuing with configured trusted identities
02:50:31.893 [warning] CommitStore: local write would be DENIED by trust gate (dry_run — write still lands) doc_uuid=1af74b00-c3a1-45eb-927e-0e47f3c42c14 commit_id=569b3a65d65b67505cd2b3f414890b220bf51ae6395dbde83ab7ae51d701c54f reason=:unsigned
02:50:31.896 [error] local node self-trust was not added: node signing public-key artifact is absent — continuing with configured trusted identities
02:50:31.896 [warning] CommitStore: local write would be DENIED by trust gate (dry_run — write still lands) doc_uuid=2c064908-845a-440b-8558-16d38be4fe2e commit_id=994634978fbf0f4f972586ccbe35fcfbcb45ffcb63265a269886c74ebf287646 reason=:unsigned
02:50:31.899 [error] local node self-trust was not added: node signing public-key artifact is absent — continuing with configured trusted identities
02:50:31.899 [warning] CommitStore: local write would be DENIED by trust gate (dry_run — write still lands) doc_uuid=8a9b5378-10cd-4307-9027-95896fe0e1d6 commit_id=aa2e758bb1e8b2e7883386d9c667c9129001770e55566896353ff80450db21ef reason=:unsigned
02:50:31.902 [error] local node self-trust was not added: node signing public-key artifact is absent — continuing with configured trusted identities
02:50:31.902 [warning] CommitStore: local write would be DENIED by trust gate (dry_run — write still lands) doc_uuid=4730e5cd-91db-41b2-a7ba-c92032eb3b2e commit_id=074fefca9111598a3f14ddf4a1df4e0c04d46ad694f7ef14b78472191228d607 reason=:unsigned
02:50:31.905 [error] local node self-trust was not added: node signing public-key artifact is absent — continuing with configured trusted identities
02:50:31.908 [error] local node self-trust was not added: node signing public-key artifact is absent — continuing with configured trusted identities
02:50:31.981 [error] local node self-trust was not added: node signing public-key artifact is absent — continuing with configured trusted identities
02:50:31.982 [warning] CommitStore: local write would be DENIED by trust gate (dry_run — write still lands) doc_uuid=96c46640-9b06-4c5c-b5f0-64a4958b7940 commit_id=cb6e711ca7875780ae3d42f4a77cf8647d55003e3fbecf9393a08aec9cf9f91c reason={:untrusted_signer, "b0b22222-0000-0000-0000-933788217612"}
02:50:31.987 [error] local node self-trust was not added: node signing public-key artifact is absent — continuing with configured trusted identities
02:50:31.988 [error] local node self-trust was not added: node signing public-key artifact is absent — continuing with configured trusted identities
02:50:31.989 [warning] EngineModule :look ("96c46640-9b06-4c5c-b5f0-64a4958b7940") fell back to last-good/floor: {:authority, {:execution_denied, {:untrusted_contributor, <<203, 110, 113, 28, 167, 135, 87, 128, 174, 61, 66, 244, 167, 124, 248, 100, 125, 85, 0, 62, 63, 190, 207, 147, 147, 160, 138, 236, 156, 249, 249, 28>>, {:untrusted_signer, "b0b22222-0000-0000-0000-933788217612"}}}}
.02:50:32.002 [error] local node self-trust was not added: node signing public-key artifact is absent — continuing with configured trusted identities
02:50:32.004 [error] local node self-trust was not added: node signing public-key artifact is absent — continuing with configured trusted identities
02:50:32.007 [error] local node self-trust was not added: node signing public-key artifact is absent — continuing with configured trusted identities
02:50:32.010 [error] local node self-trust was not added: node signing public-key artifact is absent — continuing with configured trusted identities
02:50:32.013 [error] local node self-trust was not added: node signing public-key artifact is absent — continuing with configured trusted identities
.02:50:32.128 [error] local node self-trust was not added: node signing public-key artifact is absent — continuing with configured trusted identities
02:50:32.128 [warning] CommitStore: local write would be DENIED by trust gate (dry_run — write still lands) doc_uuid=0b9b29a1-89ca-4eb4-9f43-e396e2b5f599 commit_id=2ec834149bd518e5f5ca9b6a2da6abe70a4063a8b3e094f78160fc1a3d680f67 reason=:unsigned
02:50:32.131 [error] local node self-trust was not added: node signing public-key artifact is absent — continuing with configured trusted identities
02:50:32.131 [warning] CommitStore: local write would be DENIED by trust gate (dry_run — write still lands) doc_uuid=d910a0b9-c764-4304-bc43-7b665c6e4149 commit_id=ca48c6382a9dd5f44660945b19314408a8cf11f6081256529f7c6865764a9e05 reason=:unsigned
02:50:32.134 [error] local node self-trust was not added: node signing public-key artifact is absent — continuing with configured trusted identities
02:50:32.134 [warning] CommitStore: local write would be DENIED by trust gate (dry_run — write still lands) doc_uuid=58b5901d-84e6-4ac6-a511-992a615e2688 commit_id=ec43e2c33f3f094a4ea32c9a5d5d1c507c6f2de42c010e7a7106607dd237ab6d reason=:unsigned
02:50:32.137 [error] local node self-trust was not added: node signing public-key artifact is absent — continuing with configured trusted identities
02:50:32.137 [warning] CommitStore: local write would be DENIED by trust gate (dry_run — write still lands) doc_uuid=f1d6829e-172b-4cf1-8a7d-31282f81e50b commit_id=15bd44ed58b70754923258a6263976db0e7262c3d86bb0d11db2c34774a3da8a reason=:unsigned
02:50:32.139 [error] local node self-trust was not added: node signing public-key artifact is absent — continuing with configured trusted identities
02:50:32.139 [warning] CommitStore: local write would be DENIED by trust gate (dry_run — write still lands) doc_uuid=d910a0b9-c764-4304-bc43-7b665c6e4149 commit_id=5714428eaa07e91d45b5f833f845d50e54d1058f2b419d7d1834e91372f1f7bc reason=:unsigned
02:50:32.142 [error] local node self-trust was not added: node signing public-key artifact is absent — continuing with configured trusted identities
02:50:32.145 [error] local node self-trust was not added: node signing public-key artifact is absent — continuing with configured trusted identities
02:50:32.184 [error] local node self-trust was not added: node signing public-key artifact is absent — continuing with configured trusted identities
02:50:32.185 [warning] CommitStore: local write would be DENIED by trust gate (dry_run — write still lands) doc_uuid=95f9a5fb-59d3-4afb-9f06-5770995af9b0 commit_id=e75d6be711d2ee6fdfecb3d569113848093d0339847f6c618fbab3263b8d0fac reason={:untrusted_signer, "b0b22222-0000-0000-0000-354390358556"}
02:50:32.189 [error] local node self-trust was not added: node signing public-key artifact is absent — continuing with configured trusted identities
02:50:32.190 [error] local node self-trust was not added: node signing public-key artifact is absent — continuing with configured trusted identities
02:50:32.190 [warning] EngineModule :inventory ("95f9a5fb-59d3-4afb-9f06-5770995af9b0") fell back to last-good/floor: {:authority, {:execution_denied, {:untrusted_contributor, <<231, 93, 107, 231, 17, 210, 238, 111, 223, 236, 179, 213, 105, 17, 56, 72, 9, 61, 3, 57, 132, 127, 108, 97, 143, 186, 179, 38, 59, 141, 15, 172>>, {:untrusted_signer, "b0b22222-0000-0000-0000-354390358556"}}}}
.02:50:32.202 [error] local node self-trust was not added: node signing public-key artifact is absent — continuing with configured trusted identities
02:50:32.205 [error] local node self-trust was not added: node signing public-key artifact is absent — continuing with configured trusted identities
02:50:32.208 [error] local node self-trust was not added: node signing public-key artifact is absent — continuing with configured trusted identities
02:50:32.211 [error] local node self-trust was not added: node signing public-key artifact is absent — continuing with configured trusted identities
02:50:32.214 [error] local node self-trust was not added: node signing public-key artifact is absent — continuing with configured trusted identities
02:50:32.217 [error] local node self-trust was not added: node signing public-key artifact is absent — continuing with configured trusted identities
02:50:32.220 [error] local node self-trust was not added: node signing public-key artifact is absent — continuing with configured trusted identities
02:50:32.276 [error] local node self-trust was not added: node signing public-key artifact is absent — continuing with configured trusted identities
02:50:32.278 [error] local node self-trust was not added: node signing public-key artifact is absent — continuing with configured trusted identities
.02:50:32.288 [error] local node self-trust was not added: node signing public-key artifact is absent — continuing with configured trusted identities
02:50:32.291 [error] local node self-trust was not added: node signing public-key artifact is absent — continuing with configured trusted identities
02:50:32.324 [error] local node self-trust was not added: node signing public-key artifact is absent — continuing with configured trusted identities
.02:50:32.341 [error] local node self-trust was not added: node signing public-key artifact is absent — continuing with configured trusted identities
02:50:32.345 [error] local node self-trust was not added: node signing public-key artifact is absent — continuing with configured trusted identities
02:50:32.349 [error] local node self-trust was not added: node signing public-key artifact is absent — continuing with configured trusted identities
02:50:32.354 [error] local node self-trust was not added: node signing public-key artifact is absent — continuing with configured trusted identities
02:50:32.358 [error] local node self-trust was not added: node signing public-key artifact is absent — continuing with configured trusted identities
02:50:32.365 [error] local node self-trust was not added: node signing public-key artifact is absent — continuing with configured trusted identities
02:50:32.369 [error] local node self-trust was not added: node signing public-key artifact is absent — continuing with configured trusted identities
02:50:32.391 [warning] EngineModule :inventory (nil) fell back to last-good/floor: {:runtime_crash, Commonplace.MUD.EngineInventory, {:rescue, %RuntimeError{message: "boom from a doc-hosted inventory verb"}}}
.02:50:32.406 [error] local node self-trust was not added: node signing public-key artifact is absent — continuing with configured trusted identities
02:50:32.408 [error] local node self-trust was not added: node signing public-key artifact is absent — continuing with configured trusted identities
02:50:32.411 [error] local node self-trust was not added: node signing public-key artifact is absent — continuing with configured trusted identities
02:50:32.414 [error] local node self-trust was not added: node signing public-key artifact is absent — continuing with configured trusted identities
02:50:32.416 [error] local node self-trust was not added: node signing public-key artifact is absent — continuing with configured trusted identities
02:50:32.420 [error] local node self-trust was not added: node signing public-key artifact is absent — continuing with configured trusted identities
02:50:32.424 [error] local node self-trust was not added: node signing public-key artifact is absent — continuing with configured trusted identities
02:50:32.465 [error] local node self-trust was not added: node signing public-key artifact is absent — continuing with configured trusted identities
02:50:32.469 [error] local node self-trust was not added: node signing public-key artifact is absent — continuing with configured trusted identities
.02:50:32.523 [error] local node self-trust was not added: node signing public-key artifact is absent — continuing with configured trusted identities
02:50:32.523 [warning] CommitStore: local write would be DENIED by trust gate (dry_run — write still lands) doc_uuid=eba13e75-061c-4815-b27c-83c0ac4901c0 commit_id=2393499a728f75bab81e8df7c7fc0bed504453fcf82e794322ac88e5ba6b2b59 reason=:unsigned
02:50:32.527 [error] local node self-trust was not added: node signing public-key artifact is absent — continuing with configured trusted identities
02:50:32.532 [error] local node self-trust was not added: node signing public-key artifact is absent — continuing with configured trusted identities
02:50:32.572 [error] local node self-trust was not added: node signing public-key artifact is absent — continuing with configured trusted identities
02:50:32.573 [warning] CommitStore: local write would be DENIED by trust gate (dry_run — write still lands) doc_uuid=8124f7db-a4bc-4743-aa60-c2ef15d7dd87 commit_id=cf4c990c2f87213fcc9b9b278211c7b5ec50b4031ec097bf01498bdbf5c4c537 reason={:untrusted_signer, "b0b22222-0000-0000-0000-31506808204"}
02:50:32.576 [error] local node self-trust was not added: node signing public-key artifact is absent — continuing with configured trusted identities
02:50:32.576 [error] local node self-trust was not added: node signing public-key artifact is absent — continuing with configured trusted identities
02:50:32.577 [warning] EngineModule :who ("8124f7db-a4bc-4743-aa60-c2ef15d7dd87") fell back to last-good/floor: {:authority, {:execution_denied, {:untrusted_contributor, <<207, 76, 153, 12, 47, 135, 33, 63, 204, 155, 155, 39, 130, 17, 199, 181, 236, 80, 180, 3, 30, 192, 151, 191, 1, 73, 139, 219, 245, 196, 197, 55>>, {:untrusted_signer, "b0b22222-0000-0000-0000-31506808204"}}}}
..02:50:32.645 [error] local node self-trust was not added: node signing public-key artifact is absent — continuing with configured trusted identities
02:50:32.648 [error] local node self-trust was not added: node signing public-key artifact is absent — continuing with configured trusted identities
02:50:32.682 [error] local node self-trust was not added: node signing public-key artifact is absent — continuing with configured trusted identities
02:50:32.683 [warning] CommitStore: local write would be DENIED by trust gate (dry_run — write still lands) doc_uuid=c86ab8e3-d92f-48ac-abbd-3b09f3cc81fc commit_id=0eaa545f1098de31977206dbdb4ab53ca7d030b04ba716004bfd4428d72be53b reason={:untrusted_signer, "b0b22222-0000-0000-0000-289629600050"}
02:50:32.686 [error] local node self-trust was not added: node signing public-key artifact is absent — continuing with configured trusted identities
02:50:32.687 [error] local node self-trust was not added: node signing public-key artifact is absent — continuing with configured trusted identities
02:50:32.687 [warning] EngineModule :say ("c86ab8e3-d92f-48ac-abbd-3b09f3cc81fc") fell back to last-good/floor: {:authority, {:execution_denied, {:untrusted_contributor, <<14, 170, 84, 95, 16, 152, 222, 49, 151, 114, 6, 219, 219, 74, 181, 60, 167, 208, 48, 176, 75, 167, 22, 0, 75, 253, 68, 40, 215, 43, 229, 59>>, {:untrusted_signer, "b0b22222-0000-0000-0000-289629600050"}}}}
.02:50:32.797 [error] local node self-trust was not added: node signing public-key artifact is absent — continuing with configured trusted identities
.02:50:32.907 [error] local node self-trust was not added: node signing public-key artifact is absent — continuing with configured trusted identities
02:50:32.910 [error] local node self-trust was not added: node signing public-key artifact is absent — continuing with configured trusted identities
02:50:32.912 [error] local node self-trust was not added: node signing public-key artifact is absent — continuing with configured trusted identities
02:50:32.914 [error] local node self-trust was not added: node signing public-key artifact is absent — continuing with configured trusted identities
02:50:32.916 [error] local node self-trust was not added: node signing public-key artifact is absent — continuing with configured trusted identities
02:50:32.918 [error] local node self-trust was not added: node signing public-key artifact is absent — continuing with configured trusted identities
.02:50:33.039 [warning] EngineModule :home (nil) fell back to last-good/floor: {:runtime_crash, Commonplace.MUD.EngineHome, {:rescue, %RuntimeError{message: "boom from a doc-hosted home verb"}}}
.02:50:33.054 [error] local node self-trust was not added: node signing public-key artifact is absent — continuing with configured trusted identities
02:50:33.057 [error] local node self-trust was not added: node signing public-key artifact is absent — continuing with configured trusted identities
02:50:33.086 [warning] EngineModule :parser (nil) fell back to last-good/floor: {:runtime_crash, Commonplace.MUD.EngineParser, {:rescue, %RuntimeError{message: "boom from a doc-hosted parser"}}}
.02:50:33.097 [error] local node self-trust was not added: node signing public-key artifact is absent — continuing with configured trusted identities
02:50:33.100 [error] local node self-trust was not added: node signing public-key artifact is absent — continuing with configured trusted identities
02:50:33.102 [error] local node self-trust was not added: node signing public-key artifact is absent — continuing with configured trusted identities
02:50:33.105 [error] local node self-trust was not added: node signing public-key artifact is absent — continuing with configured trusted identities
02:50:33.108 [error] local node self-trust was not added: node signing public-key artifact is absent — continuing with configured trusted identities
.02:50:33.190 [error] local node self-trust was not added: node signing public-key artifact is absent — continuing with configured trusted identities
.02:50:33.254 [error] local node self-trust was not added: node signing public-key artifact is absent — continuing with configured trusted identities
.02:50:33.329 [error] local node self-trust was not added: node signing public-key artifact is absent — continuing with configured trusted identities
.02:50:33.715 [error] local node self-trust was not added: node signing public-key artifact is absent — continuing with configured trusted identities
.02:50:33.889 [error] local node self-trust was not added: node signing public-key artifact is absent — continuing with configured trusted identities
.02:50:33.949 [error] local node self-trust was not added: node signing public-key artifact is absent — continuing with configured trusted identities
.....................................................................................02:50:37.441 [error] local node self-trust was not added: node signing public-key artifact is absent — continuing with configured trusted identities
.02:50:37.453 [error] local node self-trust was not added: node signing public-key artifact is absent — continuing with configured trusted identities
02:50:37.455 [error] local node self-trust was not added: node signing public-key artifact is absent — continuing with configured trusted identities
02:50:37.455 [warning] Orchestrator running with a permissive trust config: declared processes (including code docs synced from peers) will auto-execute ungated. Pin identities / set accept_unsigned:false in trust.json for strict gating.
...02:50:37.465 [error] local node self-trust was not added: node signing public-key artifact is absent — continuing with configured trusted identities
............02:50:37.947 [error] local node self-trust was not added: node signing public-key artifact is absent — continuing with configured trusted identities
.02:50:38.025 [error] local node self-trust was not added: node signing public-key artifact is absent — continuing with configured trusted identities
.02:50:38.080 [error] local node self-trust was not added: node signing public-key artifact is absent — continuing with configured trusted identities
.02:50:38.132 [error] local node self-trust was not added: node signing public-key artifact is absent — continuing with configured trusted identities
.02:50:38.167 [error] local node self-trust was not added: node signing public-key artifact is absent — continuing with configured trusted identities
.02:50:38.223 [error] local node self-trust was not added: node signing public-key artifact is absent — continuing with configured trusted identities
.02:50:38.268 [error] local node self-trust was not added: node signing public-key artifact is absent — continuing with configured trusted identities
.02:50:38.339 [error] local node self-trust was not added: node signing public-key artifact is absent — continuing with configured trusted identities
.....02:50:38.522 [error] Trust.authorized_to_execute?: authorization walk for doc 6ce6a6a8-a3c4-4864-ab34-6167a018d64d exceeded the 5-commit total ceiling (CX-klpi) after 2 page(s) — treating as a runaway/adversarial chain
.02:50:38.552 [error] DefineVerbGate.authorized_to_define?: authorization walk for doc 8b7213d3-919f-4f6c-98a2-9b70826111d9 exceeded the 5-commit total ceiling (CX-klpi) after 2 page(s) — treating as a runaway/adversarial chain
.FORMATTER ERROR: bad return value
..FORMATTER ERROR: bad return value
.........02:50:39.197 [warning] CommitStore: local write DENIED by trust gate (enforce) doc_uuid=0458b016-896b-474b-9c96-d2b1910f64fc commit_id=75b5000785cb57546a64e36b834cbd251c8aff3ea1777e553d622f69fd261717 reason=:unsigned
02:50:39.198 [warning] CommitStore: local write DENIED by trust gate (enforce) doc_uuid=638d6185-1295-440d-a8cb-5b31d768ecfc commit_id=1831ceb6b3ebc972679c9505456e5cf3d73e819580d9325005b6409abdee9ea0 reason=:unsigned
........02:50:39.302 [warning] Commonplace.Application: could not write /tmp/cp_mode_b_node_name_missing_881562701/nested/deeper/node_name (:enoent); MCP serve discovery via <data_dir>/node_name will not find this node
....02:50:39.351 [warning] Commonplace.Trust.AuditDispatcher: SHED a denial audit record (disabled) — this node's denial audit trail is now known-incomplete. shed_total=1 queue=0/256 record=%{"doc_uuid" => "doc-1", "event" => "test.denial", "reason" => ":unsigned"}
.02:50:39.357 [warning] Commonplace.Trust.AuditDispatcher: SHED a denial audit record (queue_full) — this node's denial audit trail is now known-incomplete. shed_total=1 queue=2/2 record=%{"doc_uuid" => "doc-3", "event" => "test.denial", "reason" => ":unsigned"}
...02:50:39.397 [warning] Commonplace.Trust.AuditDispatcher: SHED a denial audit record (queue_full) — this node's denial audit trail is now known-incomplete. shed_total=1 queue=5/5 record=%{"doc_uuid" => "doc-6", "event" => "test.denial", "reason" => ":unsigned"}
02:50:39.397 [warning] Commonplace.Trust.AuditDispatcher: SHED a denial audit record (queue_full) — this node's denial audit trail is now known-incomplete. shed_total=10 queue=5/5 record=%{"doc_uuid" => "doc-15", "event" => "test.denial", "reason" => ":unsigned"}
02:50:39.398 [warning] Commonplace.Trust.AuditDispatcher: SHED a denial audit record (queue_full) — this node's denial audit trail is now known-incomplete. shed_total=20 queue=5/5 record=%{"doc_uuid" => "doc-25", "event" => "test.denial", "reason" => ":unsigned"}
02:50:39.398 [warning] Commonplace.Trust.AuditDispatcher: SHED a denial audit record (queue_full) — this node's denial audit trail is now known-incomplete. shed_total=30 queue=5/5 record=%{"doc_uuid" => "doc-35", "event" => "test.denial", "reason" => ":unsigned"}
02:50:39.398 [warning] Commonplace.Trust.AuditDispatcher: SHED a denial audit record (queue_full) — this node's denial audit trail is now known-incomplete. shed_total=40 queue=5/5 record=%{"doc_uuid" => "doc-45", "event" => "test.denial", "reason" => ":unsigned"}
....02:50:39.572 [warning] flock failed on /tmp/cp_gb_server_repo_546770848/_outline: :enoent, proceeding without lock
02:50:39.576 [warning] flock failed on /tmp/cp_gb_server_repo_546770848/a.txt: :enoent, proceeding without lock
02:50:39.580 [warning] flock failed on /tmp/cp_gb_server_repo_546770848/b.json: :enoent, proceeding without lock
02:50:39.584 [warning] flock failed on /tmp/cp_gb_server_repo_546770848/nested/nested.txt: :enoent, proceeding without lock
02:50:39.589 [warning] flock failed on /tmp/cp_gb_server_repo_546770848/signed.txt: :enoent, proceeding without lock
02:50:39.592 [warning] flock failed on /tmp/cp_gb_server_repo_546770848/.commonplace/_outline.json: :enoent, proceeding without lock
02:50:39.596 [warning] flock failed on /tmp/cp_gb_server_repo_546770848/.commonplace/a.txt.json: :enoent, proceeding without lock
02:50:39.598 [warning] flock failed on /tmp/cp_gb_server_repo_546770848/.commonplace/b.json.json: :enoent, proceeding without lock
02:50:39.600 [warning] flock failed on /tmp/cp_gb_server_repo_546770848/.commonplace/nested/nested.txt.json: :enoent, proceeding without lock
02:50:39.601 [warning] flock failed on /tmp/cp_gb_server_repo_546770848/.commonplace/signed.txt.json: :enoent, proceeding without lock
02:50:39.603 [warning] flock failed on /tmp/cp_gb_server_repo_546770848/.commonplace/mount.json: :enoent, proceeding without lock
02:50:39.606 [warning] flock failed on /tmp/cp_gb_server_repo_546770848/.commonplace/archive/doc-a/755900ce94699f8bc95802f1dcaf4edfd3833f64f8a8685c35926dacc27d82c8.json: :enoent, proceeding without lock
02:50:39.608 [warning] flock failed on /tmp/cp_gb_server_repo_546770848/.commonplace/archive/doc-a/1fcea0c52030b836cd20be1f48074705db00a9bbe93f2e7ca1f78c66a575c48c.json: :enoent, proceeding without lock
02:50:39.610 [warning] flock failed on /tmp/cp_gb_server_repo_546770848/.commonplace/archive/doc-b/99475d32fdb095b576e903f939416f2b788518d964a2e26d23056122124beeb3.json: :enoent, proceeding without lock
02:50:39.612 [warning] flock failed on /tmp/cp_gb_server_repo_546770848/.commonplace/archive/doc-b/f9ba6b41370d5fd0e074664d7c3507bf9e6f570dbf4a1ef21ca5578f2bb0f580.json: :enoent, proceeding without lock
02:50:39.613 [warning] flock failed on /tmp/cp_gb_server_repo_546770848/.commonplace/archive/doc-nested/3d6df4cd1712c405f2210cbea6c2b93797db83b8e0d86f67f25f2a0c4eaeb047.json: :enoent, proceeding without lock
02:50:39.615 [warning] flock failed on /tmp/cp_gb_server_repo_546770848/.commonplace/archive/doc-nested/2252523025b3dcbbb0203c318ee41827aef9eed64274a132f52080a38ae6ccdc.json: :enoent, proceeding without lock
02:50:39.617 [warning] flock failed on /tmp/cp_gb_server_repo_546770848/.commonplace/archive/doc-outline/9c2c6187c533acd68457ff9411cc9824bbfe80a497ca0515ec5c1c80e4b22641.json: :enoent, proceeding without lock
02:50:39.619 [warning] flock failed on /tmp/cp_gb_server_repo_546770848/.commonplace/archive/doc-outline/75b8faec9a82fa01bfbc6bf2c1efd85534eb0563f43aff53ebc420cacf0863d5.json: :enoent, proceeding without lock
02:50:39.621 [warning] flock failed on /tmp/cp_gb_server_repo_546770848/.commonplace/archive/doc-signed/edadd42113c146b5a3d4a5cc2f5355c1952250b8a658111a0f6879a4763dc1b4.json: :enoent, proceeding without lock
02:50:39.622 [warning] flock failed on /tmp/cp_gb_server_repo_546770848/.commonplace/archive/doc-signed/b6e0e92df54e644f9c24ef9650fc5d5182e73ce7532be0ad75d500197c8f79cf.json: :enoent, proceeding without lock
02:50:39.624 [warning] flock failed on /tmp/cp_gb_server_repo_546770848/.commonplace/archive/mount-uuid-642238895/a13de69758fc83bc25846aea8881aa58f6a830e32dd0faf8b4ccdb56870ae20e.json: :enoent, proceeding without lock
02:50:39.627 [warning] flock failed on /tmp/cp_gb_server_repo_546770848/.commonplace/archive/mount-uuid-642238895/3f5db227898453b4613de251b61f80986ee8169af7600373a0d40aac9714e764.json: :enoent, proceeding without lock
02:50:39.629 [warning] flock failed on /tmp/cp_gb_server_repo_546770848/.commonplace/archive/sub-uuid-401905666/b25d0651751ad41d0d2b057a3234651ab5dc42de86e82d43f60a424c5c410dd8.json: :enoent, proceeding without lock
02:50:39.630 [warning] flock failed on /tmp/cp_gb_server_repo_546770848/.commonplace/archive/sub-uuid-401905666/c2d6545187d7a8fc76bc716cb1731a75ee1612ba7c1d4b7ab21c7b200430042f.json: :enoent, proceeding without lock
02:50:39.632 [warning] flock failed on /tmp/cp_gb_server_repo_546770848/.commonplace/archive/watermarks.json: :enoent, proceeding without lock
.02:50:39.782 [warning] GitBridge.Inbound: fetch failed for mount-uuid-398689067: "fatal: '/nonexistent/path/repo.git' does not appear to be a git repository\nfatal: Could not read from remote repository.\n\nPlease make sure you have the correct access rights\nand the repository exists."
02:50:39.784 [warning] flock failed on /tmp/cp_gb_server_repo_842591584/_outline: :enoent, proceeding without lock
02:50:39.787 [warning] flock failed on /tmp/cp_gb_server_repo_842591584/a.txt: :enoent, proceeding without lock
02:50:39.789 [warning] flock failed on /tmp/cp_gb_server_repo_842591584/b.json: :enoent, proceeding without lock
02:50:39.792 [warning] flock failed on /tmp/cp_gb_server_repo_842591584/nested/nested.txt: :enoent, proceeding without lock
02:50:39.794 [warning] flock failed on /tmp/cp_gb_server_repo_842591584/signed.txt: :enoent, proceeding without lock
02:50:39.795 [warning] flock failed on /tmp/cp_gb_server_repo_842591584/.commonplace/_outline.json: :enoent, proceeding without lock
02:50:39.798 [warning] flock failed on /tmp/cp_gb_server_repo_842591584/.commonplace/a.txt.json: :enoent, proceeding without lock
02:50:39.800 [warning] flock failed on /tmp/cp_gb_server_repo_842591584/.commonplace/b.json.json: :enoent, proceeding without lock
02:50:39.801 [warning] flock failed on /tmp/cp_gb_server_repo_842591584/.commonplace/nested/nested.txt.json: :enoent, proceeding without lock
02:50:39.803 [warning] flock failed on /tmp/cp_gb_server_repo_842591584/.commonplace/signed.txt.json: :enoent, proceeding without lock
02:50:39.805 [warning] flock failed on /tmp/cp_gb_server_repo_842591584/.commonplace/mount.json: :enoent, proceeding without lock
02:50:39.807 [warning] flock failed on /tmp/cp_gb_server_repo_842591584/.commonplace/archive/doc-a/1b3e95193195aa870525c0bed56264bd2d61281e768305224c241fcf4bcacea4.json: :enoent, proceeding without lock
02:50:39.809 [warning] flock failed on /tmp/cp_gb_server_repo_842591584/.commonplace/archive/doc-a/1fcea0c52030b836cd20be1f48074705db00a9bbe93f2e7ca1f78c66a575c48c.json: :enoent, proceeding without lock
02:50:39.812 [warning] flock failed on /tmp/cp_gb_server_repo_842591584/.commonplace/archive/doc-b/32d7043252beb64878014f6ae2563fd5f8b50c6f23e167c71f97902ff241a948.json: :enoent, proceeding without lock
02:50:39.814 [warning] flock failed on /tmp/cp_gb_server_repo_842591584/.commonplace/archive/doc-b/f9ba6b41370d5fd0e074664d7c3507bf9e6f570dbf4a1ef21ca5578f2bb0f580.json: :enoent, proceeding without lock
02:50:39.816 [warning] flock failed on /tmp/cp_gb_server_repo_842591584/.commonplace/archive/doc-nested/6a1d1ca5792cf35e3a53ae7f008f83f47a8efcd785c7621f4e851feb5606fa1f.json: :enoent, proceeding without lock
02:50:39.818 [warning] flock failed on /tmp/cp_gb_server_repo_842591584/.commonplace/archive/doc-nested/2252523025b3dcbbb0203c318ee41827aef9eed64274a132f52080a38ae6ccdc.json: :enoent, proceeding without lock
02:50:39.823 [warning] flock failed on /tmp/cp_gb_server_repo_842591584/.commonplace/archive/doc-outline/c27aada814b44d26387b24b33d12f7a1af6e1f333322b2486931f7b39c401b8c.json: :enoent, proceeding without lock
02:50:39.825 [warning] flock failed on /tmp/cp_gb_server_repo_842591584/.commonplace/archive/doc-outline/75b8faec9a82fa01bfbc6bf2c1efd85534eb0563f43aff53ebc420cacf0863d5.json: :enoent, proceeding without lock
02:50:39.828 [warning] flock failed on /tmp/cp_gb_server_repo_842591584/.commonplace/archive/doc-signed/a33a0f1025f03957f75a311e8093734d274edd446f652d84e998889dc7d196da.json: :enoent, proceeding without lock
02:50:39.829 [warning] flock failed on /tmp/cp_gb_server_repo_842591584/.commonplace/archive/doc-signed/b6e0e92df54e644f9c24ef9650fc5d5182e73ce7532be0ad75d500197c8f79cf.json: :enoent, proceeding without lock
02:50:39.832 [warning] flock failed on /tmp/cp_gb_server_repo_842591584/.commonplace/archive/mount-uuid-398689067/580ba59865cc2eada8ec7ae1ae5c02b7307ddbc962a68bd863538fdb2037285a.json: :enoent, proceeding without lock
02:50:39.833 [warning] flock failed on /tmp/cp_gb_server_repo_842591584/.commonplace/archive/mount-uuid-398689067/c0a8f97862366679ca4ae077623cb87e6216ea437701858a346a0f82ec82bf26.json: :enoent, proceeding without lock
02:50:39.836 [warning] flock failed on /tmp/cp_gb_server_repo_842591584/.commonplace/archive/sub-uuid-263859787/aa6c66b6b1e764e484ffa3edcad1299f0d61e7039a84eb810a6c393243e90529.json: :enoent, proceeding without lock
02:50:39.838 [warning] flock failed on /tmp/cp_gb_server_repo_842591584/.commonplace/archive/sub-uuid-263859787/78dcf92bcf1473963d60209d6f417f3305936ae27a3305e83e75a545b161cb8a.json: :enoent, proceeding without lock
02:50:39.839 [warning] flock failed on /tmp/cp_gb_server_repo_842591584/.commonplace/archive/watermarks.json: :enoent, proceeding without lock
02:50:39.879 [warning] GitBridge.Server: push failed for mount-uuid-398689067: "fatal: '/nonexistent/path/repo.git' does not appear to be a git repository\nfatal: Could not read from remote repository.\n\nPlease make sure you have the correct access rights\nand the repository exists."
02:50:39.887 [warning] GitBridge.Server: could not reset to remote for mount-uuid-398689067: "fatal: '/nonexistent/path/repo.git' does not appear to be a git repository\nfatal: Could not read from remote repository.\n\nPlease make sure you have the correct access rights\nand the repository exists."
02:50:39.894 [warning] GitBridge.Inbound: fetch failed for mount-uuid-398689067: "fatal: '/nonexistent/path/repo.git' does not appear to be a git repository\nfatal: Could not read from remote repository.\n\nPlease make sure you have the correct access rights\nand the repository exists."
.02:50:40.024 [warning] flock failed on /tmp/cp_gb_server_repo_51524930/_outline: :enoent, proceeding without lock
02:50:40.027 [warning] flock failed on /tmp/cp_gb_server_repo_51524930/a.txt: :enoent, proceeding without lock
02:50:40.030 [warning] flock failed on /tmp/cp_gb_server_repo_51524930/b.json: :enoent, proceeding without lock
02:50:40.033 [warning] flock failed on /tmp/cp_gb_server_repo_51524930/nested/nested.txt: :enoent, proceeding without lock
02:50:40.036 [warning] flock failed on /tmp/cp_gb_server_repo_51524930/signed.txt: :enoent, proceeding without lock
02:50:40.039 [warning] flock failed on /tmp/cp_gb_server_repo_51524930/.commonplace/_outline.json: :enoent, proceeding without lock
02:50:40.041 [warning] flock failed on /tmp/cp_gb_server_repo_51524930/.commonplace/a.txt.json: :enoent, proceeding without lock
02:50:40.042 [warning] flock failed on /tmp/cp_gb_server_repo_51524930/.commonplace/b.json.json: :enoent, proceeding without lock
02:50:40.044 [warning] flock failed on /tmp/cp_gb_server_repo_51524930/.commonplace/nested/nested.txt.json: :enoent, proceeding without lock
02:50:40.046 [warning] flock failed on /tmp/cp_gb_server_repo_51524930/.commonplace/signed.txt.json: :enoent, proceeding without lock
02:50:40.049 [warning] flock failed on /tmp/cp_gb_server_repo_51524930/.commonplace/mount.json: :enoent, proceeding without lock
02:50:40.051 [warning] flock failed on /tmp/cp_gb_server_repo_51524930/.commonplace/archive/doc-a/3f60c67388f0494a6145575f3917485659f178adaafa2349ce89c9c6a5335380.json: :enoent, proceeding without lock
02:50:40.053 [warning] flock failed on /tmp/cp_gb_server_repo_51524930/.commonplace/archive/doc-a/1fcea0c52030b836cd20be1f48074705db00a9bbe93f2e7ca1f78c66a575c48c.json: :enoent, proceeding without lock
02:50:40.055 [warning] flock failed on /tmp/cp_gb_server_repo_51524930/.commonplace/archive/doc-b/b2df9d9fe66e5eff3f42409143dccfd1ed4689dfbaef145aeb57e19b355562a7.json: :enoent, proceeding without lock
02:50:40.057 [warning] flock failed on /tmp/cp_gb_server_repo_51524930/.commonplace/archive/doc-b/f9ba6b41370d5fd0e074664d7c3507bf9e6f570dbf4a1ef21ca5578f2bb0f580.json: :enoent, proceeding without lock
02:50:40.059 [warning] flock failed on /tmp/cp_gb_server_repo_51524930/.commonplace/archive/doc-nested/4666baf97030e6359aa1340630d57c68e0597c012f2399eb296d529f80f7f893.json: :enoent, proceeding without lock
02:50:40.061 [warning] flock failed on /tmp/cp_gb_server_repo_51524930/.commonplace/archive/doc-nested/2252523025b3dcbbb0203c318ee41827aef9eed64274a132f52080a38ae6ccdc.json: :enoent, proceeding without lock
02:50:40.063 [warning] flock failed on /tmp/cp_gb_server_repo_51524930/.commonplace/archive/doc-outline/a672dfbd9fd29b54bbfc863fcc622412a3648d8cab51acecbc5af7092ea568cd.json: :enoent, proceeding without lock
02:50:40.064 [warning] flock failed on /tmp/cp_gb_server_repo_51524930/.commonplace/archive/doc-outline/75b8faec9a82fa01bfbc6bf2c1efd85534eb0563f43aff53ebc420cacf0863d5.json: :enoent, proceeding without lock
02:50:40.067 [warning] flock failed on /tmp/cp_gb_server_repo_51524930/.commonplace/archive/doc-signed/4b43943b3ca55a8b44964215d2501e8607c17edf7d5a8df3a3e84dcf50d5ff1d.json: :enoent, proceeding without lock
02:50:40.069 [warning] flock failed on /tmp/cp_gb_server_repo_51524930/.commonplace/archive/doc-signed/b6e0e92df54e644f9c24ef9650fc5d5182e73ce7532be0ad75d500197c8f79cf.json: :enoent, proceeding without lock
02:50:40.071 [warning] flock failed on /tmp/cp_gb_server_repo_51524930/.commonplace/archive/mount-uuid-172797251/b5e29da785cb26ee000c04807b40c685dd21c3c223b83f5dca583193dd7f3756.json: :enoent, proceeding without lock
02:50:40.073 [warning] flock failed on /tmp/cp_gb_server_repo_51524930/.commonplace/archive/mount-uuid-172797251/d38a5b1801209ae53a6f59522f4fd3d48d2b7dc59369b8af41ed3a85adbe5a46.json: :enoent, proceeding without lock
02:50:40.076 [warning] flock failed on /tmp/cp_gb_server_repo_51524930/.commonplace/archive/sub-uuid-994447444/bd92714fd4a7bfdd4e97a135a2671d524d013e352251e6550bcced1dfddf73ed.json: :enoent, proceeding without lock
02:50:40.078 [warning] flock failed on /tmp/cp_gb_server_repo_51524930/.commonplace/archive/sub-uuid-994447444/9ab979185f605cd6b8f4963252ffb7e353fed946ac97facb2d946ab0549f53e2.json: :enoent, proceeding without lock
02:50:40.080 [warning] flock failed on /tmp/cp_gb_server_repo_51524930/.commonplace/archive/watermarks.json: :enoent, proceeding without lock
.02:50:40.217 [warning] flock failed on /tmp/cp_gb_server_repo_970023510/_outline: :enoent, proceeding without lock
02:50:40.220 [warning] flock failed on /tmp/cp_gb_server_repo_970023510/a.txt: :enoent, proceeding without lock
02:50:40.222 [warning] flock failed on /tmp/cp_gb_server_repo_970023510/b.json: :enoent, proceeding without lock
02:50:40.225 [warning] flock failed on /tmp/cp_gb_server_repo_970023510/nested/nested.txt: :enoent, proceeding without lock
02:50:40.227 [warning] flock failed on /tmp/cp_gb_server_repo_970023510/signed.txt: :enoent, proceeding without lock
02:50:40.230 [warning] flock failed on /tmp/cp_gb_server_repo_970023510/.commonplace/_outline.json: :enoent, proceeding without lock
02:50:40.231 [warning] flock failed on /tmp/cp_gb_server_repo_970023510/.commonplace/a.txt.json: :enoent, proceeding without lock
02:50:40.233 [warning] flock failed on /tmp/cp_gb_server_repo_970023510/.commonplace/b.json.json: :enoent, proceeding without lock
02:50:40.235 [warning] flock failed on /tmp/cp_gb_server_repo_970023510/.commonplace/nested/nested.txt.json: :enoent, proceeding without lock
02:50:40.237 [warning] flock failed on /tmp/cp_gb_server_repo_970023510/.commonplace/signed.txt.json: :enoent, proceeding without lock
02:50:40.239 [warning] flock failed on /tmp/cp_gb_server_repo_970023510/.commonplace/mount.json: :enoent, proceeding without lock
02:50:40.241 [warning] flock failed on /tmp/cp_gb_server_repo_970023510/.commonplace/archive/doc-a/af27f8d60e2da4099ba7b4910e183cac4d1ac6ad4900e6f39716adc600c3a381.json: :enoent, proceeding without lock
02:50:40.244 [warning] flock failed on /tmp/cp_gb_server_repo_970023510/.commonplace/archive/doc-a/1fcea0c52030b836cd20be1f48074705db00a9bbe93f2e7ca1f78c66a575c48c.json: :enoent, proceeding without lock
02:50:40.247 [warning] flock failed on /tmp/cp_gb_server_repo_970023510/.commonplace/archive/doc-b/16eb334783db24f0dec916e9f9faa76bf104c5f27232271942eb4175f7304715.json: :enoent, proceeding without lock
02:50:40.250 [warning] flock failed on /tmp/cp_gb_server_repo_970023510/.commonplace/archive/doc-b/f9ba6b41370d5fd0e074664d7c3507bf9e6f570dbf4a1ef21ca5578f2bb0f580.json: :enoent, proceeding without lock
02:50:40.253 [warning] flock failed on /tmp/cp_gb_server_repo_970023510/.commonplace/archive/doc-nested/a2fb0a6143ebf37b191a5062a1d45c7b699048463e8a177742af90bc8939672d.json: :enoent, proceeding without lock
02:50:40.256 [warning] flock failed on /tmp/cp_gb_server_repo_970023510/.commonplace/archive/doc-nested/2252523025b3dcbbb0203c318ee41827aef9eed64274a132f52080a38ae6ccdc.json: :enoent, proceeding without lock
02:50:40.258 [warning] flock failed on /tmp/cp_gb_server_repo_970023510/.commonplace/archive/doc-outline/6eff1c160722614e0624c04c11494dc884b2d4fba108cea692b1042344a04c16.json: :enoent, proceeding without lock
02:50:40.260 [warning] flock failed on /tmp/cp_gb_server_repo_970023510/.commonplace/archive/doc-outline/75b8faec9a82fa01bfbc6bf2c1efd85534eb0563f43aff53ebc420cacf0863d5.json: :enoent, proceeding without lock
02:50:40.264 [warning] flock failed on /tmp/cp_gb_server_repo_970023510/.commonplace/archive/doc-signed/af4675fca024e87edb7be19d9ea5ecc0663b192ac0612fc3aace7ef84fdeb566.json: :enoent, proceeding without lock
02:50:40.267 [warning] flock failed on /tmp/cp_gb_server_repo_970023510/.commonplace/archive/doc-signed/b6e0e92df54e644f9c24ef9650fc5d5182e73ce7532be0ad75d500197c8f79cf.json: :enoent, proceeding without lock
02:50:40.270 [warning] flock failed on /tmp/cp_gb_server_repo_970023510/.commonplace/archive/mount-uuid-98990208/893cceaab55ac2d9e5ae1b0e7e49add716dbc62880999fd28e43a9becdd2acc7.json: :enoent, proceeding without lock
02:50:40.271 [warning] flock failed on /tmp/cp_gb_server_repo_970023510/.commonplace/archive/mount-uuid-98990208/e33d0166ddf4f31aa9ccde01c8ee4d4b01357de99fad19ef67e38e2df73f2d69.json: :enoent, proceeding without lock
02:50:40.273 [warning] flock failed on /tmp/cp_gb_server_repo_970023510/.commonplace/archive/sub-uuid-125977258/58a916008df25eba8c086868c573c66348b349c77941059c0459c62557528652.json: :enoent, proceeding without lock
02:50:40.275 [warning] flock failed on /tmp/cp_gb_server_repo_970023510/.commonplace/archive/sub-uuid-125977258/cfe780b813521f848c60555b332bf779fd2731c971437f0b2cca82893d751d92.json: :enoent, proceeding without lock
02:50:40.278 [warning] flock failed on /tmp/cp_gb_server_repo_970023510/.commonplace/archive/watermarks.json: :enoent, proceeding without lock
.02:50:40.435 [warning] flock failed on /tmp/cp_gb_server_repo_861418504/_outline: :enoent, proceeding without lock
02:50:40.437 [warning] flock failed on /tmp/cp_gb_server_repo_861418504/a.txt: :enoent, proceeding without lock
02:50:40.439 [warning] flock failed on /tmp/cp_gb_server_repo_861418504/b.json: :enoent, proceeding without lock
02:50:40.442 [warning] flock failed on /tmp/cp_gb_server_repo_861418504/nested/nested.txt: :enoent, proceeding without lock
02:50:40.444 [warning] flock failed on /tmp/cp_gb_server_repo_861418504/signed.txt: :enoent, proceeding without lock
02:50:40.446 [warning] flock failed on /tmp/cp_gb_server_repo_861418504/.commonplace/_outline.json: :enoent, proceeding without lock
02:50:40.447 [warning] flock failed on /tmp/cp_gb_server_repo_861418504/.commonplace/a.txt.json: :enoent, proceeding without lock
02:50:40.449 [warning] flock failed on /tmp/cp_gb_server_repo_861418504/.commonplace/b.json.json: :enoent, proceeding without lock
02:50:40.450 [warning] flock failed on /tmp/cp_gb_server_repo_861418504/.commonplace/nested/nested.txt.json: :enoent, proceeding without lock
02:50:40.451 [warning] flock failed on /tmp/cp_gb_server_repo_861418504/.commonplace/signed.txt.json: :enoent, proceeding without lock
02:50:40.453 [warning] flock failed on /tmp/cp_gb_server_repo_861418504/.commonplace/mount.json: :enoent, proceeding without lock
02:50:40.455 [warning] flock failed on /tmp/cp_gb_server_repo_861418504/.commonplace/archive/doc-a/566fecd161c850279fb62be9257aef388ff0459040f94cb86a0e1570005ca295.json: :enoent, proceeding without lock
02:50:40.456 [warning] flock failed on /tmp/cp_gb_server_repo_861418504/.commonplace/archive/doc-a/1fcea0c52030b836cd20be1f48074705db00a9bbe93f2e7ca1f78c66a575c48c.json: :enoent, proceeding without lock
02:50:40.458 [warning] flock failed on /tmp/cp_gb_server_repo_861418504/.commonplace/archive/doc-b/8bd69723693dddc9a7464d3740c71b123ad1d6ed178c247c329d27ca2eb1e325.json: :enoent, proceeding without lock
02:50:40.460 [warning] flock failed on /tmp/cp_gb_server_repo_861418504/.commonplace/archive/doc-b/f9ba6b41370d5fd0e074664d7c3507bf9e6f570dbf4a1ef21ca5578f2bb0f580.json: :enoent, proceeding without lock
02:50:40.462 [warning] flock failed on /tmp/cp_gb_server_repo_861418504/.commonplace/archive/doc-nested/a1c0d35175c8abc84e90391c2ce58826d3d79f26aa6680b062766ee5121db012.json: :enoent, proceeding without lock
02:50:40.464 [warning] flock failed on /tmp/cp_gb_server_repo_861418504/.commonplace/archive/doc-nested/2252523025b3dcbbb0203c318ee41827aef9eed64274a132f52080a38ae6ccdc.json: :enoent, proceeding without lock
02:50:40.466 [warning] flock failed on /tmp/cp_gb_server_repo_861418504/.commonplace/archive/doc-outline/873578f5be4dea38767dd897c3f6ec78c788a0b6cfabd16c6d455738bcd28bcc.json: :enoent, proceeding without lock
02:50:40.467 [warning] flock failed on /tmp/cp_gb_server_repo_861418504/.commonplace/archive/doc-outline/75b8faec9a82fa01bfbc6bf2c1efd85534eb0563f43aff53ebc420cacf0863d5.json: :enoent, proceeding without lock
02:50:40.469 [warning] flock failed on /tmp/cp_gb_server_repo_861418504/.commonplace/archive/doc-signed/e42435e5d973fac7afbcb26e525008ff355a0645c4ee215bf7b689c1b282185e.json: :enoent, proceeding without lock
02:50:40.470 [warning] flock failed on /tmp/cp_gb_server_repo_861418504/.commonplace/archive/doc-signed/b6e0e92df54e644f9c24ef9650fc5d5182e73ce7532be0ad75d500197c8f79cf.json: :enoent, proceeding without lock
02:50:40.473 [warning] flock failed on /tmp/cp_gb_server_repo_861418504/.commonplace/archive/mount-uuid-785284880/f364615de3b70c32ba0c2d77b0478835c79090b1fe63b67de3feea47f423233a.json: :enoent, proceeding without lock
02:50:40.475 [warning] flock failed on /tmp/cp_gb_server_repo_861418504/.commonplace/archive/mount-uuid-785284880/4b0682fa5a4545eb8cca1b5a7c861ed16f743302600d2d2ed8878ede1e95eab9.json: :enoent, proceeding without lock
02:50:40.477 [warning] flock failed on /tmp/cp_gb_server_repo_861418504/.commonplace/archive/sub-uuid-987392331/71967ffb3f454083e50f53b354b743721621d3d3258bd54a6a2f10aa9bd77bc1.json: :enoent, proceeding without lock
02:50:40.478 [warning] flock failed on /tmp/cp_gb_server_repo_861418504/.commonplace/archive/sub-uuid-987392331/25d6c6e1d34e328a1f8dfdc6dc61ec7794b77c1bced1a2b91a9ddc27d92834f3.json: :enoent, proceeding without lock
02:50:40.480 [warning] flock failed on /tmp/cp_gb_server_repo_861418504/.commonplace/archive/watermarks.json: :enoent, proceeding without lock
02:50:40.544 [warning] flock failed on /tmp/cp_gb_server_repo_861418504/.commonplace/archive/doc-a/1687e4f91c18b01a70f02c9d0e602e235d3b7c957a08dc708725f9b23abf3c9e.json: :enoent, proceeding without lock
02:50:40.604 [warning] flock failed on /tmp/cp_gb_server_repo_861418504/.commonplace/archive/mount-uuid-785284880/835da7c34ea218871f7976e1d3d5d93feb4a37ef609cef2ea544eee506a755a2.json: :enoent, proceeding without lock
.02:50:40.739 [warning] GitBridge.Inbound: fetch failed for mount-uuid-385405494: "fatal: couldn't find remote ref main"
02:50:40.741 [warning] flock failed on /tmp/cp_gb_server_repo_738252229/_outline: :enoent, proceeding without lock
02:50:40.744 [warning] flock failed on /tmp/cp_gb_server_repo_738252229/a.txt: :enoent, proceeding without lock
02:50:40.746 [warning] flock failed on /tmp/cp_gb_server_repo_738252229/b.json: :enoent, proceeding without lock
02:50:40.749 [warning] flock failed on /tmp/cp_gb_server_repo_738252229/nested/nested.txt: :enoent, proceeding without lock
02:50:40.752 [warning] flock failed on /tmp/cp_gb_server_repo_738252229/signed.txt: :enoent, proceeding without lock
02:50:40.755 [warning] flock failed on /tmp/cp_gb_server_repo_738252229/.commonplace/_outline.json: :enoent, proceeding without lock
02:50:40.756 [warning] flock failed on /tmp/cp_gb_server_repo_738252229/.commonplace/a.txt.json: :enoent, proceeding without lock
02:50:40.758 [warning] flock failed on /tmp/cp_gb_server_repo_738252229/.commonplace/b.json.json: :enoent, proceeding without lock
02:50:40.760 [warning] flock failed on /tmp/cp_gb_server_repo_738252229/.commonplace/nested/nested.txt.json: :enoent, proceeding without lock
02:50:40.763 [warning] flock failed on /tmp/cp_gb_server_repo_738252229/.commonplace/signed.txt.json: :enoent, proceeding without lock
02:50:40.765 [warning] flock failed on /tmp/cp_gb_server_repo_738252229/.commonplace/mount.json: :enoent, proceeding without lock
02:50:40.769 [warning] flock failed on /tmp/cp_gb_server_repo_738252229/.commonplace/archive/doc-a/7bc5d5927448ec7ae5ecc9c5d5c49c4d48d978b319b2464183e8e2f3f9db411b.json: :enoent, proceeding without lock
02:50:40.772 [warning] flock failed on /tmp/cp_gb_server_repo_738252229/.commonplace/archive/doc-a/1fcea0c52030b836cd20be1f48074705db00a9bbe93f2e7ca1f78c66a575c48c.json: :enoent, proceeding without lock
02:50:40.774 [warning] flock failed on /tmp/cp_gb_server_repo_738252229/.commonplace/archive/doc-b/e580e913b80d0188dcebc73eaad7917dccaf1249797a5faae90f1061a29e5c84.json: :enoent, proceeding without lock
02:50:40.777 [warning] flock failed on /tmp/cp_gb_server_repo_738252229/.commonplace/archive/doc-b/f9ba6b41370d5fd0e074664d7c3507bf9e6f570dbf4a1ef21ca5578f2bb0f580.json: :enoent, proceeding without lock
02:50:40.780 [warning] flock failed on /tmp/cp_gb_server_repo_738252229/.commonplace/archive/doc-nested/bd00485b74b46770d6c9b504d26dc9e2afe7a05e539b2a8ce3a0a7d9a775230c.json: :enoent, proceeding without lock
02:50:40.783 [warning] flock failed on /tmp/cp_gb_server_repo_738252229/.commonplace/archive/doc-nested/2252523025b3dcbbb0203c318ee41827aef9eed64274a132f52080a38ae6ccdc.json: :enoent, proceeding without lock
02:50:40.786 [warning] flock failed on /tmp/cp_gb_server_repo_738252229/.commonplace/archive/doc-outline/35bd1fafa12c52dece8d0e862def5e5f13754ff80089ea3a67178647192230f7.json: :enoent, proceeding without lock
02:50:40.788 [warning] flock failed on /tmp/cp_gb_server_repo_738252229/.commonplace/archive/doc-outline/75b8faec9a82fa01bfbc6bf2c1efd85534eb0563f43aff53ebc420cacf0863d5.json: :enoent, proceeding without lock
02:50:40.791 [warning] flock failed on /tmp/cp_gb_server_repo_738252229/.commonplace/archive/doc-signed/175df415b60ed85f152756fd8de431e61e56cb37a3bb5e2c6d12bed5cb5a0d96.json: :enoent, proceeding without lock
02:50:40.794 [warning] flock failed on /tmp/cp_gb_server_repo_738252229/.commonplace/archive/doc-signed/b6e0e92df54e644f9c24ef9650fc5d5182e73ce7532be0ad75d500197c8f79cf.json: :enoent, proceeding without lock
02:50:40.797 [warning] flock failed on /tmp/cp_gb_server_repo_738252229/.commonplace/archive/mount-uuid-385405494/cdfbcd14521622e69b59f9bb52d5cfaca5ce25bce88af154b49971b1ef599a6d.json: :enoent, proceeding without lock
02:50:40.799 [warning] flock failed on /tmp/cp_gb_server_repo_738252229/.commonplace/archive/mount-uuid-385405494/29cf29946b564537563c209156fa80137721a77345e686c432fba2b161c46510.json: :enoent, proceeding without lock
02:50:40.802 [warning] flock failed on /tmp/cp_gb_server_repo_738252229/.commonplace/archive/sub-uuid-502511924/ae4528f803b6724798eef0d36f012cbd112055dcabf17d8aa27cafba7366a893.json: :enoent, proceeding without lock
02:50:40.805 [warning] flock failed on /tmp/cp_gb_server_repo_738252229/.commonplace/archive/sub-uuid-502511924/36a842e00e396eace9c3ff5e91936fbc4bcb9c18762cb25e9a206b5a32d29003.json: :enoent, proceeding without lock
02:50:40.807 [warning] flock failed on /tmp/cp_gb_server_repo_738252229/.commonplace/archive/watermarks.json: :enoent, proceeding without lock
.02:50:41.002 [warning] flock failed on /tmp/cp_gb_server_repo_571458029/_outline: :enoent, proceeding without lock
02:50:41.006 [warning] flock failed on /tmp/cp_gb_server_repo_571458029/a.txt: :enoent, proceeding without lock
02:50:41.010 [warning] flock failed on /tmp/cp_gb_server_repo_571458029/b.json: :enoent, proceeding without lock
02:50:41.013 [warning] flock failed on /tmp/cp_gb_server_repo_571458029/nested/nested.txt: :enoent, proceeding without lock
02:50:41.016 [warning] flock failed on /tmp/cp_gb_server_repo_571458029/signed.txt: :enoent, proceeding without lock
02:50:41.018 [warning] flock failed on /tmp/cp_gb_server_repo_571458029/.commonplace/_outline.json: :enoent, proceeding without lock
02:50:41.020 [warning] flock failed on /tmp/cp_gb_server_repo_571458029/.commonplace/a.txt.json: :enoent, proceeding without lock
02:50:41.022 [warning] flock failed on /tmp/cp_gb_server_repo_571458029/.commonplace/b.json.json: :enoent, proceeding without lock
02:50:41.024 [warning] flock failed on /tmp/cp_gb_server_repo_571458029/.commonplace/nested/nested.txt.json: :enoent, proceeding without lock
02:50:41.025 [warning] flock failed on /tmp/cp_gb_server_repo_571458029/.commonplace/signed.txt.json: :enoent, proceeding without lock
02:50:41.027 [warning] flock failed on /tmp/cp_gb_server_repo_571458029/.commonplace/mount.json: :enoent, proceeding without lock
02:50:41.030 [warning] flock failed on /tmp/cp_gb_server_repo_571458029/.commonplace/archive/doc-a/9ee4ef913163c87365af00b12321d036480d454f47e4196e7d7c510e6face3ed.json: :enoent, proceeding without lock
02:50:41.032 [warning] flock failed on /tmp/cp_gb_server_repo_571458029/.commonplace/archive/doc-a/1fcea0c52030b836cd20be1f48074705db00a9bbe93f2e7ca1f78c66a575c48c.json: :enoent, proceeding without lock
02:50:41.036 [warning] flock failed on /tmp/cp_gb_server_repo_571458029/.commonplace/archive/doc-b/361ff0745a2ec7c44b453366c57ba585c496e5a5317bfa9703a5731f064a1faa.json: :enoent, proceeding without lock
02:50:41.038 [warning] flock failed on /tmp/cp_gb_server_repo_571458029/.commonplace/archive/doc-b/f9ba6b41370d5fd0e074664d7c3507bf9e6f570dbf4a1ef21ca5578f2bb0f580.json: :enoent, proceeding without lock
02:50:41.041 [warning] flock failed on /tmp/cp_gb_server_repo_571458029/.commonplace/archive/doc-nested/e21cd23bc042010ada1d6e764257160a63228c4224fa874a78067a2127ac7ccd.json: :enoent, proceeding without lock
02:50:41.043 [warning] flock failed on /tmp/cp_gb_server_repo_571458029/.commonplace/archive/doc-nested/2252523025b3dcbbb0203c318ee41827aef9eed64274a132f52080a38ae6ccdc.json: :enoent, proceeding without lock
02:50:41.045 [warning] flock failed on /tmp/cp_gb_server_repo_571458029/.commonplace/archive/doc-outline/c085d32972d0fbe72df29c41b6be358345ca0e2d9e2bff9af96857031f222158.json: :enoent, proceeding without lock
02:50:41.048 [warning] flock failed on /tmp/cp_gb_server_repo_571458029/.commonplace/archive/doc-outline/75b8faec9a82fa01bfbc6bf2c1efd85534eb0563f43aff53ebc420cacf0863d5.json: :enoent, proceeding without lock
02:50:41.051 [warning] flock failed on /tmp/cp_gb_server_repo_571458029/.commonplace/archive/doc-signed/37c53cdcf355c26a3fd34f223e125acbdd604062478eb6e51729295c07f20b86.json: :enoent, proceeding without lock
02:50:41.054 [warning] flock failed on /tmp/cp_gb_server_repo_571458029/.commonplace/archive/doc-signed/b6e0e92df54e644f9c24ef9650fc5d5182e73ce7532be0ad75d500197c8f79cf.json: :enoent, proceeding without lock
02:50:41.056 [warning] flock failed on /tmp/cp_gb_server_repo_571458029/.commonplace/archive/mount-uuid-54892688/5b65356ed948083296a006d809da251adffae90154b238e06d91b216ccac5dba.json: :enoent, proceeding without lock
02:50:41.059 [warning] flock failed on /tmp/cp_gb_server_repo_571458029/.commonplace/archive/mount-uuid-54892688/faa555d81e83df280f9066d87384c136d6a8584b2bf8b05ab55dc395cc389d8b.json: :enoent, proceeding without lock
02:50:41.061 [warning] flock failed on /tmp/cp_gb_server_repo_571458029/.commonplace/archive/sub-uuid-672860708/967ecc6f6da15d5b78776e7af5ad68de0cf6276e208fc108ad966973dfd07f51.json: :enoent, proceeding without lock
02:50:41.063 [warning] flock failed on /tmp/cp_gb_server_repo_571458029/.commonplace/archive/sub-uuid-672860708/ecbbd3a8dcf06538360cc76bf3347e05ebe9ec751454aaa1f45d5b5a0a9ee007.json: :enoent, proceeding without lock
02:50:41.065 [warning] flock failed on /tmp/cp_gb_server_repo_571458029/.commonplace/archive/watermarks.json: :enoent, proceeding without lock
.02:50:41.254 [warning] flock failed on /tmp/cp_gb_server_repo_467999398/_outline: :enoent, proceeding without lock
02:50:41.257 [warning] flock failed on /tmp/cp_gb_server_repo_467999398/a.txt: :enoent, proceeding without lock
02:50:41.260 [warning] flock failed on /tmp/cp_gb_server_repo_467999398/b.json: :enoent, proceeding without lock
02:50:41.263 [warning] flock failed on /tmp/cp_gb_server_repo_467999398/nested/nested.txt: :enoent, proceeding without lock
02:50:41.265 [warning] flock failed on /tmp/cp_gb_server_repo_467999398/signed.txt: :enoent, proceeding without lock
02:50:41.267 [warning] flock failed on /tmp/cp_gb_server_repo_467999398/.commonplace/_outline.json: :enoent, proceeding without lock
02:50:41.269 [warning] flock failed on /tmp/cp_gb_server_repo_467999398/.commonplace/a.txt.json: :enoent, proceeding without lock
02:50:41.271 [warning] flock failed on /tmp/cp_gb_server_repo_467999398/.commonplace/b.json.json: :enoent, proceeding without lock
02:50:41.273 [warning] flock failed on /tmp/cp_gb_server_repo_467999398/.commonplace/nested/nested.txt.json: :enoent, proceeding without lock
02:50:41.274 [warning] flock failed on /tmp/cp_gb_server_repo_467999398/.commonplace/signed.txt.json: :enoent, proceeding without lock
02:50:41.276 [warning] flock failed on /tmp/cp_gb_server_repo_467999398/.commonplace/mount.json: :enoent, proceeding without lock
02:50:41.278 [warning] flock failed on /tmp/cp_gb_server_repo_467999398/.commonplace/archive/doc-a/d2d42d0b76e26658573161560876c27d4ff110363289383856e2aec9eee49bdd.json: :enoent, proceeding without lock
02:50:41.280 [warning] flock failed on /tmp/cp_gb_server_repo_467999398/.commonplace/archive/doc-a/1fcea0c52030b836cd20be1f48074705db00a9bbe93f2e7ca1f78c66a575c48c.json: :enoent, proceeding without lock
02:50:41.282 [warning] flock failed on /tmp/cp_gb_server_repo_467999398/.commonplace/archive/doc-b/a2dc2b2efb45c70314b92f2de263e9002a492d02b1cf5ceabf9592378d381dd5.json: :enoent, proceeding without lock
02:50:41.288 [warning] flock failed on /tmp/cp_gb_server_repo_467999398/.commonplace/archive/doc-b/f9ba6b41370d5fd0e074664d7c3507bf9e6f570dbf4a1ef21ca5578f2bb0f580.json: :enoent, proceeding without lock
02:50:41.291 [warning] flock failed on /tmp/cp_gb_server_repo_467999398/.commonplace/archive/doc-nested/469f99be1947b648e57f6641d08a573c3c78b9b49221f810b8c9d5bd0a28c001.json: :enoent, proceeding without lock
02:50:41.293 [warning] flock failed on /tmp/cp_gb_server_repo_467999398/.commonplace/archive/doc-nested/2252523025b3dcbbb0203c318ee41827aef9eed64274a132f52080a38ae6ccdc.json: :enoent, proceeding without lock
02:50:41.295 [warning] flock failed on /tmp/cp_gb_server_repo_467999398/.commonplace/archive/doc-outline/8f207f049274c1acce0e057e38615d4ef79eede1f2d3283ea1a51375403cd67a.json: :enoent, proceeding without lock
02:50:41.297 [warning] flock failed on /tmp/cp_gb_server_repo_467999398/.commonplace/archive/doc-outline/75b8faec9a82fa01bfbc6bf2c1efd85534eb0563f43aff53ebc420cacf0863d5.json: :enoent, proceeding without lock
02:50:41.299 [warning] flock failed on /tmp/cp_gb_server_repo_467999398/.commonplace/archive/doc-signed/7020f83d074f8249abb35c3d969686b297793a24900cfa03420757dbf604b340.json: :enoent, proceeding without lock
02:50:41.301 [warning] flock failed on /tmp/cp_gb_server_repo_467999398/.commonplace/archive/doc-signed/b6e0e92df54e644f9c24ef9650fc5d5182e73ce7532be0ad75d500197c8f79cf.json: :enoent, proceeding without lock
02:50:41.304 [warning] flock failed on /tmp/cp_gb_server_repo_467999398/.commonplace/archive/mount-uuid-65789562/47998ed85c1dcb0038eafb6f10c4e42778569121e8c60365e8a56c9afba55305.json: :enoent, proceeding without lock
02:50:41.306 [warning] flock failed on /tmp/cp_gb_server_repo_467999398/.commonplace/archive/mount-uuid-65789562/80a78019b150a17ad908ce85b0ec1c1511d85ba404fd38f2a08617acf39a972b.json: :enoent, proceeding without lock
02:50:41.309 [warning] flock failed on /tmp/cp_gb_server_repo_467999398/.commonplace/archive/sub-uuid-987835129/5ed92d4469e8b89d5f99d0b97a7d0e9e3065618ab57b3e82cec010c2b8525f25.json: :enoent, proceeding without lock
02:50:41.311 [warning] flock failed on /tmp/cp_gb_server_repo_467999398/.commonplace/archive/sub-uuid-987835129/65eac5871ab557d0eab2a56335a1f67cab7ec13d6646af15162328fd83b71ae4.json: :enoent, proceeding without lock
02:50:41.312 [warning] flock failed on /tmp/cp_gb_server_repo_467999398/.commonplace/archive/watermarks.json: :enoent, proceeding without lock
02:50:41.379 [error] GitBridge.Server: tick crashed for mount mount-uuid-65789562 (skipping this tick): ** (CaseClauseError) no case clause matching: {:error, :eisdir}
    (commonplace 0.1.0) lib/commonplace/git_bridge/sidecar.ex:57: Commonplace.GitBridge.Sidecar.ensure_gitattributes/1
    (commonplace 0.1.0) lib/commonplace/git_bridge/server.ex:230: Commonplace.GitBridge.Server.run_cycle/1
    (commonplace 0.1.0) lib/commonplace/git_bridge/server.ex:167: Commonplace.GitBridge.Server.run_cycle_guarded/1
    (commonplace 0.1.0) lib/commonplace/git_bridge/server.ex:114: Commonplace.GitBridge.Server.handle_call/3
    (stdlib 6.2.2.3) gen_server.erl:2381: :gen_server.try_handle_call/4
    (stdlib 6.2.2.3) gen_server.erl:2410: :gen_server.handle_msg/6
    (stdlib 6.2.2.3) proc_lib.erl:329: :proc_lib.init_p_do_apply/3

.02:50:41.490 [warning] flock failed on /tmp/cp_gb_server_repo_920356735/_outline: :enoent, proceeding without lock
02:50:41.492 [warning] flock failed on /tmp/cp_gb_server_repo_920356735/a.txt: :enoent, proceeding without lock
02:50:41.494 [warning] flock failed on /tmp/cp_gb_server_repo_920356735/b.json: :enoent, proceeding without lock
02:50:41.497 [warning] flock failed on /tmp/cp_gb_server_repo_920356735/nested/nested.txt: :enoent, proceeding without lock
02:50:41.500 [warning] flock failed on /tmp/cp_gb_server_repo_920356735/signed.txt: :enoent, proceeding without lock
02:50:41.503 [warning] flock failed on /tmp/cp_gb_server_repo_920356735/.commonplace/_outline.json: :enoent, proceeding without lock
02:50:41.504 [warning] flock failed on /tmp/cp_gb_server_repo_920356735/.commonplace/a.txt.json: :enoent, proceeding without lock
02:50:41.506 [warning] flock failed on /tmp/cp_gb_server_repo_920356735/.commonplace/b.json.json: :enoent, proceeding without lock
02:50:41.507 [warning] flock failed on /tmp/cp_gb_server_repo_920356735/.commonplace/nested/nested.txt.json: :enoent, proceeding without lock
02:50:41.508 [warning] flock failed on /tmp/cp_gb_server_repo_920356735/.commonplace/signed.txt.json: :enoent, proceeding without lock
02:50:41.509 [warning] flock failed on /tmp/cp_gb_server_repo_920356735/.commonplace/mount.json: :enoent, proceeding without lock
02:50:41.511 [warning] flock failed on /tmp/cp_gb_server_repo_920356735/.commonplace/archive/doc-a/b9220cce172db0944741f6bca8eb5a8e5e659c55bdded45613087bd2435fc0ef.json: :enoent, proceeding without lock
02:50:41.514 [warning] flock failed on /tmp/cp_gb_server_repo_920356735/.commonplace/archive/doc-a/1fcea0c52030b836cd20be1f48074705db00a9bbe93f2e7ca1f78c66a575c48c.json: :enoent, proceeding without lock
02:50:41.517 [warning] flock failed on /tmp/cp_gb_server_repo_920356735/.commonplace/archive/doc-b/7925bd3ad104f6de27194ac7bc440ed1751200386efe33a3b76f7807db1c6ad6.json: :enoent, proceeding without lock
02:50:41.519 [warning] flock failed on /tmp/cp_gb_server_repo_920356735/.commonplace/archive/doc-b/f9ba6b41370d5fd0e074664d7c3507bf9e6f570dbf4a1ef21ca5578f2bb0f580.json: :enoent, proceeding without lock
02:50:41.521 [warning] flock failed on /tmp/cp_gb_server_repo_920356735/.commonplace/archive/doc-nested/c2f1eaf134a61f20e750085261bfe1b135691820f19e0f627b1003fb86e31c03.json: :enoent, proceeding without lock
02:50:41.523 [warning] flock failed on /tmp/cp_gb_server_repo_920356735/.commonplace/archive/doc-nested/2252523025b3dcbbb0203c318ee41827aef9eed64274a132f52080a38ae6ccdc.json: :enoent, proceeding without lock
02:50:41.526 [warning] flock failed on /tmp/cp_gb_server_repo_920356735/.commonplace/archive/doc-outline/1514bf96e10d289e490bf5701a1d9d0430b973bfc3ee634e53d38636379fd6cb.json: :enoent, proceeding without lock
02:50:41.528 [warning] flock failed on /tmp/cp_gb_server_repo_920356735/.commonplace/archive/doc-outline/75b8faec9a82fa01bfbc6bf2c1efd85534eb0563f43aff53ebc420cacf0863d5.json: :enoent, proceeding without lock
02:50:41.530 [warning] flock failed on /tmp/cp_gb_server_repo_920356735/.commonplace/archive/doc-signed/88eb0384b555e2237b8a3af0e78aaf7e82bc86f38e8a1de8bcd06a93df66f40f.json: :enoent, proceeding without lock
02:50:41.532 [warning] flock failed on /tmp/cp_gb_server_repo_920356735/.commonplace/archive/doc-signed/b6e0e92df54e644f9c24ef9650fc5d5182e73ce7532be0ad75d500197c8f79cf.json: :enoent, proceeding without lock
02:50:41.535 [warning] flock failed on /tmp/cp_gb_server_repo_920356735/.commonplace/archive/mount-uuid-308125657/4041664a726afdb772e90b4531c160b972ec0fcb09ae1e1b3ad6de80197725e5.json: :enoent, proceeding without lock
02:50:41.537 [warning] flock failed on /tmp/cp_gb_server_repo_920356735/.commonplace/archive/mount-uuid-308125657/86e657936f2a4c2ba6434128871a086e06f1bff012acb48909813c21d2b99cc4.json: :enoent, proceeding without lock
02:50:41.540 [warning] flock failed on /tmp/cp_gb_server_repo_920356735/.commonplace/archive/sub-uuid-237838063/4dcd8dc274c2d2d4384f5e7fc14a4a4254282fcf76f710db4ed52d85eb438507.json: :enoent, proceeding without lock
02:50:41.542 [warning] flock failed on /tmp/cp_gb_server_repo_920356735/.commonplace/archive/sub-uuid-237838063/f985086fb0cbdefca9bafa17626f7e57ca03a4ad5878a0ddedc1ef77d28a3a4b.json: :enoent, proceeding without lock
02:50:41.544 [warning] flock failed on /tmp/cp_gb_server_repo_920356735/.commonplace/archive/watermarks.json: :enoent, proceeding without lock
.02:50:41.642 [warning] CommitStore: local write DENIED by trust gate (enforce) doc_uuid=8575979d-e455-490d-8c41-d4ecd963f245 commit_id=9a319f1fec0722f2a6e89885d8656e92529162859a9ce49d6cbf52530d58804a reason=:unsigned
....02:50:41.879 [warning] CommitStore: local write DENIED by trust gate (enforce) doc_uuid=a14190b7-45ee-416a-9d1e-a2d4c50ecc46 commit_id=ebe36ad3d7c754a441219b6246859bac52c055ae4fe6acaa526e38da9b82932d reason=:unsigned
02:50:41.885 [warning] CommitStore: local write DENIED by trust gate (enforce) doc_uuid=a14190b7-45ee-416a-9d1e-a2d4c50ecc46 commit_id=e6d9a66f404cedd3289ea7c74dab29c9a4c911520e900b1c92b744eda720efeb reason=:unsigned
.....................................................create_commit.metadata = %{}
update_commit.metadata = %{}
close_commit.metadata = %{kind: :regular, bd_terminal_pin: "{\"claimed_by\":null,\"closed_at\":\"2026-08-11T02:50:47.404925Z\",\"closed_reason\":\"done\",\"created_at\":\"2026-08-11T02:50:47.379726Z\",\"done_when\":\"manual\",\"done_witness\":[],\"id\":\"CX-gqxg\",\"labels\":[],\"legacy_id\":null,\"needs\":[],\"owner\":null,\"priority\":\"p2\",\"status\":\"closed\",\"title\":\"A, renamed\",\"type\":\"task\",\"updated_at\":\"2026-08-11T02:50:47.404925Z\"}"}
CREATE import_commit/3 result: :ok
UPDATE import_commit/3 result: :ok
CLOSE import_commit/3 result: :ok
.02:50:47.449 [error] local node self-trust was not added: node signing public-key artifact is absent — continuing with configured trusted identities
.02:50:47.520 [error] local node self-trust was not added: node signing public-key artifact is absent — continuing with configured trusted identities
.02:50:47.575 [error] local node self-trust was not added: node signing public-key artifact is absent — continuing with configured trusted identities
.02:50:47.654 [error] local node self-trust was not added: node signing public-key artifact is absent — continuing with configured trusted identities
.02:50:47.739 [error] local node self-trust was not added: node signing public-key artifact is absent — continuing with configured trusted identities
.02:50:47.817 [error] local node self-trust was not added: node signing public-key artifact is absent — continuing with configured trusted identities
.02:50:47.902 [error] local node self-trust was not added: node signing public-key artifact is absent — continuing with configured trusted identities
.02:50:48.007 [error] local node self-trust was not added: node signing public-key artifact is absent — continuing with configured trusted identities
.02:50:48.056 [error] local node self-trust was not added: node signing public-key artifact is absent — continuing with configured trusted identities
.02:50:48.070 [error] local node self-trust was not added: node signing public-key artifact is absent — continuing with configured trusted identities
.02:50:48.142 [error] local node self-trust was not added: node signing public-key artifact is absent — continuing with configured trusted identities
.02:50:48.200 [error] local node self-trust was not added: node signing public-key artifact is absent — continuing with configured trusted identities
.02:50:48.248 [error] local node self-trust was not added: node signing public-key artifact is absent — continuing with configured trusted identities
.02:50:48.306 [error] local node self-trust was not added: node signing public-key artifact is absent — continuing with configured trusted identities
.02:50:48.366 [error] local node self-trust was not added: node signing public-key artifact is absent — continuing with configured trusted identities
.02:50:48.434 [error] local node self-trust was not added: node signing public-key artifact is absent — continuing with configured trusted identities
.02:50:48.544 [error] local node self-trust was not added: node signing public-key artifact is absent — continuing with configured trusted identities
.02:50:48.622 [error] local node self-trust was not added: node signing public-key artifact is absent — continuing with configured trusted identities
.02:50:48.684 [error] local node self-trust was not added: node signing public-key artifact is absent — continuing with configured trusted identities
.02:50:48.749 [error] local node self-trust was not added: node signing public-key artifact is absent — continuing with configured trusted identities
.02:50:48.839 [error] local node self-trust was not added: node signing public-key artifact is absent — continuing with configured trusted identities
.02:50:48.853 [error] local node self-trust was not added: node signing public-key artifact is absent — continuing with configured trusted identities
.02:50:48.919 [error] local node self-trust was not added: node signing public-key artifact is absent — continuing with configured trusted identities
.02:50:48.978 [error] local node self-trust was not added: node signing public-key artifact is absent — continuing with configured trusted identities
.02:50:49.033 [error] local node self-trust was not added: node signing public-key artifact is absent — continuing with configured trusted identities
.02:50:49.111 [error] local node self-trust was not added: node signing public-key artifact is absent — continuing with configured trusted identities
......HEAD_SCAN CLEAN commit=9ef198effffa10176011887753770237196b9f41b7e6eb64b0f7d8326f92e884
PER_COMMIT_SCAN TRIPS commit=8d91e714cd0742192e6c9b032fdac6437126d3fe8ceeed2900c5e717fd47586d
.02:50:49.149 [error] local node self-trust was not added: node signing public-key artifact is absent — continuing with configured trusted identities
02:50:49.152 [error] local node self-trust was not added: node signing public-key artifact is absent — continuing with configured trusted identities
02:50:49.155 [error] local node self-trust was not added: node signing public-key artifact is absent — continuing with configured trusted identities
02:50:49.157 [error] local node self-trust was not added: node signing public-key artifact is absent — continuing with configured trusted identities
02:50:49.159 [error] local node self-trust was not added: node signing public-key artifact is absent — continuing with configured trusted identities
02:50:49.161 [error] local node self-trust was not added: node signing public-key artifact is absent — continuing with configured trusted identities
02:50:49.161 [warning] Orchestrator running with a permissive trust config: declared processes (including code docs synced from peers) will auto-execute ungated. Pin identities / set accept_unsigned:false in trust.json for strict gating.
02:50:49.262 [error] local node self-trust was not added: node signing public-key artifact is absent — continuing with configured trusted identities
02:50:49.285 [error] Process 90cc897f-ce6e-49a7-bbca-84bfacd9f504: log capability delegation failed: {:error, {:capability_store_unavailable, {:noproc, {GenServer, :call, [nil, {:store_capability, %Commonplace.Trust.Capability{issuer: {"51251091-f25a-478b-8e8f-8ace4b47e2fc", <<144, 228, 164, 71, 210, 209, 184, 159, 173, 228, 251, 71, 255, 164, 101, 27, 200, 173, 75, 214, 49, 186, 102, 143, 77, 246, 43, 150, 22, 88, 225, 1>>}, audience: {"90cc897f-ce6e-49a7-bbca-84bfacd9f504", <<228, 247, 33, 69, 175, 176, 102, 6, 215, 83, 93, 66, 155, 102, 236, 238, 28, 75, 197, 123, 223, 99, 237, 107, 186, 36, 203, 20, 100, 158, 196, 140>>}, claim: %{scope: {:docs, ["bce88df4-b8af-5400-8be9-bd84a63c06c2"]}, verbs: [:write], caveats: %{not_before: nil, not_after: nil}}, proof: nil, sig: <<175, 28, 232, 249, 24, 123, 104, 226, 74, 193, 19, 242, 2, 195, 136, 59, 243, 241, 228, 97, 137, 62, 216, 54, 166, 230, 172, 218, 72, 77, 53, 128, ...>>, id: <<227, 199, 205, 35, 175, 131, 81, 253, 8, 217, 70, 221, 168, 198, 204, 29, 124, 81, 36, 186, 82, 23, 193, 221, 106, 104, 192, 170, 243, 125, 1, ...>>}}, 5000]}}}}
.02:50:49.328 [error] local node self-trust was not added: node signing public-key artifact is absent — continuing with configured trusted identities
02:50:49.330 [error] local node self-trust was not added: node signing public-key artifact is absent — continuing with configured trusted identities
02:50:49.332 [error] local node self-trust was not added: node signing public-key artifact is absent — continuing with configured trusted identities
02:50:49.335 [error] local node self-trust was not added: node signing public-key artifact is absent — continuing with configured trusted identities
02:50:49.337 [error] local node self-trust was not added: node signing public-key artifact is absent — continuing with configured trusted identities
02:50:49.340 [error] local node self-trust was not added: node signing public-key artifact is absent — continuing with configured trusted identities
02:50:49.340 [warning] Orchestrator running with a permissive trust config: declared processes (including code docs synced from peers) will auto-execute ungated. Pin identities / set accept_unsigned:false in trust.json for strict gating.
02:50:49.441 [error] local node self-trust was not added: node signing public-key artifact is absent — continuing with configured trusted identities
02:50:49.464 [error] Process f011d307-7066-45c2-b9ef-beb46cf59e9d: log capability delegation failed: {:error, {:capability_store_unavailable, {:noproc, {GenServer, :call, [nil, {:store_capability, %Commonplace.Trust.Capability{issuer: {"1f216a4d-34e1-40a9-97be-0598fc0464a5", <<4, 207, 102, 240, 218, 227, 159, 243, 111, 147, 131, 55, 228, 241, 144, 19, 220, 203, 160, 160, 187, 246, 31, 57, 124, 76, 95, 183, 12, 128, 244, 40>>}, audience: {"f011d307-7066-45c2-b9ef-beb46cf59e9d", <<120, 98, 251, 244, 203, 87, 72, 81, 26, 67, 149, 45, 161, 216, 229, 65, 172, 161, 153, 173, 143, 224, 133, 210, 199, 138, 14, 178, 102, 156, 194, 111>>}, claim: %{scope: {:docs, ["393f6305-b634-57c8-91a3-a660c93b8bb9"]}, verbs: [:write], caveats: %{not_before: nil, not_after: nil}}, proof: nil, sig: <<215, 152, 33, 193, 98, 251, 189, 57, 210, 183, 185, 122, 146, 150, 147, 221, 5, 17, 236, 40, 231, 249, 221, 176, 245, 127, 42, 157, 241, 253, 93, 227, ...>>, id: <<45, 228, 74, 7, 74, 37, 227, 39, 148, 232, 40, 201, 248, 106, 77, 125, 118, 98, 59, 56, 108, 183, 81, 95, 113, 185, 164, 161, 17, 78, 28, ...>>}}, 5000]}}}}
.02:50:50.007 [error] local node self-trust was not added: node signing public-key artifact is absent — continuing with configured trusted identities
02:50:50.009 [error] local node self-trust was not added: node signing public-key artifact is absent — continuing with configured trusted identities
02:50:50.013 [error] local node self-trust was not added: node signing public-key artifact is absent — continuing with configured trusted identities
02:50:50.015 [error] local node self-trust was not added: node signing public-key artifact is absent — continuing with configured trusted identities
02:50:50.018 [error] local node self-trust was not added: node signing public-key artifact is absent — continuing with configured trusted identities
02:50:50.020 [error] local node self-trust was not added: node signing public-key artifact is absent — continuing with configured trusted identities
02:50:50.020 [warning] Orchestrator running with a permissive trust config: declared processes (including code docs synced from peers) will auto-execute ungated. Pin identities / set accept_unsigned:false in trust.json for strict gating.
02:50:50.121 [error] local node self-trust was not added: node signing public-key artifact is absent — continuing with configured trusted identities
02:50:50.140 [error] Process e80415cc-748d-483f-8662-9852cda92c23: log capability delegation failed: {:error, {:capability_store_unavailable, {:noproc, {GenServer, :call, [nil, {:store_capability, %Commonplace.Trust.Capability{issuer: {"c2750676-9afc-498f-be4a-7c4b7b5505c2", <<243, 59, 20, 170, 10, 105, 254, 119, 1, 171, 228, 177, 165, 150, 232, 32, 245, 126, 87, 124, 83, 100, 96, 217, 235, 75, 98, 16, 215, 125, 118, 245>>}, audience: {"e80415cc-748d-483f-8662-9852cda92c23", <<168, 145, 156, 154, 231, 117, 45, 5, 115, 58, 65, 74, 224, 94, 8, 230, 122, 113, 134, 227, 225, 174, 111, 153, 228, 84, 252, 50, 232, 65, 209, 46>>}, claim: %{scope: {:docs, ["a75cde79-86e5-50cd-bc7e-d57efd13f5a7"]}, verbs: [:write], caveats: %{not_before: nil, not_after: nil}}, proof: nil, sig: <<1, 227, 174, 166, 41, 220, 95, 131, 129, 228, 46, 224, 246, 67, 141, 135, 236, 2, 200, 213, 220, 151, 144, 125, 122, 98, 145, 20, 26, 76, 175, 145, ...>>, id: <<123, 37, 253, 6, 147, 51, 190, 164, 236, 126, 67, 56, 48, 255, 117, 84, 1, 66, 33, 70, 252, 149, 166, 169, 172, 217, 170, 182, 216, 240, 230, ...>>}}, 5000]}}}}
.02:50:50.181 [error] local node self-trust was not added: node signing public-key artifact is absent — continuing with configured trusted identities
02:50:50.183 [error] local node self-trust was not added: node signing public-key artifact is absent — continuing with configured trusted identities
02:50:50.185 [error] local node self-trust was not added: node signing public-key artifact is absent — continuing with configured trusted identities
02:50:50.188 [error] local node self-trust was not added: node signing public-key artifact is absent — continuing with configured trusted identities
02:50:50.190 [error] local node self-trust was not added: node signing public-key artifact is absent — continuing with configured trusted identities
02:50:50.191 [error] local node self-trust was not added: node signing public-key artifact is absent — continuing with configured trusted identities
02:50:50.191 [warning] Orchestrator running with a permissive trust config: declared processes (including code docs synced from peers) will auto-execute ungated. Pin identities / set accept_unsigned:false in trust.json for strict gating.
02:50:50.293 [error] local node self-trust was not added: node signing public-key artifact is absent — continuing with configured trusted identities
02:50:50.318 [error] Process c8b601df-ffb8-471e-a36a-ec096c22a682: log capability delegation failed: {:error, {:capability_store_unavailable, {:noproc, {GenServer, :call, [nil, {:store_capability, %Commonplace.Trust.Capability{issuer: {"c19b9b38-2cfa-4ea6-911f-f8884bf3c83a", <<29, 148, 164, 90, 195, 212, 168, 175, 248, 190, 124, 242, 118, 35, 59, 61, 171, 95, 164, 236, 171, 231, 6, 72, 150, 155, 20, 109, 22, 45, 243, 217>>}, audience: {"c8b601df-ffb8-471e-a36a-ec096c22a682", <<193, 254, 8, 37, 81, 33, 174, 44, 101, 150, 109, 215, 29, 44, 85, 43, 248, 66, 156, 127, 56, 138, 227, 102, 39, 22, 174, 97, 178, 184, 156, 5>>}, claim: %{scope: {:docs, ["e330b6da-7a93-58d1-96e9-135ca0dffeb9"]}, verbs: [:write], caveats: %{not_before: nil, not_after: nil}}, proof: nil, sig: <<241, 246, 202, 203, 7, 19, 34, 23, 57, 90, 99, 154, 229, 184, 167, 192, 72, 180, 84, 213, 8, 4, 178, 214, 252, 177, 180, 139, 148, 136, 51, 231, ...>>, id: <<207, 149, 44, 213, 117, 213, 195, 240, 21, 229, 16, 54, 79, 153, 206, 174, 130, 2, 74, 149, 226, 223, 207, 2, 158, 191, 163, 103, 167, 20, 25, ...>>}}, 5000]}}}}
.02:50:50.359 [error] local node self-trust was not added: node signing public-key artifact is absent — continuing with configured trusted identities
02:50:50.361 [error] local node self-trust was not added: node signing public-key artifact is absent — continuing with configured trusted identities
02:50:50.363 [error] local node self-trust was not added: node signing public-key artifact is absent — continuing with configured trusted identities
02:50:50.365 [error] local node self-trust was not added: node signing public-key artifact is absent — continuing with configured trusted identities
02:50:50.366 [error] local node self-trust was not added: node signing public-key artifact is absent — continuing with configured trusted identities
02:50:50.369 [error] local node self-trust was not added: node signing public-key artifact is absent — continuing with configured trusted identities
02:50:50.369 [warning] Orchestrator running with a permissive trust config: declared processes (including code docs synced from peers) will auto-execute ungated. Pin identities / set accept_unsigned:false in trust.json for strict gating.
02:50:50.470 [error] local node self-trust was not added: node signing public-key artifact is absent — continuing with configured trusted identities
02:50:50.490 [error] Process f2ed7cb4-82ed-4fa4-b498-7c9f1f7ca971: log capability delegation failed: {:error, {:capability_store_unavailable, {:noproc, {GenServer, :call, [nil, {:store_capability, %Commonplace.Trust.Capability{issuer: {"ddbf0f68-e61c-4bd6-872f-6f43559bd064", <<53, 102, 212, 203, 23, 72, 42, 24, 44, 124, 142, 11, 137, 175, 84, 104, 182, 53, 169, 27, 23, 195, 57, 98, 184, 123, 26, 237, 191, 112, 58, 208>>}, audience: {"f2ed7cb4-82ed-4fa4-b498-7c9f1f7ca971", <<216, 10, 236, 78, 211, 14, 16, 193, 86, 233, 4, 133, 90, 42, 115, 254, 27, 51, 173, 211, 82, 80, 136, 18, 106, 232, 20, 84, 203, 82, 61, 145>>}, claim: %{scope: {:docs, ["2153613f-50a4-5e82-865e-49c278695266"]}, verbs: [:write], caveats: %{not_before: nil, not_after: nil}}, proof: nil, sig: <<165, 57, 38, 253, 127, 15, 169, 129, 242, 116, 83, 203, 143, 172, 22, 15, 19, 201, 63, 191, 217, 57, 253, 220, 39, 14, 165, 247, 97, 223, 147, 209, ...>>, id: <<86, 38, 150, 249, 75, 164, 233, 160, 118, 60, 126, 80, 87, 85, 58, 53, 72, 139, 202, 136, 139, 126, 119, 47, 111, 189, 203, 65, 204, 250, 8, ...>>}}, 5000]}}}}
02:50:50.526 [warning] Orchestrator running with a permissive trust config: declared processes (including code docs synced from peers) will auto-execute ungated. Pin identities / set accept_unsigned:false in trust.json for strict gating.
02:50:50.630 [error] Process f2ed7cb4-82ed-4fa4-b498-7c9f1f7ca971: log capability delegation failed: {:error, {:capability_store_unavailable, {:noproc, {GenServer, :call, [nil, {:store_capability, %Commonplace.Trust.Capability{issuer: {"ddbf0f68-e61c-4bd6-872f-6f43559bd064", <<53, 102, 212, 203, 23, 72, 42, 24, 44, 124, 142, 11, 137, 175, 84, 104, 182, 53, 169, 27, 23, 195, 57, 98, 184, 123, 26, 237, 191, 112, 58, 208>>}, audience: {"f2ed7cb4-82ed-4fa4-b498-7c9f1f7ca971", <<216, 10, 236, 78, 211, 14, 16, 193, 86, 233, 4, 133, 90, 42, 115, 254, 27, 51, 173, 211, 82, 80, 136, 18, 106, 232, 20, 84, 203, 82, 61, 145>>}, claim: %{scope: {:docs, ["2153613f-50a4-5e82-865e-49c278695266"]}, verbs: [:write], caveats: %{not_before: nil, not_after: nil}}, proof: nil, sig: <<165, 57, 38, 253, 127, 15, 169, 129, 242, 116, 83, 203, 143, 172, 22, 15, 19, 201, 63, 191, 217, 57, 253, 220, 39, 14, 165, 247, 97, 223, 147, 209, ...>>, id: <<86, 38, 150, 249, 75, 164, 233, 160, 118, 60, 126, 80, 87, 85, 58, 53, 72, 139, 202, 136, 139, 126, 119, 47, 111, 189, 203, 65, 204, 250, 8, ...>>}}, 5000]}}}}
.02:50:50.671 [error] local node self-trust was not added: node signing public-key artifact is absent — continuing with configured trusted identities
.02:50:50.682 [error] local node self-trust was not added: node signing public-key artifact is absent — continuing with configured trusted identities
02:50:50.685 [error] local node self-trust was not added: node signing public-key artifact is absent — continuing with configured trusted identities
02:50:50.687 [error] local node self-trust was not added: node signing public-key artifact is absent — continuing with configured trusted identities
02:50:50.689 [error] local node self-trust was not added: node signing public-key artifact is absent — continuing with configured trusted identities
02:50:50.703 [error] local node self-trust was not added: node signing public-key artifact is absent — continuing with configured trusted identities
02:50:50.718 [error] local node self-trust was not added: node signing public-key artifact is absent — continuing with configured trusted identities
02:50:50.719 [error] local node self-trust was not added: node signing public-key artifact is absent — continuing with configured trusted identities
02:50:50.734 [error] local node self-trust was not added: node signing public-key artifact is absent — continuing with configured trusted identities
.02:50:50.755 [error] local node self-trust was not added: node signing public-key artifact is absent — continuing with configured trusted identities
02:50:50.757 [error] local node self-trust was not added: node signing public-key artifact is absent — continuing with configured trusted identities
02:50:50.759 [error] local node self-trust was not added: node signing public-key artifact is absent — continuing with configured trusted identities
.02:50:50.786 [error] local node self-trust was not added: node signing public-key artifact is absent — continuing with configured trusted identities
02:50:50.788 [error] local node self-trust was not added: node signing public-key artifact is absent — continuing with configured trusted identities
02:50:50.804 [error] local node self-trust was not added: node signing public-key artifact is absent — continuing with configured trusted identities
02:50:50.806 [error] local node self-trust was not added: node signing public-key artifact is absent — continuing with configured trusted identities
.02:50:50.827 [error] local node self-trust was not added: node signing public-key artifact is absent — continuing with configured trusted identities
02:50:50.830 [error] local node self-trust was not added: node signing public-key artifact is absent — continuing with configured trusted identities
02:50:50.843 [error] local node self-trust was not added: node signing public-key artifact is absent — continuing with configured trusted identities
.02:50:50.850 [error] local node self-trust was not added: node signing public-key artifact is absent — continuing with configured trusted identities
02:50:50.852 [error] local node self-trust was not added: node signing public-key artifact is absent — continuing with configured trusted identities
.02:50:50.871 [error] local node self-trust was not added: node signing public-key artifact is absent — continuing with configured trusted identities
..02:50:50.883 [error] local node self-trust was not added: node signing public-key artifact is absent — continuing with configured trusted identities
02:50:50.885 [error] local node self-trust was not added: node signing public-key artifact is absent — continuing with configured trusted identities
02:50:50.887 [error] local node self-trust was not added: node signing public-key artifact is absent — continuing with configured trusted identities
.02:50:50.904 [error] local node self-trust was not added: node signing public-key artifact is absent — continuing with configured trusted identities
02:50:50.906 [error] local node self-trust was not added: node signing public-key artifact is absent — continuing with configured trusted identities
..........
[CX-g8s9 8-way] refusal tally: %{ok: 8}
.
[CX-g8s9 16-way] refusal tally: %{ok: 15, write_conflict: 1}
.......02:50:51.454 [warning] flock failed on /tmp/cp_vt_a_860146/__reflog/server/__snapshot: :enoent, proceeding without lock
.02:50:52.080 [warning] flock failed on /tmp/cp_vt_a_114347/__reflog/server/__snapshot: :enoent, proceeding without lock
02:50:52.286 [warning] flock failed on /tmp/cp_vt_b_458079/__reflog/server/__snapshot: :enoent, proceeding without lock
02:50:52.289 [warning] flock failed on /tmp/cp_vt_b_458079/shared.txt: :enoent, proceeding without lock
.02:50:52.826 [warning] flock failed on /tmp/cp_vt_a_114316/__reflog/server/__snapshot: :enoent, proceeding without lock
02:50:53.052 [warning] flock failed on /tmp/cp_vt_b_62826/__reflog/server/__snapshot: :enoent, proceeding without lock
02:50:53.056 [warning] flock failed on /tmp/cp_vt_b_62826/doc.txt: :enoent, proceeding without lock
..................................02:50:53.435 [warning] flock failed on /tmp/cp_agent_sync_806355/f.txt: :enoent, proceeding without lock
02:50:53.459 [warning] flock failed on /tmp/cp_agent_sync_806355/__reflog/server/__snapshot: :enoent, proceeding without lock
..02:50:53.514 [warning] Watcher: skipping unreadable file /tmp/cp_agent_sync_874343/bad.txt (:eacces)
02:50:53.514 [warning] Watcher: skipping unreadable file /tmp/cp_agent_sync_874343/bad.txt (:eacces)
.02:50:53.546 [warning] flock failed on /tmp/cp_agent_sync_753432/f.txt: :enoent, proceeding without lock
02:50:53.570 [warning] flock failed on /tmp/cp_agent_sync_753432/__reflog/server/__snapshot: :enoent, proceeding without lock
.02:50:53.616 [warning] flock failed on /tmp/cp_agent_sync_583410/__reflog/server/__snapshot: :enoent, proceeding without lock
.02:50:53.876 [warning] flock failed on /tmp/cp_agent_sync_696311/__reflog/server/__snapshot: :enoent, proceeding without lock
02:50:53.878 [warning] flock failed on /tmp/cp_agent_sync_696311/crdt_file.txt: :enoent, proceeding without lock
.02:50:53.900 [warning] flock failed on /tmp/cp_agent_sync_87481/from_crdt.txt: :enoent, proceeding without lock
.02:50:53.962 [warning] flock failed on /tmp/cp_agent_sync_328811/__reflog/server/__snapshot: :enoent, proceeding without lock
.02:50:53.973 [warning] Sync.Agent: scan_disk_state skipping symlinked directory /tmp/cp_agent_sync_365992/loop/self
02:50:53.994 [warning] Sync.Agent: skipping symlinked directory /tmp/cp_agent_sync_365992/loop/self (not followed, prevents cycle)
02:50:53.996 [warning] Sync.Agent: scan_disk_state skipping symlinked directory /tmp/cp_agent_sync_365992/loop/self
.02:50:54.062 [warning] flock failed on /tmp/cp_agent_sync_521924/sub/b.txt: :enoent, proceeding without lock
02:50:54.064 [warning] flock failed on /tmp/cp_agent_sync_521924/top.txt: :enoent, proceeding without lock
02:50:54.103 [warning] flock failed on /tmp/cp_agent_sync_521924/__reflog/server/__snapshot: :enoent, proceeding without lock
02:50:54.105 [warning] flock failed on /tmp/cp_agent_sync_521924/__reflog/server/sub/__snapshot: :enoent, proceeding without lock
.02:50:54.146 [warning] flock failed on /tmp/cp_agent_sync_658644/__reflog/server/__snapshot: :enoent, proceeding without lock
.02:50:54.163 [warning] flock failed on /tmp/cp_agent_sync_813815/f.txt: :enoent, proceeding without lock
02:50:54.190 [warning] flock failed on /tmp/cp_agent_sync_813815/__reflog/server/__snapshot: :enoent, proceeding without lock
.02:50:54.263 [warning] flock failed on /tmp/cp_agent_sync_567405/f.txt: :enoent, proceeding without lock
02:50:54.292 [warning] flock failed on /tmp/cp_agent_sync_567405/__reflog/server/__snapshot: :enoent, proceeding without lock
.02:50:54.326 [warning] flock failed on /tmp/cp_agent_sync_877253/__reflog/server/__snapshot: :enoent, proceeding without lock
................02:50:54.418 [warning] CommitStore: local write DENIED by trust gate (enforce) doc_uuid=mge-neg-lin-1 commit_id=7656efc6357973c373bf38989855c863a6461df6f329ac3c77d4a736487fcb38 reason=:unsigned
02:50:54.612 [warning] CommitStore: local write DENIED by trust gate (enforce) doc_uuid=4d563a96-f704-43df-ac7a-6653514be5c3 commit_id=b326b1d7f9ec1c273453c84f64ca4e55bfd5aeed2279c8d8feb31de839309086 reason=:unsigned
.02:50:54.651 [warning] CommitStore: local write DENIED by trust gate (enforce) doc_uuid=mge-neg-nl-2 commit_id=312fa56376808a933033ace2cf76ec4cccbb7fdcfd7b8f7824896f76cd06c36e reason=:unsigned
..
[k20z FIXTURE] get_room after write_meta_doc => {:ok, %Commonplace.MUD.Schemas.Room{name: "The Start Room", description: "A snug antechamber of fitted grey stone, worn 
.
[k20z fresh] run_safe_verb => {:ok, :ok}
[k20z fresh] get_room after sandbox open_exit => {:ok, %Commonplace.MUD.Schemas.Room{name: "The Puzzle Chamber", description: "a place", exits: %{"north" => "88f21212-2357-420d-b184-a8464a5
.
[k20z accum] first corrupting write = nil (nil = survived all 30)
.
[k20z minimal] get_room after 2nd funnel write => {:ok, %Commonplace.MUD.Schemas.Room{name: "Seeded", description: "d2", exits: %{"north" => "1918495f-331d-49e3-a2b9-612a9da69248", "south" =
.
[k20z empty-initial] get_room after refill => {:ok, %Commonplace.MUD.Schemas.Room{name: "The Start Room", description: "A snug antechamber — worn smooth — the threshold.", exits: %{"nort
.................................................02:51:03.981 [warning] flock failed on /tmp/cp_peer_b_828600/__reflog/server/__snapshot: :enoent, proceeding without lock
02:51:03.991 [warning] flock failed on /tmp/cp_peer_a_681054/__reflog/server/__snapshot: :enoent, proceeding without lock
02:51:04.038 [warning] flock failed on /tmp/cp_peer_b_828600/from_a.txt: :enoent, proceeding without lock
.02:51:04.212 [warning] flock failed on /tmp/cp_peer_b_823162/__reflog/server/__snapshot: :enoent, proceeding without lock
02:51:04.219 [warning] flock failed on /tmp/cp_peer_a_285099/__reflog/server/__snapshot: :enoent, proceeding without lock
02:51:04.271 [warning] flock failed on /tmp/cp_peer_b_823162/shared.txt: :enoent, proceeding without lock
.02:51:04.578 [warning] flock failed on /tmp/cp_peer_b_751023/__reflog/server/__snapshot: :enoent, proceeding without lock
02:51:04.584 [warning] flock failed on /tmp/cp_peer_a_145377/__reflog/server/__snapshot: :enoent, proceeding without lock
02:51:04.587 [warning] flock failed on /tmp/cp_peer_a_145377/b_file.txt: :enoent, proceeding without lock
02:51:04.638 [warning] flock failed on /tmp/cp_peer_b_751023/a_file.txt: :enoent, proceeding without lock
.02:51:04.826 [warning] flock failed on /tmp/cp_peer_a_34761/__reflog/server/__snapshot: :enoent, proceeding without lock
02:51:04.840 [warning] flock failed on /tmp/cp_peer_b_280193/__reflog/server/__snapshot: :enoent, proceeding without lock
02:51:04.885 [warning] flock failed on /tmp/cp_peer_a_34761/from_b.txt: :enoent, proceeding without lock
..........................................................
Finished in 482.8 seconds (22.0s async, 460.8s sync)
5 doctests, 3294 tests, 0 failures, 12 excluded
==> commonplace_cli
Running ExUnit with seed: 101, max_cases: 8
Excluding tags: [:scale, :corpus]

.........................02:51:07.553 [error] local node self-trust was not added: node signing public-key artifact is absent — continuing with configured trusted identities
02:51:07.556 [error] local node self-trust was not added: node signing public-key artifact is absent — continuing with configured trusted identities
.02:51:07.581 [error] local node self-trust was not added: node signing public-key artifact is absent — continuing with configured trusted identities
02:51:07.586 [error] local node self-trust was not added: node signing public-key artifact is absent — continuing with configured trusted identities
.02:51:07.606 [error] local node self-trust was not added: node signing public-key artifact is absent — continuing with configured trusted identities
02:51:07.609 [error] local node self-trust was not added: node signing public-key artifact is absent — continuing with configured trusted identities
.02:51:07.630 [error] local node self-trust was not added: node signing public-key artifact is absent — continuing with configured trusted identities
02:51:07.636 [error] local node self-trust was not added: node signing public-key artifact is absent — continuing with configured trusted identities
02:51:07.640 [error] local node self-trust was not added: node signing public-key artifact is absent — continuing with configured trusted identities
02:51:07.644 [error] local node self-trust was not added: node signing public-key artifact is absent — continuing with configured trusted identities
.02:51:07.665 [error] local node self-trust was not added: node signing public-key artifact is absent — continuing with configured trusted identities
02:51:07.671 [error] local node self-trust was not added: node signing public-key artifact is absent — continuing with configured trusted identities
02:51:07.676 [error] local node self-trust was not added: node signing public-key artifact is absent — continuing with configured trusted identities
02:51:07.681 [error] local node self-trust was not added: node signing public-key artifact is absent — continuing with configured trusted identities
02:51:07.685 [error] local node self-trust was not added: node signing public-key artifact is absent — continuing with configured trusted identities
.02:51:07.725 [error] local node self-trust was not added: node signing public-key artifact is absent — continuing with configured trusted identities
02:51:07.735 [error] local node self-trust was not added: node signing public-key artifact is absent — continuing with configured trusted identities
02:51:07.741 [error] local node self-trust was not added: node signing public-key artifact is absent — continuing with configured trusted identities
.02:51:07.762 [error] local node self-trust was not added: node signing public-key artifact is absent — continuing with configured trusted identities
.02:51:07.791 [error] local node self-trust was not added: node signing public-key artifact is absent — continuing with configured trusted identities
02:51:07.796 [error] local node self-trust was not added: node signing public-key artifact is absent — continuing with configured trusted identities
02:51:07.800 [error] local node self-trust was not added: node signing public-key artifact is absent — continuing with configured trusted identities
02:51:07.806 [error] local node self-trust was not added: node signing public-key artifact is absent — continuing with configured trusted identities
.02:51:07.839 [error] local node self-trust was not added: node signing public-key artifact is absent — continuing with configured trusted identities
..02:51:07.884 [error] local node self-trust was not added: node signing public-key artifact is absent — continuing with configured trusted identities
.02:51:07.899 [error] local node self-trust was not added: node signing public-key artifact is absent — continuing with configured trusted identities
.02:51:07.927 [error] local node self-trust was not added: node signing public-key artifact is absent — continuing with configured trusted identities
.02:51:07.960 [error] local node self-trust was not added: node signing public-key artifact is absent — continuing with configured trusted identities
...............02:51:08.323 [error] local node self-trust was not added: node signing public-key artifact is absent — continuing with configured trusted identities
.02:51:08.342 [error] local node self-trust was not added: node signing public-key artifact is absent — continuing with configured trusted identities
.02:51:08.364 [error] local node self-trust was not added: node signing public-key artifact is absent — continuing with configured trusted identities
..02:51:08.470 [error] local node self-trust was not added: node signing public-key artifact is absent — continuing with configured trusted identities
.02:51:08.607 [error] local node self-trust was not added: node signing public-key artifact is absent — continuing with configured trusted identities
.02:51:08.740 [error] local node self-trust was not added: node signing public-key artifact is absent — continuing with configured trusted identities
02:51:08.847 [error] local node self-trust was not added: node signing public-key artifact is absent — continuing with configured trusted identities
.02:51:08.989 [error] local node self-trust was not added: node signing public-key artifact is absent — continuing with configured trusted identities
......02:51:09.307 [error] local node self-trust was not added: node signing public-key artifact is absent — continuing with configured trusted identities
.02:51:09.384 [error] local node self-trust was not added: node signing public-key artifact is absent — continuing with configured trusted identities
02:51:09.395 [error] local node self-trust was not added: node signing public-key artifact is absent — continuing with configured trusted identities
02:51:09.398 [error] local node self-trust was not added: node signing public-key artifact is absent — continuing with configured trusted identities
02:51:09.400 [error] local node self-trust was not added: node signing public-key artifact is absent — continuing with configured trusted identities
02:51:09.404 [error] local node self-trust was not added: node signing public-key artifact is absent — continuing with configured trusted identities
.02:51:09.464 [error] local node self-trust was not added: node signing public-key artifact is absent — continuing with configured trusted identities
02:51:09.466 [error] local node self-trust was not added: node signing public-key artifact is absent — continuing with configured trusted identities
02:51:09.469 [error] local node self-trust was not added: node signing public-key artifact is absent — continuing with configured trusted identities
02:51:09.472 [error] local node self-trust was not added: node signing public-key artifact is absent — continuing with configured trusted identities
.02:51:09.530 [error] local node self-trust was not added: node signing public-key artifact is absent — continuing with configured trusted identities
02:51:09.536 [error] local node self-trust was not added: node signing public-key artifact is absent — continuing with configured trusted identities
02:51:09.539 [error] local node self-trust was not added: node signing public-key artifact is absent — continuing with configured trusted identities
.02:51:09.596 [error] local node self-trust was not added: node signing public-key artifact is absent — continuing with configured trusted identities
02:51:09.600 [error] local node self-trust was not added: node signing public-key artifact is absent — continuing with configured trusted identities
02:51:09.606 [error] local node self-trust was not added: node signing public-key artifact is absent — continuing with configured trusted identities
02:51:09.610 [error] local node self-trust was not added: node signing public-key artifact is absent — continuing with configured trusted identities
02:51:09.614 [error] local node self-trust was not added: node signing public-key artifact is absent — continuing with configured trusted identities
02:51:09.616 [error] local node self-trust was not added: node signing public-key artifact is absent — continuing with configured trusted identities
02:51:09.619 [error] local node self-trust was not added: node signing public-key artifact is absent — continuing with configured trusted identities
02:51:09.628 [error] local node self-trust was not added: node signing public-key artifact is absent — continuing with configured trusted identities
.02:51:09.696 [error] local node self-trust was not added: node signing public-key artifact is absent — continuing with configured trusted identities
.02:51:09.739 [error] local node self-trust was not added: node signing public-key artifact is absent — continuing with configured trusted identities
02:51:09.746 [error] local node self-trust was not added: node signing public-key artifact is absent — continuing with configured trusted identities
02:51:09.752 [error] local node self-trust was not added: node signing public-key artifact is absent — continuing with configured trusted identities
02:51:09.755 [error] local node self-trust was not added: node signing public-key artifact is absent — continuing with configured trusted identities
02:51:09.757 [error] local node self-trust was not added: node signing public-key artifact is absent — continuing with configured trusted identities
02:51:09.767 [error] local node self-trust was not added: node signing public-key artifact is absent — continuing with configured trusted identities
02:51:09.777 [error] local node self-trust was not added: node signing public-key artifact is absent — continuing with configured trusted identities
02:51:09.784 [error] local node self-trust was not added: node signing public-key artifact is absent — continuing with configured trusted identities
02:51:09.790 [error] local node self-trust was not added: node signing public-key artifact is absent — continuing with configured trusted identities
02:51:09.794 [warning] flock failed on /tmp/cp_rt_out_888955/docs/examples/hello.txt: :enoent, proceeding without lock
02:51:09.800 [warning] flock failed on /tmp/cp_rt_out_888955/docs/guide.txt: :enoent, proceeding without lock
02:51:09.803 [warning] flock failed on /tmp/cp_rt_out_888955/empty.txt: :enoent, proceeding without lock
02:51:09.806 [warning] flock failed on /tmp/cp_rt_out_888955/readme.txt: :enoent, proceeding without lock
.02:51:09.870 [error] local node self-trust was not added: node signing public-key artifact is absent — continuing with configured trusted identities
02:51:09.876 [error] local node self-trust was not added: node signing public-key artifact is absent — continuing with configured trusted identities
02:51:09.884 [error] local node self-trust was not added: node signing public-key artifact is absent — continuing with configured trusted identities
02:51:09.896 [warning] flock failed on /tmp/cp_rt_out_635436/special.txt: :enoent, proceeding without lock
.02:51:09.928 [error] local node self-trust was not added: node signing public-key artifact is absent — continuing with configured trusted identities
02:51:09.939 [error] local node self-trust was not added: node signing public-key artifact is absent — continuing with configured trusted identities
02:51:09.942 [error] local node self-trust was not added: node signing public-key artifact is absent — continuing with configured trusted identities
02:51:09.958 [error] local node self-trust was not added: node signing public-key artifact is absent — continuing with configured trusted identities
.02:51:09.970 [error] local node self-trust was not added: node signing public-key artifact is absent — continuing with configured trusted identities
02:51:09.973 [error] local node self-trust was not added: node signing public-key artifact is absent — continuing with configured trusted identities
02:51:09.977 [error] local node self-trust was not added: node signing public-key artifact is absent — continuing with configured trusted identities
.02:51:09.989 [error] local node self-trust was not added: node signing public-key artifact is absent — continuing with configured trusted identities
02:51:09.995 [error] local node self-trust was not added: node signing public-key artifact is absent — continuing with configured trusted identities
02:51:10.008 [error] local node self-trust was not added: node signing public-key artifact is absent — continuing with configured trusted identities
02:51:10.016 [error] local node self-trust was not added: node signing public-key artifact is absent — continuing with configured trusted identities
.02:51:10.052 [error] local node self-trust was not added: node signing public-key artifact is absent — continuing with configured trusted identities
02:51:10.055 [error] local node self-trust was not added: node signing public-key artifact is absent — continuing with configured trusted identities
02:51:10.058 [error] local node self-trust was not added: node signing public-key artifact is absent — continuing with configured trusted identities
02:51:10.067 [error] local node self-trust was not added: node signing public-key artifact is absent — continuing with configured trusted identities
02:51:10.073 [error] local node self-trust was not added: node signing public-key artifact is absent — continuing with configured trusted identities
02:51:10.076 [error] local node self-trust was not added: node signing public-key artifact is absent — continuing with configured trusted identities
02:51:10.083 [error] local node self-trust was not added: node signing public-key artifact is absent — continuing with configured trusted identities
Re-rooted: uuid-root → uuid-main
Exporting from new root...
Done.
.02:51:10.168 [error] local node self-trust was not added: node signing public-key artifact is absent — continuing with configured trusted identities
02:51:10.177 [error] local node self-trust was not added: node signing public-key artifact is absent — continuing with configured trusted identities
02:51:10.180 [error] local node self-trust was not added: node signing public-key artifact is absent — continuing with configured trusted identities
02:51:10.183 [error] local node self-trust was not added: node signing public-key artifact is absent — continuing with configured trusted identities
02:51:10.196 [error] local node self-trust was not added: node signing public-key artifact is absent — continuing with configured trusted identities
02:51:10.209 [error] local node self-trust was not added: node signing public-key artifact is absent — continuing with configured trusted identities
02:51:10.215 [error] local node self-trust was not added: node signing public-key artifact is absent — continuing with configured trusted identities
Current root: uuid-root
.02:51:10.280 [error] local node self-trust was not added: node signing public-key artifact is absent — continuing with configured trusted identities
02:51:10.284 [error] local node self-trust was not added: node signing public-key artifact is absent — continuing with configured trusted identities
02:51:10.286 [error] local node self-trust was not added: node signing public-key artifact is absent — continuing with configured trusted identities
02:51:10.290 [error] local node self-trust was not added: node signing public-key artifact is absent — continuing with configured trusted identities
02:51:10.293 [error] local node self-trust was not added: node signing public-key artifact is absent — continuing with configured trusted identities
02:51:10.297 [error] local node self-trust was not added: node signing public-key artifact is absent — continuing with configured trusted identities
02:51:10.307 [error] local node self-trust was not added: node signing public-key artifact is absent — continuing with configured trusted identities
02:51:10.319 [warning] flock failed on /tmp/cp_checkout_sync_966971/feature.txt: :enoent, proceeding without lock
.02:51:10.375 [error] local node self-trust was not added: node signing public-key artifact is absent — continuing with configured trusted identities
02:51:10.379 [error] local node self-trust was not added: node signing public-key artifact is absent — continuing with configured trusted identities
02:51:10.382 [error] local node self-trust was not added: node signing public-key artifact is absent — continuing with configured trusted identities
02:51:10.384 [error] local node self-trust was not added: node signing public-key artifact is absent — continuing with configured trusted identities
02:51:10.387 [error] local node self-trust was not added: node signing public-key artifact is absent — continuing with configured trusted identities
02:51:10.396 [error] local node self-trust was not added: node signing public-key artifact is absent — continuing with configured trusted identities
02:51:10.401 [error] local node self-trust was not added: node signing public-key artifact is absent — continuing with configured trusted identities
02:51:10.425 [warning] flock failed on /tmp/cp_checkout_sync_811038/repos/myrepo/feature/feature.txt: :enoent, proceeding without lock
02:51:10.428 [warning] flock failed on /tmp/cp_checkout_sync_811038/repos/myrepo/main/readme.txt: :enoent, proceeding without lock
02:51:10.432 [warning] flock failed on /tmp/cp_checkout_sync_811038/readme.txt: :enoent, proceeding without lock
.02:51:10.513 [error] local node self-trust was not added: node signing public-key artifact is absent — continuing with configured trusted identities
02:51:10.521 [error] local node self-trust was not added: node signing public-key artifact is absent — continuing with configured trusted identities
02:51:10.525 [error] local node self-trust was not added: node signing public-key artifact is absent — continuing with configured trusted identities
02:51:10.530 [error] local node self-trust was not added: node signing public-key artifact is absent — continuing with configured trusted identities
02:51:10.542 [error] local node self-trust was not added: node signing public-key artifact is absent — continuing with configured trusted identities
02:51:10.545 [error] local node self-trust was not added: node signing public-key artifact is absent — continuing with configured trusted identities
02:51:10.552 [error] local node self-trust was not added: node signing public-key artifact is absent — continuing with configured trusted identities
.02:51:10.587 [error] local node self-trust was not added: node signing public-key artifact is absent — continuing with configured trusted identities
02:51:10.590 [error] local node self-trust was not added: node signing public-key artifact is absent — continuing with configured trusted identities
02:51:10.594 [error] local node self-trust was not added: node signing public-key artifact is absent — continuing with configured trusted identities
02:51:10.598 [error] local node self-trust was not added: node signing public-key artifact is absent — continuing with configured trusted identities
02:51:10.601 [error] local node self-trust was not added: node signing public-key artifact is absent — continuing with configured trusted identities
02:51:10.606 [error] local node self-trust was not added: node signing public-key artifact is absent — continuing with configured trusted identities
02:51:10.609 [error] local node self-trust was not added: node signing public-key artifact is absent — continuing with configured trusted identities
.02:51:10.626 [error] local node self-trust was not added: node signing public-key artifact is absent — continuing with configured trusted identities
.02:51:10.658 [error] local node self-trust was not added: node signing public-key artifact is absent — continuing with configured trusted identities
02:51:10.661 [error] local node self-trust was not added: node signing public-key artifact is absent — continuing with configured trusted identities
02:51:10.664 [error] local node self-trust was not added: node signing public-key artifact is absent — continuing with configured trusted identities
02:51:10.668 [error] local node self-trust was not added: node signing public-key artifact is absent — continuing with configured trusted identities
02:51:10.672 [error] local node self-trust was not added: node signing public-key artifact is absent — continuing with configured trusted identities
.02:51:10.687 [error] local node self-trust was not added: node signing public-key artifact is absent — continuing with configured trusted identities
02:51:10.698 [error] local node self-trust was not added: node signing public-key artifact is absent — continuing with configured trusted identities
02:51:10.707 [error] local node self-trust was not added: node signing public-key artifact is absent — continuing with configured trusted identities
02:51:10.712 [error] local node self-trust was not added: node signing public-key artifact is absent — continuing with configured trusted identities
02:51:10.716 [error] local node self-trust was not added: node signing public-key artifact is absent — continuing with configured trusted identities
02:51:10.720 [error] local node self-trust was not added: node signing public-key artifact is absent — continuing with configured trusted identities
02:51:10.730 [error] local node self-trust was not added: node signing public-key artifact is absent — continuing with configured trusted identities
....02:51:10.791 [error] local node self-trust was not added: node signing public-key artifact is absent — continuing with configured trusted identities
02:51:10.796 [error] local node self-trust was not added: node signing public-key artifact is absent — continuing with configured trusted identities
02:51:10.800 [error] local node self-trust was not added: node signing public-key artifact is absent — continuing with configured trusted identities
02:51:10.805 [error] local node self-trust was not added: node signing public-key artifact is absent — continuing with configured trusted identities
02:51:10.808 [error] local node self-trust was not added: node signing public-key artifact is absent — continuing with configured trusted identities
02:51:10.810 [error] local node self-trust was not added: node signing public-key artifact is absent — continuing with configured trusted identities
02:51:10.817 [error] local node self-trust was not added: node signing public-key artifact is absent — continuing with configured trusted identities
02:51:10.824 [error] local node self-trust was not added: node signing public-key artifact is absent — continuing with configured trusted identities
02:51:10.831 [error] local node self-trust was not added: node signing public-key artifact is absent — continuing with configured trusted identities
02:51:10.837 [error] local node self-trust was not added: node signing public-key artifact is absent — continuing with configured trusted identities
02:51:10.844 [error] local node self-trust was not added: node signing public-key artifact is absent — continuing with configured trusted identities
02:51:10.853 [warning] flock failed on /tmp/cp_sync_export_437478/new.txt: :enoent, proceeding without lock
02:51:10.855 [warning] flock failed on /tmp/cp_sync_export_437478/notes/todo.txt: :enoent, proceeding without lock
.02:51:10.905 [error] local node self-trust was not added: node signing public-key artifact is absent — continuing with configured trusted identities
02:51:10.911 [error] local node self-trust was not added: node signing public-key artifact is absent — continuing with configured trusted identities
02:51:10.914 [error] local node self-trust was not added: node signing public-key artifact is absent — continuing with configured trusted identities
02:51:10.917 [error] local node self-trust was not added: node signing public-key artifact is absent — continuing with configured trusted identities
02:51:10.921 [error] local node self-trust was not added: node signing public-key artifact is absent — continuing with configured trusted identities
02:51:10.924 [error] local node self-trust was not added: node signing public-key artifact is absent — continuing with configured trusted identities
02:51:10.926 [error] local node self-trust was not added: node signing public-key artifact is absent — continuing with configured trusted identities
02:51:10.947 [error] local node self-trust was not added: node signing public-key artifact is absent — continuing with configured trusted identities
02:51:10.952 [error] local node self-trust was not added: node signing public-key artifact is absent — continuing with configured trusted identities
02:51:10.957 [error] local node self-trust was not added: node signing public-key artifact is absent — continuing with configured trusted identities
.02:51:11.024 [error] local node self-trust was not added: node signing public-key artifact is absent — continuing with configured trusted identities
02:51:11.032 [error] local node self-trust was not added: node signing public-key artifact is absent — continuing with configured trusted identities
02:51:11.037 [error] local node self-trust was not added: node signing public-key artifact is absent — continuing with configured trusted identities
.02:51:11.097 [error] local node self-trust was not added: node signing public-key artifact is absent — continuing with configured trusted identities
02:51:11.108 [error] local node self-trust was not added: node signing public-key artifact is absent — continuing with configured trusted identities
02:51:11.112 [error] local node self-trust was not added: node signing public-key artifact is absent — continuing with configured trusted identities
.02:51:11.156 [error] local node self-trust was not added: node signing public-key artifact is absent — continuing with configured trusted identities
02:51:11.162 [error] local node self-trust was not added: node signing public-key artifact is absent — continuing with configured trusted identities
02:51:11.170 [error] local node self-trust was not added: node signing public-key artifact is absent — continuing with configured trusted identities
02:51:11.174 [error] local node self-trust was not added: node signing public-key artifact is absent — continuing with configured trusted identities
02:51:11.179 [error] local node self-trust was not added: node signing public-key artifact is absent — continuing with configured trusted identities
02:51:11.184 [error] local node self-trust was not added: node signing public-key artifact is absent — continuing with configured trusted identities
02:51:11.188 [error] local node self-trust was not added: node signing public-key artifact is absent — continuing with configured trusted identities
02:51:11.191 [error] local node self-trust was not added: node signing public-key artifact is absent — continuing with configured trusted identities
02:51:11.196 [error] local node self-trust was not added: node signing public-key artifact is absent — continuing with configured trusted identities
02:51:11.202 [error] local node self-trust was not added: node signing public-key artifact is absent — continuing with configured trusted identities
02:51:11.208 [error] local node self-trust was not added: node signing public-key artifact is absent — continuing with configured trusted identities
02:51:11.215 [error] local node self-trust was not added: node signing public-key artifact is absent — continuing with configured trusted identities
02:51:11.218 [error] local node self-trust was not added: node signing public-key artifact is absent — continuing with configured trusted identities
02:51:11.223 [error] local node self-trust was not added: node signing public-key artifact is absent — continuing with configured trusted identities
02:51:11.228 [error] local node self-trust was not added: node signing public-key artifact is absent — continuing with configured trusted identities
02:51:11.236 [error] local node self-trust was not added: node signing public-key artifact is absent — continuing with configured trusted identities
02:51:11.257 [error] local node self-trust was not added: node signing public-key artifact is absent — continuing with configured trusted identities
02:51:11.278 [error] local node self-trust was not added: node signing public-key artifact is absent — continuing with configured trusted identities
02:51:11.284 [error] local node self-trust was not added: node signing public-key artifact is absent — continuing with configured trusted identities
02:51:11.288 [error] local node self-trust was not added: node signing public-key artifact is absent — continuing with configured trusted identities
02:51:11.297 [error] local node self-trust was not added: node signing public-key artifact is absent — continuing with configured trusted identities
.02:51:11.318 [error] local node self-trust was not added: node signing public-key artifact is absent — continuing with configured trusted identities
.02:51:11.340 [error] local node self-trust was not added: node signing public-key artifact is absent — continuing with configured trusted identities
.02:51:11.369 [error] local node self-trust was not added: node signing public-key artifact is absent — continuing with configured trusted identities
02:51:11.373 [error] local node self-trust was not added: node signing public-key artifact is absent — continuing with configured trusted identities
02:51:11.380 [error] local node self-trust was not added: node signing public-key artifact is absent — continuing with configured trusted identities
02:51:11.383 [error] local node self-trust was not added: node signing public-key artifact is absent — continuing with configured trusted identities
02:51:11.387 [error] local node self-trust was not added: node signing public-key artifact is absent — continuing with configured trusted identities
02:51:11.397 [error] local node self-trust was not added: node signing public-key artifact is absent — continuing with configured trusted identities
02:51:11.402 [error] local node self-trust was not added: node signing public-key artifact is absent — continuing with configured trusted identities
02:51:11.405 [error] local node self-trust was not added: node signing public-key artifact is absent — continuing with configured trusted identities
02:51:11.410 [error] local node self-trust was not added: node signing public-key artifact is absent — continuing with configured trusted identities
02:51:11.415 [error] local node self-trust was not added: node signing public-key artifact is absent — continuing with configured trusted identities
02:51:11.427 [error] local node self-trust was not added: node signing public-key artifact is absent — continuing with configured trusted identities
.02:51:11.457 [error] local node self-trust was not added: node signing public-key artifact is absent — continuing with configured trusted identities
02:51:11.467 [error] local node self-trust was not added: node signing public-key artifact is absent — continuing with configured trusted identities
02:51:11.470 [error] local node self-trust was not added: node signing public-key artifact is absent — continuing with configured trusted identities
02:51:11.473 [error] local node self-trust was not added: node signing public-key artifact is absent — continuing with configured trusted identities
02:51:11.476 [error] local node self-trust was not added: node signing public-key artifact is absent — continuing with configured trusted identities
02:51:11.481 [error] local node self-trust was not added: node signing public-key artifact is absent — continuing with configured trusted identities
02:51:11.485 [error] local node self-trust was not added: node signing public-key artifact is absent — continuing with configured trusted identities
02:51:11.489 [error] local node self-trust was not added: node signing public-key artifact is absent — continuing with configured trusted identities
02:51:11.493 [error] local node self-trust was not added: node signing public-key artifact is absent — continuing with configured trusted identities
02:51:11.496 [error] local node self-trust was not added: node signing public-key artifact is absent — continuing with configured trusted identities
02:51:11.506 [error] local node self-trust was not added: node signing public-key artifact is absent — continuing with configured trusted identities
02:51:11.521 [error] local node self-trust was not added: node signing public-key artifact is absent — continuing with configured trusted identities
02:51:11.525 [error] local node self-trust was not added: node signing public-key artifact is absent — continuing with configured trusted identities
02:51:11.536 [error] local node self-trust was not added: node signing public-key artifact is absent — continuing with configured trusted identities
02:51:11.543 [error] local node self-trust was not added: node signing public-key artifact is absent — continuing with configured trusted identities
02:51:11.549 [error] local node self-trust was not added: node signing public-key artifact is absent — continuing with configured trusted identities
.02:51:11.570 [error] local node self-trust was not added: node signing public-key artifact is absent — continuing with configured trusted identities
.02:51:11.596 [error] local node self-trust was not added: node signing public-key artifact is absent — continuing with configured trusted identities
02:51:11.604 [error] local node self-trust was not added: node signing public-key artifact is absent — continuing with configured trusted identities
02:51:11.609 [error] local node self-trust was not added: node signing public-key artifact is absent — continuing with configured trusted identities
02:51:11.619 [error] local node self-trust was not added: node signing public-key artifact is absent — continuing with configured trusted identities
02:51:11.622 [error] local node self-trust was not added: node signing public-key artifact is absent — continuing with configured trusted identities
02:51:11.625 [error] local node self-trust was not added: node signing public-key artifact is absent — continuing with configured trusted identities
02:51:11.628 [error] local node self-trust was not added: node signing public-key artifact is absent — continuing with configured trusted identities
02:51:11.631 [error] local node self-trust was not added: node signing public-key artifact is absent — continuing with configured trusted identities
02:51:11.636 [error] local node self-trust was not added: node signing public-key artifact is absent — continuing with configured trusted identities
02:51:11.645 [error] local node self-trust was not added: node signing public-key artifact is absent — continuing with configured trusted identities
02:51:11.652 [error] local node self-trust was not added: node signing public-key artifact is absent — continuing with configured trusted identities
02:51:11.657 [error] local node self-trust was not added: node signing public-key artifact is absent — continuing with configured trusted identities
02:51:11.662 [error] local node self-trust was not added: node signing public-key artifact is absent — continuing with configured trusted identities
02:51:11.665 [error] local node self-trust was not added: node signing public-key artifact is absent — continuing with configured trusted identities
02:51:11.668 [error] local node self-trust was not added: node signing public-key artifact is absent — continuing with configured trusted identities
02:51:11.687 [error] local node self-trust was not added: node signing public-key artifact is absent — continuing with configured trusted identities
02:51:11.695 [error] local node self-trust was not added: node signing public-key artifact is absent — continuing with configured trusted identities
02:51:11.703 [error] local node self-trust was not added: node signing public-key artifact is absent — continuing with configured trusted identities
02:51:11.708 [error] local node self-trust was not added: node signing public-key artifact is absent — continuing with configured trusted identities
02:51:11.712 [error] local node self-trust was not added: node signing public-key artifact is absent — continuing with configured trusted identities
02:51:11.721 [error] local node self-trust was not added: node signing public-key artifact is absent — continuing with configured trusted identities
02:51:11.742 [error] local node self-trust was not added: node signing public-key artifact is absent — continuing with configured trusted identities
.02:51:11.769 [error] local node self-trust was not added: node signing public-key artifact is absent — continuing with configured trusted identities
.02:51:11.797 [error] local node self-trust was not added: node signing public-key artifact is absent — continuing with configured trusted identities
.
Finished in 5.2 seconds (0.9s async, 4.2s sync)
102 tests, 0 failures
==> commonplace_bots
Running ExUnit with seed: 101, max_cases: 8
Excluding tags: [:scale, :corpus]

....02:51:13.895 [warning] TelegramBridge.Transport.Telegram: transport error — RuntimeError
.02:51:13.905 [warning] TelegramBridge.Transport.Telegram: sendMessage failed, HTTP 400
.02:51:13.919 [warning] TelegramBridge.Transport.Telegram: sendMessage failed, HTTP 500
.02:51:13.922 [warning] TelegramBridge.Transport.Telegram: 429 rate limited (retry_after=nil)
..02:51:13.936 [warning] TelegramBridge.Transport.Telegram: 429 rate limited (retry_after=7)
.02:51:13.946 [warning] TelegramBridge.Transport.Telegram: sendMessage failed, HTTP 500
.02:51:13.953 [warning] TelegramBridge.Transport.Telegram: transport error — RuntimeError
..02:51:14.421 [warning] TelegramBridge.Poller: 429 rate limited — backing off 0ms
....02:51:14.446 [warning] TelegramBridge.Poller: 409 Conflict (another poller active) — backing off
..02:51:14.479 [warning] TelegramBridge.Poller: transport error — {RuntimeError, "boom"}
..........02:51:15.234 [error] local node self-trust was not added: node signing public-key artifact is absent — continuing with configured trusted identities
02:51:15.238 [error] local node self-trust was not added: node signing public-key artifact is absent — continuing with configured trusted identities
02:51:15.241 [error] local node self-trust was not added: node signing public-key artifact is absent — continuing with configured trusted identities
02:51:15.245 [error] local node self-trust was not added: node signing public-key artifact is absent — continuing with configured trusted identities
02:51:15.248 [error] local node self-trust was not added: node signing public-key artifact is absent — continuing with configured trusted identities
02:51:15.252 [error] local node self-trust was not added: node signing public-key artifact is absent — continuing with configured trusted identities
02:51:15.258 [error] local node self-trust was not added: node signing public-key artifact is absent — continuing with configured trusted identities
02:51:15.265 [error] local node self-trust was not added: node signing public-key artifact is absent — continuing with configured trusted identities
.02:51:15.284 [error] local node self-trust was not added: node signing public-key artifact is absent — continuing with configured trusted identities
02:51:15.288 [error] local node self-trust was not added: node signing public-key artifact is absent — continuing with configured trusted identities
02:51:15.292 [error] local node self-trust was not added: node signing public-key artifact is absent — continuing with configured trusted identities
02:51:15.296 [error] local node self-trust was not added: node signing public-key artifact is absent — continuing with configured trusted identities
02:51:15.300 [error] local node self-trust was not added: node signing public-key artifact is absent — continuing with configured trusted identities
02:51:15.303 [error] local node self-trust was not added: node signing public-key artifact is absent — continuing with configured trusted identities
02:51:15.309 [error] local node self-trust was not added: node signing public-key artifact is absent — continuing with configured trusted identities
02:51:15.313 [error] local node self-trust was not added: node signing public-key artifact is absent — continuing with configured trusted identities
02:51:15.313 [warning] CommitStore: local write DENIED by trust gate (enforce) doc_uuid=025802ba-5473-4bad-a3fb-0b800d7206a3 commit_id=e74b57c653486528d3c05e1e4056e5bd56d0ebafcf9660db3666383de111058b reason={:untrusted_signer, "5aab203d-0422-46ef-84a9-9ad8a57b03ce"}
.....02:51:15.996 [error] local node self-trust was not added: node signing public-key artifact is absent — continuing with configured trusted identities
02:51:15.999 [error] local node self-trust was not added: node signing public-key artifact is absent — continuing with configured trusted identities
02:51:16.001 [error] local node self-trust was not added: node signing public-key artifact is absent — continuing with configured trusted identities
02:51:16.005 [error] local node self-trust was not added: node signing public-key artifact is absent — continuing with configured trusted identities
02:51:16.007 [error] local node self-trust was not added: node signing public-key artifact is absent — continuing with configured trusted identities
02:51:16.011 [warning] Commonplace.Bots.Worker.Perception: nil-degrade bot=alice reason=:no_mud_ctx
02:51:16.012 [error] local node self-trust was not added: node signing public-key artifact is absent — continuing with configured trusted identities
.02:51:16.023 [error] local node self-trust was not added: node signing public-key artifact is absent — continuing with configured trusted identities
02:51:16.025 [error] local node self-trust was not added: node signing public-key artifact is absent — continuing with configured trusted identities
02:51:16.029 [error] local node self-trust was not added: node signing public-key artifact is absent — continuing with configured trusted identities
02:51:16.032 [error] local node self-trust was not added: node signing public-key artifact is absent — continuing with configured trusted identities
02:51:16.035 [warning] Commonplace.Bots.Worker.Perception: nil-degrade bot=alice reason=:no_mud_ctx
.02:51:16.043 [error] local node self-trust was not added: node signing public-key artifact is absent — continuing with configured trusted identities
02:51:16.046 [error] local node self-trust was not added: node signing public-key artifact is absent — continuing with configured trusted identities
02:51:16.049 [error] local node self-trust was not added: node signing public-key artifact is absent — continuing with configured trusted identities
02:51:16.052 [error] local node self-trust was not added: node signing public-key artifact is absent — continuing with configured trusted identities
02:51:16.054 [error] local node self-trust was not added: node signing public-key artifact is absent — continuing with configured trusted identities
02:51:16.058 [warning] Commonplace.Bots.Worker.Perception: nil-degrade bot=alice reason=:no_mud_ctx
02:51:16.059 [error] local node self-trust was not added: node signing public-key artifact is absent — continuing with configured trusted identities
.02:51:16.070 [error] local node self-trust was not added: node signing public-key artifact is absent — continuing with configured trusted identities
02:51:16.073 [error] local node self-trust was not added: node signing public-key artifact is absent — continuing with configured trusted identities
02:51:16.076 [error] local node self-trust was not added: node signing public-key artifact is absent — continuing with configured trusted identities
02:51:16.079 [error] local node self-trust was not added: node signing public-key artifact is absent — continuing with configured trusted identities
02:51:16.082 [error] local node self-trust was not added: node signing public-key artifact is absent — continuing with configured trusted identities
02:51:16.086 [error] local node self-trust was not added: node signing public-key artifact is absent — continuing with configured trusted identities
02:51:16.089 [warning] Commonplace.Bots.Worker.Perception: nil-degrade bot=alice reason=:no_mud_ctx
02:51:16.089 [error] local node self-trust was not added: node signing public-key artifact is absent — continuing with configured trusted identities
.02:51:16.100 [error] local node self-trust was not added: node signing public-key artifact is absent — continuing with configured trusted identities
02:51:16.103 [error] local node self-trust was not added: node signing public-key artifact is absent — continuing with configured trusted identities
02:51:16.107 [error] local node self-trust was not added: node signing public-key artifact is absent — continuing with configured trusted identities
02:51:16.110 [error] local node self-trust was not added: node signing public-key artifact is absent — continuing with configured trusted identities
02:51:16.113 [error] local node self-trust was not added: node signing public-key artifact is absent — continuing with configured trusted identities
02:51:16.119 [error] local node self-trust was not added: node signing public-key artifact is absent — continuing with configured trusted identities
02:51:16.122 [error] local node self-trust was not added: node signing public-key artifact is absent — continuing with configured trusted identities
02:51:16.125 [error] local node self-trust was not added: node signing public-key artifact is absent — continuing with configured trusted identities
02:51:16.128 [error] local node self-trust was not added: node signing public-key artifact is absent — continuing with configured trusted identities
02:51:16.130 [error] local node self-trust was not added: node signing public-key artifact is absent — continuing with configured trusted identities
02:51:16.132 [error] local node self-trust was not added: node signing public-key artifact is absent — continuing with configured trusted identities
02:51:16.181 [warning] Commonplace.Bots.Worker.Perception: nil-degrade bot=alice reason=:no_mud_ctx
02:51:16.183 [warning] CommitStore: local write DENIED by trust gate (enforce) doc_uuid=930845fa-1127-4393-beb9-cc47e8cbd1da commit_id=dc79c94c454902ea4471ee29bf5dc254430f0a5606bee7478130c7ed7d1059b9 reason={:untrusted_signer, "e8544e12-5e8e-4417-aa9f-09f9c03e9b27"}
.02:51:16.292 [error] local node self-trust was not added: node signing public-key artifact is absent — continuing with configured trusted identities
02:51:16.295 [error] local node self-trust was not added: node signing public-key artifact is absent — continuing with configured trusted identities
02:51:16.298 [error] local node self-trust was not added: node signing public-key artifact is absent — continuing with configured trusted identities
02:51:16.300 [error] local node self-trust was not added: node signing public-key artifact is absent — continuing with configured trusted identities
02:51:16.303 [error] local node self-trust was not added: node signing public-key artifact is absent — continuing with configured trusted identities
02:51:16.306 [warning] Commonplace.Bots.Worker.Perception: nil-degrade bot=alice reason=:no_mud_ctx
02:51:16.306 [error] local node self-trust was not added: node signing public-key artifact is absent — continuing with configured trusted identities
02:51:16.308 [warning] Commonplace.Bots.Worker.Perception: nil-degrade bot=alice reason=:no_mud_ctx
02:51:16.309 [error] local node self-trust was not added: node signing public-key artifact is absent — continuing with configured trusted identities
.02:51:16.317 [error] local node self-trust was not added: node signing public-key artifact is absent — continuing with configured trusted identities
02:51:16.321 [error] local node self-trust was not added: node signing public-key artifact is absent — continuing with configured trusted identities
02:51:16.324 [error] local node self-trust was not added: node signing public-key artifact is absent — continuing with configured trusted identities
02:51:16.326 [error] local node self-trust was not added: node signing public-key artifact is absent — continuing with configured trusted identities
02:51:16.329 [error] local node self-trust was not added: node signing public-key artifact is absent — continuing with configured trusted identities
02:51:16.339 [error] local node self-trust was not added: node signing public-key artifact is absent — continuing with configured trusted identities
02:51:16.344 [error] local node self-trust was not added: node signing public-key artifact is absent — continuing with configured trusted identities
02:51:16.348 [error] local node self-trust was not added: node signing public-key artifact is absent — continuing with configured trusted identities
02:51:16.350 [error] local node self-trust was not added: node signing public-key artifact is absent — continuing with configured trusted identities
02:51:16.352 [error] local node self-trust was not added: node signing public-key artifact is absent — continuing with configured trusted identities
02:51:16.354 [error] local node self-trust was not added: node signing public-key artifact is absent — continuing with configured trusted identities
02:51:16.394 [warning] Commonplace.Bots.Worker.Perception: nil-degrade bot=alice reason=:no_mud_ctx
.02:51:16.406 [error] local node self-trust was not added: node signing public-key artifact is absent — continuing with configured trusted identities
02:51:16.408 [error] local node self-trust was not added: node signing public-key artifact is absent — continuing with configured trusted identities
02:51:16.410 [error] local node self-trust was not added: node signing public-key artifact is absent — continuing with configured trusted identities
02:51:16.413 [error] local node self-trust was not added: node signing public-key artifact is absent — continuing with configured trusted identities
02:51:16.415 [error] local node self-trust was not added: node signing public-key artifact is absent — continuing with configured trusted identities
02:51:16.417 [error] local node self-trust was not added: node signing public-key artifact is absent — continuing with configured trusted identities
.02:51:16.471 [error] local node self-trust was not added: node signing public-key artifact is absent — continuing with configured trusted identities
02:51:16.473 [error] local node self-trust was not added: node signing public-key artifact is absent — continuing with configured trusted identities
02:51:16.476 [error] local node self-trust was not added: node signing public-key artifact is absent — continuing with configured trusted identities
02:51:16.478 [error] local node self-trust was not added: node signing public-key artifact is absent — continuing with configured trusted identities
02:51:16.481 [error] local node self-trust was not added: node signing public-key artifact is absent — continuing with configured trusted identities
02:51:16.484 [warning] Commonplace.Bots.Worker.Perception: nil-degrade bot=alice reason=:no_mud_ctx
02:51:16.485 [error] local node self-trust was not added: node signing public-key artifact is absent — continuing with configured trusted identities
02:51:16.487 [warning] Commonplace.Bots.Worker.Perception: nil-degrade bot=alice reason=:no_mud_ctx
02:51:16.488 [error] local node self-trust was not added: node signing public-key artifact is absent — continuing with configured trusted identities
02:51:16.491 [warning] Commonplace.Bots.Worker.Perception: nil-degrade bot=alice reason=:no_mud_ctx
02:51:16.493 [error] local node self-trust was not added: node signing public-key artifact is absent — continuing with configured trusted identities
.02:51:16.502 [error] local node self-trust was not added: node signing public-key artifact is absent — continuing with configured trusted identities
02:51:16.505 [error] local node self-trust was not added: node signing public-key artifact is absent — continuing with configured trusted identities
02:51:16.507 [error] local node self-trust was not added: node signing public-key artifact is absent — continuing with configured trusted identities
02:51:16.509 [error] local node self-trust was not added: node signing public-key artifact is absent — continuing with configured trusted identities
.02:51:16.523 [error] local node self-trust was not added: node signing public-key artifact is absent — continuing with configured trusted identities
.02:51:16.533 [error] local node self-trust was not added: node signing public-key artifact is absent — continuing with configured trusted identities
02:51:16.536 [error] local node self-trust was not added: node signing public-key artifact is absent — continuing with configured trusted identities
02:51:16.540 [error] local node self-trust was not added: node signing public-key artifact is absent — continuing with configured trusted identities
02:51:16.543 [error] local node self-trust was not added: node signing public-key artifact is absent — continuing with configured trusted identities
.02:51:16.563 [error] local node self-trust was not added: node signing public-key artifact is absent — continuing with configured trusted identities
02:51:16.566 [error] local node self-trust was not added: node signing public-key artifact is absent — continuing with configured trusted identities
02:51:16.570 [error] local node self-trust was not added: node signing public-key artifact is absent — continuing with configured trusted identities
02:51:16.573 [error] local node self-trust was not added: node signing public-key artifact is absent — continuing with configured trusted identities
02:51:16.582 [error] local node self-trust was not added: node signing public-key artifact is absent — continuing with configured trusted identities
02:51:16.586 [error] local node self-trust was not added: node signing public-key artifact is absent — continuing with configured trusted identities
02:51:16.590 [error] local node self-trust was not added: node signing public-key artifact is absent — continuing with configured trusted identities
02:51:16.593 [error] local node self-trust was not added: node signing public-key artifact is absent — continuing with configured trusted identities
.02:51:16.619 [error] local node self-trust was not added: node signing public-key artifact is absent — continuing with configured trusted identities
02:51:16.622 [error] local node self-trust was not added: node signing public-key artifact is absent — continuing with configured trusted identities
02:51:16.624 [error] local node self-trust was not added: node signing public-key artifact is absent — continuing with configured trusted identities
02:51:16.626 [error] local node self-trust was not added: node signing public-key artifact is absent — continuing with configured trusted identities
02:51:16.628 [error] local node self-trust was not added: node signing public-key artifact is absent — continuing with configured trusted identities
.02:51:16.639 [error] local node self-trust was not added: node signing public-key artifact is absent — continuing with configured trusted identities
02:51:16.641 [error] local node self-trust was not added: node signing public-key artifact is absent — continuing with configured trusted identities
02:51:16.644 [error] local node self-trust was not added: node signing public-key artifact is absent — continuing with configured trusted identities
02:51:16.646 [error] local node self-trust was not added: node signing public-key artifact is absent — continuing with configured trusted identities
02:51:16.648 [error] local node self-trust was not added: node signing public-key artifact is absent — continuing with configured trusted identities
02:51:16.651 [error] local node self-trust was not added: node signing public-key artifact is absent — continuing with configured trusted identities
02:51:16.653 [error] local node self-trust was not added: node signing public-key artifact is absent — continuing with configured trusted identities
02:51:16.656 [error] local node self-trust was not added: node signing public-key artifact is absent — continuing with configured trusted identities
02:51:16.660 [error] local node self-trust was not added: node signing public-key artifact is absent — continuing with configured trusted identities
02:51:16.666 [error] local node self-trust was not added: node signing public-key artifact is absent — continuing with configured trusted identities
02:51:16.669 [error] local node self-trust was not added: node signing public-key artifact is absent — continuing with configured trusted identities
02:51:16.673 [error] local node self-trust was not added: node signing public-key artifact is absent — continuing with configured trusted identities
.02:51:16.688 [error] local node self-trust was not added: node signing public-key artifact is absent — continuing with configured trusted identities
02:51:16.691 [error] local node self-trust was not added: node signing public-key artifact is absent — continuing with configured trusted identities
02:51:16.693 [error] local node self-trust was not added: node signing public-key artifact is absent — continuing with configured trusted identities
02:51:16.696 [error] local node self-trust was not added: node signing public-key artifact is absent — continuing with configured trusted identities
02:51:16.699 [error] local node self-trust was not added: node signing public-key artifact is absent — continuing with configured trusted identities
.02:51:16.715 [error] local node self-trust was not added: node signing public-key artifact is absent — continuing with configured trusted identities
02:51:16.718 [error] local node self-trust was not added: node signing public-key artifact is absent — continuing with configured trusted identities
02:51:16.721 [error] local node self-trust was not added: node signing public-key artifact is absent — continuing with configured trusted identities
02:51:16.724 [error] local node self-trust was not added: node signing public-key artifact is absent — continuing with configured trusted identities
.02:51:16.822 [warning] Commonplace.Bots.Worker.Perception: nil-degrade bot=alice reason=:no_mud_ctx
.02:51:16.920 [warning] Commonplace.Bots.Worker.Perception: nil-degrade bot=alice reason=:no_mud_ctx
.02:51:17.016 [warning] Commonplace.Bots.Worker.Perception: nil-degrade bot=alice reason=:no_mud_ctx
.02:51:17.041 [error] local node self-trust was not added: node signing public-key artifact is absent — continuing with configured trusted identities
02:51:17.044 [error] local node self-trust was not added: node signing public-key artifact is absent — continuing with configured trusted identities
02:51:17.046 [error] local node self-trust was not added: node signing public-key artifact is absent — continuing with configured trusted identities
.02:51:17.055 [error] local node self-trust was not added: node signing public-key artifact is absent — continuing with configured trusted identities
02:51:17.057 [error] local node self-trust was not added: node signing public-key artifact is absent — continuing with configured trusted identities
02:51:17.059 [error] local node self-trust was not added: node signing public-key artifact is absent — continuing with configured trusted identities
02:51:17.062 [error] local node self-trust was not added: node signing public-key artifact is absent — continuing with configured trusted identities
02:51:17.064 [error] local node self-trust was not added: node signing public-key artifact is absent — continuing with configured trusted identities
.02:51:17.075 [error] local node self-trust was not added: node signing public-key artifact is absent — continuing with configured trusted identities
02:51:17.078 [error] local node self-trust was not added: node signing public-key artifact is absent — continuing with configured trusted identities
02:51:17.082 [error] local node self-trust was not added: node signing public-key artifact is absent — continuing with configured trusted identities
02:51:17.087 [error] local node self-trust was not added: node signing public-key artifact is absent — continuing with configured trusted identities
.02:51:17.097 [error] local node self-trust was not added: node signing public-key artifact is absent — continuing with configured trusted identities
02:51:17.100 [error] local node self-trust was not added: node signing public-key artifact is absent — continuing with configured trusted identities
02:51:17.102 [error] local node self-trust was not added: node signing public-key artifact is absent — continuing with configured trusted identities
.02:51:17.106 [warning] Commonplace.Bots.Worker.Perception: nil-degrade bot=camillo reason=:no_mud_ctx
..02:51:17.308 [warning] Commonplace.Bots.Worker.Perception: nil-degrade bot=camillo reason=:no_mud_ctx
.......02:51:18.892 [error] local node self-trust was not added: node signing public-key artifact is absent — continuing with configured trusted identities
02:51:18.895 [error] local node self-trust was not added: node signing public-key artifact is absent — continuing with configured trusted identities
02:51:18.897 [error] local node self-trust was not added: node signing public-key artifact is absent — continuing with configured trusted identities
02:51:18.899 [error] local node self-trust was not added: node signing public-key artifact is absent — continuing with configured trusted identities
02:51:18.901 [error] local node self-trust was not added: node signing public-key artifact is absent — continuing with configured trusted identities
02:51:18.904 [error] local node self-trust was not added: node signing public-key artifact is absent — continuing with configured trusted identities
....02:51:18.992 [error] local node self-trust was not added: node signing public-key artifact is absent — continuing with configured trusted identities
02:51:18.994 [error] local node self-trust was not added: node signing public-key artifact is absent — continuing with configured trusted identities
02:51:18.996 [error] local node self-trust was not added: node signing public-key artifact is absent — continuing with configured trusted identities
02:51:19.000 [error] local node self-trust was not added: node signing public-key artifact is absent — continuing with configured trusted identities
02:51:19.002 [error] local node self-trust was not added: node signing public-key artifact is absent — continuing with configured trusted identities
02:51:19.004 [error] local node self-trust was not added: node signing public-key artifact is absent — continuing with configured trusted identities
..02:51:19.077 [error] local node self-trust was not added: node signing public-key artifact is absent — continuing with configured trusted identities
02:51:19.080 [error] local node self-trust was not added: node signing public-key artifact is absent — continuing with configured trusted identities
02:51:19.083 [error] local node self-trust was not added: node signing public-key artifact is absent — continuing with configured trusted identities
02:51:19.087 [error] local node self-trust was not added: node signing public-key artifact is absent — continuing with configured trusted identities
02:51:19.089 [error] local node self-trust was not added: node signing public-key artifact is absent — continuing with configured trusted identities
02:51:19.091 [error] local node self-trust was not added: node signing public-key artifact is absent — continuing with configured trusted identities
....02:51:20.029 [warning] CommitStore: local write DENIED by trust gate (enforce) doc_uuid=c32e44b7-bb6e-4c0c-8328-cf561f031162 commit_id=ffad294a46064ddca77f534e6193382df58732448feec6203997cc7973c1b55c reason=:capability_insufficient
..........02:51:22.276 [warning] Commonplace.Bots.Worker.Perception: nil-degrade bot=alice reason=:no_mud_ctx
.......02:51:23.141 [error] local node self-trust was not added: node signing public-key artifact is absent — continuing with configured trusted identities
02:51:23.143 [error] local node self-trust was not added: node signing public-key artifact is absent — continuing with configured trusted identities
02:51:23.145 [error] local node self-trust was not added: node signing public-key artifact is absent — continuing with configured trusted identities
02:51:23.159 [warning] Commonplace.Bots.Worker.Perception: nil-degrade bot=alice reason=:no_mud_ctx
.02:51:23.171 [error] local node self-trust was not added: node signing public-key artifact is absent — continuing with configured trusted identities
02:51:23.174 [error] local node self-trust was not added: node signing public-key artifact is absent — continuing with configured trusted identities
02:51:23.176 [error] local node self-trust was not added: node signing public-key artifact is absent — continuing with configured trusted identities
02:51:23.194 [warning] Commonplace.Bots.Worker.Perception: nil-degrade bot=alice reason=:no_mud_ctx
.02:51:23.205 [error] local node self-trust was not added: node signing public-key artifact is absent — continuing with configured trusted identities
02:51:23.208 [error] local node self-trust was not added: node signing public-key artifact is absent — continuing with configured trusted identities
02:51:23.210 [error] local node self-trust was not added: node signing public-key artifact is absent — continuing with configured trusted identities
02:51:23.225 [warning] Commonplace.Bots.Worker.Perception: nil-degrade bot=alice reason=:no_mud_ctx
.02:51:23.236 [error] local node self-trust was not added: node signing public-key artifact is absent — continuing with configured trusted identities
.02:51:23.455 [error] local node self-trust was not added: node signing public-key artifact is absent — continuing with configured trusted identities
02:51:23.458 [error] local node self-trust was not added: node signing public-key artifact is absent — continuing with configured trusted identities
02:51:23.461 [error] local node self-trust was not added: node signing public-key artifact is absent — continuing with configured trusted identities
02:51:23.464 [error] local node self-trust was not added: node signing public-key artifact is absent — continuing with configured trusted identities
02:51:23.537 [warning] Commonplace.Bots.Worker.Perception: nil-degrade bot=alice reason=:no_mud_ctx
.02:51:23.551 [error] local node self-trust was not added: node signing public-key artifact is absent — continuing with configured trusted identities
.02:51:23.767 [error] local node self-trust was not added: node signing public-key artifact is absent — continuing with configured trusted identities
02:51:23.770 [error] local node self-trust was not added: node signing public-key artifact is absent — continuing with configured trusted identities
02:51:23.773 [error] local node self-trust was not added: node signing public-key artifact is absent — continuing with configured trusted identities
02:51:23.786 [warning] Commonplace.Bots.Worker.Perception: nil-degrade bot=alice reason=:no_mud_ctx
.02:51:23.798 [error] local node self-trust was not added: node signing public-key artifact is absent — continuing with configured trusted identities
02:51:23.801 [error] local node self-trust was not added: node signing public-key artifact is absent — continuing with configured trusted identities
02:51:23.805 [error] local node self-trust was not added: node signing public-key artifact is absent — continuing with configured trusted identities
02:51:23.807 [error] local node self-trust was not added: node signing public-key artifact is absent — continuing with configured trusted identities
02:51:23.869 [warning] Commonplace.Bots.Worker.Perception: nil-degrade bot=alice reason=:no_mud_ctx
.02:51:23.884 [error] local node self-trust was not added: node signing public-key artifact is absent — continuing with configured trusted identities
02:51:23.887 [error] local node self-trust was not added: node signing public-key artifact is absent — continuing with configured trusted identities
02:51:23.890 [error] local node self-trust was not added: node signing public-key artifact is absent — continuing with configured trusted identities
02:51:23.922 [warning] Commonplace.Bots.Worker.Perception: nil-degrade bot=alice reason=:no_mud_ctx
02:51:23.954 [warning] Commonplace.Bots.Worker.Perception: nil-degrade bot=alice reason=:no_mud_ctx
.02:51:23.963 [error] local node self-trust was not added: node signing public-key artifact is absent — continuing with configured trusted identities
02:51:23.965 [error] local node self-trust was not added: node signing public-key artifact is absent — continuing with configured trusted identities
02:51:23.967 [error] local node self-trust was not added: node signing public-key artifact is absent — continuing with configured trusted identities
02:51:23.981 [warning] Commonplace.Bots.Worker.Perception: nil-degrade bot=alice reason=:no_mud_ctx
.02:51:23.990 [error] local node self-trust was not added: node signing public-key artifact is absent — continuing with configured trusted identities
02:51:23.992 [error] local node self-trust was not added: node signing public-key artifact is absent — continuing with configured trusted identities
02:51:23.994 [error] local node self-trust was not added: node signing public-key artifact is absent — continuing with configured trusted identities
02:51:24.017 [warning] Commonplace.Bots.Worker.Perception: nil-degrade bot=alice reason=:no_mud_ctx
...............................................02:51:32.975 [error] local node self-trust was not added: node signing public-key artifact is absent — continuing with configured trusted identities
02:51:32.977 [error] local node self-trust was not added: node signing public-key artifact is absent — continuing with configured trusted identities
02:51:32.979 [error] local node self-trust was not added: node signing public-key artifact is absent — continuing with configured trusted identities
02:51:32.981 [error] local node self-trust was not added: node signing public-key artifact is absent — continuing with configured trusted identities
02:51:32.985 [error] local node self-trust was not added: node signing public-key artifact is absent — continuing with configured trusted identities
02:51:32.987 [error] local node self-trust was not added: node signing public-key artifact is absent — continuing with configured trusted identities
02:51:32.989 [warning] Commonplace.Bots.Worker.Perception: nil-degrade bot=alice reason=:no_mud_ctx
02:51:32.990 [error] local node self-trust was not added: node signing public-key artifact is absent — continuing with configured trusted identities
.02:51:33.004 [error] local node self-trust was not added: node signing public-key artifact is absent — continuing with configured trusted identities
02:51:33.006 [error] local node self-trust was not added: node signing public-key artifact is absent — continuing with configured trusted identities
02:51:33.009 [error] local node self-trust was not added: node signing public-key artifact is absent — continuing with configured trusted identities
02:51:33.011 [error] local node self-trust was not added: node signing public-key artifact is absent — continuing with configured trusted identities
02:51:33.018 [error] local node self-trust was not added: node signing public-key artifact is absent — continuing with configured trusted identities
02:51:33.021 [error] local node self-trust was not added: node signing public-key artifact is absent — continuing with configured trusted identities
02:51:33.024 [warning] Commonplace.Bots.Worker.Perception: nil-degrade bot=alice reason=:no_mud_ctx
02:51:33.025 [error] local node self-trust was not added: node signing public-key artifact is absent — continuing with configured trusted identities
02:51:33.029 [error] local node self-trust was not added: node signing public-key artifact is absent — continuing with configured trusted identities
02:51:33.031 [warning] Commonplace.Bots.Worker.Perception: nil-degrade bot=alice reason=:no_mud_ctx
02:51:33.033 [error] local node self-trust was not added: node signing public-key artifact is absent — continuing with configured trusted identities
02:51:33.037 [error] local node self-trust was not added: node signing public-key artifact is absent — continuing with configured trusted identities
.02:51:33.050 [error] local node self-trust was not added: node signing public-key artifact is absent — continuing with configured trusted identities
02:51:33.053 [error] local node self-trust was not added: node signing public-key artifact is absent — continuing with configured trusted identities
02:51:33.056 [error] local node self-trust was not added: node signing public-key artifact is absent — continuing with configured trusted identities
02:51:33.058 [error] local node self-trust was not added: node signing public-key artifact is absent — continuing with configured trusted identities
02:51:33.062 [error] local node self-trust was not added: node signing public-key artifact is absent — continuing with configured trusted identities
02:51:33.065 [error] local node self-trust was not added: node signing public-key artifact is absent — continuing with configured trusted identities
02:51:33.068 [warning] Commonplace.Bots.Worker.Perception: nil-degrade bot=alice reason=:no_mud_ctx
02:51:33.069 [error] local node self-trust was not added: node signing public-key artifact is absent — continuing with configured trusted identities
.02:51:33.080 [error] local node self-trust was not added: node signing public-key artifact is absent — continuing with configured trusted identities
02:51:33.082 [error] local node self-trust was not added: node signing public-key artifact is absent — continuing with configured trusted identities
02:51:33.084 [error] local node self-trust was not added: node signing public-key artifact is absent — continuing with configured trusted identities
02:51:33.087 [error] local node self-trust was not added: node signing public-key artifact is absent — continuing with configured trusted identities
02:51:33.091 [error] local node self-trust was not added: node signing public-key artifact is absent — continuing with configured trusted identities
02:51:33.093 [error] local node self-trust was not added: node signing public-key artifact is absent — continuing with configured trusted identities
02:51:33.096 [error] local node self-trust was not added: node signing public-key artifact is absent — continuing with configured trusted identities
02:51:33.099 [warning] Commonplace.Bots.Worker.Perception: nil-degrade bot=alice reason=:no_mud_ctx
02:51:33.101 [error] local node self-trust was not added: node signing public-key artifact is absent — continuing with configured trusted identities
.02:51:33.118 [error] local node self-trust was not added: node signing public-key artifact is absent — continuing with configured trusted identities
02:51:33.121 [error] local node self-trust was not added: node signing public-key artifact is absent — continuing with configured trusted identities
02:51:33.123 [error] local node self-trust was not added: node signing public-key artifact is absent — continuing with configured trusted identities
02:51:33.125 [error] local node self-trust was not added: node signing public-key artifact is absent — continuing with configured trusted identities
02:51:33.127 [warning] Commonplace.Bots.Worker.Perception: nil-degrade bot=alice reason=:no_mud_ctx
....02:51:33.209 [warning] TelegramBridge: dropping inbound message for jes — no owner_chat_id/owner_handle configured, refusing to bind
......02:51:33.350 [warning] TelegramBridge: could not resolve initial cursor for jes (messages doc not found) — deferring tail-init to the first successful tick
.02:51:33.380 [warning] TelegramBridge: dropping inbound message for jes — chat_id/handle does not match the configured owner binding
.02:51:33.397 [warning] CommitStore: local write DENIED by trust gate (enforce) doc_uuid=302a2067-fbaf-4667-9995-b10fe3a33db5 commit_id=3b569bbe9eb278a95c385885fcbcb97989521f126b0fda5e85e4b7044439197e reason={:untrusted_signer, "tg-bridge:jes"}
02:51:33.397 [warning] TelegramBridge: inbound post FAILED for room jes: {:trust_rejected, {:untrusted_signer, "tg-bridge:jes"}}
.02:51:33.419 [warning] TelegramBridge: dropping inbound external message for jes — bridge is paused
.02:51:33.440 [warning] TelegramBridge: dropping inbound message for jes — chat_id/handle does not match the configured owner binding
02:51:33.445 [warning] TelegramBridge: dropping inbound message for jes — chat_id/handle does not match the configured owner binding
..02:51:33.466 [error] local node self-trust was not added: node signing public-key artifact is absent — continuing with configured trusted identities
02:51:33.469 [error] local node self-trust was not added: node signing public-key artifact is absent — continuing with configured trusted identities
02:51:33.472 [error] local node self-trust was not added: node signing public-key artifact is absent — continuing with configured trusted identities
02:51:33.474 [error] local node self-trust was not added: node signing public-key artifact is absent — continuing with configured trusted identities
02:51:33.476 [error] local node self-trust was not added: node signing public-key artifact is absent — continuing with configured trusted identities
02:51:33.479 [error] local node self-trust was not added: node signing public-key artifact is absent — continuing with configured trusted identities
02:51:33.481 [error] local node self-trust was not added: node signing public-key artifact is absent — continuing with configured trusted identities
.02:51:33.491 [error] local node self-trust was not added: node signing public-key artifact is absent — continuing with configured trusted identities
02:51:33.494 [error] local node self-trust was not added: node signing public-key artifact is absent — continuing with configured trusted identities
02:51:33.496 [error] local node self-trust was not added: node signing public-key artifact is absent — continuing with configured trusted identities
02:51:33.498 [error] local node self-trust was not added: node signing public-key artifact is absent — continuing with configured trusted identities
.02:51:33.510 [error] local node self-trust was not added: node signing public-key artifact is absent — continuing with configured trusted identities
02:51:33.512 [error] local node self-trust was not added: node signing public-key artifact is absent — continuing with configured trusted identities
02:51:33.514 [error] local node self-trust was not added: node signing public-key artifact is absent — continuing with configured trusted identities
02:51:33.516 [error] local node self-trust was not added: node signing public-key artifact is absent — continuing with configured trusted identities
.02:51:33.532 [error] local node self-trust was not added: node signing public-key artifact is absent — continuing with configured trusted identities
02:51:33.536 [error] local node self-trust was not added: node signing public-key artifact is absent — continuing with configured trusted identities
02:51:33.539 [error] local node self-trust was not added: node signing public-key artifact is absent — continuing with configured trusted identities
02:51:33.541 [error] local node self-trust was not added: node signing public-key artifact is absent — continuing with configured trusted identities
.02:51:33.552 [error] local node self-trust was not added: node signing public-key artifact is absent — continuing with configured trusted identities
02:51:33.555 [error] local node self-trust was not added: node signing public-key artifact is absent — continuing with configured trusted identities
02:51:33.556 [error] local node self-trust was not added: node signing public-key artifact is absent — continuing with configured trusted identities
02:51:33.558 [error] local node self-trust was not added: node signing public-key artifact is absent — continuing with configured trusted identities
.02:51:33.570 [error] local node self-trust was not added: node signing public-key artifact is absent — continuing with configured trusted identities
02:51:33.572 [error] local node self-trust was not added: node signing public-key artifact is absent — continuing with configured trusted identities
02:51:33.575 [error] local node self-trust was not added: node signing public-key artifact is absent — continuing with configured trusted identities
02:51:33.577 [error] local node self-trust was not added: node signing public-key artifact is absent — continuing with configured trusted identities
02:51:33.579 [error] local node self-trust was not added: node signing public-key artifact is absent — continuing with configured trusted identities
02:51:33.582 [error] local node self-trust was not added: node signing public-key artifact is absent — continuing with configured trusted identities
02:51:33.584 [error] local node self-trust was not added: node signing public-key artifact is absent — continuing with configured trusted identities
02:51:33.586 [error] local node self-trust was not added: node signing public-key artifact is absent — continuing with configured trusted identities
.02:51:33.595 [error] local node self-trust was not added: node signing public-key artifact is absent — continuing with configured trusted identities
02:51:33.597 [error] local node self-trust was not added: node signing public-key artifact is absent — continuing with configured trusted identities
02:51:33.599 [error] local node self-trust was not added: node signing public-key artifact is absent — continuing with configured trusted identities
02:51:33.601 [error] local node self-trust was not added: node signing public-key artifact is absent — continuing with configured trusted identities
.02:51:33.614 [error] local node self-trust was not added: node signing public-key artifact is absent — continuing with configured trusted identities
02:51:33.617 [error] local node self-trust was not added: node signing public-key artifact is absent — continuing with configured trusted identities
02:51:33.620 [error] local node self-trust was not added: node signing public-key artifact is absent — continuing with configured trusted identities
02:51:33.623 [error] local node self-trust was not added: node signing public-key artifact is absent — continuing with configured trusted identities
02:51:33.626 [error] local node self-trust was not added: node signing public-key artifact is absent — continuing with configured trusted identities
02:51:33.629 [error] local node self-trust was not added: node signing public-key artifact is absent — continuing with configured trusted identities
02:51:33.632 [error] local node self-trust was not added: node signing public-key artifact is absent — continuing with configured trusted identities
02:51:33.634 [error] local node self-trust was not added: node signing public-key artifact is absent — continuing with configured trusted identities
02:51:33.637 [error] local node self-trust was not added: node signing public-key artifact is absent — continuing with configured trusted identities
02:51:33.639 [error] local node self-trust was not added: node signing public-key artifact is absent — continuing with configured trusted identities
.02:51:33.650 [error] Commonplace.Trust.AuditDispatcher: FAILED to persist 1 denial audit record(s) — denials are still being ENFORCED but are no longer being RECORDED in the substrate. reason={:exit, {:noproc, {GenServer, :call, [#PID<0.66352.0>, {:snapshot, :infinity}, :infinity]}}}
.02:51:33.670 [error] local node self-trust was not added: node signing public-key artifact is absent — continuing with configured trusted identities
02:51:33.672 [error] local node self-trust was not added: node signing public-key artifact is absent — continuing with configured trusted identities
02:51:33.674 [error] local node self-trust was not added: node signing public-key artifact is absent — continuing with configured trusted identities
02:51:33.676 [error] local node self-trust was not added: node signing public-key artifact is absent — continuing with configured trusted identities
.02:51:33.685 [error] local node self-trust was not added: node signing public-key artifact is absent — continuing with configured trusted identities
02:51:33.688 [error] local node self-trust was not added: node signing public-key artifact is absent — continuing with configured trusted identities
02:51:33.690 [error] local node self-trust was not added: node signing public-key artifact is absent — continuing with configured trusted identities
02:51:33.692 [error] local node self-trust was not added: node signing public-key artifact is absent — continuing with configured trusted identities
.........02:51:37.857 [error] local node self-trust was not added: node signing public-key artifact is absent — continuing with configured trusted identities
02:51:37.860 [error] local node self-trust was not added: node signing public-key artifact is absent — continuing with configured trusted identities
.02:51:37.867 [error] local node self-trust was not added: node signing public-key artifact is absent — continuing with configured trusted identities
.02:51:37.874 [error] local node self-trust was not added: node signing public-key artifact is absent — continuing with configured trusted identities
02:51:37.877 [error] local node self-trust was not added: node signing public-key artifact is absent — continuing with configured trusted identities
02:51:37.878 [error] local node self-trust was not added: node signing public-key artifact is absent — continuing with configured trusted identities
02:51:37.881 [error] local node self-trust was not added: node signing public-key artifact is absent — continuing with configured trusted identities
02:51:37.884 [error] local node self-trust was not added: node signing public-key artifact is absent — continuing with configured trusted identities
02:51:37.890 [error] local node self-trust was not added: node signing public-key artifact is absent — continuing with configured trusted identities
.02:51:37.900 [error] local node self-trust was not added: node signing public-key artifact is absent — continuing with configured trusted identities
02:51:37.903 [error] local node self-trust was not added: node signing public-key artifact is absent — continuing with configured trusted identities
02:51:37.905 [error] local node self-trust was not added: node signing public-key artifact is absent — continuing with configured trusted identities
02:51:37.908 [error] local node self-trust was not added: node signing public-key artifact is absent — continuing with configured trusted identities
02:51:37.910 [error] local node self-trust was not added: node signing public-key artifact is absent — continuing with configured trusted identities
02:51:37.916 [error] local node self-trust was not added: node signing public-key artifact is absent — continuing with configured trusted identities
.02:51:37.922 [error] local node self-trust was not added: node signing public-key artifact is absent — continuing with configured trusted identities
02:51:37.925 [error] local node self-trust was not added: node signing public-key artifact is absent — continuing with configured trusted identities
02:51:37.926 [error] local node self-trust was not added: node signing public-key artifact is absent — continuing with configured trusted identities
02:51:37.928 [error] local node self-trust was not added: node signing public-key artifact is absent — continuing with configured trusted identities
02:51:37.932 [error] local node self-trust was not added: node signing public-key artifact is absent — continuing with configured trusted identities
02:51:37.938 [error] local node self-trust was not added: node signing public-key artifact is absent — continuing with configured trusted identities
02:51:37.940 [error] local node self-trust was not added: node signing public-key artifact is absent — continuing with configured trusted identities
02:51:37.943 [error] local node self-trust was not added: node signing public-key artifact is absent — continuing with configured trusted identities
02:51:37.948 [error] local node self-trust was not added: node signing public-key artifact is absent — continuing with configured trusted identities
.02:51:37.957 [error] local node self-trust was not added: node signing public-key artifact is absent — continuing with configured trusted identities
02:51:37.959 [error] local node self-trust was not added: node signing public-key artifact is absent — continuing with configured trusted identities
02:51:37.962 [error] local node self-trust was not added: node signing public-key artifact is absent — continuing with configured trusted identities
02:51:37.964 [error] local node self-trust was not added: node signing public-key artifact is absent — continuing with configured trusted identities
02:51:37.967 [error] local node self-trust was not added: node signing public-key artifact is absent — continuing with configured trusted identities
02:51:37.972 [error] local node self-trust was not added: node signing public-key artifact is absent — continuing with configured trusted identities
02:51:37.975 [error] local node self-trust was not added: node signing public-key artifact is absent — continuing with configured trusted identities
.........
[CX-t3bt multi-round r1] appended=4 ok=4 present_total=4 missing_this_round=0 []

[CX-t3bt multi-round r2] appended=4 ok=4 present_total=8 missing_this_round=0 []

[CX-t3bt multi-round r3] appended=4 ok=4 present_total=12 missing_this_round=0 []

[CX-t3bt multi-round r4] appended=4 ok=4 present_total=16 missing_this_round=0 []

[CX-t3bt multi-round r5] appended=4 ok=4 present_total=20 missing_this_round=0 []

[CX-t3bt multi-round FINAL] total_appended=20 total_present=20 total_missing=0 doc=readable (lost-update mode) []
.
[CX-t3bt 8-way] appended=8 ok=8 errors=[] present=8 missing=0 []
.
[CX-t3bt 4-way] appended=4 ok=4 errors=[] present=4 missing=0 []
.
[CX-t3bt 2-way] appended=2 ok=2 errors=[] present=2 missing=0 []
.
[CX-o3ar mode tally across 40 attempts, n=8] no_loss=40

[CX-o3ar MILD sample] attempt=1 mode=no_loss
  ok=8/8 errors=[]
  present_via_read_entries=8
  raw_status=:ok byte_size=267
  entries_key_occurrences=1
  jason_decode={:ok, %{"entries" => [%{"marker" => "a1-w1-336642"}, %{"marker" => "a1-w2-336674"}, %{"marker" => "a1-w3-336706"}, %{"marker" => "a1-w5-336770"}, %{"marker" => "a1-w4-336738"}, %{"marker" => "a1-w7-33
  raw_content (first 400 bytes): "{\"entries\":[{\"marker\":\"a1-w1-336642\"},{\"marker\":\"a1-w2-336674\"},{\"marker\":\"a1-w3-336706\"},{\"marker\":\"a1-w5-336770\"},{\"marker\":\"a1-w4-336738\"},{\"marker\":\"a1-w7-336834\"},{\"marker\":\"a1-w8-336866\"},{\"marker\":\"a1-w6-336802\"}],\"zone\":\"8ab1898c-5412-4dd3-88dc-79e230081b11\"}"


[CX-o3ar SEVERE sample] none observed in 40 attempts
.02:51:51.221 [warning] Loop: transcript append exit: {:noproc, {GenServer, :call, [#PID<0.67999.0>, {:release_snapshot, %CubDB.Snapshot{db: #PID<0.67999.0>, btree: %CubDB.Btree{root: {:b, [{{:capability, <<39, 70, 220, 208, 250, 156, 132, 100, 145, 95, 217, 178, 88, 157, 157, 122, 242, 159, 171, 56, 81, 150, 3, 48, 3, 123, 149, 168, 68, 102, 21, 176>>}, 166135}, {{:commit, <<58, 213, 139, 144, 173, 133, 234, 218, 85, 134, 40, 123, 86, 161, 104, 195, 176, 131, 126, 106, 210, 41, 25, 95, 82, 184, 238, 47, 32, 39, 248, ...>>}, 173915}, {{:commit, <<92, 121, 84, 138, 20, 95, 17, 60, 60, 27, 189, 84, 66, 5, 44, 200, 26, 98, 103, 136, 144, 87, 225, 244, 113, 98, 196, 246, 99, 154, ...>>}, 106020}, {{:commit, <<154, 175, 114, 43, 184, 200, 129, 194, 137, 248, 172, 136, 63, 19, 221, 162, 17, 111, 15, 230, 181, 31, 52, 54, 229, 162, 58, 197, 147, ...>>}, 110773}, {{:commit, <<210, 52, 66, 234, 242, 70, 40, 206, 188, 13, 172, 60, 137, 23, 160, 105, 28, 144, 244, 34, 5, 50, 64, 183, 106, 16, 54, 232, ...>>}, 170360}, {{:latest, "12919d12-b252-4ec3-a985-a7f876de5080"}, 178373}, {{:latest, "971911a0-148a-4bb1-af0c-0e5ac6729229"}, 168063}, {{:doc_commit, "12919d12-b252-4ec3-a985-a7f876de5080", <<174, 240, 165, 246, 180, 235, 242, 137, 91, 228, 216, 6, 140, 105, 151, 70, 6, 179, 74, 22, 93, 231, 152, 91, ...>>}, 146194}, {{:doc_commit, "56abaa24-ec42-4a9e-a719-16f7f9bd6c48", <<203, 45, 5, 184, 11, 231, 54, 168, 0, 237, 154, 133, 186, 100, 170, 253, 51, 249, 100, 205, 104, 177, 214, ...>>}, 138709}, {{:doc_commit, "8ada69e7-35f4-4af5-a7e7-7baac9a260da", <<36, 115, 153, 229, 149, 144, 93, 222, 23, 252, 73, 151, 182, 160, 20, 193, 41, 75, 86, 180, 44, 111, ...>>}, 175723}, {{:doc_commit, "aeaa1f69-4671-47ef-a863-1310eda3d05c", <<18, 84, 237, 121, 198, 53, 146, 138, 91, 83, 156, 40, 84, 119, 208, 104, 37, 113, 3, 28, 252, ...>>}, 132282}]}, root_loc: 179376, size: 211, dirt: 42, store: %CubDB.Store.File{pid: #PID<0.68042.0>, file_path: "/tmp/cp_bots_chatroot_668860006/commits/2.cub"}, capacity: 32}, reader_ref: #Reference<0.2073612933.4209770497.178337>}}, :infinity]}}
.02:51:51.688 [warning] CommitStore: local write DENIED by trust gate (enforce) doc_uuid=0d9ea4ef-57df-409e-85a5-07232a951c37 commit_id=f620bcefe1ab5f20b7ab6cd84ed8dba17bbe549b63f19728b2d3bf7d83e028a0 reason=:unsigned
02:51:51.689 [warning] CommitStore: local write DENIED by trust gate (enforce) doc_uuid=07832179-042d-4d21-a688-f832ad3ab7b1 commit_id=4c1acab93145a8ea27cc51144c2d345df51f799d672f452e110a60f916b6eff6 reason=:unsigned
02:51:51.719 [warning] CommitStore: local write DENIED by trust gate (enforce) doc_uuid=3dfd08d4-d176-4149-9dbc-2a7b2aa2e1c2 commit_id=8b43a6e908dfd95baecbbf4b72c1b685cae17abca93c5b153c254e85e0f5216e reason=:unsigned
02:51:51.720 [warning] CommitStore: local write DENIED by trust gate (enforce) doc_uuid=c3383db6-ad05-42f9-a1bd-eb814bca48e1 commit_id=891768ad7346896a9a5570e411fa2c5b63b74de5b3ecaeccc07918bab7d3ebf6 reason=:unsigned
02:51:51.731 [warning] Loop: transcript append exit: {:noproc, {GenServer, :call, [#PID<0.68059.0>, {:release_snapshot, %CubDB.Snapshot{db: #PID<0.68059.0>, btree: %CubDB.Btree{root: {:b, [{{:capability, <<33, 210, 156, 230, 124, 141, 196, 124, 20, 146, 208, 214, 137, 130, 45, 106, 49, 81, 110, 204, 170, 81, 135, 74, 99, 24, 228, 219, 9, 90, 215, 110>>}, 147649}, {{:commit, <<66, 183, 169, 185, 125, 20, 145, 205, 122, 28, 30, 185, 143, 32, 116, 103, 86, 55, 203, 237, 238, 179, 197, 192, 25, 189, 86, 127, 166, 222, 183, ...>>}, 130050}, {{:commit, <<118, 176, 68, 49, 185, 122, 211, 166, 94, 91, 100, 158, 52, 79, 179, 176, 88, 130, 86, 53, 66, 120, 15, 85, 67, 102, 103, 4, 117, 174, ...>>}, 109561}, {{:commit, <<161, 50, 252, 67, 78, 254, 195, 74, 128, 168, 186, 186, 188, 62, 25, 147, 181, 200, 196, 105, 153, 219, 243, 61, 209, 169, 173, 25, 90, ...>>}, 84486}, {{:commit, <<212, 15, 188, 137, 202, 6, 77, 41, 218, 64, 78, 100, 233, 54, 41, 147, 196, 225, 59, 236, 143, 213, 134, 209, 152, 52, 192, 132, ...>>}, 88568}, {{:latest, "19592a7c-ec20-40cc-9268-e097459316d7"}, 152419}, {{:latest, "b50852e3-a0f3-4457-a5a2-ecba5d2cfd2c"}, 98100}, {{:doc_commit, "17f0905f-3404-482e-97e4-066f70edc870", <<252, 23, 70, 134, 32, 115, 167, 64, 140, 121, 178, 163, 92, 5, 11, 149, 12, 240, 183, 157, 230, 120, 121, 220, ...>>}, 149472}, {{:doc_commit, "46792323-a5b2-4ca0-8e24-0cc6d7b34540", <<118, 176, 68, 49, 185, 122, 211, 166, 94, 91, 100, 158, 52, 79, 179, 176, 88, 130, 86, 53, 66, 120, 15, ...>>}, 131911}, {{:doc_commit, "71d41d3c-2bbd-44a6-a104-7bcddf42157d", <<27, 194, 8, 104, 85, 241, 197, 102, 149, 237, 147, 196, 111, 116, 151, 86, 220, 201, 241, 28, 56, 234, ...>>}, 112818}, {{:doc_commit, "ba999285-3692-403d-b4b4-0315b98a0e72", <<56, 202, 114, 145, 80, 232, 132, 25, 42, 184, 231, 196, 183, 93, 163, 14, 251, 132, 117, 45, 226, ...>>}, 105248}]}, root_loc: 153422, size: 200, dirt: 30, store: %CubDB.Store.File{pid: #PID<0.68102.0>, file_path: "/tmp/cp_bots_chatroot_755610158/commits/2.cub"}, capacity: 32}, reader_ref: #Reference<0.2073612933.4209770497.187985>}}, :infinity]}}
.02:51:51.940 [error] local node self-trust was not added: node signing public-key artifact is absent — continuing with configured trusted identities
..........................02:51:57.505 [warning] World.find_presence: AMBIGUOUS presence camillo.usr found in 2 rooms (["cbc9c36e-998b-4957-abc8-1f5fbb9ff618", "dd9074ba-04b9-4762-8fbc-0422f77bd4fd"]) — refusing to pick one
...02:51:58.848 [warning] Loop: transcript append failed: :missing
..02:51:59.147 [error] local node self-trust was not added: node signing public-key artifact is absent — continuing with configured trusted identities
02:51:59.150 [error] local node self-trust was not added: node signing public-key artifact is absent — continuing with configured trusted identities
02:51:59.152 [error] local node self-trust was not added: node signing public-key artifact is absent — continuing with configured trusted identities
02:51:59.155 [error] local node self-trust was not added: node signing public-key artifact is absent — continuing with configured trusted identities
02:51:59.157 [error] local node self-trust was not added: node signing public-key artifact is absent — continuing with configured trusted identities
02:51:59.159 [error] local node self-trust was not added: node signing public-key artifact is absent — continuing with configured trusted identities
.02:51:59.398 [error] local node self-trust was not added: node signing public-key artifact is absent — continuing with configured trusted identities
02:51:59.399 [error] local node self-trust was not added: node signing public-key artifact is absent — continuing with configured trusted identities
02:51:59.401 [error] local node self-trust was not added: node signing public-key artifact is absent — continuing with configured trusted identities
02:51:59.402 [error] local node self-trust was not added: node signing public-key artifact is absent — continuing with configured trusted identities
02:51:59.404 [error] local node self-trust was not added: node signing public-key artifact is absent — continuing with configured trusted identities
02:51:59.406 [error] local node self-trust was not added: node signing public-key artifact is absent — continuing with configured trusted identities
.02:51:59.750 [error] local node self-trust was not added: node signing public-key artifact is absent — continuing with configured trusted identities
02:51:59.752 [error] local node self-trust was not added: node signing public-key artifact is absent — continuing with configured trusted identities
02:51:59.754 [error] local node self-trust was not added: node signing public-key artifact is absent — continuing with configured trusted identities
02:51:59.756 [error] local node self-trust was not added: node signing public-key artifact is absent — continuing with configured trusted identities
02:51:59.758 [error] local node self-trust was not added: node signing public-key artifact is absent — continuing with configured trusted identities
02:51:59.760 [error] local node self-trust was not added: node signing public-key artifact is absent — continuing with configured trusted identities
02:51:59.858 [warning] Commonplace.Bots.Worker.Perception: nil-degrade bot=alice reason=:no_mud_ctx
02:51:59.958 [warning] Commonplace.Bots.Worker.Perception: nil-degrade bot=bob reason=:no_mud_ctx
...02:52:00.435 [warning] CommitStore: local write DENIED by trust gate (enforce) doc_uuid=863cecb5-a03b-486f-a54d-afc4dd07fb4c commit_id=88680c9a0518be6439bc1869aa29169a95a156e489e91ee372acc788a72b763b reason={:untrusted_signer, "2a07e4ee-f61e-4389-870d-07eb096419d4"}
...02:52:00.722 [error] local node self-trust was not added: node signing public-key artifact is absent — continuing with configured trusted identities
02:52:00.725 [error] local node self-trust was not added: node signing public-key artifact is absent — continuing with configured trusted identities
02:52:00.728 [error] local node self-trust was not added: node signing public-key artifact is absent — continuing with configured trusted identities
02:52:00.730 [error] local node self-trust was not added: node signing public-key artifact is absent — continuing with configured trusted identities
02:52:00.736 [error] local node self-trust was not added: node signing public-key artifact is absent — continuing with configured trusted identities
02:52:00.738 [error] local node self-trust was not added: node signing public-key artifact is absent — continuing with configured trusted identities
02:52:00.740 [warning] Commonplace.Bots.Worker.Perception: nil-degrade bot=alice reason=:no_mud_ctx
02:52:00.741 [error] local node self-trust was not added: node signing public-key artifact is absent — continuing with configured trusted identities
.02:52:00.801 [error] local node self-trust was not added: node signing public-key artifact is absent — continuing with configured trusted identities
02:52:00.804 [error] local node self-trust was not added: node signing public-key artifact is absent — continuing with configured trusted identities
02:52:00.807 [error] local node self-trust was not added: node signing public-key artifact is absent — continuing with configured trusted identities
02:52:00.810 [error] local node self-trust was not added: node signing public-key artifact is absent — continuing with configured trusted identities
02:52:00.813 [error] local node self-trust was not added: node signing public-key artifact is absent — continuing with configured trusted identities
02:52:00.816 [error] local node self-trust was not added: node signing public-key artifact is absent — continuing with configured trusted identities
02:52:00.819 [warning] Commonplace.Bots.Worker.Perception: nil-degrade bot=alice reason=:no_mud_ctx
02:52:00.820 [error] local node self-trust was not added: node signing public-key artifact is absent — continuing with configured trusted identities
.02:52:00.830 [error] local node self-trust was not added: node signing public-key artifact is absent — continuing with configured trusted identities
02:52:00.833 [error] local node self-trust was not added: node signing public-key artifact is absent — continuing with configured trusted identities
02:52:00.836 [error] local node self-trust was not added: node signing public-key artifact is absent — continuing with configured trusted identities
02:52:00.839 [error] local node self-trust was not added: node signing public-key artifact is absent — continuing with configured trusted identities
02:52:00.842 [error] local node self-trust was not added: node signing public-key artifact is absent — continuing with configured trusted identities
02:52:00.846 [error] local node self-trust was not added: node signing public-key artifact is absent — continuing with configured trusted identities
02:52:00.848 [warning] Commonplace.Bots.Worker.Perception: nil-degrade bot=alice reason=:no_mud_ctx
02:52:00.849 [error] local node self-trust was not added: node signing public-key artifact is absent — continuing with configured trusted identities
.02:52:00.910 [error] local node self-trust was not added: node signing public-key artifact is absent — continuing with configured trusted identities
02:52:00.913 [error] local node self-trust was not added: node signing public-key artifact is absent — continuing with configured trusted identities
02:52:00.915 [error] local node self-trust was not added: node signing public-key artifact is absent — continuing with configured trusted identities
02:52:00.917 [error] local node self-trust was not added: node signing public-key artifact is absent — continuing with configured trusted identities
02:52:00.919 [error] local node self-trust was not added: node signing public-key artifact is absent — continuing with configured trusted identities
02:52:00.922 [error] local node self-trust was not added: node signing public-key artifact is absent — continuing with configured trusted identities
02:52:00.923 [warning] Commonplace.Bots.Worker.Perception: nil-degrade bot=alice reason=:no_mud_ctx
02:52:00.924 [error] local node self-trust was not added: node signing public-key artifact is absent — continuing with configured trusted identities
.02:52:00.934 [error] local node self-trust was not added: node signing public-key artifact is absent — continuing with configured trusted identities
02:52:00.936 [error] local node self-trust was not added: node signing public-key artifact is absent — continuing with configured trusted identities
02:52:00.938 [error] local node self-trust was not added: node signing public-key artifact is absent — continuing with configured trusted identities
02:52:00.940 [error] local node self-trust was not added: node signing public-key artifact is absent — continuing with configured trusted identities
02:52:00.942 [error] local node self-trust was not added: node signing public-key artifact is absent — continuing with configured trusted identities
02:52:00.945 [error] local node self-trust was not added: node signing public-key artifact is absent — continuing with configured trusted identities
02:52:00.947 [error] local node self-trust was not added: node signing public-key artifact is absent — continuing with configured trusted identities
02:52:00.949 [warning] Commonplace.Bots.Worker.Perception: nil-degrade bot=alice reason=:no_mud_ctx
02:52:00.950 [error] local node self-trust was not added: node signing public-key artifact is absent — continuing with configured trusted identities
.02:52:01.012 [error] local node self-trust was not added: node signing public-key artifact is absent — continuing with configured trusted identities
02:52:01.017 [error] local node self-trust was not added: node signing public-key artifact is absent — continuing with configured trusted identities
02:52:01.020 [error] local node self-trust was not added: node signing public-key artifact is absent — continuing with configured trusted identities
02:52:01.024 [error] local node self-trust was not added: node signing public-key artifact is absent — continuing with configured trusted identities
02:52:01.029 [error] local node self-trust was not added: node signing public-key artifact is absent — continuing with configured trusted identities
02:52:01.032 [error] local node self-trust was not added: node signing public-key artifact is absent — continuing with configured trusted identities
02:52:01.035 [warning] Commonplace.Bots.Worker.Perception: nil-degrade bot=alice reason=:no_mud_ctx
02:52:01.036 [error] local node self-trust was not added: node signing public-key artifact is absent — continuing with configured trusted identities
.02:52:01.379 [warning] Loop: transcript append exit: {:noproc, {GenServer, :call, [#PID<0.69987.0>, {:release_snapshot, %CubDB.Snapshot{db: #PID<0.69987.0>, btree: %CubDB.Btree{root: {:b, [{{:capability, <<116, 28, 225, 207, 238, 188, 232, 70, 163, 16, 94, 143, 23, 244, 102, 155, 28, 0, 233, 45, 224, 32, 71, 104, 57, 36, 136, 2, 2, 19, 44, 171>>}, 88636}, {{:commit, <<58, 129, 49, 54, 208, 99, 76, 143, 237, 10, 134, 195, 246, 243, 134, 98, 156, 140, 62, 63, 56, 6, 214, 191, 114, 126, 74, 180, 191, 201, 6, ...>>}, 102235}, {{:commit, <<114, 189, 243, 14, 138, 168, 203, 83, 39, 121, 185, 19, 94, 157, 216, 247, 189, 231, 84, 79, 244, 85, 188, 78, 206, 199, 211, 57, 41, 185, ...>>}, 73375}, {{:commit, <<163, 140, 200, 205, 160, 150, 30, 15, 212, 4, 155, 200, 152, 44, 52, 90, 205, 73, 24, 50, 145, 178, 156, 138, 33, 57, 176, 88, 11, ...>>}, 94158}, {{:commit, <<219, 145, 140, 183, 185, 3, 150, 80, 97, 146, 202, 44, 72, 232, 148, 174, 150, 17, 166, 244, 224, 242, 245, 82, 245, 160, 38, 42, ...>>}, 98219}, {{:latest, "54c6227a-ed53-4530-8190-50fdf4839485"}, 108096}, {{:latest, "f2501cee-4fa9-4e75-828a-b3354cfe15c8"}, 95809}, {{:doc_commit, "3b78daee-7fbe-4d2f-98cd-0c17991e9152", <<179, 120, 186, 137, 198, 211, 72, 166, 49, 115, 31, 171, 214, 85, 178, 169, 77, 46, 114, 48, 62, 194, 60, 128, ...>>}, 79572}, {{:doc_commit, "67f69956-693f-48fa-8b60-f4f2ef7c9b8d", <<236, 227, 60, 166, 45, 26, 213, 67, 115, 133, 127, 207, 212, 195, 81, 160, 175, 246, 23, 113, 162, 217, 95, ...>>}, 103944}, {{:doc_commit, "91d52614-a935-40d5-857a-0c0adbd122d0", <<144, 63, 176, 116, 0, 250, 146, 124, 159, 58, 226, 92, 219, 184, 51, 219, 227, 250, 16, 252, 212, 20, ...>>}, 105546}, {{:doc_commit, "ddcdff4a-afb1-42bb-a79e-ef3b88d36817", <<156, 210, 11, 102, 15, 199, 93, 153, 70, 150, 159, 220, 36, 49, 21, 171, 4, 169, 92, 3, 243, ...>>}, 68370}]}, root_loc: 109099, size: 177, dirt: 15, store: %CubDB.Store.File{pid: #PID<0.70044.0>, file_path: "/tmp/cp_bots_autoroot_702889959/commits/2.cub"}, capacity: 32}, reader_ref: #Reference<0.2073612933.4205051906.256961>}}, :infinity]}}
.........02:52:04.041 [warning] CommitStore: local write DENIED by trust gate (enforce) doc_uuid=af5df381-5b74-4632-9de8-887fac03fc9c commit_id=735763b8b35b91af422b39e019e817ca7e129b358b98ba554904fdee7310442c reason=:capability_insufficient
..........
Finished in 54.9 seconds (3.3s async, 51.5s sync)
276 tests, 0 failures
==> commonplace_mcp
Running ExUnit with seed: 101, max_cases: 8
Excluding tags: [:scale, :corpus]

.....................................................02:52:07.588 [error] local node self-trust was not added: node signing public-key artifact is absent — continuing with configured trusted identities
02:52:07.588 [warning] CommitStore: local write would be DENIED by trust gate (dry_run — write still lands) doc_uuid=32566378-4a1f-421a-b0f7-329f2c98f388 commit_id=a062aa76c70f35a8e4e7854ff667f8df3d4162aeb9afb8ffc86d9d93e02f5185 reason=:unsigned
.02:52:07.596 [error] local node self-trust was not added: node signing public-key artifact is absent — continuing with configured trusted identities
02:52:07.596 [warning] CommitStore: local write would be DENIED by trust gate (dry_run — write still lands) doc_uuid=baea0d04-9f52-4ed8-9f73-0219c54d160a commit_id=3b8262aca77ee66f075ce7863f96be40354933b89679b1a348fe4464385af4e3 reason=:unsigned
02:52:07.599 [error] local node self-trust was not added: node signing public-key artifact is absent — continuing with configured trusted identities
.02:52:07.605 [error] local node self-trust was not added: node signing public-key artifact is absent — continuing with configured trusted identities
02:52:07.605 [warning] CommitStore: local write would be DENIED by trust gate (dry_run — write still lands) doc_uuid=f956e193-682a-462a-a947-72f3655c1490 commit_id=4d986d71c25cd5a7090ced3f8fcddf3a639ff75af6d17e527b226d46009423c2 reason=:unsigned
02:52:07.607 [error] local node self-trust was not added: node signing public-key artifact is absent — continuing with configured trusted identities
.02:52:07.612 [error] local node self-trust was not added: node signing public-key artifact is absent — continuing with configured trusted identities
02:52:07.612 [warning] CommitStore: local write would be DENIED by trust gate (dry_run — write still lands) doc_uuid=d2ab1eb6-87b3-400c-b33a-05ade5f06c83 commit_id=7763f3bd84a3023b4ddfaece7fe8f72791c81a9e12c58e54ce300deaf8f8af11 reason=:unsigned
...02:52:07.626 [error] local node self-trust was not added: node signing public-key artifact is absent — continuing with configured trusted identities
02:52:07.626 [warning] CommitStore: local write would be DENIED by trust gate (dry_run — write still lands) doc_uuid=6c83c0c1-5caf-43a9-8939-5a74ce7810c4 commit_id=d982a2f8ef69ed971e40f20632eec4b514a1c0bd6ffcf5236e3940c7bdb77e41 reason=:unsigned
02:52:07.628 [error] local node self-trust was not added: node signing public-key artifact is absent — continuing with configured trusted identities
.02:52:07.637 [error] local node self-trust was not added: node signing public-key artifact is absent — continuing with configured trusted identities
02:52:07.639 [warning] CommitStore: local write would be DENIED by trust gate (dry_run — write still lands) doc_uuid=f742a461-db0c-4f31-9cca-2367a0763a2b commit_id=c219acd7777810d6f6abfeb4aefc1e23feb6277d56a0acb5a63f7542548bba24 reason=:unsigned
.02:52:07.650 [error] local node self-trust was not added: node signing public-key artifact is absent — continuing with configured trusted identities
02:52:07.650 [warning] CommitStore: local write would be DENIED by trust gate (dry_run — write still lands) doc_uuid=dc994111-cbdb-43a0-b57a-d727a00ea09e commit_id=eb526666d77636b80d3e5ddf5483eff506ae3d60d6a82b82707c1dd42ac721d4 reason=:unsigned
02:52:07.652 [error] local node self-trust was not added: node signing public-key artifact is absent — continuing with configured trusted identities
02:52:07.652 [warning] CommitStore: local write would be DENIED by trust gate (dry_run — write still lands) doc_uuid=ac845709-f321-4681-92db-df67848777b3 commit_id=9c806518671680ff4f0801adb70dfc98834d95125ffcf6a576e28ec5b5e50642 reason=:unsigned
02:52:07.654 [error] local node self-trust was not added: node signing public-key artifact is absent — continuing with configured trusted identities
.02:52:07.659 [error] local node self-trust was not added: node signing public-key artifact is absent — continuing with configured trusted identities
02:52:07.659 [warning] CommitStore: local write would be DENIED by trust gate (dry_run — write still lands) doc_uuid=d337e879-1144-488e-a215-e848433bb6a2 commit_id=02afa758cc024fae34b68089b453e8562c766f1ece337a3b8a9faef975bb73c9 reason=:unsigned
02:52:07.661 [error] local node self-trust was not added: node signing public-key artifact is absent — continuing with configured trusted identities
.02:52:07.667 [error] local node self-trust was not added: node signing public-key artifact is absent — continuing with configured trusted identities
.02:52:07.698 [error] local node self-trust was not added: node signing public-key artifact is absent — continuing with configured trusted identities
.02:52:07.712 [error] local node self-trust was not added: node signing public-key artifact is absent — continuing with configured trusted identities
.02:52:07.726 [error] local node self-trust was not added: node signing public-key artifact is absent — continuing with configured trusted identities
.02:52:07.750 [error] local node self-trust was not added: node signing public-key artifact is absent — continuing with configured trusted identities
.02:52:07.828 [error] local node self-trust was not added: node signing public-key artifact is absent — continuing with configured trusted identities
.....02:52:08.006 [warning] AnubisServer.init/2 ("claude-code"): no presence_starter in :persistent_term. presence_info will return nil values. Check that Commonplace.MCP.AnubisServer.config/1 was called before Supervisor.start_link in the escript main/0.
.......................02:52:08.133 [error] local node self-trust was not added: node signing public-key artifact is absent — continuing with configured trusted identities
.02:52:08.264 [error] local node self-trust was not added: node signing public-key artifact is absent — continuing with configured trusted identities
.02:52:08.342 [error] local node self-trust was not added: node signing public-key artifact is absent — continuing with configured trusted identities
.02:52:08.370 [error] local node self-trust was not added: node signing public-key artifact is absent — continuing with configured trusted identities
.02:52:08.455 [error] local node self-trust was not added: node signing public-key artifact is absent — continuing with configured trusted identities
.02:52:08.528 [error] local node self-trust was not added: node signing public-key artifact is absent — continuing with configured trusted identities
.02:52:08.630 [error] local node self-trust was not added: node signing public-key artifact is absent — continuing with configured trusted identities
.02:52:08.726 [error] local node self-trust was not added: node signing public-key artifact is absent — continuing with configured trusted identities
.02:52:08.755 [error] local node self-trust was not added: node signing public-key artifact is absent — continuing with configured trusted identities
.02:52:08.822 [error] local node self-trust was not added: node signing public-key artifact is absent — continuing with configured trusted identities
.02:52:08.889 [error] local node self-trust was not added: node signing public-key artifact is absent — continuing with configured trusted identities
.02:52:08.921 [error] local node self-trust was not added: node signing public-key artifact is absent — continuing with configured trusted identities
.02:52:08.986 [error] local node self-trust was not added: node signing public-key artifact is absent — continuing with configured trusted identities
..02:52:09.054 [error] local node self-trust was not added: node signing public-key artifact is absent — continuing with configured trusted identities
.02:52:09.109 [error] local node self-trust was not added: node signing public-key artifact is absent — continuing with configured trusted identities
.02:52:09.180 [error] local node self-trust was not added: node signing public-key artifact is absent — continuing with configured trusted identities
.02:52:09.240 [error] local node self-trust was not added: node signing public-key artifact is absent — continuing with configured trusted identities
............................02:52:10.207 [error] local node self-trust was not added: node signing public-key artifact is absent — continuing with configured trusted identities
.02:52:10.277 [error] local node self-trust was not added: node signing public-key artifact is absent — continuing with configured trusted identities
.02:52:10.352 [error] local node self-trust was not added: node signing public-key artifact is absent — continuing with configured trusted identities
.02:52:10.425 [error] local node self-trust was not added: node signing public-key artifact is absent — continuing with configured trusted identities
.02:52:10.440 [error] local node self-trust was not added: node signing public-key artifact is absent — continuing with configured trusted identities
.02:52:10.517 [error] local node self-trust was not added: node signing public-key artifact is absent — continuing with configured trusted identities
.02:52:10.534 [error] local node self-trust was not added: node signing public-key artifact is absent — continuing with configured trusted identities
.02:52:10.631 [error] local node self-trust was not added: node signing public-key artifact is absent — continuing with configured trusted identities
.02:52:10.645 [error] local node self-trust was not added: node signing public-key artifact is absent — continuing with configured trusted identities
.02:52:10.661 [error] local node self-trust was not added: node signing public-key artifact is absent — continuing with configured trusted identities
.02:52:10.779 [error] local node self-trust was not added: node signing public-key artifact is absent — continuing with configured trusted identities
.02:52:10.873 [error] local node self-trust was not added: node signing public-key artifact is absent — continuing with configured trusted identities
.02:52:10.924 [error] local node self-trust was not added: node signing public-key artifact is absent — continuing with configured trusted identities
.02:52:10.967 [error] local node self-trust was not added: node signing public-key artifact is absent — continuing with configured trusted identities
.02:52:11.054 [error] local node self-trust was not added: node signing public-key artifact is absent — continuing with configured trusted identities
.
Finished in 4.3 seconds (0.7s async, 3.5s sync)
156 tests, 0 failures
==> commonplace_web
Running ExUnit with seed: 101, max_cases: 8
Excluding tags: [feature: true]

..................................................02:52:12.247 [error] local node self-trust was not added: node signing public-key artifact is absent — continuing with configured trusted identities
.02:52:12.290 [error] local node self-trust was not added: node signing public-key artifact is absent — continuing with configured trusted identities
.02:52:12.309 [error] local node self-trust was not added: node signing public-key artifact is absent — continuing with configured trusted identities
.02:52:12.351 [error] local node self-trust was not added: node signing public-key artifact is absent — continuing with configured trusted identities
.02:52:12.393 [error] local node self-trust was not added: node signing public-key artifact is absent — continuing with configured trusted identities
.02:52:12.431 [error] local node self-trust was not added: node signing public-key artifact is absent — continuing with configured trusted identities
.02:52:12.442 [error] local node self-trust was not added: node signing public-key artifact is absent — continuing with configured trusted identities
.....02:52:12.447 [error] local node self-trust was not added: node signing public-key artifact is absent — continuing with configured trusted identities
..02:52:12.456 [error] local node self-trust was not added: node signing public-key artifact is absent — continuing with configured trusted identities
.02:52:12.643 [error] local node self-trust was not added: node signing public-key artifact is absent — continuing with configured trusted identities
.02:52:12.744 [error] local node self-trust was not added: node signing public-key artifact is absent — continuing with configured trusted identities
.02:52:12.837 [error] local node self-trust was not added: node signing public-key artifact is absent — continuing with configured trusted identities
.02:52:12.915 [error] local node self-trust was not added: node signing public-key artifact is absent — continuing with configured trusted identities
.02:52:13.014 [error] local node self-trust was not added: node signing public-key artifact is absent — continuing with configured trusted identities
.02:52:13.117 [error] local node self-trust was not added: node signing public-key artifact is absent — continuing with configured trusted identities
.02:52:13.212 [error] local node self-trust was not added: node signing public-key artifact is absent — continuing with configured trusted identities
.02:52:13.290 [error] local node self-trust was not added: node signing public-key artifact is absent — continuing with configured trusted identities
.02:52:13.402 [error] local node self-trust was not added: node signing public-key artifact is absent — continuing with configured trusted identities
02:52:13.597 [error] local node self-trust was not added: node signing public-key artifact is absent — continuing with configured trusted identities
..02:52:13.985 [warning] EngineModule :look ("100ca11b-1004-4e55-9f66-a07788990011") fell back to last-good/floor: {:compile, :not_found}
02:52:14.020 [warning] EngineModule :look ("100ca11b-1004-4e55-9f66-a07788990011") fell back to last-good/floor: {:compile, :not_found}
.02:52:14.126 [warning] EngineModule :look ("100ca11b-1004-4e55-9f66-a07788990011") fell back to last-good/floor: {:compile, :not_found}
02:52:14.137 [warning] EngineModule :parser ("aa11bb22-cc33-4d44-8e55-ff6677889900") fell back to last-good/floor: {:compile, :not_found}
02:52:14.160 [warning] EngineModule :look ("100ca11b-1004-4e55-9f66-a07788990011") fell back to last-good/floor: {:compile, :not_found}
.02:52:14.256 [warning] EngineModule :look ("100ca11b-1004-4e55-9f66-a07788990011") fell back to last-good/floor: {:compile, :not_found}
02:52:14.266 [warning] EngineModule :parser ("aa11bb22-cc33-4d44-8e55-ff6677889900") fell back to last-good/floor: {:compile, :not_found}
.02:52:14.356 [warning] EngineModule :look ("100ca11b-1004-4e55-9f66-a07788990011") fell back to last-good/floor: {:compile, :not_found}
02:52:14.372 [warning] EngineModule :parser ("aa11bb22-cc33-4d44-8e55-ff6677889900") fell back to last-good/floor: {:compile, :not_found}
02:52:14.373 [warning] EngineModule :inventory ("200da22c-2005-4f66-a077-b18899001122") fell back to last-good/floor: {:compile, :not_found}
.02:52:14.474 [warning] EngineModule :look ("100ca11b-1004-4e55-9f66-a07788990011") fell back to last-good/floor: {:compile, :not_found}
.02:52:14.587 [warning] EngineModule :look ("100ca11b-1004-4e55-9f66-a07788990011") fell back to last-good/floor: {:compile, :not_found}
.02:52:14.744 [warning] EngineModule :look ("100ca11b-1004-4e55-9f66-a07788990011") fell back to last-good/floor: {:compile, :not_found}
02:52:14.756 [warning] EngineModule :parser ("aa11bb22-cc33-4d44-8e55-ff6677889900") fell back to last-good/floor: {:compile, :not_found}
02:52:14.758 [warning] EngineModule :look ("100ca11b-1004-4e55-9f66-a07788990011") fell back to last-good/floor: {:compile, :not_found}
.02:52:14.876 [warning] EngineModule :look ("100ca11b-1004-4e55-9f66-a07788990011") fell back to last-good/floor: {:compile, :not_found}
02:52:14.888 [warning] EngineModule :parser ("aa11bb22-cc33-4d44-8e55-ff6677889900") fell back to last-good/floor: {:compile, :not_found}
02:52:14.975 [warning] EngineModule :look ("100ca11b-1004-4e55-9f66-a07788990011") fell back to last-good/floor: {:compile, :not_found}
.02:52:15.067 [warning] EngineModule :look ("100ca11b-1004-4e55-9f66-a07788990011") fell back to last-good/floor: {:compile, :not_found}
.02:52:15.166 [warning] EngineModule :look ("100ca11b-1004-4e55-9f66-a07788990011") fell back to last-good/floor: {:compile, :not_found}
..02:52:15.213 [error] local node self-trust was not added: node signing public-key artifact is absent — continuing with configured trusted identities
.02:52:15.325 [error] local node self-trust was not added: node signing public-key artifact is absent — continuing with configured trusted identities
..02:52:15.643 [error] local node self-trust was not added: node signing public-key artifact is absent — continuing with configured trusted identities
..02:52:15.667 [error] local node self-trust was not added: node signing public-key artifact is absent — continuing with configured trusted identities
.02:52:15.682 [error] local node self-trust was not added: node signing public-key artifact is absent — continuing with configured trusted identities
02:52:15.685 [error] local node self-trust was not added: node signing public-key artifact is absent — continuing with configured trusted identities
..02:52:15.965 [error] local node self-trust was not added: node signing public-key artifact is absent — continuing with configured trusted identities
...02:52:16.516 [error] local node self-trust was not added: node signing public-key artifact is absent — continuing with configured trusted identities
.02:52:16.531 [error] local node self-trust was not added: node signing public-key artifact is absent — continuing with configured trusted identities
.02:52:16.625 [error] local node self-trust was not added: node signing public-key artifact is absent — continuing with configured trusted identities
.02:52:16.659 [error] local node self-trust was not added: node signing public-key artifact is absent — continuing with configured trusted identities
.02:52:16.744 [error] local node self-trust was not added: node signing public-key artifact is absent — continuing with configured trusted identities
.02:52:16.829 [error] local node self-trust was not added: node signing public-key artifact is absent — continuing with configured trusted identities
.02:52:16.917 [error] local node self-trust was not added: node signing public-key artifact is absent — continuing with configured trusted identities
.02:52:17.019 [error] local node self-trust was not added: node signing public-key artifact is absent — continuing with configured trusted identities
.02:52:17.106 [error] local node self-trust was not added: node signing public-key artifact is absent — continuing with configured trusted identities
.02:52:17.173 [error] local node self-trust was not added: node signing public-key artifact is absent — continuing with configured trusted identities
.02:52:17.194 [error] local node self-trust was not added: node signing public-key artifact is absent — continuing with configured trusted identities
.02:52:17.212 [error] local node self-trust was not added: node signing public-key artifact is absent — continuing with configured trusted identities
.02:52:17.231 [error] local node self-trust was not added: node signing public-key artifact is absent — continuing with configured trusted identities
.02:52:17.252 [error] local node self-trust was not added: node signing public-key artifact is absent — continuing with configured trusted identities
.02:52:17.272 [error] local node self-trust was not added: node signing public-key artifact is absent — continuing with configured trusted identities
.02:52:17.297 [error] local node self-trust was not added: node signing public-key artifact is absent — continuing with configured trusted identities
.02:52:17.317 [error] local node self-trust was not added: node signing public-key artifact is absent — continuing with configured trusted identities
.02:52:17.334 [error] local node self-trust was not added: node signing public-key artifact is absent — continuing with configured trusted identities
.02:52:17.351 [error] local node self-trust was not added: node signing public-key artifact is absent — continuing with configured trusted identities
.02:52:17.370 [error] local node self-trust was not added: node signing public-key artifact is absent — continuing with configured trusted identities
.02:52:17.410 [error] local node self-trust was not added: node signing public-key artifact is absent — continuing with configured trusted identities
.02:52:17.464 [error] local node self-trust was not added: node signing public-key artifact is absent — continuing with configured trusted identities
02:52:17.475 [error] Commonplace.Trust.AuditDispatcher: FAILED to persist 1 denial audit record(s) — denials are still being ENFORCED but are no longer being RECORDED in the substrate. reason={:exit, {:noproc, {GenServer, :call, [#PID<0.75075.0>, {:snapshot, :infinity}, :infinity]}}}
.02:52:17.483 [error] local node self-trust was not added: node signing public-key artifact is absent — continuing with configured trusted identities
.02:52:17.535 [error] local node self-trust was not added: node signing public-key artifact is absent — continuing with configured trusted identities
.02:52:17.927 [error] local node self-trust was not added: node signing public-key artifact is absent — continuing with configured trusted identities
.02:52:18.287 [error] local node self-trust was not added: node signing public-key artifact is absent — continuing with configured trusted identities
.02:52:18.653 [error] local node self-trust was not added: node signing public-key artifact is absent — continuing with configured trusted identities
.02:52:19.334 [error] local node self-trust was not added: node signing public-key artifact is absent — continuing with configured trusted identities
.02:52:19.699 [error] local node self-trust was not added: node signing public-key artifact is absent — continuing with configured trusted identities
.02:52:20.271 [error] local node self-trust was not added: node signing public-key artifact is absent — continuing with configured trusted identities
.02:52:20.313 [error] local node self-trust was not added: node signing public-key artifact is absent — continuing with configured trusted identities
.02:52:20.379 [error] local node self-trust was not added: node signing public-key artifact is absent — continuing with configured trusted identities
.02:52:20.401 [error] local node self-trust was not added: node signing public-key artifact is absent — continuing with configured trusted identities
.02:52:20.446 [error] local node self-trust was not added: node signing public-key artifact is absent — continuing with configured trusted identities
.....
Finished in 9.4 seconds (1.0s async, 8.3s sync)
12 features, 134 tests, 0 failures, 12 excluded
