==> commonplace
make: Nothing to be done for 'all'.
==> commonplace_cli
Running ExUnit with seed: 551102, max_cases: 8
Excluding tags: [:test]
Including tags: [location: {"test/commonplace/cli/snapshot_test.exs", 114}]

CX_SNAPMECH cwd="/home/jes/sol-snapshot-fresh/wt/apps/commonplace_cli" configured="tmp/test_data" configured_read=%{compact: [], count: 3, ls: {:ok, ["node_id", "commits", "commits.lock"]}, exists?: true} commit_store_pid=#PID<0.279.0> commit_store_state_shape={true, [:data_dir, :db, :invariant_dispatcher, :local_write_gate, :lock_ref, :name, :pending_imports, :queue_poller, :trust_side_store]} cubdb_pid=#PID<0.282.0> cubdb_state_shape=CubDB.State cubdb_data_dir="tmp/test_data/commits" cubdb_read=%{compact: [], count: 1, ls: {:ok, ["9.cub"]}, exists?: true}
06:18:35.822 [error] local node self-trust was not added: node signing public-key artifact is absent — continuing with configured trusted identities
06:18:35.845 [error] local node self-trust was not added: node signing public-key artifact is absent — continuing with configured trusted identities
06:18:35.849 [error] local node self-trust was not added: node signing public-key artifact is absent — continuing with configured trusted identities
06:18:35.866 [error] local node self-trust was not added: node signing public-key artifact is absent — continuing with configured trusted identities
.
Finished in 0.2 seconds (0.00s async, 0.2s sync)
3 tests, 0 failures, 2 excluded
Running ExUnit with seed: 871994, max_cases: 8
Excluding tags: [:test]
Including tags: [location: {"test/commonplace/cli/snapshot_test.exs", 114}]

CX_SNAPMECH cwd="/home/jes/sol-snapshot-fresh/wt/apps/commonplace_cli" configured="tmp/test_data" configured_read=%{compact: [], count: 3, ls: {:ok, ["node_id", "commits", "commits.lock"]}, exists?: true} commit_store_pid=#PID<0.279.0> commit_store_state_shape={true, [:data_dir, :db, :invariant_dispatcher, :local_write_gate, :lock_ref, :name, :pending_imports, :queue_poller, :trust_side_store]} cubdb_pid=#PID<0.282.0> cubdb_state_shape=CubDB.State cubdb_data_dir="tmp/test_data/commits" cubdb_read=%{compact: ["A.compact"], count: 2, ls: {:ok, ["A.compact", "9.cub"]}, exists?: true}
06:18:35.874 [error] local node self-trust was not added: node signing public-key artifact is absent — continuing with configured trusted identities
06:18:35.877 [error] local node self-trust was not added: node signing public-key artifact is absent — continuing with configured trusted identities
06:18:35.881 [error] local node self-trust was not added: node signing public-key artifact is absent — continuing with configured trusted identities
06:18:35.889 [error] local node self-trust was not added: node signing public-key artifact is absent — continuing with configured trusted identities
.
Finished in 0.02 seconds (0.00s async, 0.02s sync)
3 tests, 0 failures, 2 excluded
Running ExUnit with seed: 895843, max_cases: 8
Excluding tags: [:test]
Including tags: [location: {"test/commonplace/cli/snapshot_test.exs", 114}]

CX_SNAPMECH cwd="/home/jes/sol-snapshot-fresh/wt/apps/commonplace_cli" configured="tmp/test_data" configured_read=%{compact: [], count: 3, ls: {:ok, ["node_id", "commits", "commits.lock"]}, exists?: true} commit_store_pid=#PID<0.279.0> commit_store_state_shape={true, [:data_dir, :db, :invariant_dispatcher, :local_write_gate, :lock_ref, :name, :pending_imports, :queue_poller, :trust_side_store]} cubdb_pid=#PID<0.282.0> cubdb_state_shape=CubDB.State cubdb_data_dir="tmp/test_data/commits" cubdb_read=%{compact: [], count: 1, ls: {:ok, ["A.cub"]}, exists?: true}
06:18:35.902 [error] local node self-trust was not added: node signing public-key artifact is absent — continuing with configured trusted identities
06:18:35.904 [error] local node self-trust was not added: node signing public-key artifact is absent — continuing with configured trusted identities
06:18:35.907 [error] local node self-trust was not added: node signing public-key artifact is absent — continuing with configured trusted identities
06:18:35.911 [error] local node self-trust was not added: node signing public-key artifact is absent — continuing with configured trusted identities
.
Finished in 0.01 seconds (0.00s async, 0.01s sync)
3 tests, 0 failures, 2 excluded
Running ExUnit with seed: 914485, max_cases: 8
Excluding tags: [:test]
Including tags: [location: {"test/commonplace/cli/snapshot_test.exs", 114}]

CX_SNAPMECH cwd="/home/jes/sol-snapshot-fresh/wt/apps/commonplace_cli" configured="tmp/test_data" configured_read=%{compact: [], count: 3, ls: {:ok, ["node_id", "commits", "commits.lock"]}, exists?: true} commit_store_pid=#PID<0.279.0> commit_store_state_shape={true, [:data_dir, :db, :invariant_dispatcher, :local_write_gate, :lock_ref, :name, :pending_imports, :queue_poller, :trust_side_store]} cubdb_pid=#PID<0.282.0> cubdb_state_shape=CubDB.State cubdb_data_dir="tmp/test_data/commits" cubdb_read=%{compact: [], count: 1, ls: {:ok, ["A.cub"]}, exists?: true}
06:18:35.915 [error] local node self-trust was not added: node signing public-key artifact is absent — continuing with configured trusted identities
06:18:35.917 [error] local node self-trust was not added: node signing public-key artifact is absent — continuing with configured trusted identities
06:18:35.919 [error] local node self-trust was not added: node signing public-key artifact is absent — continuing with configured trusted identities
06:18:35.924 [error] local node self-trust was not added: node signing public-key artifact is absent — continuing with configured trusted identities
.
Finished in 0.01 seconds (0.00s async, 0.01s sync)
3 tests, 0 failures, 2 excluded
Running ExUnit with seed: 927313, max_cases: 8
Excluding tags: [:test]
Including tags: [location: {"test/commonplace/cli/snapshot_test.exs", 114}]

CX_SNAPMECH cwd="/home/jes/sol-snapshot-fresh/wt/apps/commonplace_cli" configured="tmp/test_data" configured_read=%{compact: [], count: 3, ls: {:ok, ["node_id", "commits", "commits.lock"]}, exists?: true} commit_store_pid=#PID<0.279.0> commit_store_state_shape={true, [:data_dir, :db, :invariant_dispatcher, :local_write_gate, :lock_ref, :name, :pending_imports, :queue_poller, :trust_side_store]} cubdb_pid=#PID<0.282.0> cubdb_state_shape=CubDB.State cubdb_data_dir="tmp/test_data/commits" cubdb_read=%{compact: [], count: 1, ls: {:ok, ["A.cub"]}, exists?: true}
06:18:35.928 [error] local node self-trust was not added: node signing public-key artifact is absent — continuing with configured trusted identities
06:18:35.930 [error] local node self-trust was not added: node signing public-key artifact is absent — continuing with configured trusted identities
06:18:35.933 [error] local node self-trust was not added: node signing public-key artifact is absent — continuing with configured trusted identities
06:18:35.936 [error] local node self-trust was not added: node signing public-key artifact is absent — continuing with configured trusted identities
.
Finished in 0.01 seconds (0.00s async, 0.01s sync)
3 tests, 0 failures, 2 excluded
Running ExUnit with seed: 940255, max_cases: 8
Excluding tags: [:test]
Including tags: [location: {"test/commonplace/cli/snapshot_test.exs", 114}]

CX_SNAPMECH cwd="/home/jes/sol-snapshot-fresh/wt/apps/commonplace_cli" configured="tmp/test_data" configured_read=%{compact: [], count: 3, ls: {:ok, ["node_id", "commits", "commits.lock"]}, exists?: true} commit_store_pid=#PID<0.279.0> commit_store_state_shape={true, [:data_dir, :db, :invariant_dispatcher, :local_write_gate, :lock_ref, :name, :pending_imports, :queue_poller, :trust_side_store]} cubdb_pid=#PID<0.282.0> cubdb_state_shape=CubDB.State cubdb_data_dir="tmp/test_data/commits" cubdb_read=%{compact: [], count: 1, ls: {:ok, ["A.cub"]}, exists?: true}
06:18:35.941 [error] local node self-trust was not added: node signing public-key artifact is absent — continuing with configured trusted identities
06:18:35.943 [error] local node self-trust was not added: node signing public-key artifact is absent — continuing with configured trusted identities
06:18:35.946 [error] local node self-trust was not added: node signing public-key artifact is absent — continuing with configured trusted identities
06:18:35.950 [error] local node self-trust was not added: node signing public-key artifact is absent — continuing with configured trusted identities
.
Finished in 0.01 seconds (0.00s async, 0.01s sync)
3 tests, 0 failures, 2 excluded
Running ExUnit with seed: 953733, max_cases: 8
Excluding tags: [:test]
Including tags: [location: {"test/commonplace/cli/snapshot_test.exs", 114}]

CX_SNAPMECH cwd="/home/jes/sol-snapshot-fresh/wt/apps/commonplace_cli" configured="tmp/test_data" configured_read=%{compact: [], count: 3, ls: {:ok, ["node_id", "commits", "commits.lock"]}, exists?: true} commit_store_pid=#PID<0.279.0> commit_store_state_shape={true, [:data_dir, :db, :invariant_dispatcher, :local_write_gate, :lock_ref, :name, :pending_imports, :queue_poller, :trust_side_store]} cubdb_pid=#PID<0.282.0> cubdb_state_shape=CubDB.State cubdb_data_dir="tmp/test_data/commits" cubdb_read=%{compact: [], count: 1, ls: {:ok, ["A.cub"]}, exists?: true}
06:18:35.956 [error] local node self-trust was not added: node signing public-key artifact is absent — continuing with configured trusted identities
06:18:35.959 [error] local node self-trust was not added: node signing public-key artifact is absent — continuing with configured trusted identities
06:18:35.963 [error] local node self-trust was not added: node signing public-key artifact is absent — continuing with configured trusted identities
06:18:35.969 [error] local node self-trust was not added: node signing public-key artifact is absent — continuing with configured trusted identities
.
Finished in 0.01 seconds (0.00s async, 0.01s sync)
3 tests, 0 failures, 2 excluded
Running ExUnit with seed: 975574, max_cases: 8
Excluding tags: [:test]
Including tags: [location: {"test/commonplace/cli/snapshot_test.exs", 114}]

CX_SNAPMECH cwd="/home/jes/sol-snapshot-fresh/wt/apps/commonplace_cli" configured="tmp/test_data" configured_read=%{compact: [], count: 3, ls: {:ok, ["node_id", "commits", "commits.lock"]}, exists?: true} commit_store_pid=#PID<0.279.0> commit_store_state_shape={true, [:data_dir, :db, :invariant_dispatcher, :local_write_gate, :lock_ref, :name, :pending_imports, :queue_poller, :trust_side_store]} cubdb_pid=#PID<0.282.0> cubdb_state_shape=CubDB.State cubdb_data_dir="tmp/test_data/commits" cubdb_read=%{compact: ["B.compact"], count: 2, ls: {:ok, ["A.cub", "B.compact"]}, exists?: true}
06:18:35.978 [error] local node self-trust was not added: node signing public-key artifact is absent — continuing with configured trusted identities
06:18:35.982 [error] local node self-trust was not added: node signing public-key artifact is absent — continuing with configured trusted identities
06:18:35.987 [error] local node self-trust was not added: node signing public-key artifact is absent — continuing with configured trusted identities
06:18:35.994 [error] local node self-trust was not added: node signing public-key artifact is absent — continuing with configured trusted identities
.
Finished in 0.02 seconds (0.00s async, 0.02s sync)
3 tests, 0 failures, 2 excluded
Running ExUnit with seed: 999659, max_cases: 8
Excluding tags: [:test]
Including tags: [location: {"test/commonplace/cli/snapshot_test.exs", 114}]

CX_SNAPMECH cwd="/home/jes/sol-snapshot-fresh/wt/apps/commonplace_cli" configured="tmp/test_data" configured_read=%{compact: [], count: 3, ls: {:ok, ["node_id", "commits", "commits.lock"]}, exists?: true} commit_store_pid=#PID<0.279.0> commit_store_state_shape={true, [:data_dir, :db, :invariant_dispatcher, :local_write_gate, :lock_ref, :name, :pending_imports, :queue_poller, :trust_side_store]} cubdb_pid=#PID<0.282.0> cubdb_state_shape=CubDB.State cubdb_data_dir="tmp/test_data/commits" cubdb_read=%{compact: ["B.compact"], count: 2, ls: {:ok, ["A.cub", "B.compact"]}, exists?: true}
06:18:36.002 [error] local node self-trust was not added: node signing public-key artifact is absent — continuing with configured trusted identities
06:18:36.006 [error] local node self-trust was not added: node signing public-key artifact is absent — continuing with configured trusted identities
06:18:36.010 [error] local node self-trust was not added: node signing public-key artifact is absent — continuing with configured trusted identities
06:18:36.018 [error] local node self-trust was not added: node signing public-key artifact is absent — continuing with configured trusted identities
.
Finished in 0.02 seconds (0.00s async, 0.02s sync)
3 tests, 0 failures, 2 excluded
Running ExUnit with seed: 23944, max_cases: 8
Excluding tags: [:test]
Including tags: [location: {"test/commonplace/cli/snapshot_test.exs", 114}]

CX_SNAPMECH cwd="/home/jes/sol-snapshot-fresh/wt/apps/commonplace_cli" configured="tmp/test_data" configured_read=%{compact: [], count: 3, ls: {:ok, ["node_id", "commits", "commits.lock"]}, exists?: true} commit_store_pid=#PID<0.279.0> commit_store_state_shape={true, [:data_dir, :db, :invariant_dispatcher, :local_write_gate, :lock_ref, :name, :pending_imports, :queue_poller, :trust_side_store]} cubdb_pid=#PID<0.282.0> cubdb_state_shape=CubDB.State cubdb_data_dir="tmp/test_data/commits" cubdb_read=%{compact: ["B.compact"], count: 2, ls: {:ok, ["A.cub", "B.compact"]}, exists?: true}
06:18:36.027 [error] local node self-trust was not added: node signing public-key artifact is absent — continuing with configured trusted identities
06:18:36.034 [error] local node self-trust was not added: node signing public-key artifact is absent — continuing with configured trusted identities
06:18:36.041 [error] local node self-trust was not added: node signing public-key artifact is absent — continuing with configured trusted identities
06:18:36.055 [error] local node self-trust was not added: node signing public-key artifact is absent — continuing with configured trusted identities
.
Finished in 0.03 seconds (0.00s async, 0.03s sync)
3 tests, 0 failures, 2 excluded
Running ExUnit with seed: 61290, max_cases: 8
Excluding tags: [:test]
Including tags: [location: {"test/commonplace/cli/snapshot_test.exs", 114}]

CX_SNAPMECH cwd="/home/jes/sol-snapshot-fresh/wt/apps/commonplace_cli" configured="tmp/test_data" configured_read=%{compact: [], count: 3, ls: {:ok, ["node_id", "commits", "commits.lock"]}, exists?: true} commit_store_pid=#PID<0.279.0> commit_store_state_shape={true, [:data_dir, :db, :invariant_dispatcher, :local_write_gate, :lock_ref, :name, :pending_imports, :queue_poller, :trust_side_store]} cubdb_pid=#PID<0.282.0> cubdb_state_shape=CubDB.State cubdb_data_dir="tmp/test_data/commits" cubdb_read=%{compact: [], count: 1, ls: {:ok, ["B.cub"]}, exists?: true}
06:18:36.063 [error] local node self-trust was not added: node signing public-key artifact is absent — continuing with configured trusted identities
06:18:36.067 [error] local node self-trust was not added: node signing public-key artifact is absent — continuing with configured trusted identities
06:18:36.072 [error] local node self-trust was not added: node signing public-key artifact is absent — continuing with configured trusted identities
06:18:36.076 [error] local node self-trust was not added: node signing public-key artifact is absent — continuing with configured trusted identities
.
Finished in 0.01 seconds (0.00s async, 0.01s sync)
3 tests, 0 failures, 2 excluded
Running ExUnit with seed: 80524, max_cases: 8
Excluding tags: [:test]
Including tags: [location: {"test/commonplace/cli/snapshot_test.exs", 114}]

CX_SNAPMECH cwd="/home/jes/sol-snapshot-fresh/wt/apps/commonplace_cli" configured="tmp/test_data" configured_read=%{compact: [], count: 3, ls: {:ok, ["node_id", "commits", "commits.lock"]}, exists?: true} commit_store_pid=#PID<0.279.0> commit_store_state_shape={true, [:data_dir, :db, :invariant_dispatcher, :local_write_gate, :lock_ref, :name, :pending_imports, :queue_poller, :trust_side_store]} cubdb_pid=#PID<0.282.0> cubdb_state_shape=CubDB.State cubdb_data_dir="tmp/test_data/commits" cubdb_read=%{compact: [], count: 1, ls: {:ok, ["B.cub"]}, exists?: true}
06:18:36.082 [error] local node self-trust was not added: node signing public-key artifact is absent — continuing with configured trusted identities
06:18:36.084 [error] local node self-trust was not added: node signing public-key artifact is absent — continuing with configured trusted identities
06:18:36.087 [error] local node self-trust was not added: node signing public-key artifact is absent — continuing with configured trusted identities
06:18:36.091 [error] local node self-trust was not added: node signing public-key artifact is absent — continuing with configured trusted identities
.
Finished in 0.01 seconds (0.00s async, 0.01s sync)
3 tests, 0 failures, 2 excluded
Running ExUnit with seed: 95966, max_cases: 8
Excluding tags: [:test]
Including tags: [location: {"test/commonplace/cli/snapshot_test.exs", 114}]

CX_SNAPMECH cwd="/home/jes/sol-snapshot-fresh/wt/apps/commonplace_cli" configured="tmp/test_data" configured_read=%{compact: [], count: 3, ls: {:ok, ["node_id", "commits", "commits.lock"]}, exists?: true} commit_store_pid=#PID<0.279.0> commit_store_state_shape={true, [:data_dir, :db, :invariant_dispatcher, :local_write_gate, :lock_ref, :name, :pending_imports, :queue_poller, :trust_side_store]} cubdb_pid=#PID<0.282.0> cubdb_state_shape=CubDB.State cubdb_data_dir="tmp/test_data/commits" cubdb_read=%{compact: [], count: 1, ls: {:ok, ["B.cub"]}, exists?: true}
06:18:36.097 [error] local node self-trust was not added: node signing public-key artifact is absent — continuing with configured trusted identities
06:18:36.100 [error] local node self-trust was not added: node signing public-key artifact is absent — continuing with configured trusted identities
06:18:36.109 [error] local node self-trust was not added: node signing public-key artifact is absent — continuing with configured trusted identities
06:18:36.113 [error] local node self-trust was not added: node signing public-key artifact is absent — continuing with configured trusted identities
.
Finished in 0.01 seconds (0.00s async, 0.01s sync)
3 tests, 0 failures, 2 excluded
Running ExUnit with seed: 116025, max_cases: 8
Excluding tags: [:test]
Including tags: [location: {"test/commonplace/cli/snapshot_test.exs", 114}]

06:18:36.117 [error] local node self-trust was not added: node signing public-key artifact is absent — continuing with configured trusted identities
CX_SNAPMECH cwd="/home/jes/sol-snapshot-fresh/wt/apps/commonplace_cli" configured="tmp/test_data" configured_read=%{compact: [], count: 3, ls: {:ok, ["node_id", "commits", "commits.lock"]}, exists?: true} commit_store_pid=#PID<0.279.0> commit_store_state_shape={true, [:data_dir, :db, :invariant_dispatcher, :local_write_gate, :lock_ref, :name, :pending_imports, :queue_poller, :trust_side_store]} cubdb_pid=#PID<0.282.0> cubdb_state_shape=CubDB.State cubdb_data_dir="tmp/test_data/commits" cubdb_read=%{compact: [], count: 1, ls: {:ok, ["B.cub"]}, exists?: true}
06:18:36.119 [error] local node self-trust was not added: node signing public-key artifact is absent — continuing with configured trusted identities
06:18:36.121 [error] local node self-trust was not added: node signing public-key artifact is absent — continuing with configured trusted identities
06:18:36.126 [error] local node self-trust was not added: node signing public-key artifact is absent — continuing with configured trusted identities
.
Finished in 0.01 seconds (0.00s async, 0.01s sync)
3 tests, 0 failures, 2 excluded
Running ExUnit with seed: 129895, max_cases: 8
Excluding tags: [:test]
Including tags: [location: {"test/commonplace/cli/snapshot_test.exs", 114}]

CX_SNAPMECH cwd="/home/jes/sol-snapshot-fresh/wt/apps/commonplace_cli" configured="tmp/test_data" configured_read=%{compact: [], count: 3, ls: {:ok, ["node_id", "commits", "commits.lock"]}, exists?: true} commit_store_pid=#PID<0.279.0> commit_store_state_shape={true, [:data_dir, :db, :invariant_dispatcher, :local_write_gate, :lock_ref, :name, :pending_imports, :queue_poller, :trust_side_store]} cubdb_pid=#PID<0.282.0> cubdb_state_shape=CubDB.State cubdb_data_dir="tmp/test_data/commits" cubdb_read=%{compact: ["C.compact"], count: 2, ls: {:ok, ["C.compact", "B.cub"]}, exists?: true}
06:18:36.134 [error] local node self-trust was not added: node signing public-key artifact is absent — continuing with configured trusted identities
06:18:36.138 [error] local node self-trust was not added: node signing public-key artifact is absent — continuing with configured trusted identities
06:18:36.142 [error] local node self-trust was not added: node signing public-key artifact is absent — continuing with configured trusted identities
06:18:36.147 [error] local node self-trust was not added: node signing public-key artifact is absent — continuing with configured trusted identities
.
Finished in 0.01 seconds (0.00s async, 0.01s sync)
3 tests, 0 failures, 2 excluded
Running ExUnit with seed: 151505, max_cases: 8
Excluding tags: [:test]
Including tags: [location: {"test/commonplace/cli/snapshot_test.exs", 114}]

CX_SNAPMECH cwd="/home/jes/sol-snapshot-fresh/wt/apps/commonplace_cli" configured="tmp/test_data" configured_read=%{compact: [], count: 3, ls: {:ok, ["node_id", "commits", "commits.lock"]}, exists?: true} commit_store_pid=#PID<0.279.0> commit_store_state_shape={true, [:data_dir, :db, :invariant_dispatcher, :local_write_gate, :lock_ref, :name, :pending_imports, :queue_poller, :trust_side_store]} cubdb_pid=#PID<0.282.0> cubdb_state_shape=CubDB.State cubdb_data_dir="tmp/test_data/commits" cubdb_read=%{compact: ["C.compact"], count: 2, ls: {:ok, ["C.compact", "B.cub"]}, exists?: true}
06:18:36.152 [error] local node self-trust was not added: node signing public-key artifact is absent — continuing with configured trusted identities
06:18:36.156 [error] local node self-trust was not added: node signing public-key artifact is absent — continuing with configured trusted identities
06:18:36.161 [error] local node self-trust was not added: node signing public-key artifact is absent — continuing with configured trusted identities
06:18:36.167 [error] local node self-trust was not added: node signing public-key artifact is absent — continuing with configured trusted identities
.
Finished in 0.02 seconds (0.00s async, 0.02s sync)
3 tests, 0 failures, 2 excluded
Running ExUnit with seed: 174305, max_cases: 8
Excluding tags: [:test]
Including tags: [location: {"test/commonplace/cli/snapshot_test.exs", 114}]

CX_SNAPMECH cwd="/home/jes/sol-snapshot-fresh/wt/apps/commonplace_cli" configured="tmp/test_data" configured_read=%{compact: [], count: 3, ls: {:ok, ["node_id", "commits", "commits.lock"]}, exists?: true} commit_store_pid=#PID<0.279.0> commit_store_state_shape={true, [:data_dir, :db, :invariant_dispatcher, :local_write_gate, :lock_ref, :name, :pending_imports, :queue_poller, :trust_side_store]} cubdb_pid=#PID<0.282.0> cubdb_state_shape=CubDB.State cubdb_data_dir="tmp/test_data/commits" cubdb_read=%{compact: ["C.compact"], count: 2, ls: {:ok, ["C.compact", "B.cub"]}, exists?: true}
06:18:36.176 [error] local node self-trust was not added: node signing public-key artifact is absent — continuing with configured trusted identities
06:18:36.180 [error] local node self-trust was not added: node signing public-key artifact is absent — continuing with configured trusted identities
06:18:36.184 [error] local node self-trust was not added: node signing public-key artifact is absent — continuing with configured trusted identities
06:18:36.194 [error] local node self-trust was not added: node signing public-key artifact is absent — continuing with configured trusted identities
.
Finished in 0.02 seconds (0.00s async, 0.02s sync)
3 tests, 0 failures, 2 excluded
Running ExUnit with seed: 202386, max_cases: 8
Excluding tags: [:test]
Including tags: [location: {"test/commonplace/cli/snapshot_test.exs", 114}]

CX_SNAPMECH cwd="/home/jes/sol-snapshot-fresh/wt/apps/commonplace_cli" configured="tmp/test_data" configured_read=%{compact: [], count: 3, ls: {:ok, ["node_id", "commits", "commits.lock"]}, exists?: true} commit_store_pid=#PID<0.279.0> commit_store_state_shape={true, [:data_dir, :db, :invariant_dispatcher, :local_write_gate, :lock_ref, :name, :pending_imports, :queue_poller, :trust_side_store]} cubdb_pid=#PID<0.282.0> cubdb_state_shape=CubDB.State cubdb_data_dir="tmp/test_data/commits" cubdb_read=%{compact: ["C.compact"], count: 2, ls: {:ok, ["C.compact", "B.cub"]}, exists?: true}
06:18:36.204 [error] local node self-trust was not added: node signing public-key artifact is absent — continuing with configured trusted identities
06:18:36.207 [error] local node self-trust was not added: node signing public-key artifact is absent — continuing with configured trusted identities
06:18:36.211 [error] local node self-trust was not added: node signing public-key artifact is absent — continuing with configured trusted identities
06:18:36.222 [error] local node self-trust was not added: node signing public-key artifact is absent — continuing with configured trusted identities
.
Finished in 0.02 seconds (0.00s async, 0.02s sync)
3 tests, 0 failures, 2 excluded
Running ExUnit with seed: 227203, max_cases: 8
Excluding tags: [:test]
Including tags: [location: {"test/commonplace/cli/snapshot_test.exs", 114}]

CX_SNAPMECH cwd="/home/jes/sol-snapshot-fresh/wt/apps/commonplace_cli" configured="tmp/test_data" configured_read=%{compact: [], count: 3, ls: {:ok, ["node_id", "commits", "commits.lock"]}, exists?: true} commit_store_pid=#PID<0.279.0> commit_store_state_shape={true, [:data_dir, :db, :invariant_dispatcher, :local_write_gate, :lock_ref, :name, :pending_imports, :queue_poller, :trust_side_store]} cubdb_pid=#PID<0.282.0> cubdb_state_shape=CubDB.State cubdb_data_dir="tmp/test_data/commits" cubdb_read=%{compact: [], count: 1, ls: {:ok, ["C.cub"]}, exists?: true}
06:18:36.228 [error] local node self-trust was not added: node signing public-key artifact is absent — continuing with configured trusted identities
06:18:36.232 [error] local node self-trust was not added: node signing public-key artifact is absent — continuing with configured trusted identities
06:18:36.234 [error] local node self-trust was not added: node signing public-key artifact is absent — continuing with configured trusted identities
06:18:36.244 [error] local node self-trust was not added: node signing public-key artifact is absent — continuing with configured trusted identities
.
Finished in 0.02 seconds (0.00s async, 0.02s sync)
3 tests, 0 failures, 2 excluded
Running ExUnit with seed: 249989, max_cases: 8
Excluding tags: [:test]
Including tags: [location: {"test/commonplace/cli/snapshot_test.exs", 114}]

CX_SNAPMECH cwd="/home/jes/sol-snapshot-fresh/wt/apps/commonplace_cli" configured="tmp/test_data" configured_read=%{compact: [], count: 3, ls: {:ok, ["node_id", "commits", "commits.lock"]}, exists?: true} commit_store_pid=#PID<0.279.0> commit_store_state_shape={true, [:data_dir, :db, :invariant_dispatcher, :local_write_gate, :lock_ref, :name, :pending_imports, :queue_poller, :trust_side_store]} cubdb_pid=#PID<0.282.0> cubdb_state_shape=CubDB.State cubdb_data_dir="tmp/test_data/commits" cubdb_read=%{compact: [], count: 1, ls: {:ok, ["C.cub"]}, exists?: true}
06:18:36.251 [error] local node self-trust was not added: node signing public-key artifact is absent — continuing with configured trusted identities
06:18:36.254 [error] local node self-trust was not added: node signing public-key artifact is absent — continuing with configured trusted identities
06:18:36.256 [error] local node self-trust was not added: node signing public-key artifact is absent — continuing with configured trusted identities
06:18:36.261 [error] local node self-trust was not added: node signing public-key artifact is absent — continuing with configured trusted identities
.
Finished in 0.01 seconds (0.00s async, 0.01s sync)
3 tests, 0 failures, 2 excluded
Running ExUnit with seed: 264632, max_cases: 8
Excluding tags: [:test]
Including tags: [location: {"test/commonplace/cli/snapshot_test.exs", 114}]

CX_SNAPMECH cwd="/home/jes/sol-snapshot-fresh/wt/apps/commonplace_cli" configured="tmp/test_data" configured_read=%{compact: [], count: 3, ls: {:ok, ["node_id", "commits", "commits.lock"]}, exists?: true} commit_store_pid=#PID<0.279.0> commit_store_state_shape={true, [:data_dir, :db, :invariant_dispatcher, :local_write_gate, :lock_ref, :name, :pending_imports, :queue_poller, :trust_side_store]} cubdb_pid=#PID<0.282.0> cubdb_state_shape=CubDB.State cubdb_data_dir="tmp/test_data/commits" cubdb_read=%{compact: [], count: 1, ls: {:ok, ["C.cub"]}, exists?: true}
06:18:36.265 [error] local node self-trust was not added: node signing public-key artifact is absent — continuing with configured trusted identities
06:18:36.268 [error] local node self-trust was not added: node signing public-key artifact is absent — continuing with configured trusted identities
06:18:36.271 [error] local node self-trust was not added: node signing public-key artifact is absent — continuing with configured trusted identities
06:18:36.274 [error] local node self-trust was not added: node signing public-key artifact is absent — continuing with configured trusted identities
.
Finished in 0.01 seconds (0.00s async, 0.01s sync)
3 tests, 0 failures, 2 excluded
Running ExUnit with seed: 278281, max_cases: 8
Excluding tags: [:test]
Including tags: [location: {"test/commonplace/cli/snapshot_test.exs", 114}]

06:18:36.279 [error] local node self-trust was not added: node signing public-key artifact is absent — continuing with configured trusted identities
CX_SNAPMECH cwd="/home/jes/sol-snapshot-fresh/wt/apps/commonplace_cli" configured="tmp/test_data" configured_read=%{compact: [], count: 3, ls: {:ok, ["node_id", "commits", "commits.lock"]}, exists?: true} commit_store_pid=#PID<0.279.0> commit_store_state_shape={true, [:data_dir, :db, :invariant_dispatcher, :local_write_gate, :lock_ref, :name, :pending_imports, :queue_poller, :trust_side_store]} cubdb_pid=#PID<0.282.0> cubdb_state_shape=CubDB.State cubdb_data_dir="tmp/test_data/commits" cubdb_read=%{compact: [], count: 1, ls: {:ok, ["C.cub"]}, exists?: true}
06:18:36.282 [error] local node self-trust was not added: node signing public-key artifact is absent — continuing with configured trusted identities
06:18:36.284 [error] local node self-trust was not added: node signing public-key artifact is absent — continuing with configured trusted identities
06:18:36.288 [error] local node self-trust was not added: node signing public-key artifact is absent — continuing with configured trusted identities
.
Finished in 0.01 seconds (0.00s async, 0.01s sync)
3 tests, 0 failures, 2 excluded
Running ExUnit with seed: 291444, max_cases: 8
Excluding tags: [:test]
Including tags: [location: {"test/commonplace/cli/snapshot_test.exs", 114}]

CX_SNAPMECH cwd="/home/jes/sol-snapshot-fresh/wt/apps/commonplace_cli" configured="tmp/test_data" configured_read=%{compact: [], count: 3, ls: {:ok, ["node_id", "commits", "commits.lock"]}, exists?: true} commit_store_pid=#PID<0.279.0> commit_store_state_shape={true, [:data_dir, :db, :invariant_dispatcher, :local_write_gate, :lock_ref, :name, :pending_imports, :queue_poller, :trust_side_store]} cubdb_pid=#PID<0.282.0> cubdb_state_shape=CubDB.State cubdb_data_dir="tmp/test_data/commits" cubdb_read=%{compact: [], count: 1, ls: {:ok, ["C.cub"]}, exists?: true}
06:18:36.292 [error] local node self-trust was not added: node signing public-key artifact is absent — continuing with configured trusted identities
06:18:36.295 [error] local node self-trust was not added: node signing public-key artifact is absent — continuing with configured trusted identities
06:18:36.297 [error] local node self-trust was not added: node signing public-key artifact is absent — continuing with configured trusted identities
06:18:36.301 [error] local node self-trust was not added: node signing public-key artifact is absent — continuing with configured trusted identities
.
Finished in 0.01 seconds (0.00s async, 0.01s sync)
3 tests, 0 failures, 2 excluded
Running ExUnit with seed: 305043, max_cases: 8
Excluding tags: [:test]
Including tags: [location: {"test/commonplace/cli/snapshot_test.exs", 114}]

CX_SNAPMECH cwd="/home/jes/sol-snapshot-fresh/wt/apps/commonplace_cli" configured="tmp/test_data" configured_read=%{compact: [], count: 3, ls: {:ok, ["node_id", "commits", "commits.lock"]}, exists?: true} commit_store_pid=#PID<0.279.0> commit_store_state_shape={true, [:data_dir, :db, :invariant_dispatcher, :local_write_gate, :lock_ref, :name, :pending_imports, :queue_poller, :trust_side_store]} cubdb_pid=#PID<0.282.0> cubdb_state_shape=CubDB.State cubdb_data_dir="tmp/test_data/commits" cubdb_read=%{compact: [], count: 1, ls: {:ok, ["C.cub"]}, exists?: true}
06:18:36.306 [error] local node self-trust was not added: node signing public-key artifact is absent — continuing with configured trusted identities
06:18:36.309 [error] local node self-trust was not added: node signing public-key artifact is absent — continuing with configured trusted identities
06:18:36.312 [error] local node self-trust was not added: node signing public-key artifact is absent — continuing with configured trusted identities
06:18:36.317 [error] local node self-trust was not added: node signing public-key artifact is absent — continuing with configured trusted identities
.
Finished in 0.01 seconds (0.00s async, 0.01s sync)
3 tests, 0 failures, 2 excluded
Running ExUnit with seed: 323631, max_cases: 8
Excluding tags: [:test]
Including tags: [location: {"test/commonplace/cli/snapshot_test.exs", 114}]

CX_SNAPMECH cwd="/home/jes/sol-snapshot-fresh/wt/apps/commonplace_cli" configured="tmp/test_data" configured_read=%{compact: [], count: 3, ls: {:ok, ["node_id", "commits", "commits.lock"]}, exists?: true} commit_store_pid=#PID<0.279.0> commit_store_state_shape={true, [:data_dir, :db, :invariant_dispatcher, :local_write_gate, :lock_ref, :name, :pending_imports, :queue_poller, :trust_side_store]} cubdb_pid=#PID<0.282.0> cubdb_state_shape=CubDB.State cubdb_data_dir="tmp/test_data/commits" cubdb_read=%{compact: ["D.compact"], count: 2, ls: {:ok, ["D.compact", "C.cub"]}, exists?: true}
06:18:36.326 [error] local node self-trust was not added: node signing public-key artifact is absent — continuing with configured trusted identities
06:18:36.331 [error] local node self-trust was not added: node signing public-key artifact is absent — continuing with configured trusted identities
06:18:36.335 [error] local node self-trust was not added: node signing public-key artifact is absent — continuing with configured trusted identities
06:18:36.345 [error] local node self-trust was not added: node signing public-key artifact is absent — continuing with configured trusted identities
.
Finished in 0.02 seconds (0.00s async, 0.02s sync)
3 tests, 0 failures, 2 excluded
Running ExUnit with seed: 355115, max_cases: 8
Excluding tags: [:test]
Including tags: [location: {"test/commonplace/cli/snapshot_test.exs", 114}]

CX_SNAPMECH cwd="/home/jes/sol-snapshot-fresh/wt/apps/commonplace_cli" configured="tmp/test_data" configured_read=%{compact: [], count: 3, ls: {:ok, ["node_id", "commits", "commits.lock"]}, exists?: true} commit_store_pid=#PID<0.279.0> commit_store_state_shape={true, [:data_dir, :db, :invariant_dispatcher, :local_write_gate, :lock_ref, :name, :pending_imports, :queue_poller, :trust_side_store]} cubdb_pid=#PID<0.282.0> cubdb_state_shape=CubDB.State cubdb_data_dir="tmp/test_data/commits" cubdb_read=%{compact: ["D.compact"], count: 2, ls: {:ok, ["D.compact", "C.cub"]}, exists?: true}
06:18:36.357 [error] local node self-trust was not added: node signing public-key artifact is absent — continuing with configured trusted identities
06:18:36.361 [error] local node self-trust was not added: node signing public-key artifact is absent — continuing with configured trusted identities
06:18:36.365 [error] local node self-trust was not added: node signing public-key artifact is absent — continuing with configured trusted identities
06:18:36.371 [error] local node self-trust was not added: node signing public-key artifact is absent — continuing with configured trusted identities
.
Finished in 0.02 seconds (0.00s async, 0.02s sync)
3 tests, 0 failures, 2 excluded
Running ExUnit with seed: 376400, max_cases: 8
Excluding tags: [:test]
Including tags: [location: {"test/commonplace/cli/snapshot_test.exs", 114}]

CX_SNAPMECH cwd="/home/jes/sol-snapshot-fresh/wt/apps/commonplace_cli" configured="tmp/test_data" configured_read=%{compact: [], count: 3, ls: {:ok, ["node_id", "commits", "commits.lock"]}, exists?: true} commit_store_pid=#PID<0.279.0> commit_store_state_shape={true, [:data_dir, :db, :invariant_dispatcher, :local_write_gate, :lock_ref, :name, :pending_imports, :queue_poller, :trust_side_store]} cubdb_pid=#PID<0.282.0> cubdb_state_shape=CubDB.State cubdb_data_dir="tmp/test_data/commits" cubdb_read=%{compact: ["D.compact"], count: 2, ls: {:ok, ["D.compact", "C.cub"]}, exists?: true}
06:18:36.378 [error] local node self-trust was not added: node signing public-key artifact is absent — continuing with configured trusted identities
06:18:36.382 [error] local node self-trust was not added: node signing public-key artifact is absent — continuing with configured trusted identities
06:18:36.385 [error] local node self-trust was not added: node signing public-key artifact is absent — continuing with configured trusted identities
06:18:36.393 [error] local node self-trust was not added: node signing public-key artifact is absent — continuing with configured trusted identities
.
Finished in 0.02 seconds (0.00s async, 0.02s sync)
3 tests, 0 failures, 2 excluded
Running ExUnit with seed: 398943, max_cases: 8
Excluding tags: [:test]
Including tags: [location: {"test/commonplace/cli/snapshot_test.exs", 114}]

CX_SNAPMECH cwd="/home/jes/sol-snapshot-fresh/wt/apps/commonplace_cli" configured="tmp/test_data" configured_read=%{compact: [], count: 3, ls: {:ok, ["node_id", "commits", "commits.lock"]}, exists?: true} commit_store_pid=#PID<0.279.0> commit_store_state_shape={true, [:data_dir, :db, :invariant_dispatcher, :local_write_gate, :lock_ref, :name, :pending_imports, :queue_poller, :trust_side_store]} cubdb_pid=#PID<0.282.0> cubdb_state_shape=CubDB.State cubdb_data_dir="tmp/test_data/commits" cubdb_read=%{compact: ["D.compact"], count: 2, ls: {:ok, ["D.compact", "C.cub"]}, exists?: true}
06:18:36.400 [error] local node self-trust was not added: node signing public-key artifact is absent — continuing with configured trusted identities
06:18:36.404 [error] local node self-trust was not added: node signing public-key artifact is absent — continuing with configured trusted identities
06:18:36.409 [error] local node self-trust was not added: node signing public-key artifact is absent — continuing with configured trusted identities
06:18:36.415 [error] local node self-trust was not added: node signing public-key artifact is absent — continuing with configured trusted identities
.
Finished in 0.02 seconds (0.00s async, 0.02s sync)
3 tests, 0 failures, 2 excluded
Running ExUnit with seed: 420804, max_cases: 8
Excluding tags: [:test]
Including tags: [location: {"test/commonplace/cli/snapshot_test.exs", 114}]

CX_SNAPMECH cwd="/home/jes/sol-snapshot-fresh/wt/apps/commonplace_cli" configured="tmp/test_data" configured_read=%{compact: [], count: 3, ls: {:ok, ["node_id", "commits", "commits.lock"]}, exists?: true} commit_store_pid=#PID<0.279.0> commit_store_state_shape={true, [:data_dir, :db, :invariant_dispatcher, :local_write_gate, :lock_ref, :name, :pending_imports, :queue_poller, :trust_side_store]} cubdb_pid=#PID<0.282.0> cubdb_state_shape=CubDB.State cubdb_data_dir="tmp/test_data/commits" cubdb_read=%{compact: ["D.compact"], count: 2, ls: {:ok, ["D.compact", "C.cub"]}, exists?: true}
06:18:36.423 [error] local node self-trust was not added: node signing public-key artifact is absent — continuing with configured trusted identities
06:18:36.430 [error] local node self-trust was not added: node signing public-key artifact is absent — continuing with configured trusted identities
06:18:36.434 [error] local node self-trust was not added: node signing public-key artifact is absent — continuing with configured trusted identities
06:18:36.446 [error] local node self-trust was not added: node signing public-key artifact is absent — continuing with configured trusted identities
.
Finished in 0.03 seconds (0.00s async, 0.03s sync)
3 tests, 0 failures, 2 excluded
Running ExUnit with seed: 455956, max_cases: 8
Excluding tags: [:test]
Including tags: [location: {"test/commonplace/cli/snapshot_test.exs", 114}]

CX_SNAPMECH cwd="/home/jes/sol-snapshot-fresh/wt/apps/commonplace_cli" configured="tmp/test_data" configured_read=%{compact: [], count: 3, ls: {:ok, ["node_id", "commits", "commits.lock"]}, exists?: true} commit_store_pid=#PID<0.279.0> commit_store_state_shape={true, [:data_dir, :db, :invariant_dispatcher, :local_write_gate, :lock_ref, :name, :pending_imports, :queue_poller, :trust_side_store]} cubdb_pid=#PID<0.282.0> cubdb_state_shape=CubDB.State cubdb_data_dir="tmp/test_data/commits" cubdb_read=%{compact: [], count: 1, ls: {:ok, ["D.cub"]}, exists?: true}
06:18:36.460 [error] local node self-trust was not added: node signing public-key artifact is absent — continuing with configured trusted identities
06:18:36.465 [error] local node self-trust was not added: node signing public-key artifact is absent — continuing with configured trusted identities
06:18:36.467 [error] local node self-trust was not added: node signing public-key artifact is absent — continuing with configured trusted identities
06:18:36.471 [error] local node self-trust was not added: node signing public-key artifact is absent — continuing with configured trusted identities
.
Finished in 0.01 seconds (0.00s async, 0.01s sync)
3 tests, 0 failures, 2 excluded
Running ExUnit with seed: 475685, max_cases: 8
Excluding tags: [:test]
Including tags: [location: {"test/commonplace/cli/snapshot_test.exs", 114}]

CX_SNAPMECH cwd="/home/jes/sol-snapshot-fresh/wt/apps/commonplace_cli" configured="tmp/test_data" configured_read=%{compact: [], count: 3, ls: {:ok, ["node_id", "commits", "commits.lock"]}, exists?: true} commit_store_pid=#PID<0.279.0> commit_store_state_shape={true, [:data_dir, :db, :invariant_dispatcher, :local_write_gate, :lock_ref, :name, :pending_imports, :queue_poller, :trust_side_store]} cubdb_pid=#PID<0.282.0> cubdb_state_shape=CubDB.State cubdb_data_dir="tmp/test_data/commits" cubdb_read=%{compact: [], count: 1, ls: {:ok, ["D.cub"]}, exists?: true}
06:18:36.477 [error] local node self-trust was not added: node signing public-key artifact is absent — continuing with configured trusted identities
06:18:36.480 [error] local node self-trust was not added: node signing public-key artifact is absent — continuing with configured trusted identities
06:18:36.483 [error] local node self-trust was not added: node signing public-key artifact is absent — continuing with configured trusted identities
06:18:36.487 [error] local node self-trust was not added: node signing public-key artifact is absent — continuing with configured trusted identities
.
Finished in 0.01 seconds (0.00s async, 0.01s sync)
3 tests, 0 failures, 2 excluded
Running ExUnit with seed: 491314, max_cases: 8
Excluding tags: [:test]
Including tags: [location: {"test/commonplace/cli/snapshot_test.exs", 114}]

CX_SNAPMECH cwd="/home/jes/sol-snapshot-fresh/wt/apps/commonplace_cli" configured="tmp/test_data" configured_read=%{compact: [], count: 3, ls: {:ok, ["node_id", "commits", "commits.lock"]}, exists?: true} commit_store_pid=#PID<0.279.0> commit_store_state_shape={true, [:data_dir, :db, :invariant_dispatcher, :local_write_gate, :lock_ref, :name, :pending_imports, :queue_poller, :trust_side_store]} cubdb_pid=#PID<0.282.0> cubdb_state_shape=CubDB.State cubdb_data_dir="tmp/test_data/commits" cubdb_read=%{compact: [], count: 1, ls: {:ok, ["D.cub"]}, exists?: true}
06:18:36.492 [error] local node self-trust was not added: node signing public-key artifact is absent — continuing with configured trusted identities
06:18:36.494 [error] local node self-trust was not added: node signing public-key artifact is absent — continuing with configured trusted identities
06:18:36.497 [error] local node self-trust was not added: node signing public-key artifact is absent — continuing with configured trusted identities
06:18:36.501 [error] local node self-trust was not added: node signing public-key artifact is absent — continuing with configured trusted identities
.
Finished in 0.01 seconds (0.00s async, 0.01s sync)
3 tests, 0 failures, 2 excluded
Running ExUnit with seed: 504846, max_cases: 8
Excluding tags: [:test]
Including tags: [location: {"test/commonplace/cli/snapshot_test.exs", 114}]

CX_SNAPMECH cwd="/home/jes/sol-snapshot-fresh/wt/apps/commonplace_cli" configured="tmp/test_data" configured_read=%{compact: [], count: 3, ls: {:ok, ["node_id", "commits", "commits.lock"]}, exists?: true} commit_store_pid=#PID<0.279.0> commit_store_state_shape={true, [:data_dir, :db, :invariant_dispatcher, :local_write_gate, :lock_ref, :name, :pending_imports, :queue_poller, :trust_side_store]} cubdb_pid=#PID<0.282.0> cubdb_state_shape=CubDB.State cubdb_data_dir="tmp/test_data/commits" cubdb_read=%{compact: [], count: 1, ls: {:ok, ["D.cub"]}, exists?: true}
06:18:36.505 [error] local node self-trust was not added: node signing public-key artifact is absent — continuing with configured trusted identities
06:18:36.515 [error] local node self-trust was not added: node signing public-key artifact is absent — continuing with configured trusted identities
06:18:36.520 [error] local node self-trust was not added: node signing public-key artifact is absent — continuing with configured trusted identities
06:18:36.529 [error] local node self-trust was not added: node signing public-key artifact is absent — continuing with configured trusted identities
.
Finished in 0.02 seconds (0.00s async, 0.02s sync)
3 tests, 0 failures, 2 excluded
Running ExUnit with seed: 536914, max_cases: 8
Excluding tags: [:test]
Including tags: [location: {"test/commonplace/cli/snapshot_test.exs", 114}]

CX_SNAPMECH cwd="/home/jes/sol-snapshot-fresh/wt/apps/commonplace_cli" configured="tmp/test_data" configured_read=%{compact: [], count: 3, ls: {:ok, ["node_id", "commits", "commits.lock"]}, exists?: true} commit_store_pid=#PID<0.279.0> commit_store_state_shape={true, [:data_dir, :db, :invariant_dispatcher, :local_write_gate, :lock_ref, :name, :pending_imports, :queue_poller, :trust_side_store]} cubdb_pid=#PID<0.282.0> cubdb_state_shape=CubDB.State cubdb_data_dir="tmp/test_data/commits" cubdb_read=%{compact: [], count: 1, ls: {:ok, ["D.cub"]}, exists?: true}
06:18:36.538 [error] local node self-trust was not added: node signing public-key artifact is absent — continuing with configured trusted identities
06:18:36.542 [error] local node self-trust was not added: node signing public-key artifact is absent — continuing with configured trusted identities
06:18:36.547 [error] local node self-trust was not added: node signing public-key artifact is absent — continuing with configured trusted identities
06:18:36.554 [error] local node self-trust was not added: node signing public-key artifact is absent — continuing with configured trusted identities
.
Finished in 0.02 seconds (0.00s async, 0.02s sync)
3 tests, 0 failures, 2 excluded
Running ExUnit with seed: 559621, max_cases: 8
Excluding tags: [:test]
Including tags: [location: {"test/commonplace/cli/snapshot_test.exs", 114}]

CX_SNAPMECH cwd="/home/jes/sol-snapshot-fresh/wt/apps/commonplace_cli" configured="tmp/test_data" configured_read=%{compact: [], count: 3, ls: {:ok, ["node_id", "commits", "commits.lock"]}, exists?: true} commit_store_pid=#PID<0.279.0> commit_store_state_shape={true, [:data_dir, :db, :invariant_dispatcher, :local_write_gate, :lock_ref, :name, :pending_imports, :queue_poller, :trust_side_store]} cubdb_pid=#PID<0.282.0> cubdb_state_shape=CubDB.State cubdb_data_dir="tmp/test_data/commits" cubdb_read=%{compact: [], count: 1, ls: {:ok, ["D.cub"]}, exists?: true}
06:18:36.562 [error] local node self-trust was not added: node signing public-key artifact is absent — continuing with configured trusted identities
06:18:36.568 [error] local node self-trust was not added: node signing public-key artifact is absent — continuing with configured trusted identities
06:18:36.572 [error] local node self-trust was not added: node signing public-key artifact is absent — continuing with configured trusted identities
06:18:36.577 [error] local node self-trust was not added: node signing public-key artifact is absent — continuing with configured trusted identities
.
Finished in 0.01 seconds (0.00s async, 0.01s sync)
3 tests, 0 failures, 2 excluded
Running ExUnit with seed: 580221, max_cases: 8
Excluding tags: [:test]
Including tags: [location: {"test/commonplace/cli/snapshot_test.exs", 114}]

CX_SNAPMECH cwd="/home/jes/sol-snapshot-fresh/wt/apps/commonplace_cli" configured="tmp/test_data" configured_read=%{compact: [], count: 3, ls: {:ok, ["node_id", "commits", "commits.lock"]}, exists?: true} commit_store_pid=#PID<0.279.0> commit_store_state_shape={true, [:data_dir, :db, :invariant_dispatcher, :local_write_gate, :lock_ref, :name, :pending_imports, :queue_poller, :trust_side_store]} cubdb_pid=#PID<0.282.0> cubdb_state_shape=CubDB.State cubdb_data_dir="tmp/test_data/commits" cubdb_read=%{compact: [], count: 1, ls: {:ok, ["D.cub"]}, exists?: true}
06:18:36.581 [error] local node self-trust was not added: node signing public-key artifact is absent — continuing with configured trusted identities
06:18:36.584 [error] local node self-trust was not added: node signing public-key artifact is absent — continuing with configured trusted identities
06:18:36.587 [error] local node self-trust was not added: node signing public-key artifact is absent — continuing with configured trusted identities
06:18:36.592 [error] local node self-trust was not added: node signing public-key artifact is absent — continuing with configured trusted identities
.
Finished in 0.01 seconds (0.00s async, 0.01s sync)
3 tests, 0 failures, 2 excluded
Running ExUnit with seed: 595589, max_cases: 8
Excluding tags: [:test]
Including tags: [location: {"test/commonplace/cli/snapshot_test.exs", 114}]

CX_SNAPMECH cwd="/home/jes/sol-snapshot-fresh/wt/apps/commonplace_cli" configured="tmp/test_data" configured_read=%{compact: [], count: 3, ls: {:ok, ["node_id", "commits", "commits.lock"]}, exists?: true} commit_store_pid=#PID<0.279.0> commit_store_state_shape={true, [:data_dir, :db, :invariant_dispatcher, :local_write_gate, :lock_ref, :name, :pending_imports, :queue_poller, :trust_side_store]} cubdb_pid=#PID<0.282.0> cubdb_state_shape=CubDB.State cubdb_data_dir="tmp/test_data/commits" cubdb_read=%{compact: [], count: 1, ls: {:ok, ["D.cub"]}, exists?: true}
06:18:36.596 [error] local node self-trust was not added: node signing public-key artifact is absent — continuing with configured trusted identities
06:18:36.600 [error] local node self-trust was not added: node signing public-key artifact is absent — continuing with configured trusted identities
06:18:36.603 [error] local node self-trust was not added: node signing public-key artifact is absent — continuing with configured trusted identities
06:18:36.607 [error] local node self-trust was not added: node signing public-key artifact is absent — continuing with configured trusted identities
.
Finished in 0.01 seconds (0.00s async, 0.01s sync)
3 tests, 0 failures, 2 excluded
Running ExUnit with seed: 610610, max_cases: 8
Excluding tags: [:test]
Including tags: [location: {"test/commonplace/cli/snapshot_test.exs", 114}]

CX_SNAPMECH cwd="/home/jes/sol-snapshot-fresh/wt/apps/commonplace_cli" configured="tmp/test_data" configured_read=%{compact: [], count: 3, ls: {:ok, ["node_id", "commits", "commits.lock"]}, exists?: true} commit_store_pid=#PID<0.279.0> commit_store_state_shape={true, [:data_dir, :db, :invariant_dispatcher, :local_write_gate, :lock_ref, :name, :pending_imports, :queue_poller, :trust_side_store]} cubdb_pid=#PID<0.282.0> cubdb_state_shape=CubDB.State cubdb_data_dir="tmp/test_data/commits" cubdb_read=%{compact: [], count: 1, ls: {:ok, ["D.cub"]}, exists?: true}
06:18:36.612 [error] local node self-trust was not added: node signing public-key artifact is absent — continuing with configured trusted identities
06:18:36.615 [error] local node self-trust was not added: node signing public-key artifact is absent — continuing with configured trusted identities
06:18:36.617 [error] local node self-trust was not added: node signing public-key artifact is absent — continuing with configured trusted identities
06:18:36.621 [error] local node self-trust was not added: node signing public-key artifact is absent — continuing with configured trusted identities
.
Finished in 0.01 seconds (0.00s async, 0.01s sync)
3 tests, 0 failures, 2 excluded
Running ExUnit with seed: 630909, max_cases: 8
Excluding tags: [:test]
Including tags: [location: {"test/commonplace/cli/snapshot_test.exs", 114}]

CX_SNAPMECH cwd="/home/jes/sol-snapshot-fresh/wt/apps/commonplace_cli" configured="tmp/test_data" configured_read=%{compact: [], count: 3, ls: {:ok, ["node_id", "commits", "commits.lock"]}, exists?: true} commit_store_pid=#PID<0.279.0> commit_store_state_shape={true, [:data_dir, :db, :invariant_dispatcher, :local_write_gate, :lock_ref, :name, :pending_imports, :queue_poller, :trust_side_store]} cubdb_pid=#PID<0.282.0> cubdb_state_shape=CubDB.State cubdb_data_dir="tmp/test_data/commits" cubdb_read=%{compact: ["E.compact"], count: 2, ls: {:ok, ["E.compact", "D.cub"]}, exists?: true}
06:18:36.632 [error] local node self-trust was not added: node signing public-key artifact is absent — continuing with configured trusted identities
06:18:36.635 [error] local node self-trust was not added: node signing public-key artifact is absent — continuing with configured trusted identities
06:18:36.639 [error] local node self-trust was not added: node signing public-key artifact is absent — continuing with configured trusted identities
06:18:36.646 [error] local node self-trust was not added: node signing public-key artifact is absent — continuing with configured trusted identities
.
Finished in 0.01 seconds (0.00s async, 0.01s sync)
3 tests, 0 failures, 2 excluded
Running ExUnit with seed: 651576, max_cases: 8
Excluding tags: [:test]
Including tags: [location: {"test/commonplace/cli/snapshot_test.exs", 114}]

CX_SNAPMECH cwd="/home/jes/sol-snapshot-fresh/wt/apps/commonplace_cli" configured="tmp/test_data" configured_read=%{compact: [], count: 3, ls: {:ok, ["node_id", "commits", "commits.lock"]}, exists?: true} commit_store_pid=#PID<0.279.0> commit_store_state_shape={true, [:data_dir, :db, :invariant_dispatcher, :local_write_gate, :lock_ref, :name, :pending_imports, :queue_poller, :trust_side_store]} cubdb_pid=#PID<0.282.0> cubdb_state_shape=CubDB.State cubdb_data_dir="tmp/test_data/commits" cubdb_read=%{compact: ["E.compact"], count: 2, ls: {:ok, ["E.compact", "D.cub"]}, exists?: true}
06:18:36.653 [error] local node self-trust was not added: node signing public-key artifact is absent — continuing with configured trusted identities
06:18:36.657 [error] local node self-trust was not added: node signing public-key artifact is absent — continuing with configured trusted identities
06:18:36.661 [error] local node self-trust was not added: node signing public-key artifact is absent — continuing with configured trusted identities
06:18:36.668 [error] local node self-trust was not added: node signing public-key artifact is absent — continuing with configured trusted identities
.
Finished in 0.02 seconds (0.00s async, 0.02s sync)
3 tests, 0 failures, 2 excluded
Running ExUnit with seed: 673783, max_cases: 8
Excluding tags: [:test]
Including tags: [location: {"test/commonplace/cli/snapshot_test.exs", 114}]

CX_SNAPMECH cwd="/home/jes/sol-snapshot-fresh/wt/apps/commonplace_cli" configured="tmp/test_data" configured_read=%{compact: [], count: 3, ls: {:ok, ["node_id", "commits", "commits.lock"]}, exists?: true} commit_store_pid=#PID<0.279.0> commit_store_state_shape={true, [:data_dir, :db, :invariant_dispatcher, :local_write_gate, :lock_ref, :name, :pending_imports, :queue_poller, :trust_side_store]} cubdb_pid=#PID<0.282.0> cubdb_state_shape=CubDB.State cubdb_data_dir="tmp/test_data/commits" cubdb_read=%{compact: ["E.compact"], count: 2, ls: {:ok, ["E.compact", "D.cub"]}, exists?: true}
06:18:36.675 [error] local node self-trust was not added: node signing public-key artifact is absent — continuing with configured trusted identities
06:18:36.680 [error] local node self-trust was not added: node signing public-key artifact is absent — continuing with configured trusted identities
06:18:36.685 [error] local node self-trust was not added: node signing public-key artifact is absent — continuing with configured trusted identities
06:18:36.693 [error] local node self-trust was not added: node signing public-key artifact is absent — continuing with configured trusted identities
.
Finished in 0.02 seconds (0.00s async, 0.02s sync)
3 tests, 0 failures, 2 excluded
Running ExUnit with seed: 698720, max_cases: 8
Excluding tags: [:test]
Including tags: [location: {"test/commonplace/cli/snapshot_test.exs", 114}]

CX_SNAPMECH cwd="/home/jes/sol-snapshot-fresh/wt/apps/commonplace_cli" configured="tmp/test_data" configured_read=%{compact: [], count: 3, ls: {:ok, ["node_id", "commits", "commits.lock"]}, exists?: true} commit_store_pid=#PID<0.279.0> commit_store_state_shape={true, [:data_dir, :db, :invariant_dispatcher, :local_write_gate, :lock_ref, :name, :pending_imports, :queue_poller, :trust_side_store]} cubdb_pid=#PID<0.282.0> cubdb_state_shape=CubDB.State cubdb_data_dir="tmp/test_data/commits" cubdb_read=%{compact: ["E.compact"], count: 2, ls: {:ok, ["E.compact", "D.cub"]}, exists?: true}
06:18:36.700 [error] local node self-trust was not added: node signing public-key artifact is absent — continuing with configured trusted identities
06:18:36.705 [error] local node self-trust was not added: node signing public-key artifact is absent — continuing with configured trusted identities
06:18:36.708 [error] local node self-trust was not added: node signing public-key artifact is absent — continuing with configured trusted identities
06:18:36.715 [error] local node self-trust was not added: node signing public-key artifact is absent — continuing with configured trusted identities
.
Finished in 0.01 seconds (0.00s async, 0.01s sync)
3 tests, 0 failures, 2 excluded
Running ExUnit with seed: 719719, max_cases: 8
Excluding tags: [:test]
Including tags: [location: {"test/commonplace/cli/snapshot_test.exs", 114}]

CX_SNAPMECH cwd="/home/jes/sol-snapshot-fresh/wt/apps/commonplace_cli" configured="tmp/test_data" configured_read=%{compact: [], count: 3, ls: {:ok, ["node_id", "commits", "commits.lock"]}, exists?: true} commit_store_pid=#PID<0.279.0> commit_store_state_shape={true, [:data_dir, :db, :invariant_dispatcher, :local_write_gate, :lock_ref, :name, :pending_imports, :queue_poller, :trust_side_store]} cubdb_pid=#PID<0.282.0> cubdb_state_shape=CubDB.State cubdb_data_dir="tmp/test_data/commits" cubdb_read=%{compact: ["E.compact"], count: 2, ls: {:ok, ["E.compact", "D.cub"]}, exists?: true}
06:18:36.721 [error] local node self-trust was not added: node signing public-key artifact is absent — continuing with configured trusted identities
06:18:36.726 [error] local node self-trust was not added: node signing public-key artifact is absent — continuing with configured trusted identities
06:18:36.729 [error] local node self-trust was not added: node signing public-key artifact is absent — continuing with configured trusted identities
06:18:36.740 [error] local node self-trust was not added: node signing public-key artifact is absent — continuing with configured trusted identities
.
Finished in 0.02 seconds (0.00s async, 0.02s sync)
3 tests, 0 failures, 2 excluded
Running ExUnit with seed: 745638, max_cases: 8
Excluding tags: [:test]
Including tags: [location: {"test/commonplace/cli/snapshot_test.exs", 114}]

CX_SNAPMECH cwd="/home/jes/sol-snapshot-fresh/wt/apps/commonplace_cli" configured="tmp/test_data" configured_read=%{compact: [], count: 3, ls: {:ok, ["node_id", "commits", "commits.lock"]}, exists?: true} commit_store_pid=#PID<0.279.0> commit_store_state_shape={true, [:data_dir, :db, :invariant_dispatcher, :local_write_gate, :lock_ref, :name, :pending_imports, :queue_poller, :trust_side_store]} cubdb_pid=#PID<0.282.0> cubdb_state_shape=CubDB.State cubdb_data_dir="tmp/test_data/commits" cubdb_read=%{compact: ["E.compact"], count: 2, ls: {:ok, ["E.compact", "D.cub"]}, exists?: true}
06:18:36.748 [error] local node self-trust was not added: node signing public-key artifact is absent — continuing with configured trusted identities
06:18:36.752 [error] local node self-trust was not added: node signing public-key artifact is absent — continuing with configured trusted identities
06:18:36.758 [error] local node self-trust was not added: node signing public-key artifact is absent — continuing with configured trusted identities
06:18:36.776 [error] local node self-trust was not added: node signing public-key artifact is absent — continuing with configured trusted identities
.
Finished in 0.03 seconds (0.00s async, 0.03s sync)
3 tests, 0 failures, 2 excluded
Running ExUnit with seed: 784135, max_cases: 8
Excluding tags: [:test]
Including tags: [location: {"test/commonplace/cli/snapshot_test.exs", 114}]

CX_SNAPMECH cwd="/home/jes/sol-snapshot-fresh/wt/apps/commonplace_cli" configured="tmp/test_data" configured_read=%{compact: [], count: 3, ls: {:ok, ["node_id", "commits", "commits.lock"]}, exists?: true} commit_store_pid=#PID<0.279.0> commit_store_state_shape={true, [:data_dir, :db, :invariant_dispatcher, :local_write_gate, :lock_ref, :name, :pending_imports, :queue_poller, :trust_side_store]} cubdb_pid=#PID<0.282.0> cubdb_state_shape=CubDB.State cubdb_data_dir="tmp/test_data/commits" cubdb_read=%{compact: ["E.compact"], count: 2, ls: {:ok, ["E.compact", "D.cub"]}, exists?: true}
06:18:36.787 [error] local node self-trust was not added: node signing public-key artifact is absent — continuing with configured trusted identities
06:18:36.792 [error] local node self-trust was not added: node signing public-key artifact is absent — continuing with configured trusted identities
06:18:36.797 [error] local node self-trust was not added: node signing public-key artifact is absent — continuing with configured trusted identities
06:18:36.807 [error] local node self-trust was not added: node signing public-key artifact is absent — continuing with configured trusted identities
.
Finished in 0.02 seconds (0.00s async, 0.02s sync)
3 tests, 0 failures, 2 excluded
Running ExUnit with seed: 812605, max_cases: 8
Excluding tags: [:test]
Including tags: [location: {"test/commonplace/cli/snapshot_test.exs", 114}]

CX_SNAPMECH cwd="/home/jes/sol-snapshot-fresh/wt/apps/commonplace_cli" configured="tmp/test_data" configured_read=%{compact: [], count: 3, ls: {:ok, ["node_id", "commits", "commits.lock"]}, exists?: true} commit_store_pid=#PID<0.279.0> commit_store_state_shape={true, [:data_dir, :db, :invariant_dispatcher, :local_write_gate, :lock_ref, :name, :pending_imports, :queue_poller, :trust_side_store]} cubdb_pid=#PID<0.282.0> cubdb_state_shape=CubDB.State cubdb_data_dir="tmp/test_data/commits" cubdb_read=%{compact: ["E.compact"], count: 2, ls: {:ok, ["E.compact", "D.cub"]}, exists?: true}
06:18:36.814 [error] local node self-trust was not added: node signing public-key artifact is absent — continuing with configured trusted identities
06:18:36.818 [error] local node self-trust was not added: node signing public-key artifact is absent — continuing with configured trusted identities
06:18:36.824 [error] local node self-trust was not added: node signing public-key artifact is absent — continuing with configured trusted identities
06:18:36.844 [error] local node self-trust was not added: node signing public-key artifact is absent — continuing with configured trusted identities
.
Finished in 0.03 seconds (0.00s async, 0.03s sync)
3 tests, 0 failures, 2 excluded
Running ExUnit with seed: 851707, max_cases: 8
Excluding tags: [:test]
Including tags: [location: {"test/commonplace/cli/snapshot_test.exs", 114}]

CX_SNAPMECH cwd="/home/jes/sol-snapshot-fresh/wt/apps/commonplace_cli" configured="tmp/test_data" configured_read=%{compact: [], count: 3, ls: {:ok, ["node_id", "commits", "commits.lock"]}, exists?: true} commit_store_pid=#PID<0.279.0> commit_store_state_shape={true, [:data_dir, :db, :invariant_dispatcher, :local_write_gate, :lock_ref, :name, :pending_imports, :queue_poller, :trust_side_store]} cubdb_pid=#PID<0.282.0> cubdb_state_shape=CubDB.State cubdb_data_dir="tmp/test_data/commits" cubdb_read=%{compact: ["E.compact"], count: 2, ls: {:ok, ["E.compact", "D.cub"]}, exists?: true}
06:18:36.853 [error] local node self-trust was not added: node signing public-key artifact is absent — continuing with configured trusted identities
06:18:36.857 [error] local node self-trust was not added: node signing public-key artifact is absent — continuing with configured trusted identities
06:18:36.860 [error] local node self-trust was not added: node signing public-key artifact is absent — continuing with configured trusted identities
06:18:36.871 [error] local node self-trust was not added: node signing public-key artifact is absent — continuing with configured trusted identities
.
Finished in 0.02 seconds (0.00s async, 0.02s sync)
3 tests, 0 failures, 2 excluded
Running ExUnit with seed: 875063, max_cases: 8
Excluding tags: [:test]
Including tags: [location: {"test/commonplace/cli/snapshot_test.exs", 114}]

CX_SNAPMECH cwd="/home/jes/sol-snapshot-fresh/wt/apps/commonplace_cli" configured="tmp/test_data" configured_read=%{compact: [], count: 3, ls: {:ok, ["node_id", "commits", "commits.lock"]}, exists?: true} commit_store_pid=#PID<0.279.0> commit_store_state_shape={true, [:data_dir, :db, :invariant_dispatcher, :local_write_gate, :lock_ref, :name, :pending_imports, :queue_poller, :trust_side_store]} cubdb_pid=#PID<0.282.0> cubdb_state_shape=CubDB.State cubdb_data_dir="tmp/test_data/commits" cubdb_read=%{compact: [], count: 1, ls: {:ok, ["E.cub"]}, exists?: true}
06:18:36.875 [error] local node self-trust was not added: node signing public-key artifact is absent — continuing with configured trusted identities
06:18:36.879 [error] local node self-trust was not added: node signing public-key artifact is absent — continuing with configured trusted identities
06:18:36.882 [error] local node self-trust was not added: node signing public-key artifact is absent — continuing with configured trusted identities
06:18:36.885 [error] local node self-trust was not added: node signing public-key artifact is absent — continuing with configured trusted identities
.
Finished in 0.01 seconds (0.00s async, 0.01s sync)
3 tests, 0 failures, 2 excluded
Running ExUnit with seed: 888752, max_cases: 8
Excluding tags: [:test]
Including tags: [location: {"test/commonplace/cli/snapshot_test.exs", 114}]

CX_SNAPMECH cwd="/home/jes/sol-snapshot-fresh/wt/apps/commonplace_cli" configured="tmp/test_data" configured_read=%{compact: [], count: 3, ls: {:ok, ["node_id", "commits", "commits.lock"]}, exists?: true} commit_store_pid=#PID<0.279.0> commit_store_state_shape={true, [:data_dir, :db, :invariant_dispatcher, :local_write_gate, :lock_ref, :name, :pending_imports, :queue_poller, :trust_side_store]} cubdb_pid=#PID<0.282.0> cubdb_state_shape=CubDB.State cubdb_data_dir="tmp/test_data/commits" cubdb_read=%{compact: [], count: 1, ls: {:ok, ["E.cub"]}, exists?: true}
06:18:36.889 [error] local node self-trust was not added: node signing public-key artifact is absent — continuing with configured trusted identities
06:18:36.892 [error] local node self-trust was not added: node signing public-key artifact is absent — continuing with configured trusted identities
06:18:36.895 [error] local node self-trust was not added: node signing public-key artifact is absent — continuing with configured trusted identities
06:18:36.899 [error] local node self-trust was not added: node signing public-key artifact is absent — continuing with configured trusted identities
.
Finished in 0.01 seconds (0.00s async, 0.01s sync)
3 tests, 0 failures, 2 excluded
Running ExUnit with seed: 903297, max_cases: 8
Excluding tags: [:test]
Including tags: [location: {"test/commonplace/cli/snapshot_test.exs", 114}]

CX_SNAPMECH cwd="/home/jes/sol-snapshot-fresh/wt/apps/commonplace_cli" configured="tmp/test_data" configured_read=%{compact: [], count: 3, ls: {:ok, ["node_id", "commits", "commits.lock"]}, exists?: true} commit_store_pid=#PID<0.279.0> commit_store_state_shape={true, [:data_dir, :db, :invariant_dispatcher, :local_write_gate, :lock_ref, :name, :pending_imports, :queue_poller, :trust_side_store]} cubdb_pid=#PID<0.282.0> cubdb_state_shape=CubDB.State cubdb_data_dir="tmp/test_data/commits" cubdb_read=%{compact: [], count: 1, ls: {:ok, ["E.cub"]}, exists?: true}
06:18:36.904 [error] local node self-trust was not added: node signing public-key artifact is absent — continuing with configured trusted identities
06:18:36.907 [error] local node self-trust was not added: node signing public-key artifact is absent — continuing with configured trusted identities
06:18:36.910 [error] local node self-trust was not added: node signing public-key artifact is absent — continuing with configured trusted identities
06:18:36.915 [error] local node self-trust was not added: node signing public-key artifact is absent — continuing with configured trusted identities
.
Finished in 0.01 seconds (0.00s async, 0.01s sync)
3 tests, 0 failures, 2 excluded
Running ExUnit with seed: 918740, max_cases: 8
Excluding tags: [:test]
Including tags: [location: {"test/commonplace/cli/snapshot_test.exs", 114}]

CX_SNAPMECH cwd="/home/jes/sol-snapshot-fresh/wt/apps/commonplace_cli" configured="tmp/test_data" configured_read=%{compact: [], count: 3, ls: {:ok, ["node_id", "commits", "commits.lock"]}, exists?: true} commit_store_pid=#PID<0.279.0> commit_store_state_shape={true, [:data_dir, :db, :invariant_dispatcher, :local_write_gate, :lock_ref, :name, :pending_imports, :queue_poller, :trust_side_store]} cubdb_pid=#PID<0.282.0> cubdb_state_shape=CubDB.State cubdb_data_dir="tmp/test_data/commits" cubdb_read=%{compact: [], count: 1, ls: {:ok, ["E.cub"]}, exists?: true}
06:18:36.919 [error] local node self-trust was not added: node signing public-key artifact is absent — continuing with configured trusted identities
06:18:36.922 [error] local node self-trust was not added: node signing public-key artifact is absent — continuing with configured trusted identities
06:18:36.927 [error] local node self-trust was not added: node signing public-key artifact is absent — continuing with configured trusted identities
06:18:36.932 [error] local node self-trust was not added: node signing public-key artifact is absent — continuing with configured trusted identities
.
Finished in 0.01 seconds (0.00s async, 0.01s sync)
3 tests, 0 failures, 2 excluded
Running ExUnit with seed: 936158, max_cases: 8
Excluding tags: [:test]
Including tags: [location: {"test/commonplace/cli/snapshot_test.exs", 114}]

CX_SNAPMECH cwd="/home/jes/sol-snapshot-fresh/wt/apps/commonplace_cli" configured="tmp/test_data" configured_read=%{compact: [], count: 3, ls: {:ok, ["node_id", "commits", "commits.lock"]}, exists?: true} commit_store_pid=#PID<0.279.0> commit_store_state_shape={true, [:data_dir, :db, :invariant_dispatcher, :local_write_gate, :lock_ref, :name, :pending_imports, :queue_poller, :trust_side_store]} cubdb_pid=#PID<0.282.0> cubdb_state_shape=CubDB.State cubdb_data_dir="tmp/test_data/commits" cubdb_read=%{compact: [], count: 1, ls: {:ok, ["E.cub"]}, exists?: true}
06:18:36.937 [error] local node self-trust was not added: node signing public-key artifact is absent — continuing with configured trusted identities
06:18:36.940 [error] local node self-trust was not added: node signing public-key artifact is absent — continuing with configured trusted identities
06:18:36.944 [error] local node self-trust was not added: node signing public-key artifact is absent — continuing with configured trusted identities
06:18:36.948 [error] local node self-trust was not added: node signing public-key artifact is absent — continuing with configured trusted identities
.
Finished in 0.01 seconds (0.00s async, 0.01s sync)
3 tests, 0 failures, 2 excluded
Running ExUnit with seed: 952588, max_cases: 8
Excluding tags: [:test]
Including tags: [location: {"test/commonplace/cli/snapshot_test.exs", 114}]

CX_SNAPMECH cwd="/home/jes/sol-snapshot-fresh/wt/apps/commonplace_cli" configured="tmp/test_data" configured_read=%{compact: [], count: 3, ls: {:ok, ["node_id", "commits", "commits.lock"]}, exists?: true} commit_store_pid=#PID<0.279.0> commit_store_state_shape={true, [:data_dir, :db, :invariant_dispatcher, :local_write_gate, :lock_ref, :name, :pending_imports, :queue_poller, :trust_side_store]} cubdb_pid=#PID<0.282.0> cubdb_state_shape=CubDB.State cubdb_data_dir="tmp/test_data/commits" cubdb_read=%{compact: [], count: 1, ls: {:ok, ["E.cub"]}, exists?: true}
06:18:36.954 [error] local node self-trust was not added: node signing public-key artifact is absent — continuing with configured trusted identities
06:18:36.957 [error] local node self-trust was not added: node signing public-key artifact is absent — continuing with configured trusted identities
06:18:36.960 [error] local node self-trust was not added: node signing public-key artifact is absent — continuing with configured trusted identities
06:18:36.965 [error] local node self-trust was not added: node signing public-key artifact is absent — continuing with configured trusted identities
.
Finished in 0.01 seconds (0.00s async, 0.01s sync)
3 tests, 0 failures, 2 excluded
Running ExUnit with seed: 968826, max_cases: 8
Excluding tags: [:test]
Including tags: [location: {"test/commonplace/cli/snapshot_test.exs", 114}]

CX_SNAPMECH cwd="/home/jes/sol-snapshot-fresh/wt/apps/commonplace_cli" configured="tmp/test_data" configured_read=%{compact: [], count: 3, ls: {:ok, ["node_id", "commits", "commits.lock"]}, exists?: true} commit_store_pid=#PID<0.279.0> commit_store_state_shape={true, [:data_dir, :db, :invariant_dispatcher, :local_write_gate, :lock_ref, :name, :pending_imports, :queue_poller, :trust_side_store]} cubdb_pid=#PID<0.282.0> cubdb_state_shape=CubDB.State cubdb_data_dir="tmp/test_data/commits" cubdb_read=%{compact: [], count: 1, ls: {:ok, ["E.cub"]}, exists?: true}
06:18:36.970 [error] local node self-trust was not added: node signing public-key artifact is absent — continuing with configured trusted identities
06:18:36.975 [error] local node self-trust was not added: node signing public-key artifact is absent — continuing with configured trusted identities
06:18:36.982 [error] local node self-trust was not added: node signing public-key artifact is absent — continuing with configured trusted identities
06:18:36.989 [error] local node self-trust was not added: node signing public-key artifact is absent — continuing with configured trusted identities
.
Finished in 0.02 seconds (0.00s async, 0.02s sync)
3 tests, 0 failures, 2 excluded
Running ExUnit with seed: 992534, max_cases: 8
Excluding tags: [:test]
Including tags: [location: {"test/commonplace/cli/snapshot_test.exs", 114}]

CX_SNAPMECH cwd="/home/jes/sol-snapshot-fresh/wt/apps/commonplace_cli" configured="tmp/test_data" configured_read=%{compact: [], count: 3, ls: {:ok, ["node_id", "commits", "commits.lock"]}, exists?: true} commit_store_pid=#PID<0.279.0> commit_store_state_shape={true, [:data_dir, :db, :invariant_dispatcher, :local_write_gate, :lock_ref, :name, :pending_imports, :queue_poller, :trust_side_store]} cubdb_pid=#PID<0.282.0> cubdb_state_shape=CubDB.State cubdb_data_dir="tmp/test_data/commits" cubdb_read=%{compact: [], count: 1, ls: {:ok, ["E.cub"]}, exists?: true}
06:18:36.993 [error] local node self-trust was not added: node signing public-key artifact is absent — continuing with configured trusted identities
06:18:37.000 [error] local node self-trust was not added: node signing public-key artifact is absent — continuing with configured trusted identities
06:18:37.005 [error] local node self-trust was not added: node signing public-key artifact is absent — continuing with configured trusted identities
06:18:37.011 [error] local node self-trust was not added: node signing public-key artifact is absent — continuing with configured trusted identities
.
Finished in 0.02 seconds (0.00s async, 0.02s sync)
3 tests, 0 failures, 2 excluded
Running ExUnit with seed: 15085, max_cases: 8
Excluding tags: [:test]
Including tags: [location: {"test/commonplace/cli/snapshot_test.exs", 114}]

CX_SNAPMECH cwd="/home/jes/sol-snapshot-fresh/wt/apps/commonplace_cli" configured="tmp/test_data" configured_read=%{compact: [], count: 3, ls: {:ok, ["node_id", "commits", "commits.lock"]}, exists?: true} commit_store_pid=#PID<0.279.0> commit_store_state_shape={true, [:data_dir, :db, :invariant_dispatcher, :local_write_gate, :lock_ref, :name, :pending_imports, :queue_poller, :trust_side_store]} cubdb_pid=#PID<0.282.0> cubdb_state_shape=CubDB.State cubdb_data_dir="tmp/test_data/commits" cubdb_read=%{compact: [], count: 1, ls: {:ok, ["E.cub"]}, exists?: true}
06:18:37.016 [error] local node self-trust was not added: node signing public-key artifact is absent — continuing with configured trusted identities
06:18:37.019 [error] local node self-trust was not added: node signing public-key artifact is absent — continuing with configured trusted identities
06:18:37.022 [error] local node self-trust was not added: node signing public-key artifact is absent — continuing with configured trusted identities
06:18:37.026 [error] local node self-trust was not added: node signing public-key artifact is absent — continuing with configured trusted identities
.
Finished in 0.01 seconds (0.00s async, 0.01s sync)
3 tests, 0 failures, 2 excluded
Running ExUnit with seed: 29652, max_cases: 8
Excluding tags: [:test]
Including tags: [location: {"test/commonplace/cli/snapshot_test.exs", 114}]

CX_SNAPMECH cwd="/home/jes/sol-snapshot-fresh/wt/apps/commonplace_cli" configured="tmp/test_data" configured_read=%{compact: [], count: 3, ls: {:ok, ["node_id", "commits", "commits.lock"]}, exists?: true} commit_store_pid=#PID<0.279.0> commit_store_state_shape={true, [:data_dir, :db, :invariant_dispatcher, :local_write_gate, :lock_ref, :name, :pending_imports, :queue_poller, :trust_side_store]} cubdb_pid=#PID<0.282.0> cubdb_state_shape=CubDB.State cubdb_data_dir="tmp/test_data/commits" cubdb_read=%{compact: [], count: 1, ls: {:ok, ["E.cub"]}, exists?: true}
06:18:37.031 [error] local node self-trust was not added: node signing public-key artifact is absent — continuing with configured trusted identities
06:18:37.034 [error] local node self-trust was not added: node signing public-key artifact is absent — continuing with configured trusted identities
06:18:37.037 [error] local node self-trust was not added: node signing public-key artifact is absent — continuing with configured trusted identities
06:18:37.041 [error] local node self-trust was not added: node signing public-key artifact is absent — continuing with configured trusted identities
.
Finished in 0.01 seconds (0.00s async, 0.01s sync)
3 tests, 0 failures, 2 excluded
Running ExUnit with seed: 44030, max_cases: 8
Excluding tags: [:test]
Including tags: [location: {"test/commonplace/cli/snapshot_test.exs", 114}]

CX_SNAPMECH cwd="/home/jes/sol-snapshot-fresh/wt/apps/commonplace_cli" configured="tmp/test_data" configured_read=%{compact: [], count: 3, ls: {:ok, ["node_id", "commits", "commits.lock"]}, exists?: true} commit_store_pid=#PID<0.279.0> commit_store_state_shape={true, [:data_dir, :db, :invariant_dispatcher, :local_write_gate, :lock_ref, :name, :pending_imports, :queue_poller, :trust_side_store]} cubdb_pid=#PID<0.282.0> cubdb_state_shape=CubDB.State cubdb_data_dir="tmp/test_data/commits" cubdb_read=%{compact: [], count: 1, ls: {:ok, ["E.cub"]}, exists?: true}
06:18:37.045 [error] local node self-trust was not added: node signing public-key artifact is absent — continuing with configured trusted identities
06:18:37.047 [error] local node self-trust was not added: node signing public-key artifact is absent — continuing with configured trusted identities
06:18:37.050 [error] local node self-trust was not added: node signing public-key artifact is absent — continuing with configured trusted identities
06:18:37.054 [error] local node self-trust was not added: node signing public-key artifact is absent — continuing with configured trusted identities
.
Finished in 0.01 seconds (0.00s async, 0.01s sync)
3 tests, 0 failures, 2 excluded
Running ExUnit with seed: 57696, max_cases: 8
Excluding tags: [:test]
Including tags: [location: {"test/commonplace/cli/snapshot_test.exs", 114}]

CX_SNAPMECH cwd="/home/jes/sol-snapshot-fresh/wt/apps/commonplace_cli" configured="tmp/test_data" configured_read=%{compact: [], count: 3, ls: {:ok, ["node_id", "commits", "commits.lock"]}, exists?: true} commit_store_pid=#PID<0.279.0> commit_store_state_shape={true, [:data_dir, :db, :invariant_dispatcher, :local_write_gate, :lock_ref, :name, :pending_imports, :queue_poller, :trust_side_store]} cubdb_pid=#PID<0.282.0> cubdb_state_shape=CubDB.State cubdb_data_dir="tmp/test_data/commits" cubdb_read=%{compact: [], count: 1, ls: {:ok, ["E.cub"]}, exists?: true}
06:18:37.059 [error] local node self-trust was not added: node signing public-key artifact is absent — continuing with configured trusted identities
06:18:37.062 [error] local node self-trust was not added: node signing public-key artifact is absent — continuing with configured trusted identities
06:18:37.065 [error] local node self-trust was not added: node signing public-key artifact is absent — continuing with configured trusted identities
06:18:37.071 [error] local node self-trust was not added: node signing public-key artifact is absent — continuing with configured trusted identities
.
Finished in 0.01 seconds (0.00s async, 0.01s sync)
3 tests, 0 failures, 2 excluded
Running ExUnit with seed: 77712, max_cases: 8
Excluding tags: [:test]
Including tags: [location: {"test/commonplace/cli/snapshot_test.exs", 114}]

CX_SNAPMECH cwd="/home/jes/sol-snapshot-fresh/wt/apps/commonplace_cli" configured="tmp/test_data" configured_read=%{compact: [], count: 3, ls: {:ok, ["node_id", "commits", "commits.lock"]}, exists?: true} commit_store_pid=#PID<0.279.0> commit_store_state_shape={true, [:data_dir, :db, :invariant_dispatcher, :local_write_gate, :lock_ref, :name, :pending_imports, :queue_poller, :trust_side_store]} cubdb_pid=#PID<0.282.0> cubdb_state_shape=CubDB.State cubdb_data_dir="tmp/test_data/commits" cubdb_read=%{compact: ["F.compact"], count: 2, ls: {:ok, ["E.cub", "F.compact"]}, exists?: true}
06:18:37.081 [error] local node self-trust was not added: node signing public-key artifact is absent — continuing with configured trusted identities
06:18:37.087 [error] local node self-trust was not added: node signing public-key artifact is absent — continuing with configured trusted identities
06:18:37.090 [error] local node self-trust was not added: node signing public-key artifact is absent — continuing with configured trusted identities
06:18:37.096 [error] local node self-trust was not added: node signing public-key artifact is absent — continuing with configured trusted identities
.
Finished in 0.02 seconds (0.00s async, 0.02s sync)
3 tests, 0 failures, 2 excluded
Running ExUnit with seed: 100833, max_cases: 8
Excluding tags: [:test]
Including tags: [location: {"test/commonplace/cli/snapshot_test.exs", 114}]

CX_SNAPMECH cwd="/home/jes/sol-snapshot-fresh/wt/apps/commonplace_cli" configured="tmp/test_data" configured_read=%{compact: [], count: 3, ls: {:ok, ["node_id", "commits", "commits.lock"]}, exists?: true} commit_store_pid=#PID<0.279.0> commit_store_state_shape={true, [:data_dir, :db, :invariant_dispatcher, :local_write_gate, :lock_ref, :name, :pending_imports, :queue_poller, :trust_side_store]} cubdb_pid=#PID<0.282.0> cubdb_state_shape=CubDB.State cubdb_data_dir="tmp/test_data/commits" cubdb_read=%{compact: ["F.compact"], count: 2, ls: {:ok, ["E.cub", "F.compact"]}, exists?: true}
06:18:37.104 [error] local node self-trust was not added: node signing public-key artifact is absent — continuing with configured trusted identities
06:18:37.108 [error] local node self-trust was not added: node signing public-key artifact is absent — continuing with configured trusted identities
06:18:37.111 [error] local node self-trust was not added: node signing public-key artifact is absent — continuing with configured trusted identities
06:18:37.116 [error] local node self-trust was not added: node signing public-key artifact is absent — continuing with configured trusted identities
.
Finished in 0.01 seconds (0.00s async, 0.01s sync)
3 tests, 0 failures, 2 excluded
Running ExUnit with seed: 120997, max_cases: 8
Excluding tags: [:test]
Including tags: [location: {"test/commonplace/cli/snapshot_test.exs", 114}]

CX_SNAPMECH cwd="/home/jes/sol-snapshot-fresh/wt/apps/commonplace_cli" configured="tmp/test_data" configured_read=%{compact: [], count: 3, ls: {:ok, ["node_id", "commits", "commits.lock"]}, exists?: true} commit_store_pid=#PID<0.279.0> commit_store_state_shape={true, [:data_dir, :db, :invariant_dispatcher, :local_write_gate, :lock_ref, :name, :pending_imports, :queue_poller, :trust_side_store]} cubdb_pid=#PID<0.282.0> cubdb_state_shape=CubDB.State cubdb_data_dir="tmp/test_data/commits" cubdb_read=%{compact: ["F.compact"], count: 2, ls: {:ok, ["E.cub", "F.compact"]}, exists?: true}
06:18:37.122 [error] local node self-trust was not added: node signing public-key artifact is absent — continuing with configured trusted identities
06:18:37.125 [error] local node self-trust was not added: node signing public-key artifact is absent — continuing with configured trusted identities
06:18:37.128 [error] local node self-trust was not added: node signing public-key artifact is absent — continuing with configured trusted identities
06:18:37.134 [error] local node self-trust was not added: node signing public-key artifact is absent — continuing with configured trusted identities
.
Finished in 0.01 seconds (0.00s async, 0.01s sync)
3 tests, 0 failures, 2 excluded
Running ExUnit with seed: 139217, max_cases: 8
Excluding tags: [:test]
Including tags: [location: {"test/commonplace/cli/snapshot_test.exs", 114}]

CX_SNAPMECH cwd="/home/jes/sol-snapshot-fresh/wt/apps/commonplace_cli" configured="tmp/test_data" configured_read=%{compact: [], count: 3, ls: {:ok, ["node_id", "commits", "commits.lock"]}, exists?: true} commit_store_pid=#PID<0.279.0> commit_store_state_shape={true, [:data_dir, :db, :invariant_dispatcher, :local_write_gate, :lock_ref, :name, :pending_imports, :queue_poller, :trust_side_store]} cubdb_pid=#PID<0.282.0> cubdb_state_shape=CubDB.State cubdb_data_dir="tmp/test_data/commits" cubdb_read=%{compact: ["F.compact"], count: 2, ls: {:ok, ["E.cub", "F.compact"]}, exists?: true}
06:18:37.141 [error] local node self-trust was not added: node signing public-key artifact is absent — continuing with configured trusted identities
06:18:37.145 [error] local node self-trust was not added: node signing public-key artifact is absent — continuing with configured trusted identities
06:18:37.148 [error] local node self-trust was not added: node signing public-key artifact is absent — continuing with configured trusted identities
06:18:37.154 [error] local node self-trust was not added: node signing public-key artifact is absent — continuing with configured trusted identities
.
Finished in 0.02 seconds (0.00s async, 0.02s sync)
3 tests, 0 failures, 2 excluded
Running ExUnit with seed: 161945, max_cases: 8
Excluding tags: [:test]
Including tags: [location: {"test/commonplace/cli/snapshot_test.exs", 114}]

CX_SNAPMECH cwd="/home/jes/sol-snapshot-fresh/wt/apps/commonplace_cli" configured="tmp/test_data" configured_read=%{compact: [], count: 3, ls: {:ok, ["node_id", "commits", "commits.lock"]}, exists?: true} commit_store_pid=#PID<0.279.0> commit_store_state_shape={true, [:data_dir, :db, :invariant_dispatcher, :local_write_gate, :lock_ref, :name, :pending_imports, :queue_poller, :trust_side_store]} cubdb_pid=#PID<0.282.0> cubdb_state_shape=CubDB.State cubdb_data_dir="tmp/test_data/commits" cubdb_read=%{compact: ["F.compact"], count: 2, ls: {:ok, ["E.cub", "F.compact"]}, exists?: true}
06:18:37.163 [error] local node self-trust was not added: node signing public-key artifact is absent — continuing with configured trusted identities
06:18:37.167 [error] local node self-trust was not added: node signing public-key artifact is absent — continuing with configured trusted identities
06:18:37.170 [error] local node self-trust was not added: node signing public-key artifact is absent — continuing with configured trusted identities
06:18:37.177 [error] local node self-trust was not added: node signing public-key artifact is absent — continuing with configured trusted identities
.
Finished in 0.01 seconds (0.00s async, 0.01s sync)
3 tests, 0 failures, 2 excluded
Running ExUnit with seed: 182909, max_cases: 8
Excluding tags: [:test]
Including tags: [location: {"test/commonplace/cli/snapshot_test.exs", 114}]

CX_SNAPMECH cwd="/home/jes/sol-snapshot-fresh/wt/apps/commonplace_cli" configured="tmp/test_data" configured_read=%{compact: [], count: 3, ls: {:ok, ["node_id", "commits", "commits.lock"]}, exists?: true} commit_store_pid=#PID<0.279.0> commit_store_state_shape={true, [:data_dir, :db, :invariant_dispatcher, :local_write_gate, :lock_ref, :name, :pending_imports, :queue_poller, :trust_side_store]} cubdb_pid=#PID<0.282.0> cubdb_state_shape=CubDB.State cubdb_data_dir="tmp/test_data/commits" cubdb_read=%{compact: ["F.compact"], count: 2, ls: {:ok, ["E.cub", "F.compact"]}, exists?: true}
06:18:37.185 [error] local node self-trust was not added: node signing public-key artifact is absent — continuing with configured trusted identities
06:18:37.192 [error] local node self-trust was not added: node signing public-key artifact is absent — continuing with configured trusted identities
06:18:37.197 [error] local node self-trust was not added: node signing public-key artifact is absent — continuing with configured trusted identities
06:18:37.208 [error] local node self-trust was not added: node signing public-key artifact is absent — continuing with configured trusted identities
.
Finished in 0.02 seconds (0.00s async, 0.02s sync)
3 tests, 0 failures, 2 excluded
Running ExUnit with seed: 213771, max_cases: 8
Excluding tags: [:test]
Including tags: [location: {"test/commonplace/cli/snapshot_test.exs", 114}]

CX_SNAPMECH cwd="/home/jes/sol-snapshot-fresh/wt/apps/commonplace_cli" configured="tmp/test_data" configured_read=%{compact: [], count: 3, ls: {:ok, ["node_id", "commits", "commits.lock"]}, exists?: true} commit_store_pid=#PID<0.279.0> commit_store_state_shape={true, [:data_dir, :db, :invariant_dispatcher, :local_write_gate, :lock_ref, :name, :pending_imports, :queue_poller, :trust_side_store]} cubdb_pid=#PID<0.282.0> cubdb_state_shape=CubDB.State cubdb_data_dir="tmp/test_data/commits" cubdb_read=%{compact: ["F.compact"], count: 2, ls: {:ok, ["E.cub", "F.compact"]}, exists?: true}
06:18:37.215 [error] local node self-trust was not added: node signing public-key artifact is absent — continuing with configured trusted identities
06:18:37.220 [error] local node self-trust was not added: node signing public-key artifact is absent — continuing with configured trusted identities
06:18:37.226 [error] local node self-trust was not added: node signing public-key artifact is absent — continuing with configured trusted identities
06:18:37.250 [error] local node self-trust was not added: node signing public-key artifact is absent — continuing with configured trusted identities
.
Finished in 0.04 seconds (0.00s async, 0.04s sync)
3 tests, 0 failures, 2 excluded
Running ExUnit with seed: 260265, max_cases: 8
Excluding tags: [:test]
Including tags: [location: {"test/commonplace/cli/snapshot_test.exs", 114}]

CX_SNAPMECH cwd="/home/jes/sol-snapshot-fresh/wt/apps/commonplace_cli" configured="tmp/test_data" configured_read=%{compact: [], count: 3, ls: {:ok, ["node_id", "commits", "commits.lock"]}, exists?: true} commit_store_pid=#PID<0.279.0> commit_store_state_shape={true, [:data_dir, :db, :invariant_dispatcher, :local_write_gate, :lock_ref, :name, :pending_imports, :queue_poller, :trust_side_store]} cubdb_pid=#PID<0.282.0> cubdb_state_shape=CubDB.State cubdb_data_dir="tmp/test_data/commits" cubdb_read=%{compact: ["F.compact"], count: 2, ls: {:ok, ["E.cub", "F.compact"]}, exists?: true}
06:18:37.266 [error] local node self-trust was not added: node signing public-key artifact is absent — continuing with configured trusted identities
06:18:37.272 [error] local node self-trust was not added: node signing public-key artifact is absent — continuing with configured trusted identities
06:18:37.277 [error] local node self-trust was not added: node signing public-key artifact is absent — continuing with configured trusted identities
06:18:37.288 [error] local node self-trust was not added: node signing public-key artifact is absent — continuing with configured trusted identities
.
Finished in 0.03 seconds (0.00s async, 0.03s sync)
3 tests, 0 failures, 2 excluded
Running ExUnit with seed: 297647, max_cases: 8
Excluding tags: [:test]
Including tags: [location: {"test/commonplace/cli/snapshot_test.exs", 114}]

CX_SNAPMECH cwd="/home/jes/sol-snapshot-fresh/wt/apps/commonplace_cli" configured="tmp/test_data" configured_read=%{compact: [], count: 3, ls: {:ok, ["node_id", "commits", "commits.lock"]}, exists?: true} commit_store_pid=#PID<0.279.0> commit_store_state_shape={true, [:data_dir, :db, :invariant_dispatcher, :local_write_gate, :lock_ref, :name, :pending_imports, :queue_poller, :trust_side_store]} cubdb_pid=#PID<0.282.0> cubdb_state_shape=CubDB.State cubdb_data_dir="tmp/test_data/commits" cubdb_read=%{compact: ["F.compact"], count: 2, ls: {:ok, ["E.cub", "F.compact"]}, exists?: true}
06:18:37.303 [error] local node self-trust was not added: node signing public-key artifact is absent — continuing with configured trusted identities
06:18:37.311 [error] local node self-trust was not added: node signing public-key artifact is absent — continuing with configured trusted identities
06:18:37.316 [error] local node self-trust was not added: node signing public-key artifact is absent — continuing with configured trusted identities
06:18:37.326 [error] local node self-trust was not added: node signing public-key artifact is absent — continuing with configured trusted identities
.
Finished in 0.03 seconds (0.00s async, 0.03s sync)
3 tests, 0 failures, 2 excluded
Running ExUnit with seed: 333167, max_cases: 8
Excluding tags: [:test]
Including tags: [location: {"test/commonplace/cli/snapshot_test.exs", 114}]

CX_SNAPMECH cwd="/home/jes/sol-snapshot-fresh/wt/apps/commonplace_cli" configured="tmp/test_data" configured_read=%{compact: [], count: 3, ls: {:ok, ["node_id", "commits", "commits.lock"]}, exists?: true} commit_store_pid=#PID<0.279.0> commit_store_state_shape={true, [:data_dir, :db, :invariant_dispatcher, :local_write_gate, :lock_ref, :name, :pending_imports, :queue_poller, :trust_side_store]} cubdb_pid=#PID<0.282.0> cubdb_state_shape=CubDB.State cubdb_data_dir="tmp/test_data/commits" cubdb_read=%{compact: ["F.compact"], count: 2, ls: {:ok, ["E.cub", "F.compact"]}, exists?: true}
06:18:37.339 [error] local node self-trust was not added: node signing public-key artifact is absent — continuing with configured trusted identities
06:18:37.343 [error] local node self-trust was not added: node signing public-key artifact is absent — continuing with configured trusted identities
06:18:37.347 [error] local node self-trust was not added: node signing public-key artifact is absent — continuing with configured trusted identities
06:18:37.351 [error] local node self-trust was not added: node signing public-key artifact is absent — continuing with configured trusted identities
.
Finished in 0.02 seconds (0.00s async, 0.02s sync)
3 tests, 0 failures, 2 excluded
Running ExUnit with seed: 355151, max_cases: 8
Excluding tags: [:test]
Including tags: [location: {"test/commonplace/cli/snapshot_test.exs", 114}]

CX_SNAPMECH cwd="/home/jes/sol-snapshot-fresh/wt/apps/commonplace_cli" configured="tmp/test_data" configured_read=%{compact: [], count: 3, ls: {:ok, ["node_id", "commits", "commits.lock"]}, exists?: true} commit_store_pid=#PID<0.279.0> commit_store_state_shape={true, [:data_dir, :db, :invariant_dispatcher, :local_write_gate, :lock_ref, :name, :pending_imports, :queue_poller, :trust_side_store]} cubdb_pid=#PID<0.282.0> cubdb_state_shape=CubDB.State cubdb_data_dir="tmp/test_data/commits" cubdb_read=%{compact: [], count: 1, ls: {:ok, ["F.cub"]}, exists?: true}
06:18:37.356 [error] local node self-trust was not added: node signing public-key artifact is absent — continuing with configured trusted identities
06:18:37.359 [error] local node self-trust was not added: node signing public-key artifact is absent — continuing with configured trusted identities
06:18:37.363 [error] local node self-trust was not added: node signing public-key artifact is absent — continuing with configured trusted identities
06:18:37.370 [error] local node self-trust was not added: node signing public-key artifact is absent — continuing with configured trusted identities
.
Finished in 0.01 seconds (0.00s async, 0.01s sync)
3 tests, 0 failures, 2 excluded
Running ExUnit with seed: 375298, max_cases: 8
Excluding tags: [:test]
Including tags: [location: {"test/commonplace/cli/snapshot_test.exs", 114}]

CX_SNAPMECH cwd="/home/jes/sol-snapshot-fresh/wt/apps/commonplace_cli" configured="tmp/test_data" configured_read=%{compact: [], count: 3, ls: {:ok, ["node_id", "commits", "commits.lock"]}, exists?: true} commit_store_pid=#PID<0.279.0> commit_store_state_shape={true, [:data_dir, :db, :invariant_dispatcher, :local_write_gate, :lock_ref, :name, :pending_imports, :queue_poller, :trust_side_store]} cubdb_pid=#PID<0.282.0> cubdb_state_shape=CubDB.State cubdb_data_dir="tmp/test_data/commits" cubdb_read=%{compact: [], count: 1, ls: {:ok, ["F.cub"]}, exists?: true}
06:18:37.377 [error] local node self-trust was not added: node signing public-key artifact is absent — continuing with configured trusted identities
06:18:37.380 [error] local node self-trust was not added: node signing public-key artifact is absent — continuing with configured trusted identities
06:18:37.384 [error] local node self-trust was not added: node signing public-key artifact is absent — continuing with configured trusted identities
06:18:37.389 [error] local node self-trust was not added: node signing public-key artifact is absent — continuing with configured trusted identities
.
Finished in 0.01 seconds (0.00s async, 0.01s sync)
3 tests, 0 failures, 2 excluded
Running ExUnit with seed: 394828, max_cases: 8
Excluding tags: [:test]
Including tags: [location: {"test/commonplace/cli/snapshot_test.exs", 114}]

CX_SNAPMECH cwd="/home/jes/sol-snapshot-fresh/wt/apps/commonplace_cli" configured="tmp/test_data" configured_read=%{compact: [], count: 3, ls: {:ok, ["node_id", "commits", "commits.lock"]}, exists?: true} commit_store_pid=#PID<0.279.0> commit_store_state_shape={true, [:data_dir, :db, :invariant_dispatcher, :local_write_gate, :lock_ref, :name, :pending_imports, :queue_poller, :trust_side_store]} cubdb_pid=#PID<0.282.0> cubdb_state_shape=CubDB.State cubdb_data_dir="tmp/test_data/commits" cubdb_read=%{compact: [], count: 1, ls: {:ok, ["F.cub"]}, exists?: true}
06:18:37.401 [error] local node self-trust was not added: node signing public-key artifact is absent — continuing with configured trusted identities
06:18:37.408 [error] local node self-trust was not added: node signing public-key artifact is absent — continuing with configured trusted identities
06:18:37.411 [error] local node self-trust was not added: node signing public-key artifact is absent — continuing with configured trusted identities
06:18:37.416 [error] local node self-trust was not added: node signing public-key artifact is absent — continuing with configured trusted identities
.
Finished in 0.02 seconds (0.00s async, 0.02s sync)
3 tests, 0 failures, 2 excluded
Running ExUnit with seed: 421625, max_cases: 8
Excluding tags: [:test]
Including tags: [location: {"test/commonplace/cli/snapshot_test.exs", 114}]

CX_SNAPMECH cwd="/home/jes/sol-snapshot-fresh/wt/apps/commonplace_cli" configured="tmp/test_data" configured_read=%{compact: [], count: 3, ls: {:ok, ["node_id", "commits", "commits.lock"]}, exists?: true} commit_store_pid=#PID<0.279.0> commit_store_state_shape={true, [:data_dir, :db, :invariant_dispatcher, :local_write_gate, :lock_ref, :name, :pending_imports, :queue_poller, :trust_side_store]} cubdb_pid=#PID<0.282.0> cubdb_state_shape=CubDB.State cubdb_data_dir="tmp/test_data/commits" cubdb_read=%{compact: [], count: 1, ls: {:ok, ["F.cub"]}, exists?: true}
06:18:37.424 [error] local node self-trust was not added: node signing public-key artifact is absent — continuing with configured trusted identities
06:18:37.428 [error] local node self-trust was not added: node signing public-key artifact is absent — continuing with configured trusted identities
06:18:37.431 [error] local node self-trust was not added: node signing public-key artifact is absent — continuing with configured trusted identities
06:18:37.437 [error] local node self-trust was not added: node signing public-key artifact is absent — continuing with configured trusted identities
.
Finished in 0.01 seconds (0.00s async, 0.01s sync)
3 tests, 0 failures, 2 excluded
Running ExUnit with seed: 441929, max_cases: 8
Excluding tags: [:test]
Including tags: [location: {"test/commonplace/cli/snapshot_test.exs", 114}]

CX_SNAPMECH cwd="/home/jes/sol-snapshot-fresh/wt/apps/commonplace_cli" configured="tmp/test_data" configured_read=%{compact: [], count: 3, ls: {:ok, ["node_id", "commits", "commits.lock"]}, exists?: true} commit_store_pid=#PID<0.279.0> commit_store_state_shape={true, [:data_dir, :db, :invariant_dispatcher, :local_write_gate, :lock_ref, :name, :pending_imports, :queue_poller, :trust_side_store]} cubdb_pid=#PID<0.282.0> cubdb_state_shape=CubDB.State cubdb_data_dir="tmp/test_data/commits" cubdb_read=%{compact: [], count: 1, ls: {:ok, ["F.cub"]}, exists?: true}
06:18:37.443 [error] local node self-trust was not added: node signing public-key artifact is absent — continuing with configured trusted identities
06:18:37.446 [error] local node self-trust was not added: node signing public-key artifact is absent — continuing with configured trusted identities
06:18:37.449 [error] local node self-trust was not added: node signing public-key artifact is absent — continuing with configured trusted identities
06:18:37.453 [error] local node self-trust was not added: node signing public-key artifact is absent — continuing with configured trusted identities
.
Finished in 0.01 seconds (0.00s async, 0.01s sync)
3 tests, 0 failures, 2 excluded
Running ExUnit with seed: 456781, max_cases: 8
Excluding tags: [:test]
Including tags: [location: {"test/commonplace/cli/snapshot_test.exs", 114}]

CX_SNAPMECH cwd="/home/jes/sol-snapshot-fresh/wt/apps/commonplace_cli" configured="tmp/test_data" configured_read=%{compact: [], count: 3, ls: {:ok, ["node_id", "commits", "commits.lock"]}, exists?: true} commit_store_pid=#PID<0.279.0> commit_store_state_shape={true, [:data_dir, :db, :invariant_dispatcher, :local_write_gate, :lock_ref, :name, :pending_imports, :queue_poller, :trust_side_store]} cubdb_pid=#PID<0.282.0> cubdb_state_shape=CubDB.State cubdb_data_dir="tmp/test_data/commits" cubdb_read=%{compact: [], count: 1, ls: {:ok, ["F.cub"]}, exists?: true}
06:18:37.458 [error] local node self-trust was not added: node signing public-key artifact is absent — continuing with configured trusted identities
06:18:37.461 [error] local node self-trust was not added: node signing public-key artifact is absent — continuing with configured trusted identities
06:18:37.463 [error] local node self-trust was not added: node signing public-key artifact is absent — continuing with configured trusted identities
06:18:37.469 [error] local node self-trust was not added: node signing public-key artifact is absent — continuing with configured trusted identities
.
Finished in 0.01 seconds (0.00s async, 0.01s sync)
3 tests, 0 failures, 2 excluded
Running ExUnit with seed: 472929, max_cases: 8
Excluding tags: [:test]
Including tags: [location: {"test/commonplace/cli/snapshot_test.exs", 114}]

CX_SNAPMECH cwd="/home/jes/sol-snapshot-fresh/wt/apps/commonplace_cli" configured="tmp/test_data" configured_read=%{compact: [], count: 3, ls: {:ok, ["node_id", "commits", "commits.lock"]}, exists?: true} commit_store_pid=#PID<0.279.0> commit_store_state_shape={true, [:data_dir, :db, :invariant_dispatcher, :local_write_gate, :lock_ref, :name, :pending_imports, :queue_poller, :trust_side_store]} cubdb_pid=#PID<0.282.0> cubdb_state_shape=CubDB.State cubdb_data_dir="tmp/test_data/commits" cubdb_read=%{compact: [], count: 1, ls: {:ok, ["F.cub"]}, exists?: true}
06:18:37.474 [error] local node self-trust was not added: node signing public-key artifact is absent — continuing with configured trusted identities
06:18:37.479 [error] local node self-trust was not added: node signing public-key artifact is absent — continuing with configured trusted identities
06:18:37.482 [error] local node self-trust was not added: node signing public-key artifact is absent — continuing with configured trusted identities
06:18:37.488 [error] local node self-trust was not added: node signing public-key artifact is absent — continuing with configured trusted identities
.
Finished in 0.01 seconds (0.00s async, 0.01s sync)
3 tests, 0 failures, 2 excluded
Running ExUnit with seed: 492320, max_cases: 8
Excluding tags: [:test]
Including tags: [location: {"test/commonplace/cli/snapshot_test.exs", 114}]

CX_SNAPMECH cwd="/home/jes/sol-snapshot-fresh/wt/apps/commonplace_cli" configured="tmp/test_data" configured_read=%{compact: [], count: 3, ls: {:ok, ["node_id", "commits", "commits.lock"]}, exists?: true} commit_store_pid=#PID<0.279.0> commit_store_state_shape={true, [:data_dir, :db, :invariant_dispatcher, :local_write_gate, :lock_ref, :name, :pending_imports, :queue_poller, :trust_side_store]} cubdb_pid=#PID<0.282.0> cubdb_state_shape=CubDB.State cubdb_data_dir="tmp/test_data/commits" cubdb_read=%{compact: [], count: 1, ls: {:ok, ["F.cub"]}, exists?: true}
06:18:37.494 [error] local node self-trust was not added: node signing public-key artifact is absent — continuing with configured trusted identities
06:18:37.497 [error] local node self-trust was not added: node signing public-key artifact is absent — continuing with configured trusted identities
06:18:37.499 [error] local node self-trust was not added: node signing public-key artifact is absent — continuing with configured trusted identities
06:18:37.505 [error] local node self-trust was not added: node signing public-key artifact is absent — continuing with configured trusted identities
.
Finished in 0.01 seconds (0.00s async, 0.01s sync)
3 tests, 0 failures, 2 excluded
Running ExUnit with seed: 515221, max_cases: 8
Excluding tags: [:test]
Including tags: [location: {"test/commonplace/cli/snapshot_test.exs", 114}]

CX_SNAPMECH cwd="/home/jes/sol-snapshot-fresh/wt/apps/commonplace_cli" configured="tmp/test_data" configured_read=%{compact: [], count: 3, ls: {:ok, ["node_id", "commits", "commits.lock"]}, exists?: true} commit_store_pid=#PID<0.279.0> commit_store_state_shape={true, [:data_dir, :db, :invariant_dispatcher, :local_write_gate, :lock_ref, :name, :pending_imports, :queue_poller, :trust_side_store]} cubdb_pid=#PID<0.282.0> cubdb_state_shape=CubDB.State cubdb_data_dir="tmp/test_data/commits" cubdb_read=%{compact: [], count: 1, ls: {:ok, ["F.cub"]}, exists?: true}
06:18:37.520 [error] local node self-trust was not added: node signing public-key artifact is absent — continuing with configured trusted identities
06:18:37.529 [error] local node self-trust was not added: node signing public-key artifact is absent — continuing with configured trusted identities
06:18:37.534 [error] local node self-trust was not added: node signing public-key artifact is absent — continuing with configured trusted identities
06:18:37.540 [error] local node self-trust was not added: node signing public-key artifact is absent — continuing with configured trusted identities
.
Finished in 0.03 seconds (0.00s async, 0.03s sync)
3 tests, 0 failures, 2 excluded
Running ExUnit with seed: 546925, max_cases: 8
Excluding tags: [:test]
Including tags: [location: {"test/commonplace/cli/snapshot_test.exs", 114}]

CX_SNAPMECH cwd="/home/jes/sol-snapshot-fresh/wt/apps/commonplace_cli" configured="tmp/test_data" configured_read=%{compact: [], count: 3, ls: {:ok, ["node_id", "commits", "commits.lock"]}, exists?: true} commit_store_pid=#PID<0.279.0> commit_store_state_shape={true, [:data_dir, :db, :invariant_dispatcher, :local_write_gate, :lock_ref, :name, :pending_imports, :queue_poller, :trust_side_store]} cubdb_pid=#PID<0.282.0> cubdb_state_shape=CubDB.State cubdb_data_dir="tmp/test_data/commits" cubdb_read=%{compact: [], count: 1, ls: {:ok, ["F.cub"]}, exists?: true}
06:18:37.547 [error] local node self-trust was not added: node signing public-key artifact is absent — continuing with configured trusted identities
06:18:37.551 [error] local node self-trust was not added: node signing public-key artifact is absent — continuing with configured trusted identities
06:18:37.553 [error] local node self-trust was not added: node signing public-key artifact is absent — continuing with configured trusted identities
06:18:37.558 [error] local node self-trust was not added: node signing public-key artifact is absent — continuing with configured trusted identities
.
Finished in 0.01 seconds (0.00s async, 0.01s sync)
3 tests, 0 failures, 2 excluded
Running ExUnit with seed: 561209, max_cases: 8
Excluding tags: [:test]
Including tags: [location: {"test/commonplace/cli/snapshot_test.exs", 114}]

CX_SNAPMECH cwd="/home/jes/sol-snapshot-fresh/wt/apps/commonplace_cli" configured="tmp/test_data" configured_read=%{compact: [], count: 3, ls: {:ok, ["node_id", "commits", "commits.lock"]}, exists?: true} commit_store_pid=#PID<0.279.0> commit_store_state_shape={true, [:data_dir, :db, :invariant_dispatcher, :local_write_gate, :lock_ref, :name, :pending_imports, :queue_poller, :trust_side_store]} cubdb_pid=#PID<0.282.0> cubdb_state_shape=CubDB.State cubdb_data_dir="tmp/test_data/commits" cubdb_read=%{compact: [], count: 1, ls: {:ok, ["F.cub"]}, exists?: true}
06:18:37.562 [error] local node self-trust was not added: node signing public-key artifact is absent — continuing with configured trusted identities
06:18:37.565 [error] local node self-trust was not added: node signing public-key artifact is absent — continuing with configured trusted identities
06:18:37.567 [error] local node self-trust was not added: node signing public-key artifact is absent — continuing with configured trusted identities
06:18:37.571 [error] local node self-trust was not added: node signing public-key artifact is absent — continuing with configured trusted identities
.
Finished in 0.01 seconds (0.00s async, 0.01s sync)
3 tests, 0 failures, 2 excluded
Running ExUnit with seed: 575386, max_cases: 8
Excluding tags: [:test]
Including tags: [location: {"test/commonplace/cli/snapshot_test.exs", 114}]

CX_SNAPMECH cwd="/home/jes/sol-snapshot-fresh/wt/apps/commonplace_cli" configured="tmp/test_data" configured_read=%{compact: [], count: 3, ls: {:ok, ["node_id", "commits", "commits.lock"]}, exists?: true} commit_store_pid=#PID<0.279.0> commit_store_state_shape={true, [:data_dir, :db, :invariant_dispatcher, :local_write_gate, :lock_ref, :name, :pending_imports, :queue_poller, :trust_side_store]} cubdb_pid=#PID<0.282.0> cubdb_state_shape=CubDB.State cubdb_data_dir="tmp/test_data/commits" cubdb_read=%{compact: [], count: 1, ls: {:ok, ["F.cub"]}, exists?: true}
06:18:37.576 [error] local node self-trust was not added: node signing public-key artifact is absent — continuing with configured trusted identities
06:18:37.580 [error] local node self-trust was not added: node signing public-key artifact is absent — continuing with configured trusted identities
06:18:37.582 [error] local node self-trust was not added: node signing public-key artifact is absent — continuing with configured trusted identities
06:18:37.589 [error] local node self-trust was not added: node signing public-key artifact is absent — continuing with configured trusted identities
.
Finished in 0.01 seconds (0.00s async, 0.01s sync)
3 tests, 0 failures, 2 excluded
Running ExUnit with seed: 592140, max_cases: 8
Excluding tags: [:test]
Including tags: [location: {"test/commonplace/cli/snapshot_test.exs", 114}]

CX_SNAPMECH cwd="/home/jes/sol-snapshot-fresh/wt/apps/commonplace_cli" configured="tmp/test_data" configured_read=%{compact: [], count: 3, ls: {:ok, ["node_id", "commits", "commits.lock"]}, exists?: true} commit_store_pid=#PID<0.279.0> commit_store_state_shape={true, [:data_dir, :db, :invariant_dispatcher, :local_write_gate, :lock_ref, :name, :pending_imports, :queue_poller, :trust_side_store]} cubdb_pid=#PID<0.282.0> cubdb_state_shape=CubDB.State cubdb_data_dir="tmp/test_data/commits" cubdb_read=%{compact: [], count: 1, ls: {:ok, ["F.cub"]}, exists?: true}
06:18:37.593 [error] local node self-trust was not added: node signing public-key artifact is absent — continuing with configured trusted identities
06:18:37.596 [error] local node self-trust was not added: node signing public-key artifact is absent — continuing with configured trusted identities
06:18:37.599 [error] local node self-trust was not added: node signing public-key artifact is absent — continuing with configured trusted identities
06:18:37.603 [error] local node self-trust was not added: node signing public-key artifact is absent — continuing with configured trusted identities
.
Finished in 0.01 seconds (0.00s async, 0.01s sync)
3 tests, 0 failures, 2 excluded
Running ExUnit with seed: 608000, max_cases: 8
Excluding tags: [:test]
Including tags: [location: {"test/commonplace/cli/snapshot_test.exs", 114}]

CX_SNAPMECH cwd="/home/jes/sol-snapshot-fresh/wt/apps/commonplace_cli" configured="tmp/test_data" configured_read=%{compact: [], count: 3, ls: {:ok, ["node_id", "commits", "commits.lock"]}, exists?: true} commit_store_pid=#PID<0.279.0> commit_store_state_shape={true, [:data_dir, :db, :invariant_dispatcher, :local_write_gate, :lock_ref, :name, :pending_imports, :queue_poller, :trust_side_store]} cubdb_pid=#PID<0.282.0> cubdb_state_shape=CubDB.State cubdb_data_dir="tmp/test_data/commits" cubdb_read=%{compact: [], count: 1, ls: {:ok, ["F.cub"]}, exists?: true}
06:18:37.610 [error] local node self-trust was not added: node signing public-key artifact is absent — continuing with configured trusted identities
06:18:37.613 [error] local node self-trust was not added: node signing public-key artifact is absent — continuing with configured trusted identities
06:18:37.616 [error] local node self-trust was not added: node signing public-key artifact is absent — continuing with configured trusted identities
06:18:37.620 [error] local node self-trust was not added: node signing public-key artifact is absent — continuing with configured trusted identities
.
Finished in 0.01 seconds (0.00s async, 0.01s sync)
3 tests, 0 failures, 2 excluded
Running ExUnit with seed: 624633, max_cases: 8
Excluding tags: [:test]
Including tags: [location: {"test/commonplace/cli/snapshot_test.exs", 114}]

CX_SNAPMECH cwd="/home/jes/sol-snapshot-fresh/wt/apps/commonplace_cli" configured="tmp/test_data" configured_read=%{compact: [], count: 3, ls: {:ok, ["node_id", "commits", "commits.lock"]}, exists?: true} commit_store_pid=#PID<0.279.0> commit_store_state_shape={true, [:data_dir, :db, :invariant_dispatcher, :local_write_gate, :lock_ref, :name, :pending_imports, :queue_poller, :trust_side_store]} cubdb_pid=#PID<0.282.0> cubdb_state_shape=CubDB.State cubdb_data_dir="tmp/test_data/commits" cubdb_read=%{compact: [], count: 1, ls: {:ok, ["F.cub"]}, exists?: true}
06:18:37.628 [error] local node self-trust was not added: node signing public-key artifact is absent — continuing with configured trusted identities
06:18:37.630 [error] local node self-trust was not added: node signing public-key artifact is absent — continuing with configured trusted identities
06:18:37.634 [error] local node self-trust was not added: node signing public-key artifact is absent — continuing with configured trusted identities
06:18:37.638 [error] local node self-trust was not added: node signing public-key artifact is absent — continuing with configured trusted identities
.
Finished in 0.01 seconds (0.00s async, 0.01s sync)
3 tests, 0 failures, 2 excluded
Running ExUnit with seed: 642830, max_cases: 8
Excluding tags: [:test]
Including tags: [location: {"test/commonplace/cli/snapshot_test.exs", 114}]

CX_SNAPMECH cwd="/home/jes/sol-snapshot-fresh/wt/apps/commonplace_cli" configured="tmp/test_data" configured_read=%{compact: [], count: 3, ls: {:ok, ["node_id", "commits", "commits.lock"]}, exists?: true} commit_store_pid=#PID<0.279.0> commit_store_state_shape={true, [:data_dir, :db, :invariant_dispatcher, :local_write_gate, :lock_ref, :name, :pending_imports, :queue_poller, :trust_side_store]} cubdb_pid=#PID<0.282.0> cubdb_state_shape=CubDB.State cubdb_data_dir="tmp/test_data/commits" cubdb_read=%{compact: [], count: 1, ls: {:ok, ["F.cub"]}, exists?: true}
06:18:37.644 [error] local node self-trust was not added: node signing public-key artifact is absent — continuing with configured trusted identities
06:18:37.647 [error] local node self-trust was not added: node signing public-key artifact is absent — continuing with configured trusted identities
06:18:37.650 [error] local node self-trust was not added: node signing public-key artifact is absent — continuing with configured trusted identities
06:18:37.655 [error] local node self-trust was not added: node signing public-key artifact is absent — continuing with configured trusted identities
.
Finished in 0.01 seconds (0.00s async, 0.01s sync)
3 tests, 0 failures, 2 excluded
Running ExUnit with seed: 659679, max_cases: 8
Excluding tags: [:test]
Including tags: [location: {"test/commonplace/cli/snapshot_test.exs", 114}]

CX_SNAPMECH cwd="/home/jes/sol-snapshot-fresh/wt/apps/commonplace_cli" configured="tmp/test_data" configured_read=%{compact: [], count: 3, ls: {:ok, ["node_id", "commits", "commits.lock"]}, exists?: true} commit_store_pid=#PID<0.279.0> commit_store_state_shape={true, [:data_dir, :db, :invariant_dispatcher, :local_write_gate, :lock_ref, :name, :pending_imports, :queue_poller, :trust_side_store]} cubdb_pid=#PID<0.282.0> cubdb_state_shape=CubDB.State cubdb_data_dir="tmp/test_data/commits" cubdb_read=%{compact: [], count: 1, ls: {:ok, ["F.cub"]}, exists?: true}
06:18:37.660 [error] local node self-trust was not added: node signing public-key artifact is absent — continuing with configured trusted identities
06:18:37.663 [error] local node self-trust was not added: node signing public-key artifact is absent — continuing with configured trusted identities
06:18:37.666 [error] local node self-trust was not added: node signing public-key artifact is absent — continuing with configured trusted identities
06:18:37.671 [error] local node self-trust was not added: node signing public-key artifact is absent — continuing with configured trusted identities
.
Finished in 0.01 seconds (0.00s async, 0.01s sync)
3 tests, 0 failures, 2 excluded
Running ExUnit with seed: 674906, max_cases: 8
Excluding tags: [:test]
Including tags: [location: {"test/commonplace/cli/snapshot_test.exs", 114}]

CX_SNAPMECH cwd="/home/jes/sol-snapshot-fresh/wt/apps/commonplace_cli" configured="tmp/test_data" configured_read=%{compact: [], count: 3, ls: {:ok, ["node_id", "commits", "commits.lock"]}, exists?: true} commit_store_pid=#PID<0.279.0> commit_store_state_shape={true, [:data_dir, :db, :invariant_dispatcher, :local_write_gate, :lock_ref, :name, :pending_imports, :queue_poller, :trust_side_store]} cubdb_pid=#PID<0.282.0> cubdb_state_shape=CubDB.State cubdb_data_dir="tmp/test_data/commits" cubdb_read=%{compact: [], count: 1, ls: {:ok, ["F.cub"]}, exists?: true}
06:18:37.675 [error] local node self-trust was not added: node signing public-key artifact is absent — continuing with configured trusted identities
06:18:37.679 [error] local node self-trust was not added: node signing public-key artifact is absent — continuing with configured trusted identities
06:18:37.682 [error] local node self-trust was not added: node signing public-key artifact is absent — continuing with configured trusted identities
06:18:37.686 [error] local node self-trust was not added: node signing public-key artifact is absent — continuing with configured trusted identities
.
Finished in 0.01 seconds (0.00s async, 0.01s sync)
3 tests, 0 failures, 2 excluded
Running ExUnit with seed: 689919, max_cases: 8
Excluding tags: [:test]
Including tags: [location: {"test/commonplace/cli/snapshot_test.exs", 114}]

CX_SNAPMECH cwd="/home/jes/sol-snapshot-fresh/wt/apps/commonplace_cli" configured="tmp/test_data" configured_read=%{compact: [], count: 3, ls: {:ok, ["node_id", "commits", "commits.lock"]}, exists?: true} commit_store_pid=#PID<0.279.0> commit_store_state_shape={true, [:data_dir, :db, :invariant_dispatcher, :local_write_gate, :lock_ref, :name, :pending_imports, :queue_poller, :trust_side_store]} cubdb_pid=#PID<0.282.0> cubdb_state_shape=CubDB.State cubdb_data_dir="tmp/test_data/commits" cubdb_read=%{compact: [], count: 1, ls: {:ok, ["F.cub"]}, exists?: true}
06:18:37.690 [error] local node self-trust was not added: node signing public-key artifact is absent — continuing with configured trusted identities
06:18:37.694 [error] local node self-trust was not added: node signing public-key artifact is absent — continuing with configured trusted identities
06:18:37.697 [error] local node self-trust was not added: node signing public-key artifact is absent — continuing with configured trusted identities
06:18:37.701 [error] local node self-trust was not added: node signing public-key artifact is absent — continuing with configured trusted identities
.
Finished in 0.01 seconds (0.00s async, 0.01s sync)
3 tests, 0 failures, 2 excluded
Running ExUnit with seed: 705491, max_cases: 8
Excluding tags: [:test]
Including tags: [location: {"test/commonplace/cli/snapshot_test.exs", 114}]

CX_SNAPMECH cwd="/home/jes/sol-snapshot-fresh/wt/apps/commonplace_cli" configured="tmp/test_data" configured_read=%{compact: [], count: 3, ls: {:ok, ["node_id", "commits", "commits.lock"]}, exists?: true} commit_store_pid=#PID<0.279.0> commit_store_state_shape={true, [:data_dir, :db, :invariant_dispatcher, :local_write_gate, :lock_ref, :name, :pending_imports, :queue_poller, :trust_side_store]} cubdb_pid=#PID<0.282.0> cubdb_state_shape=CubDB.State cubdb_data_dir="tmp/test_data/commits" cubdb_read=%{compact: [], count: 1, ls: {:ok, ["F.cub"]}, exists?: true}
06:18:37.706 [error] local node self-trust was not added: node signing public-key artifact is absent — continuing with configured trusted identities
06:18:37.712 [error] local node self-trust was not added: node signing public-key artifact is absent — continuing with configured trusted identities
06:18:37.718 [error] local node self-trust was not added: node signing public-key artifact is absent — continuing with configured trusted identities
06:18:37.726 [error] local node self-trust was not added: node signing public-key artifact is absent — continuing with configured trusted identities
.
Finished in 0.02 seconds (0.00s async, 0.02s sync)
3 tests, 0 failures, 2 excluded
Running ExUnit with seed: 733568, max_cases: 8
Excluding tags: [:test]
Including tags: [location: {"test/commonplace/cli/snapshot_test.exs", 114}]

CX_SNAPMECH cwd="/home/jes/sol-snapshot-fresh/wt/apps/commonplace_cli" configured="tmp/test_data" configured_read=%{compact: [], count: 3, ls: {:ok, ["node_id", "commits", "commits.lock"]}, exists?: true} commit_store_pid=#PID<0.279.0> commit_store_state_shape={true, [:data_dir, :db, :invariant_dispatcher, :local_write_gate, :lock_ref, :name, :pending_imports, :queue_poller, :trust_side_store]} cubdb_pid=#PID<0.282.0> cubdb_state_shape=CubDB.State cubdb_data_dir="tmp/test_data/commits" cubdb_read=%{compact: ["10.compact"], count: 2, ls: {:ok, ["F.cub", "10.compact"]}, exists?: true}
06:18:37.735 [error] local node self-trust was not added: node signing public-key artifact is absent — continuing with configured trusted identities
06:18:37.742 [error] local node self-trust was not added: node signing public-key artifact is absent — continuing with configured trusted identities
06:18:37.747 [error] local node self-trust was not added: node signing public-key artifact is absent — continuing with configured trusted identities
06:18:37.758 [error] local node self-trust was not added: node signing public-key artifact is absent — continuing with configured trusted identities
.
Finished in 0.03 seconds (0.00s async, 0.03s sync)
3 tests, 0 failures, 2 excluded
Running ExUnit with seed: 765956, max_cases: 8
Excluding tags: [:test]
Including tags: [location: {"test/commonplace/cli/snapshot_test.exs", 114}]

CX_SNAPMECH cwd="/home/jes/sol-snapshot-fresh/wt/apps/commonplace_cli" configured="tmp/test_data" configured_read=%{compact: [], count: 3, ls: {:ok, ["node_id", "commits", "commits.lock"]}, exists?: true} commit_store_pid=#PID<0.279.0> commit_store_state_shape={true, [:data_dir, :db, :invariant_dispatcher, :local_write_gate, :lock_ref, :name, :pending_imports, :queue_poller, :trust_side_store]} cubdb_pid=#PID<0.282.0> cubdb_state_shape=CubDB.State cubdb_data_dir="tmp/test_data/commits" cubdb_read=%{compact: ["10.compact"], count: 2, ls: {:ok, ["F.cub", "10.compact"]}, exists?: true}
06:18:37.768 [error] local node self-trust was not added: node signing public-key artifact is absent — continuing with configured trusted identities
06:18:37.774 [error] local node self-trust was not added: node signing public-key artifact is absent — continuing with configured trusted identities
06:18:37.779 [error] local node self-trust was not added: node signing public-key artifact is absent — continuing with configured trusted identities
06:18:37.788 [error] local node self-trust was not added: node signing public-key artifact is absent — continuing with configured trusted identities
.
Finished in 0.02 seconds (0.00s async, 0.02s sync)
3 tests, 0 failures, 2 excluded
Running ExUnit with seed: 794747, max_cases: 8
Excluding tags: [:test]
Including tags: [location: {"test/commonplace/cli/snapshot_test.exs", 114}]

CX_SNAPMECH cwd="/home/jes/sol-snapshot-fresh/wt/apps/commonplace_cli" configured="tmp/test_data" configured_read=%{compact: [], count: 3, ls: {:ok, ["node_id", "commits", "commits.lock"]}, exists?: true} commit_store_pid=#PID<0.279.0> commit_store_state_shape={true, [:data_dir, :db, :invariant_dispatcher, :local_write_gate, :lock_ref, :name, :pending_imports, :queue_poller, :trust_side_store]} cubdb_pid=#PID<0.282.0> cubdb_state_shape=CubDB.State cubdb_data_dir="tmp/test_data/commits" cubdb_read=%{compact: ["10.compact"], count: 2, ls: {:ok, ["F.cub", "10.compact"]}, exists?: true}
06:18:37.796 [error] local node self-trust was not added: node signing public-key artifact is absent — continuing with configured trusted identities
06:18:37.800 [error] local node self-trust was not added: node signing public-key artifact is absent — continuing with configured trusted identities
06:18:37.804 [error] local node self-trust was not added: node signing public-key artifact is absent — continuing with configured trusted identities
06:18:37.812 [error] local node self-trust was not added: node signing public-key artifact is absent — continuing with configured trusted identities
.
Finished in 0.02 seconds (0.00s async, 0.02s sync)
3 tests, 0 failures, 2 excluded
Running ExUnit with seed: 819333, max_cases: 8
Excluding tags: [:test]
Including tags: [location: {"test/commonplace/cli/snapshot_test.exs", 114}]

CX_SNAPMECH cwd="/home/jes/sol-snapshot-fresh/wt/apps/commonplace_cli" configured="tmp/test_data" configured_read=%{compact: [], count: 3, ls: {:ok, ["node_id", "commits", "commits.lock"]}, exists?: true} commit_store_pid=#PID<0.279.0> commit_store_state_shape={true, [:data_dir, :db, :invariant_dispatcher, :local_write_gate, :lock_ref, :name, :pending_imports, :queue_poller, :trust_side_store]} cubdb_pid=#PID<0.282.0> cubdb_state_shape=CubDB.State cubdb_data_dir="tmp/test_data/commits" cubdb_read=%{compact: ["10.compact"], count: 2, ls: {:ok, ["F.cub", "10.compact"]}, exists?: true}
06:18:37.821 [error] local node self-trust was not added: node signing public-key artifact is absent — continuing with configured trusted identities
06:18:37.827 [error] local node self-trust was not added: node signing public-key artifact is absent — continuing with configured trusted identities
06:18:37.831 [error] local node self-trust was not added: node signing public-key artifact is absent — continuing with configured trusted identities
06:18:37.839 [error] local node self-trust was not added: node signing public-key artifact is absent — continuing with configured trusted identities
.
Finished in 0.02 seconds (0.00s async, 0.02s sync)
3 tests, 0 failures, 2 excluded
Running ExUnit with seed: 847000, max_cases: 8
Excluding tags: [:test]
Including tags: [location: {"test/commonplace/cli/snapshot_test.exs", 114}]

CX_SNAPMECH cwd="/home/jes/sol-snapshot-fresh/wt/apps/commonplace_cli" configured="tmp/test_data" configured_read=%{compact: [], count: 3, ls: {:ok, ["node_id", "commits", "commits.lock"]}, exists?: true} commit_store_pid=#PID<0.279.0> commit_store_state_shape={true, [:data_dir, :db, :invariant_dispatcher, :local_write_gate, :lock_ref, :name, :pending_imports, :queue_poller, :trust_side_store]} cubdb_pid=#PID<0.282.0> cubdb_state_shape=CubDB.State cubdb_data_dir="tmp/test_data/commits" cubdb_read=%{compact: ["10.compact"], count: 2, ls: {:ok, ["F.cub", "10.compact"]}, exists?: true}
06:18:37.849 [error] local node self-trust was not added: node signing public-key artifact is absent — continuing with configured trusted identities
06:18:37.855 [error] local node self-trust was not added: node signing public-key artifact is absent — continuing with configured trusted identities
06:18:37.862 [error] local node self-trust was not added: node signing public-key artifact is absent — continuing with configured trusted identities
06:18:37.876 [error] local node self-trust was not added: node signing public-key artifact is absent — continuing with configured trusted identities
.
Finished in 0.03 seconds (0.00s async, 0.03s sync)
3 tests, 0 failures, 2 excluded
Running ExUnit with seed: 884736, max_cases: 8
Excluding tags: [:test]
Including tags: [location: {"test/commonplace/cli/snapshot_test.exs", 114}]

CX_SNAPMECH cwd="/home/jes/sol-snapshot-fresh/wt/apps/commonplace_cli" configured="tmp/test_data" configured_read=%{compact: [], count: 3, ls: {:ok, ["node_id", "commits", "commits.lock"]}, exists?: true} commit_store_pid=#PID<0.279.0> commit_store_state_shape={true, [:data_dir, :db, :invariant_dispatcher, :local_write_gate, :lock_ref, :name, :pending_imports, :queue_poller, :trust_side_store]} cubdb_pid=#PID<0.282.0> cubdb_state_shape=CubDB.State cubdb_data_dir="tmp/test_data/commits" cubdb_read=%{compact: ["10.compact"], count: 2, ls: {:ok, ["F.cub", "10.compact"]}, exists?: true}
06:18:37.888 [error] local node self-trust was not added: node signing public-key artifact is absent — continuing with configured trusted identities
06:18:37.895 [error] local node self-trust was not added: node signing public-key artifact is absent — continuing with configured trusted identities
06:18:37.902 [error] local node self-trust was not added: node signing public-key artifact is absent — continuing with configured trusted identities
06:18:37.912 [error] local node self-trust was not added: node signing public-key artifact is absent — continuing with configured trusted identities
.
Finished in 0.03 seconds (0.00s async, 0.03s sync)
3 tests, 0 failures, 2 excluded
Running ExUnit with seed: 919887, max_cases: 8
Excluding tags: [:test]
Including tags: [location: {"test/commonplace/cli/snapshot_test.exs", 114}]

CX_SNAPMECH cwd="/home/jes/sol-snapshot-fresh/wt/apps/commonplace_cli" configured="tmp/test_data" configured_read=%{compact: [], count: 3, ls: {:ok, ["node_id", "commits", "commits.lock"]}, exists?: true} commit_store_pid=#PID<0.279.0> commit_store_state_shape={true, [:data_dir, :db, :invariant_dispatcher, :local_write_gate, :lock_ref, :name, :pending_imports, :queue_poller, :trust_side_store]} cubdb_pid=#PID<0.282.0> cubdb_state_shape=CubDB.State cubdb_data_dir="tmp/test_data/commits" cubdb_read=%{compact: ["10.compact"], count: 2, ls: {:ok, ["F.cub", "10.compact"]}, exists?: true}
06:18:37.923 [error] local node self-trust was not added: node signing public-key artifact is absent — continuing with configured trusted identities
06:18:37.930 [error] local node self-trust was not added: node signing public-key artifact is absent — continuing with configured trusted identities
06:18:37.937 [error] local node self-trust was not added: node signing public-key artifact is absent — continuing with configured trusted identities
06:18:37.943 [error] local node self-trust was not added: node signing public-key artifact is absent — continuing with configured trusted identities
.
Finished in 0.02 seconds (0.00s async, 0.02s sync)
3 tests, 0 failures, 2 excluded
Running ExUnit with seed: 948187, max_cases: 8
Excluding tags: [:test]
Including tags: [location: {"test/commonplace/cli/snapshot_test.exs", 114}]

CX_SNAPMECH cwd="/home/jes/sol-snapshot-fresh/wt/apps/commonplace_cli" configured="tmp/test_data" configured_read=%{compact: [], count: 3, ls: {:ok, ["node_id", "commits", "commits.lock"]}, exists?: true} commit_store_pid=#PID<0.279.0> commit_store_state_shape={true, [:data_dir, :db, :invariant_dispatcher, :local_write_gate, :lock_ref, :name, :pending_imports, :queue_poller, :trust_side_store]} cubdb_pid=#PID<0.282.0> cubdb_state_shape=CubDB.State cubdb_data_dir="tmp/test_data/commits" cubdb_read=%{compact: ["10.compact"], count: 2, ls: {:ok, ["F.cub", "10.compact"]}, exists?: true}
06:18:37.952 [error] local node self-trust was not added: node signing public-key artifact is absent — continuing with configured trusted identities
06:18:37.959 [error] local node self-trust was not added: node signing public-key artifact is absent — continuing with configured trusted identities
06:18:37.967 [error] local node self-trust was not added: node signing public-key artifact is absent — continuing with configured trusted identities
06:18:37.984 [error] local node self-trust was not added: node signing public-key artifact is absent — continuing with configured trusted identities
.
Finished in 0.03 seconds (0.00s async, 0.03s sync)
3 tests, 0 failures, 2 excluded
Running ExUnit with seed: 989651, max_cases: 8
Excluding tags: [:test]
Including tags: [location: {"test/commonplace/cli/snapshot_test.exs", 114}]

CX_SNAPMECH cwd="/home/jes/sol-snapshot-fresh/wt/apps/commonplace_cli" configured="tmp/test_data" configured_read=%{compact: [], count: 3, ls: {:ok, ["node_id", "commits", "commits.lock"]}, exists?: true} commit_store_pid=#PID<0.279.0> commit_store_state_shape={true, [:data_dir, :db, :invariant_dispatcher, :local_write_gate, :lock_ref, :name, :pending_imports, :queue_poller, :trust_side_store]} cubdb_pid=#PID<0.282.0> cubdb_state_shape=CubDB.State cubdb_data_dir="tmp/test_data/commits" cubdb_read=%{compact: ["10.compact"], count: 2, ls: {:ok, ["F.cub", "10.compact"]}, exists?: true}
06:18:37.992 [error] local node self-trust was not added: node signing public-key artifact is absent — continuing with configured trusted identities
06:18:38.000 [error] local node self-trust was not added: node signing public-key artifact is absent — continuing with configured trusted identities
06:18:38.005 [error] local node self-trust was not added: node signing public-key artifact is absent — continuing with configured trusted identities
06:18:38.014 [error] local node self-trust was not added: node signing public-key artifact is absent — continuing with configured trusted identities
.
Finished in 0.02 seconds (0.00s async, 0.02s sync)
3 tests, 0 failures, 2 excluded
Running ExUnit with seed: 20092, max_cases: 8
Excluding tags: [:test]
Including tags: [location: {"test/commonplace/cli/snapshot_test.exs", 114}]

CX_SNAPMECH cwd="/home/jes/sol-snapshot-fresh/wt/apps/commonplace_cli" configured="tmp/test_data" configured_read=%{compact: [], count: 3, ls: {:ok, ["node_id", "commits", "commits.lock"]}, exists?: true} commit_store_pid=#PID<0.279.0> commit_store_state_shape={true, [:data_dir, :db, :invariant_dispatcher, :local_write_gate, :lock_ref, :name, :pending_imports, :queue_poller, :trust_side_store]} cubdb_pid=#PID<0.282.0> cubdb_state_shape=CubDB.State cubdb_data_dir="tmp/test_data/commits" cubdb_read=%{compact: ["10.compact"], count: 2, ls: {:ok, ["F.cub", "10.compact"]}, exists?: true}
06:18:38.022 [error] local node self-trust was not added: node signing public-key artifact is absent — continuing with configured trusted identities
06:18:38.030 [error] local node self-trust was not added: node signing public-key artifact is absent — continuing with configured trusted identities
06:18:38.039 [error] local node self-trust was not added: node signing public-key artifact is absent — continuing with configured trusted identities
06:18:38.049 [error] local node self-trust was not added: node signing public-key artifact is absent — continuing with configured trusted identities
.
Finished in 0.03 seconds (0.00s async, 0.03s sync)
3 tests, 0 failures, 2 excluded
Running ExUnit with seed: 57621, max_cases: 8
Excluding tags: [:test]
Including tags: [location: {"test/commonplace/cli/snapshot_test.exs", 114}]

CX_SNAPMECH cwd="/home/jes/sol-snapshot-fresh/wt/apps/commonplace_cli" configured="tmp/test_data" configured_read=%{compact: [], count: 3, ls: {:ok, ["node_id", "commits", "commits.lock"]}, exists?: true} commit_store_pid=#PID<0.279.0> commit_store_state_shape={true, [:data_dir, :db, :invariant_dispatcher, :local_write_gate, :lock_ref, :name, :pending_imports, :queue_poller, :trust_side_store]} cubdb_pid=#PID<0.282.0> cubdb_state_shape=CubDB.State cubdb_data_dir="tmp/test_data/commits" cubdb_read=%{compact: ["10.compact"], count: 2, ls: {:ok, ["F.cub", "10.compact"]}, exists?: true}
06:18:38.060 [error] local node self-trust was not added: node signing public-key artifact is absent — continuing with configured trusted identities
06:18:38.067 [error] local node self-trust was not added: node signing public-key artifact is absent — continuing with configured trusted identities
06:18:38.072 [error] local node self-trust was not added: node signing public-key artifact is absent — continuing with configured trusted identities
06:18:38.085 [error] local node self-trust was not added: node signing public-key artifact is absent — continuing with configured trusted identities
.
Finished in 0.03 seconds (0.00s async, 0.03s sync)
3 tests, 0 failures, 2 excluded
Running ExUnit with seed: 97003, max_cases: 8
Excluding tags: [:test]
Including tags: [location: {"test/commonplace/cli/snapshot_test.exs", 114}]

CX_SNAPMECH cwd="/home/jes/sol-snapshot-fresh/wt/apps/commonplace_cli" configured="tmp/test_data" configured_read=%{compact: [], count: 3, ls: {:ok, ["node_id", "commits", "commits.lock"]}, exists?: true} commit_store_pid=#PID<0.279.0> commit_store_state_shape={true, [:data_dir, :db, :invariant_dispatcher, :local_write_gate, :lock_ref, :name, :pending_imports, :queue_poller, :trust_side_store]} cubdb_pid=#PID<0.282.0> cubdb_state_shape=CubDB.State cubdb_data_dir="tmp/test_data/commits" cubdb_read=%{compact: ["10.compact"], count: 2, ls: {:ok, ["F.cub", "10.compact"]}, exists?: true}
06:18:38.099 [error] local node self-trust was not added: node signing public-key artifact is absent — continuing with configured trusted identities
06:18:38.105 [error] local node self-trust was not added: node signing public-key artifact is absent — continuing with configured trusted identities
06:18:38.111 [error] local node self-trust was not added: node signing public-key artifact is absent — continuing with configured trusted identities
06:18:38.122 [error] local node self-trust was not added: node signing public-key artifact is absent — continuing with configured trusted identities
.
Finished in 0.03 seconds (0.00s async, 0.03s sync)
3 tests, 0 failures, 2 excluded
Running ExUnit with seed: 129940, max_cases: 8
Excluding tags: [:test]
Including tags: [location: {"test/commonplace/cli/snapshot_test.exs", 114}]

CX_SNAPMECH cwd="/home/jes/sol-snapshot-fresh/wt/apps/commonplace_cli" configured="tmp/test_data" configured_read=%{compact: [], count: 3, ls: {:ok, ["node_id", "commits", "commits.lock"]}, exists?: true} commit_store_pid=#PID<0.279.0> commit_store_state_shape={true, [:data_dir, :db, :invariant_dispatcher, :local_write_gate, :lock_ref, :name, :pending_imports, :queue_poller, :trust_side_store]} cubdb_pid=#PID<0.282.0> cubdb_state_shape=CubDB.State cubdb_data_dir="tmp/test_data/commits" cubdb_read=%{compact: ["10.compact"], count: 2, ls: {:ok, ["F.cub", "10.compact"]}, exists?: true}
06:18:38.132 [error] local node self-trust was not added: node signing public-key artifact is absent — continuing with configured trusted identities
06:18:38.138 [error] local node self-trust was not added: node signing public-key artifact is absent — continuing with configured trusted identities
06:18:38.142 [error] local node self-trust was not added: node signing public-key artifact is absent — continuing with configured trusted identities
06:18:38.160 [error] local node self-trust was not added: node signing public-key artifact is absent — continuing with configured trusted identities
.
Finished in 0.03 seconds (0.00s async, 0.03s sync)
3 tests, 0 failures, 2 excluded
Running ExUnit with seed: 167526, max_cases: 8
Excluding tags: [:test]
Including tags: [location: {"test/commonplace/cli/snapshot_test.exs", 114}]

CX_SNAPMECH cwd="/home/jes/sol-snapshot-fresh/wt/apps/commonplace_cli" configured="tmp/test_data" configured_read=%{compact: [], count: 3, ls: {:ok, ["node_id", "commits", "commits.lock"]}, exists?: true} commit_store_pid=#PID<0.279.0> commit_store_state_shape={true, [:data_dir, :db, :invariant_dispatcher, :local_write_gate, :lock_ref, :name, :pending_imports, :queue_poller, :trust_side_store]} cubdb_pid=#PID<0.282.0> cubdb_state_shape=CubDB.State cubdb_data_dir="tmp/test_data/commits" cubdb_read=%{compact: [], count: 1, ls: {:ok, ["10.cub"]}, exists?: true}
06:18:38.170 [error] local node self-trust was not added: node signing public-key artifact is absent — continuing with configured trusted identities
06:18:38.174 [error] local node self-trust was not added: node signing public-key artifact is absent — continuing with configured trusted identities
06:18:38.178 [error] local node self-trust was not added: node signing public-key artifact is absent — continuing with configured trusted identities
06:18:38.183 [error] local node self-trust was not added: node signing public-key artifact is absent — continuing with configured trusted identities
.
Finished in 0.02 seconds (0.00s async, 0.02s sync)
3 tests, 0 failures, 2 excluded
Running ExUnit with seed: 189574, max_cases: 8
Excluding tags: [:test]
Including tags: [location: {"test/commonplace/cli/snapshot_test.exs", 114}]

CX_SNAPMECH cwd="/home/jes/sol-snapshot-fresh/wt/apps/commonplace_cli" configured="tmp/test_data" configured_read=%{compact: [], count: 3, ls: {:ok, ["node_id", "commits", "commits.lock"]}, exists?: true} commit_store_pid=#PID<0.279.0> commit_store_state_shape={true, [:data_dir, :db, :invariant_dispatcher, :local_write_gate, :lock_ref, :name, :pending_imports, :queue_poller, :trust_side_store]} cubdb_pid=#PID<0.282.0> cubdb_state_shape=CubDB.State cubdb_data_dir="tmp/test_data/commits" cubdb_read=%{compact: [], count: 1, ls: {:ok, ["10.cub"]}, exists?: true}
06:18:38.192 [error] local node self-trust was not added: node signing public-key artifact is absent — continuing with configured trusted identities
06:18:38.195 [error] local node self-trust was not added: node signing public-key artifact is absent — continuing with configured trusted identities
06:18:38.199 [error] local node self-trust was not added: node signing public-key artifact is absent — continuing with configured trusted identities
06:18:38.206 [error] local node self-trust was not added: node signing public-key artifact is absent — continuing with configured trusted identities
.
Finished in 0.02 seconds (0.00s async, 0.02s sync)
3 tests, 0 failures, 2 excluded
Running ExUnit with seed: 211360, max_cases: 8
Excluding tags: [:test]
Including tags: [location: {"test/commonplace/cli/snapshot_test.exs", 114}]

CX_SNAPMECH cwd="/home/jes/sol-snapshot-fresh/wt/apps/commonplace_cli" configured="tmp/test_data" configured_read=%{compact: [], count: 3, ls: {:ok, ["node_id", "commits", "commits.lock"]}, exists?: true} commit_store_pid=#PID<0.279.0> commit_store_state_shape={true, [:data_dir, :db, :invariant_dispatcher, :local_write_gate, :lock_ref, :name, :pending_imports, :queue_poller, :trust_side_store]} cubdb_pid=#PID<0.282.0> cubdb_state_shape=CubDB.State cubdb_data_dir="tmp/test_data/commits" cubdb_read=%{compact: [], count: 1, ls: {:ok, ["10.cub"]}, exists?: true}
06:18:38.212 [error] local node self-trust was not added: node signing public-key artifact is absent — continuing with configured trusted identities
06:18:38.218 [error] local node self-trust was not added: node signing public-key artifact is absent — continuing with configured trusted identities
06:18:38.222 [error] local node self-trust was not added: node signing public-key artifact is absent — continuing with configured trusted identities
06:18:38.229 [error] local node self-trust was not added: node signing public-key artifact is absent — continuing with configured trusted identities
.
Finished in 0.02 seconds (0.00s async, 0.02s sync)
3 tests, 0 failures, 2 excluded
Running ExUnit with seed: 241260, max_cases: 8
Excluding tags: [:test]
Including tags: [location: {"test/commonplace/cli/snapshot_test.exs", 114}]

CX_SNAPMECH cwd="/home/jes/sol-snapshot-fresh/wt/apps/commonplace_cli" configured="tmp/test_data" configured_read=%{compact: [], count: 3, ls: {:ok, ["node_id", "commits", "commits.lock"]}, exists?: true} commit_store_pid=#PID<0.279.0> commit_store_state_shape={true, [:data_dir, :db, :invariant_dispatcher, :local_write_gate, :lock_ref, :name, :pending_imports, :queue_poller, :trust_side_store]} cubdb_pid=#PID<0.282.0> cubdb_state_shape=CubDB.State cubdb_data_dir="tmp/test_data/commits" cubdb_read=%{compact: [], count: 1, ls: {:ok, ["10.cub"]}, exists?: true}
06:18:38.247 [error] local node self-trust was not added: node signing public-key artifact is absent — continuing with configured trusted identities
06:18:38.253 [error] local node self-trust was not added: node signing public-key artifact is absent — continuing with configured trusted identities
06:18:38.263 [error] local node self-trust was not added: node signing public-key artifact is absent — continuing with configured trusted identities
06:18:38.270 [error] local node self-trust was not added: node signing public-key artifact is absent — continuing with configured trusted identities
.
Finished in 0.03 seconds (0.00s async, 0.03s sync)
3 tests, 0 failures, 2 excluded
Running ExUnit with seed: 274327, max_cases: 8
Excluding tags: [:test]
Including tags: [location: {"test/commonplace/cli/snapshot_test.exs", 114}]

CX_SNAPMECH cwd="/home/jes/sol-snapshot-fresh/wt/apps/commonplace_cli" configured="tmp/test_data" configured_read=%{compact: [], count: 3, ls: {:ok, ["node_id", "commits", "commits.lock"]}, exists?: true} commit_store_pid=#PID<0.279.0> commit_store_state_shape={true, [:data_dir, :db, :invariant_dispatcher, :local_write_gate, :lock_ref, :name, :pending_imports, :queue_poller, :trust_side_store]} cubdb_pid=#PID<0.282.0> cubdb_state_shape=CubDB.State cubdb_data_dir="tmp/test_data/commits" cubdb_read=%{compact: [], count: 1, ls: {:ok, ["10.cub"]}, exists?: true}
06:18:38.275 [error] local node self-trust was not added: node signing public-key artifact is absent — continuing with configured trusted identities
06:18:38.279 [error] local node self-trust was not added: node signing public-key artifact is absent — continuing with configured trusted identities
06:18:38.282 [error] local node self-trust was not added: node signing public-key artifact is absent — continuing with configured trusted identities
06:18:38.288 [error] local node self-trust was not added: node signing public-key artifact is absent — continuing with configured trusted identities
.
Finished in 0.01 seconds (0.00s async, 0.01s sync)
3 tests, 0 failures, 2 excluded
Running ExUnit with seed: 292672, max_cases: 8
Excluding tags: [:test]
Including tags: [location: {"test/commonplace/cli/snapshot_test.exs", 114}]

CX_SNAPMECH cwd="/home/jes/sol-snapshot-fresh/wt/apps/commonplace_cli" configured="tmp/test_data" configured_read=%{compact: [], count: 3, ls: {:ok, ["node_id", "commits", "commits.lock"]}, exists?: true} commit_store_pid=#PID<0.279.0> commit_store_state_shape={true, [:data_dir, :db, :invariant_dispatcher, :local_write_gate, :lock_ref, :name, :pending_imports, :queue_poller, :trust_side_store]} cubdb_pid=#PID<0.282.0> cubdb_state_shape=CubDB.State cubdb_data_dir="tmp/test_data/commits" cubdb_read=%{compact: [], count: 1, ls: {:ok, ["10.cub"]}, exists?: true}
06:18:38.294 [error] local node self-trust was not added: node signing public-key artifact is absent — continuing with configured trusted identities
06:18:38.297 [error] local node self-trust was not added: node signing public-key artifact is absent — continuing with configured trusted identities
06:18:38.301 [error] local node self-trust was not added: node signing public-key artifact is absent — continuing with configured trusted identities
06:18:38.306 [error] local node self-trust was not added: node signing public-key artifact is absent — continuing with configured trusted identities
.
Finished in 0.01 seconds (0.00s async, 0.01s sync)
3 tests, 0 failures, 2 excluded
Running ExUnit with seed: 310573, max_cases: 8
Excluding tags: [:test]
Including tags: [location: {"test/commonplace/cli/snapshot_test.exs", 114}]

CX_SNAPMECH cwd="/home/jes/sol-snapshot-fresh/wt/apps/commonplace_cli" configured="tmp/test_data" configured_read=%{compact: [], count: 3, ls: {:ok, ["node_id", "commits", "commits.lock"]}, exists?: true} commit_store_pid=#PID<0.279.0> commit_store_state_shape={true, [:data_dir, :db, :invariant_dispatcher, :local_write_gate, :lock_ref, :name, :pending_imports, :queue_poller, :trust_side_store]} cubdb_pid=#PID<0.282.0> cubdb_state_shape=CubDB.State cubdb_data_dir="tmp/test_data/commits" cubdb_read=%{compact: [], count: 1, ls: {:ok, ["10.cub"]}, exists?: true}
06:18:38.312 [error] local node self-trust was not added: node signing public-key artifact is absent — continuing with configured trusted identities
06:18:38.316 [error] local node self-trust was not added: node signing public-key artifact is absent — continuing with configured trusted identities
06:18:38.320 [error] local node self-trust was not added: node signing public-key artifact is absent — continuing with configured trusted identities
06:18:38.329 [error] local node self-trust was not added: node signing public-key artifact is absent — continuing with configured trusted identities
.
Finished in 0.02 seconds (0.00s async, 0.02s sync)
3 tests, 0 failures, 2 excluded
Running ExUnit with seed: 334991, max_cases: 8
Excluding tags: [:test]
Including tags: [location: {"test/commonplace/cli/snapshot_test.exs", 114}]

CX_SNAPMECH cwd="/home/jes/sol-snapshot-fresh/wt/apps/commonplace_cli" configured="tmp/test_data" configured_read=%{compact: [], count: 3, ls: {:ok, ["node_id", "commits", "commits.lock"]}, exists?: true} commit_store_pid=#PID<0.279.0> commit_store_state_shape={true, [:data_dir, :db, :invariant_dispatcher, :local_write_gate, :lock_ref, :name, :pending_imports, :queue_poller, :trust_side_store]} cubdb_pid=#PID<0.282.0> cubdb_state_shape=CubDB.State cubdb_data_dir="tmp/test_data/commits" cubdb_read=%{compact: [], count: 1, ls: {:ok, ["10.cub"]}, exists?: true}
06:18:38.336 [error] local node self-trust was not added: node signing public-key artifact is absent — continuing with configured trusted identities
06:18:38.339 [error] local node self-trust was not added: node signing public-key artifact is absent — continuing with configured trusted identities
06:18:38.342 [error] local node self-trust was not added: node signing public-key artifact is absent — continuing with configured trusted identities
06:18:38.348 [error] local node self-trust was not added: node signing public-key artifact is absent — continuing with configured trusted identities
.
Finished in 0.01 seconds (0.00s async, 0.01s sync)
3 tests, 0 failures, 2 excluded
Running ExUnit with seed: 351513, max_cases: 8
Excluding tags: [:test]
Including tags: [location: {"test/commonplace/cli/snapshot_test.exs", 114}]

CX_SNAPMECH cwd="/home/jes/sol-snapshot-fresh/wt/apps/commonplace_cli" configured="tmp/test_data" configured_read=%{compact: [], count: 3, ls: {:ok, ["node_id", "commits", "commits.lock"]}, exists?: true} commit_store_pid=#PID<0.279.0> commit_store_state_shape={true, [:data_dir, :db, :invariant_dispatcher, :local_write_gate, :lock_ref, :name, :pending_imports, :queue_poller, :trust_side_store]} cubdb_pid=#PID<0.282.0> cubdb_state_shape=CubDB.State cubdb_data_dir="tmp/test_data/commits" cubdb_read=%{compact: [], count: 1, ls: {:ok, ["10.cub"]}, exists?: true}
06:18:38.352 [error] local node self-trust was not added: node signing public-key artifact is absent — continuing with configured trusted identities
06:18:38.355 [error] local node self-trust was not added: node signing public-key artifact is absent — continuing with configured trusted identities
06:18:38.357 [error] local node self-trust was not added: node signing public-key artifact is absent — continuing with configured trusted identities
06:18:38.361 [error] local node self-trust was not added: node signing public-key artifact is absent — continuing with configured trusted identities
.
Finished in 0.01 seconds (0.00s async, 0.01s sync)
3 tests, 0 failures, 2 excluded
Running ExUnit with seed: 364084, max_cases: 8
Excluding tags: [:test]
Including tags: [location: {"test/commonplace/cli/snapshot_test.exs", 114}]

CX_SNAPMECH cwd="/home/jes/sol-snapshot-fresh/wt/apps/commonplace_cli" configured="tmp/test_data" configured_read=%{compact: [], count: 3, ls: {:ok, ["node_id", "commits", "commits.lock"]}, exists?: true} commit_store_pid=#PID<0.279.0> commit_store_state_shape={true, [:data_dir, :db, :invariant_dispatcher, :local_write_gate, :lock_ref, :name, :pending_imports, :queue_poller, :trust_side_store]} cubdb_pid=#PID<0.282.0> cubdb_state_shape=CubDB.State cubdb_data_dir="tmp/test_data/commits" cubdb_read=%{compact: [], count: 1, ls: {:ok, ["10.cub"]}, exists?: true}
06:18:38.365 [error] local node self-trust was not added: node signing public-key artifact is absent — continuing with configured trusted identities
06:18:38.368 [error] local node self-trust was not added: node signing public-key artifact is absent — continuing with configured trusted identities
06:18:38.370 [error] local node self-trust was not added: node signing public-key artifact is absent — continuing with configured trusted identities
06:18:38.374 [error] local node self-trust was not added: node signing public-key artifact is absent — continuing with configured trusted identities
.
Finished in 0.01 seconds (0.00s async, 0.01s sync)
3 tests, 0 failures, 2 excluded
Running ExUnit with seed: 376959, max_cases: 8
Excluding tags: [:test]
Including tags: [location: {"test/commonplace/cli/snapshot_test.exs", 114}]

CX_SNAPMECH cwd="/home/jes/sol-snapshot-fresh/wt/apps/commonplace_cli" configured="tmp/test_data" configured_read=%{compact: [], count: 3, ls: {:ok, ["node_id", "commits", "commits.lock"]}, exists?: true} commit_store_pid=#PID<0.279.0> commit_store_state_shape={true, [:data_dir, :db, :invariant_dispatcher, :local_write_gate, :lock_ref, :name, :pending_imports, :queue_poller, :trust_side_store]} cubdb_pid=#PID<0.282.0> cubdb_state_shape=CubDB.State cubdb_data_dir="tmp/test_data/commits" cubdb_read=%{compact: [], count: 1, ls: {:ok, ["10.cub"]}, exists?: true}
06:18:38.378 [error] local node self-trust was not added: node signing public-key artifact is absent — continuing with configured trusted identities
06:18:38.380 [error] local node self-trust was not added: node signing public-key artifact is absent — continuing with configured trusted identities
06:18:38.382 [error] local node self-trust was not added: node signing public-key artifact is absent — continuing with configured trusted identities
06:18:38.386 [error] local node self-trust was not added: node signing public-key artifact is absent — continuing with configured trusted identities
.
Finished in 0.01 seconds (0.00s async, 0.01s sync)
3 tests, 0 failures, 2 excluded
Running ExUnit with seed: 389843, max_cases: 8
Excluding tags: [:test]
Including tags: [location: {"test/commonplace/cli/snapshot_test.exs", 114}]

CX_SNAPMECH cwd="/home/jes/sol-snapshot-fresh/wt/apps/commonplace_cli" configured="tmp/test_data" configured_read=%{compact: [], count: 3, ls: {:ok, ["node_id", "commits", "commits.lock"]}, exists?: true} commit_store_pid=#PID<0.279.0> commit_store_state_shape={true, [:data_dir, :db, :invariant_dispatcher, :local_write_gate, :lock_ref, :name, :pending_imports, :queue_poller, :trust_side_store]} cubdb_pid=#PID<0.282.0> cubdb_state_shape=CubDB.State cubdb_data_dir="tmp/test_data/commits" cubdb_read=%{compact: [], count: 1, ls: {:ok, ["10.cub"]}, exists?: true}
06:18:38.391 [error] local node self-trust was not added: node signing public-key artifact is absent — continuing with configured trusted identities
06:18:38.393 [error] local node self-trust was not added: node signing public-key artifact is absent — continuing with configured trusted identities
06:18:38.395 [error] local node self-trust was not added: node signing public-key artifact is absent — continuing with configured trusted identities
06:18:38.400 [error] local node self-trust was not added: node signing public-key artifact is absent — continuing with configured trusted identities
.
Finished in 0.01 seconds (0.00s async, 0.01s sync)
3 tests, 0 failures, 2 excluded
Running ExUnit with seed: 403026, max_cases: 8
Excluding tags: [:test]
Including tags: [location: {"test/commonplace/cli/snapshot_test.exs", 114}]

CX_SNAPMECH cwd="/home/jes/sol-snapshot-fresh/wt/apps/commonplace_cli" configured="tmp/test_data" configured_read=%{compact: [], count: 3, ls: {:ok, ["node_id", "commits", "commits.lock"]}, exists?: true} commit_store_pid=#PID<0.279.0> commit_store_state_shape={true, [:data_dir, :db, :invariant_dispatcher, :local_write_gate, :lock_ref, :name, :pending_imports, :queue_poller, :trust_side_store]} cubdb_pid=#PID<0.282.0> cubdb_state_shape=CubDB.State cubdb_data_dir="tmp/test_data/commits" cubdb_read=%{compact: [], count: 1, ls: {:ok, ["10.cub"]}, exists?: true}
06:18:38.406 [error] local node self-trust was not added: node signing public-key artifact is absent — continuing with configured trusted identities
06:18:38.410 [error] local node self-trust was not added: node signing public-key artifact is absent — continuing with configured trusted identities
06:18:38.413 [error] local node self-trust was not added: node signing public-key artifact is absent — continuing with configured trusted identities
06:18:38.416 [error] local node self-trust was not added: node signing public-key artifact is absent — continuing with configured trusted identities
.
Finished in 0.01 seconds (0.00s async, 0.01s sync)
3 tests, 0 failures, 2 excluded
Running ExUnit with seed: 419919, max_cases: 8
Excluding tags: [:test]
Including tags: [location: {"test/commonplace/cli/snapshot_test.exs", 114}]

CX_SNAPMECH cwd="/home/jes/sol-snapshot-fresh/wt/apps/commonplace_cli" configured="tmp/test_data" configured_read=%{compact: [], count: 3, ls: {:ok, ["node_id", "commits", "commits.lock"]}, exists?: true} commit_store_pid=#PID<0.279.0> commit_store_state_shape={true, [:data_dir, :db, :invariant_dispatcher, :local_write_gate, :lock_ref, :name, :pending_imports, :queue_poller, :trust_side_store]} cubdb_pid=#PID<0.282.0> cubdb_state_shape=CubDB.State cubdb_data_dir="tmp/test_data/commits" cubdb_read=%{compact: [], count: 1, ls: {:ok, ["10.cub"]}, exists?: true}
06:18:38.421 [error] local node self-trust was not added: node signing public-key artifact is absent — continuing with configured trusted identities
06:18:38.423 [error] local node self-trust was not added: node signing public-key artifact is absent — continuing with configured trusted identities
06:18:38.425 [error] local node self-trust was not added: node signing public-key artifact is absent — continuing with configured trusted identities
06:18:38.431 [error] local node self-trust was not added: node signing public-key artifact is absent — continuing with configured trusted identities
.
Finished in 0.01 seconds (0.00s async, 0.01s sync)
3 tests, 0 failures, 2 excluded
Running ExUnit with seed: 434088, max_cases: 8
Excluding tags: [:test]
Including tags: [location: {"test/commonplace/cli/snapshot_test.exs", 114}]

CX_SNAPMECH cwd="/home/jes/sol-snapshot-fresh/wt/apps/commonplace_cli" configured="tmp/test_data" configured_read=%{compact: [], count: 3, ls: {:ok, ["node_id", "commits", "commits.lock"]}, exists?: true} commit_store_pid=#PID<0.279.0> commit_store_state_shape={true, [:data_dir, :db, :invariant_dispatcher, :local_write_gate, :lock_ref, :name, :pending_imports, :queue_poller, :trust_side_store]} cubdb_pid=#PID<0.282.0> cubdb_state_shape=CubDB.State cubdb_data_dir="tmp/test_data/commits" cubdb_read=%{compact: [], count: 1, ls: {:ok, ["10.cub"]}, exists?: true}
06:18:38.435 [error] local node self-trust was not added: node signing public-key artifact is absent — continuing with configured trusted identities
06:18:38.437 [error] local node self-trust was not added: node signing public-key artifact is absent — continuing with configured trusted identities
06:18:38.439 [error] local node self-trust was not added: node signing public-key artifact is absent — continuing with configured trusted identities
06:18:38.444 [error] local node self-trust was not added: node signing public-key artifact is absent — continuing with configured trusted identities
.
Finished in 0.01 seconds (0.00s async, 0.01s sync)
3 tests, 0 failures, 2 excluded
Running ExUnit with seed: 447184, max_cases: 8
Excluding tags: [:test]
Including tags: [location: {"test/commonplace/cli/snapshot_test.exs", 114}]

CX_SNAPMECH cwd="/home/jes/sol-snapshot-fresh/wt/apps/commonplace_cli" configured="tmp/test_data" configured_read=%{compact: [], count: 3, ls: {:ok, ["node_id", "commits", "commits.lock"]}, exists?: true} commit_store_pid=#PID<0.279.0> commit_store_state_shape={true, [:data_dir, :db, :invariant_dispatcher, :local_write_gate, :lock_ref, :name, :pending_imports, :queue_poller, :trust_side_store]} cubdb_pid=#PID<0.282.0> cubdb_state_shape=CubDB.State cubdb_data_dir="tmp/test_data/commits" cubdb_read=%{compact: [], count: 1, ls: {:ok, ["10.cub"]}, exists?: true}
06:18:38.448 [error] local node self-trust was not added: node signing public-key artifact is absent — continuing with configured trusted identities
06:18:38.452 [error] local node self-trust was not added: node signing public-key artifact is absent — continuing with configured trusted identities
06:18:38.455 [error] local node self-trust was not added: node signing public-key artifact is absent — continuing with configured trusted identities
06:18:38.459 [error] local node self-trust was not added: node signing public-key artifact is absent — continuing with configured trusted identities
.
Finished in 0.01 seconds (0.00s async, 0.01s sync)
3 tests, 0 failures, 2 excluded
Running ExUnit with seed: 462566, max_cases: 8
Excluding tags: [:test]
Including tags: [location: {"test/commonplace/cli/snapshot_test.exs", 114}]

CX_SNAPMECH cwd="/home/jes/sol-snapshot-fresh/wt/apps/commonplace_cli" configured="tmp/test_data" configured_read=%{compact: [], count: 3, ls: {:ok, ["node_id", "commits", "commits.lock"]}, exists?: true} commit_store_pid=#PID<0.279.0> commit_store_state_shape={true, [:data_dir, :db, :invariant_dispatcher, :local_write_gate, :lock_ref, :name, :pending_imports, :queue_poller, :trust_side_store]} cubdb_pid=#PID<0.282.0> cubdb_state_shape=CubDB.State cubdb_data_dir="tmp/test_data/commits" cubdb_read=%{compact: [], count: 1, ls: {:ok, ["10.cub"]}, exists?: true}
06:18:38.463 [error] local node self-trust was not added: node signing public-key artifact is absent — continuing with configured trusted identities
06:18:38.466 [error] local node self-trust was not added: node signing public-key artifact is absent — continuing with configured trusted identities
06:18:38.468 [error] local node self-trust was not added: node signing public-key artifact is absent — continuing with configured trusted identities
06:18:38.471 [error] local node self-trust was not added: node signing public-key artifact is absent — continuing with configured trusted identities
.
Finished in 0.01 seconds (0.00s async, 0.01s sync)
3 tests, 0 failures, 2 excluded
Running ExUnit with seed: 475116, max_cases: 8
Excluding tags: [:test]
Including tags: [location: {"test/commonplace/cli/snapshot_test.exs", 114}]

CX_SNAPMECH cwd="/home/jes/sol-snapshot-fresh/wt/apps/commonplace_cli" configured="tmp/test_data" configured_read=%{compact: [], count: 3, ls: {:ok, ["node_id", "commits", "commits.lock"]}, exists?: true} commit_store_pid=#PID<0.279.0> commit_store_state_shape={true, [:data_dir, :db, :invariant_dispatcher, :local_write_gate, :lock_ref, :name, :pending_imports, :queue_poller, :trust_side_store]} cubdb_pid=#PID<0.282.0> cubdb_state_shape=CubDB.State cubdb_data_dir="tmp/test_data/commits" cubdb_read=%{compact: [], count: 1, ls: {:ok, ["10.cub"]}, exists?: true}
06:18:38.476 [error] local node self-trust was not added: node signing public-key artifact is absent — continuing with configured trusted identities
06:18:38.478 [error] local node self-trust was not added: node signing public-key artifact is absent — continuing with configured trusted identities
06:18:38.481 [error] local node self-trust was not added: node signing public-key artifact is absent — continuing with configured trusted identities
06:18:38.484 [error] local node self-trust was not added: node signing public-key artifact is absent — continuing with configured trusted identities
.
Finished in 0.01 seconds (0.00s async, 0.01s sync)
3 tests, 0 failures, 2 excluded
Running ExUnit with seed: 488369, max_cases: 8
Excluding tags: [:test]
Including tags: [location: {"test/commonplace/cli/snapshot_test.exs", 114}]

CX_SNAPMECH cwd="/home/jes/sol-snapshot-fresh/wt/apps/commonplace_cli" configured="tmp/test_data" configured_read=%{compact: [], count: 3, ls: {:ok, ["node_id", "commits", "commits.lock"]}, exists?: true} commit_store_pid=#PID<0.279.0> commit_store_state_shape={true, [:data_dir, :db, :invariant_dispatcher, :local_write_gate, :lock_ref, :name, :pending_imports, :queue_poller, :trust_side_store]} cubdb_pid=#PID<0.282.0> cubdb_state_shape=CubDB.State cubdb_data_dir="tmp/test_data/commits" cubdb_read=%{compact: [], count: 1, ls: {:ok, ["10.cub"]}, exists?: true}
06:18:38.489 [error] local node self-trust was not added: node signing public-key artifact is absent — continuing with configured trusted identities
06:18:38.492 [error] local node self-trust was not added: node signing public-key artifact is absent — continuing with configured trusted identities
06:18:38.497 [error] local node self-trust was not added: node signing public-key artifact is absent — continuing with configured trusted identities
06:18:38.506 [error] local node self-trust was not added: node signing public-key artifact is absent — continuing with configured trusted identities
.
Finished in 0.02 seconds (0.00s async, 0.02s sync)
3 tests, 0 failures, 2 excluded
Running ExUnit with seed: 511996, max_cases: 8
Excluding tags: [:test]
Including tags: [location: {"test/commonplace/cli/snapshot_test.exs", 114}]

CX_SNAPMECH cwd="/home/jes/sol-snapshot-fresh/wt/apps/commonplace_cli" configured="tmp/test_data" configured_read=%{compact: [], count: 3, ls: {:ok, ["node_id", "commits", "commits.lock"]}, exists?: true} commit_store_pid=#PID<0.279.0> commit_store_state_shape={true, [:data_dir, :db, :invariant_dispatcher, :local_write_gate, :lock_ref, :name, :pending_imports, :queue_poller, :trust_side_store]} cubdb_pid=#PID<0.282.0> cubdb_state_shape=CubDB.State cubdb_data_dir="tmp/test_data/commits" cubdb_read=%{compact: [], count: 1, ls: {:ok, ["10.cub"]}, exists?: true}
06:18:38.519 [error] local node self-trust was not added: node signing public-key artifact is absent — continuing with configured trusted identities
06:18:38.528 [error] local node self-trust was not added: node signing public-key artifact is absent — continuing with configured trusted identities
06:18:38.530 [error] local node self-trust was not added: node signing public-key artifact is absent — continuing with configured trusted identities
06:18:38.536 [error] local node self-trust was not added: node signing public-key artifact is absent — continuing with configured trusted identities
.
Finished in 0.02 seconds (0.00s async, 0.02s sync)
3 tests, 0 failures, 2 excluded
Running ExUnit with seed: 541861, max_cases: 8
Excluding tags: [:test]
Including tags: [location: {"test/commonplace/cli/snapshot_test.exs", 114}]

CX_SNAPMECH cwd="/home/jes/sol-snapshot-fresh/wt/apps/commonplace_cli" configured="tmp/test_data" configured_read=%{compact: [], count: 3, ls: {:ok, ["node_id", "commits", "commits.lock"]}, exists?: true} commit_store_pid=#PID<0.279.0> commit_store_state_shape={true, [:data_dir, :db, :invariant_dispatcher, :local_write_gate, :lock_ref, :name, :pending_imports, :queue_poller, :trust_side_store]} cubdb_pid=#PID<0.282.0> cubdb_state_shape=CubDB.State cubdb_data_dir="tmp/test_data/commits" cubdb_read=%{compact: [], count: 1, ls: {:ok, ["10.cub"]}, exists?: true}
06:18:38.543 [error] local node self-trust was not added: node signing public-key artifact is absent — continuing with configured trusted identities
06:18:38.547 [error] local node self-trust was not added: node signing public-key artifact is absent — continuing with configured trusted identities
06:18:38.550 [error] local node self-trust was not added: node signing public-key artifact is absent — continuing with configured trusted identities
06:18:38.560 [error] local node self-trust was not added: node signing public-key artifact is absent — continuing with configured trusted identities
.
Finished in 0.02 seconds (0.00s async, 0.02s sync)
3 tests, 0 failures, 2 excluded
Running ExUnit with seed: 566281, max_cases: 8
Excluding tags: [:test]
Including tags: [location: {"test/commonplace/cli/snapshot_test.exs", 114}]

CX_SNAPMECH cwd="/home/jes/sol-snapshot-fresh/wt/apps/commonplace_cli" configured="tmp/test_data" configured_read=%{compact: [], count: 3, ls: {:ok, ["node_id", "commits", "commits.lock"]}, exists?: true} commit_store_pid=#PID<0.279.0> commit_store_state_shape={true, [:data_dir, :db, :invariant_dispatcher, :local_write_gate, :lock_ref, :name, :pending_imports, :queue_poller, :trust_side_store]} cubdb_pid=#PID<0.282.0> cubdb_state_shape=CubDB.State cubdb_data_dir="tmp/test_data/commits" cubdb_read=%{compact: [], count: 1, ls: {:ok, ["10.cub"]}, exists?: true}
06:18:38.567 [error] local node self-trust was not added: node signing public-key artifact is absent — continuing with configured trusted identities
06:18:38.570 [error] local node self-trust was not added: node signing public-key artifact is absent — continuing with configured trusted identities
06:18:38.574 [error] local node self-trust was not added: node signing public-key artifact is absent — continuing with configured trusted identities
06:18:38.579 [error] local node self-trust was not added: node signing public-key artifact is absent — continuing with configured trusted identities
.
Finished in 0.01 seconds (0.00s async, 0.01s sync)
3 tests, 0 failures, 2 excluded
Running ExUnit with seed: 582601, max_cases: 8
Excluding tags: [:test]
Including tags: [location: {"test/commonplace/cli/snapshot_test.exs", 114}]

CX_SNAPMECH cwd="/home/jes/sol-snapshot-fresh/wt/apps/commonplace_cli" configured="tmp/test_data" configured_read=%{compact: [], count: 3, ls: {:ok, ["node_id", "commits", "commits.lock"]}, exists?: true} commit_store_pid=#PID<0.279.0> commit_store_state_shape={true, [:data_dir, :db, :invariant_dispatcher, :local_write_gate, :lock_ref, :name, :pending_imports, :queue_poller, :trust_side_store]} cubdb_pid=#PID<0.282.0> cubdb_state_shape=CubDB.State cubdb_data_dir="tmp/test_data/commits" cubdb_read=%{compact: [], count: 1, ls: {:ok, ["10.cub"]}, exists?: true}
06:18:38.583 [error] local node self-trust was not added: node signing public-key artifact is absent — continuing with configured trusted identities
06:18:38.586 [error] local node self-trust was not added: node signing public-key artifact is absent — continuing with configured trusted identities
06:18:38.589 [error] local node self-trust was not added: node signing public-key artifact is absent — continuing with configured trusted identities
06:18:38.593 [error] local node self-trust was not added: node signing public-key artifact is absent — continuing with configured trusted identities
.
Finished in 0.01 seconds (0.00s async, 0.01s sync)
3 tests, 0 failures, 2 excluded
Running ExUnit with seed: 596915, max_cases: 8
Excluding tags: [:test]
Including tags: [location: {"test/commonplace/cli/snapshot_test.exs", 114}]

CX_SNAPMECH cwd="/home/jes/sol-snapshot-fresh/wt/apps/commonplace_cli" configured="tmp/test_data" configured_read=%{compact: [], count: 3, ls: {:ok, ["node_id", "commits", "commits.lock"]}, exists?: true} commit_store_pid=#PID<0.279.0> commit_store_state_shape={true, [:data_dir, :db, :invariant_dispatcher, :local_write_gate, :lock_ref, :name, :pending_imports, :queue_poller, :trust_side_store]} cubdb_pid=#PID<0.282.0> cubdb_state_shape=CubDB.State cubdb_data_dir="tmp/test_data/commits" cubdb_read=%{compact: [], count: 1, ls: {:ok, ["10.cub"]}, exists?: true}
06:18:38.598 [error] local node self-trust was not added: node signing public-key artifact is absent — continuing with configured trusted identities
06:18:38.600 [error] local node self-trust was not added: node signing public-key artifact is absent — continuing with configured trusted identities
06:18:38.602 [error] local node self-trust was not added: node signing public-key artifact is absent — continuing with configured trusted identities
06:18:38.606 [error] local node self-trust was not added: node signing public-key artifact is absent — continuing with configured trusted identities
.
Finished in 0.01 seconds (0.00s async, 0.01s sync)
3 tests, 0 failures, 2 excluded
Running ExUnit with seed: 610442, max_cases: 8
Excluding tags: [:test]
Including tags: [location: {"test/commonplace/cli/snapshot_test.exs", 114}]

CX_SNAPMECH cwd="/home/jes/sol-snapshot-fresh/wt/apps/commonplace_cli" configured="tmp/test_data" configured_read=%{compact: [], count: 3, ls: {:ok, ["node_id", "commits", "commits.lock"]}, exists?: true} commit_store_pid=#PID<0.279.0> commit_store_state_shape={true, [:data_dir, :db, :invariant_dispatcher, :local_write_gate, :lock_ref, :name, :pending_imports, :queue_poller, :trust_side_store]} cubdb_pid=#PID<0.282.0> cubdb_state_shape=CubDB.State cubdb_data_dir="tmp/test_data/commits" cubdb_read=%{compact: [], count: 1, ls: {:ok, ["10.cub"]}, exists?: true}
06:18:38.611 [error] local node self-trust was not added: node signing public-key artifact is absent — continuing with configured trusted identities
06:18:38.613 [error] local node self-trust was not added: node signing public-key artifact is absent — continuing with configured trusted identities
06:18:38.615 [error] local node self-trust was not added: node signing public-key artifact is absent — continuing with configured trusted identities
06:18:38.618 [error] local node self-trust was not added: node signing public-key artifact is absent — continuing with configured trusted identities
.
Finished in 0.01 seconds (0.00s async, 0.01s sync)
3 tests, 0 failures, 2 excluded
Running ExUnit with seed: 622616, max_cases: 8
Excluding tags: [:test]
Including tags: [location: {"test/commonplace/cli/snapshot_test.exs", 114}]

CX_SNAPMECH cwd="/home/jes/sol-snapshot-fresh/wt/apps/commonplace_cli" configured="tmp/test_data" configured_read=%{compact: [], count: 3, ls: {:ok, ["node_id", "commits", "commits.lock"]}, exists?: true} commit_store_pid=#PID<0.279.0> commit_store_state_shape={true, [:data_dir, :db, :invariant_dispatcher, :local_write_gate, :lock_ref, :name, :pending_imports, :queue_poller, :trust_side_store]} cubdb_pid=#PID<0.282.0> cubdb_state_shape=CubDB.State cubdb_data_dir="tmp/test_data/commits" cubdb_read=%{compact: [], count: 1, ls: {:ok, ["10.cub"]}, exists?: true}
06:18:38.624 [error] local node self-trust was not added: node signing public-key artifact is absent — continuing with configured trusted identities
06:18:38.626 [error] local node self-trust was not added: node signing public-key artifact is absent — continuing with configured trusted identities
06:18:38.628 [error] local node self-trust was not added: node signing public-key artifact is absent — continuing with configured trusted identities
06:18:38.632 [error] local node self-trust was not added: node signing public-key artifact is absent — continuing with configured trusted identities
.
Finished in 0.01 seconds (0.00s async, 0.01s sync)
3 tests, 0 failures, 2 excluded
Running ExUnit with seed: 635653, max_cases: 8
Excluding tags: [:test]
Including tags: [location: {"test/commonplace/cli/snapshot_test.exs", 114}]

CX_SNAPMECH cwd="/home/jes/sol-snapshot-fresh/wt/apps/commonplace_cli" configured="tmp/test_data" configured_read=%{compact: [], count: 3, ls: {:ok, ["node_id", "commits", "commits.lock"]}, exists?: true} commit_store_pid=#PID<0.279.0> commit_store_state_shape={true, [:data_dir, :db, :invariant_dispatcher, :local_write_gate, :lock_ref, :name, :pending_imports, :queue_poller, :trust_side_store]} cubdb_pid=#PID<0.282.0> cubdb_state_shape=CubDB.State cubdb_data_dir="tmp/test_data/commits" cubdb_read=%{compact: [], count: 1, ls: {:ok, ["10.cub"]}, exists?: true}
06:18:38.636 [error] local node self-trust was not added: node signing public-key artifact is absent — continuing with configured trusted identities
06:18:38.638 [error] local node self-trust was not added: node signing public-key artifact is absent — continuing with configured trusted identities
06:18:38.641 [error] local node self-trust was not added: node signing public-key artifact is absent — continuing with configured trusted identities
06:18:38.645 [error] local node self-trust was not added: node signing public-key artifact is absent — continuing with configured trusted identities
.
Finished in 0.01 seconds (0.00s async, 0.01s sync)
3 tests, 0 failures, 2 excluded
Running ExUnit with seed: 648199, max_cases: 8
Excluding tags: [:test]
Including tags: [location: {"test/commonplace/cli/snapshot_test.exs", 114}]

CX_SNAPMECH cwd="/home/jes/sol-snapshot-fresh/wt/apps/commonplace_cli" configured="tmp/test_data" configured_read=%{compact: [], count: 3, ls: {:ok, ["node_id", "commits", "commits.lock"]}, exists?: true} commit_store_pid=#PID<0.279.0> commit_store_state_shape={true, [:data_dir, :db, :invariant_dispatcher, :local_write_gate, :lock_ref, :name, :pending_imports, :queue_poller, :trust_side_store]} cubdb_pid=#PID<0.282.0> cubdb_state_shape=CubDB.State cubdb_data_dir="tmp/test_data/commits" cubdb_read=%{compact: [], count: 1, ls: {:ok, ["10.cub"]}, exists?: true}
06:18:38.649 [error] local node self-trust was not added: node signing public-key artifact is absent — continuing with configured trusted identities
06:18:38.652 [error] local node self-trust was not added: node signing public-key artifact is absent — continuing with configured trusted identities
06:18:38.654 [error] local node self-trust was not added: node signing public-key artifact is absent — continuing with configured trusted identities
06:18:38.658 [error] local node self-trust was not added: node signing public-key artifact is absent — continuing with configured trusted identities
.
Finished in 0.01 seconds (0.00s async, 0.01s sync)
3 tests, 0 failures, 2 excluded
Running ExUnit with seed: 664193, max_cases: 8
Excluding tags: [:test]
Including tags: [location: {"test/commonplace/cli/snapshot_test.exs", 114}]

CX_SNAPMECH cwd="/home/jes/sol-snapshot-fresh/wt/apps/commonplace_cli" configured="tmp/test_data" configured_read=%{compact: [], count: 3, ls: {:ok, ["node_id", "commits", "commits.lock"]}, exists?: true} commit_store_pid=#PID<0.279.0> commit_store_state_shape={true, [:data_dir, :db, :invariant_dispatcher, :local_write_gate, :lock_ref, :name, :pending_imports, :queue_poller, :trust_side_store]} cubdb_pid=#PID<0.282.0> cubdb_state_shape=CubDB.State cubdb_data_dir="tmp/test_data/commits" cubdb_read=%{compact: [], count: 1, ls: {:ok, ["10.cub"]}, exists?: true}
06:18:38.665 [error] local node self-trust was not added: node signing public-key artifact is absent — continuing with configured trusted identities
06:18:38.668 [error] local node self-trust was not added: node signing public-key artifact is absent — continuing with configured trusted identities
06:18:38.671 [error] local node self-trust was not added: node signing public-key artifact is absent — continuing with configured trusted identities
06:18:38.676 [error] local node self-trust was not added: node signing public-key artifact is absent — continuing with configured trusted identities
.
Finished in 0.01 seconds (0.00s async, 0.01s sync)
3 tests, 0 failures, 2 excluded
Running ExUnit with seed: 681293, max_cases: 8
Excluding tags: [:test]
Including tags: [location: {"test/commonplace/cli/snapshot_test.exs", 114}]

CX_SNAPMECH cwd="/home/jes/sol-snapshot-fresh/wt/apps/commonplace_cli" configured="tmp/test_data" configured_read=%{compact: [], count: 3, ls: {:ok, ["node_id", "commits", "commits.lock"]}, exists?: true} commit_store_pid=#PID<0.279.0> commit_store_state_shape={true, [:data_dir, :db, :invariant_dispatcher, :local_write_gate, :lock_ref, :name, :pending_imports, :queue_poller, :trust_side_store]} cubdb_pid=#PID<0.282.0> cubdb_state_shape=CubDB.State cubdb_data_dir="tmp/test_data/commits" cubdb_read=%{compact: ["11.compact"], count: 2, ls: {:ok, ["10.cub", "11.compact"]}, exists?: true}
06:18:38.683 [error] local node self-trust was not added: node signing public-key artifact is absent — continuing with configured trusted identities
06:18:38.687 [error] local node self-trust was not added: node signing public-key artifact is absent — continuing with configured trusted identities
06:18:38.692 [error] local node self-trust was not added: node signing public-key artifact is absent — continuing with configured trusted identities
06:18:38.699 [error] local node self-trust was not added: node signing public-key artifact is absent — continuing with configured trusted identities
.
Finished in 0.02 seconds (0.00s async, 0.02s sync)
3 tests, 0 failures, 2 excluded
Running ExUnit with seed: 704152, max_cases: 8
Excluding tags: [:test]
Including tags: [location: {"test/commonplace/cli/snapshot_test.exs", 114}]

CX_SNAPMECH cwd="/home/jes/sol-snapshot-fresh/wt/apps/commonplace_cli" configured="tmp/test_data" configured_read=%{compact: [], count: 3, ls: {:ok, ["node_id", "commits", "commits.lock"]}, exists?: true} commit_store_pid=#PID<0.279.0> commit_store_state_shape={true, [:data_dir, :db, :invariant_dispatcher, :local_write_gate, :lock_ref, :name, :pending_imports, :queue_poller, :trust_side_store]} cubdb_pid=#PID<0.282.0> cubdb_state_shape=CubDB.State cubdb_data_dir="tmp/test_data/commits" cubdb_read=%{compact: ["11.compact"], count: 2, ls: {:ok, ["10.cub", "11.compact"]}, exists?: true}
06:18:38.705 [error] local node self-trust was not added: node signing public-key artifact is absent — continuing with configured trusted identities
06:18:38.710 [error] local node self-trust was not added: node signing public-key artifact is absent — continuing with configured trusted identities
06:18:38.715 [error] local node self-trust was not added: node signing public-key artifact is absent — continuing with configured trusted identities
06:18:38.724 [error] local node self-trust was not added: node signing public-key artifact is absent — continuing with configured trusted identities
.
Finished in 0.02 seconds (0.00s async, 0.02s sync)
3 tests, 0 failures, 2 excluded
Running ExUnit with seed: 730664, max_cases: 8
Excluding tags: [:test]
Including tags: [location: {"test/commonplace/cli/snapshot_test.exs", 114}]

CX_SNAPMECH cwd="/home/jes/sol-snapshot-fresh/wt/apps/commonplace_cli" configured="tmp/test_data" configured_read=%{compact: [], count: 3, ls: {:ok, ["node_id", "commits", "commits.lock"]}, exists?: true} commit_store_pid=#PID<0.279.0> commit_store_state_shape={true, [:data_dir, :db, :invariant_dispatcher, :local_write_gate, :lock_ref, :name, :pending_imports, :queue_poller, :trust_side_store]} cubdb_pid=#PID<0.282.0> cubdb_state_shape=CubDB.State cubdb_data_dir="tmp/test_data/commits" cubdb_read=%{compact: ["11.compact"], count: 2, ls: {:ok, ["10.cub", "11.compact"]}, exists?: true}
06:18:38.733 [error] local node self-trust was not added: node signing public-key artifact is absent — continuing with configured trusted identities
06:18:38.739 [error] local node self-trust was not added: node signing public-key artifact is absent — continuing with configured trusted identities
06:18:38.744 [error] local node self-trust was not added: node signing public-key artifact is absent — continuing with configured trusted identities
06:18:38.755 [error] local node self-trust was not added: node signing public-key artifact is absent — continuing with configured trusted identities
.
Finished in 0.03 seconds (0.00s async, 0.03s sync)
3 tests, 0 failures, 2 excluded
Running ExUnit with seed: 762512, max_cases: 8
Excluding tags: [:test]
Including tags: [location: {"test/commonplace/cli/snapshot_test.exs", 114}]

CX_SNAPMECH cwd="/home/jes/sol-snapshot-fresh/wt/apps/commonplace_cli" configured="tmp/test_data" configured_read=%{compact: [], count: 3, ls: {:ok, ["node_id", "commits", "commits.lock"]}, exists?: true} commit_store_pid=#PID<0.279.0> commit_store_state_shape={true, [:data_dir, :db, :invariant_dispatcher, :local_write_gate, :lock_ref, :name, :pending_imports, :queue_poller, :trust_side_store]} cubdb_pid=#PID<0.282.0> cubdb_state_shape=CubDB.State cubdb_data_dir="tmp/test_data/commits" cubdb_read=%{compact: ["11.compact"], count: 2, ls: {:ok, ["10.cub", "11.compact"]}, exists?: true}
06:18:38.769 [error] local node self-trust was not added: node signing public-key artifact is absent — continuing with configured trusted identities
06:18:38.774 [error] local node self-trust was not added: node signing public-key artifact is absent — continuing with configured trusted identities
06:18:38.780 [error] local node self-trust was not added: node signing public-key artifact is absent — continuing with configured trusted identities
06:18:38.791 [error] local node self-trust was not added: node signing public-key artifact is absent — continuing with configured trusted identities
.
Finished in 0.03 seconds (0.00s async, 0.03s sync)
3 tests, 0 failures, 2 excluded
Running ExUnit with seed: 798131, max_cases: 8
Excluding tags: [:test]
Including tags: [location: {"test/commonplace/cli/snapshot_test.exs", 114}]

CX_SNAPMECH cwd="/home/jes/sol-snapshot-fresh/wt/apps/commonplace_cli" configured="tmp/test_data" configured_read=%{compact: [], count: 3, ls: {:ok, ["node_id", "commits", "commits.lock"]}, exists?: true} commit_store_pid=#PID<0.279.0> commit_store_state_shape={true, [:data_dir, :db, :invariant_dispatcher, :local_write_gate, :lock_ref, :name, :pending_imports, :queue_poller, :trust_side_store]} cubdb_pid=#PID<0.282.0> cubdb_state_shape=CubDB.State cubdb_data_dir="tmp/test_data/commits" cubdb_read=%{compact: ["11.compact"], count: 2, ls: {:ok, ["10.cub", "11.compact"]}, exists?: true}
06:18:38.800 [error] local node self-trust was not added: node signing public-key artifact is absent — continuing with configured trusted identities
06:18:38.806 [error] local node self-trust was not added: node signing public-key artifact is absent — continuing with configured trusted identities
06:18:38.812 [error] local node self-trust was not added: node signing public-key artifact is absent — continuing with configured trusted identities
06:18:38.823 [error] local node self-trust was not added: node signing public-key artifact is absent — continuing with configured trusted identities
.
Finished in 0.03 seconds (0.00s async, 0.03s sync)
3 tests, 0 failures, 2 excluded
Running ExUnit with seed: 830752, max_cases: 8
Excluding tags: [:test]
Including tags: [location: {"test/commonplace/cli/snapshot_test.exs", 114}]

CX_SNAPMECH cwd="/home/jes/sol-snapshot-fresh/wt/apps/commonplace_cli" configured="tmp/test_data" configured_read=%{compact: [], count: 3, ls: {:ok, ["node_id", "commits", "commits.lock"]}, exists?: true} commit_store_pid=#PID<0.279.0> commit_store_state_shape={true, [:data_dir, :db, :invariant_dispatcher, :local_write_gate, :lock_ref, :name, :pending_imports, :queue_poller, :trust_side_store]} cubdb_pid=#PID<0.282.0> cubdb_state_shape=CubDB.State cubdb_data_dir="tmp/test_data/commits" cubdb_read=%{compact: ["11.compact"], count: 2, ls: {:ok, ["10.cub", "11.compact"]}, exists?: true}
06:18:38.832 [error] local node self-trust was not added: node signing public-key artifact is absent — continuing with configured trusted identities
06:18:38.838 [error] local node self-trust was not added: node signing public-key artifact is absent — continuing with configured trusted identities
06:18:38.844 [error] local node self-trust was not added: node signing public-key artifact is absent — continuing with configured trusted identities
06:18:38.854 [error] local node self-trust was not added: node signing public-key artifact is absent — continuing with configured trusted identities
.
Finished in 0.02 seconds (0.00s async, 0.02s sync)
3 tests, 0 failures, 2 excluded
Running ExUnit with seed: 860701, max_cases: 8
Excluding tags: [:test]
Including tags: [location: {"test/commonplace/cli/snapshot_test.exs", 114}]

CX_SNAPMECH cwd="/home/jes/sol-snapshot-fresh/wt/apps/commonplace_cli" configured="tmp/test_data" configured_read=%{compact: [], count: 3, ls: {:ok, ["node_id", "commits", "commits.lock"]}, exists?: true} commit_store_pid=#PID<0.279.0> commit_store_state_shape={true, [:data_dir, :db, :invariant_dispatcher, :local_write_gate, :lock_ref, :name, :pending_imports, :queue_poller, :trust_side_store]} cubdb_pid=#PID<0.282.0> cubdb_state_shape=CubDB.State cubdb_data_dir="tmp/test_data/commits" cubdb_read=%{compact: ["11.compact"], count: 2, ls: {:ok, ["10.cub", "11.compact"]}, exists?: true}
06:18:38.864 [error] local node self-trust was not added: node signing public-key artifact is absent — continuing with configured trusted identities
06:18:38.869 [error] local node self-trust was not added: node signing public-key artifact is absent — continuing with configured trusted identities
06:18:38.874 [error] local node self-trust was not added: node signing public-key artifact is absent — continuing with configured trusted identities
06:18:38.884 [error] local node self-trust was not added: node signing public-key artifact is absent — continuing with configured trusted identities
.
Finished in 0.02 seconds (0.00s async, 0.02s sync)
3 tests, 0 failures, 2 excluded
Running ExUnit with seed: 890379, max_cases: 8
Excluding tags: [:test]
Including tags: [location: {"test/commonplace/cli/snapshot_test.exs", 114}]

CX_SNAPMECH cwd="/home/jes/sol-snapshot-fresh/wt/apps/commonplace_cli" configured="tmp/test_data" configured_read=%{compact: [], count: 3, ls: {:ok, ["node_id", "commits", "commits.lock"]}, exists?: true} commit_store_pid=#PID<0.279.0> commit_store_state_shape={true, [:data_dir, :db, :invariant_dispatcher, :local_write_gate, :lock_ref, :name, :pending_imports, :queue_poller, :trust_side_store]} cubdb_pid=#PID<0.282.0> cubdb_state_shape=CubDB.State cubdb_data_dir="tmp/test_data/commits" cubdb_read=%{compact: ["11.compact"], count: 2, ls: {:ok, ["10.cub", "11.compact"]}, exists?: true}
06:18:38.893 [error] local node self-trust was not added: node signing public-key artifact is absent — continuing with configured trusted identities
06:18:38.898 [error] local node self-trust was not added: node signing public-key artifact is absent — continuing with configured trusted identities
06:18:38.903 [error] local node self-trust was not added: node signing public-key artifact is absent — continuing with configured trusted identities
06:18:38.913 [error] local node self-trust was not added: node signing public-key artifact is absent — continuing with configured trusted identities
.
Finished in 0.02 seconds (0.00s async, 0.02s sync)
3 tests, 0 failures, 2 excluded
Running ExUnit with seed: 918387, max_cases: 8
Excluding tags: [:test]
Including tags: [location: {"test/commonplace/cli/snapshot_test.exs", 114}]

CX_SNAPMECH cwd="/home/jes/sol-snapshot-fresh/wt/apps/commonplace_cli" configured="tmp/test_data" configured_read=%{compact: [], count: 3, ls: {:ok, ["node_id", "commits", "commits.lock"]}, exists?: true} commit_store_pid=#PID<0.279.0> commit_store_state_shape={true, [:data_dir, :db, :invariant_dispatcher, :local_write_gate, :lock_ref, :name, :pending_imports, :queue_poller, :trust_side_store]} cubdb_pid=#PID<0.282.0> cubdb_state_shape=CubDB.State cubdb_data_dir="tmp/test_data/commits" cubdb_read=%{compact: ["11.compact"], count: 2, ls: {:ok, ["10.cub", "11.compact"]}, exists?: true}
06:18:38.921 [error] local node self-trust was not added: node signing public-key artifact is absent — continuing with configured trusted identities
06:18:38.926 [error] local node self-trust was not added: node signing public-key artifact is absent — continuing with configured trusted identities
06:18:38.930 [error] local node self-trust was not added: node signing public-key artifact is absent — continuing with configured trusted identities
06:18:38.936 [error] local node self-trust was not added: node signing public-key artifact is absent — continuing with configured trusted identities
.
Finished in 0.02 seconds (0.00s async, 0.02s sync)
3 tests, 0 failures, 2 excluded
Running ExUnit with seed: 940657, max_cases: 8
Excluding tags: [:test]
Including tags: [location: {"test/commonplace/cli/snapshot_test.exs", 114}]

CX_SNAPMECH cwd="/home/jes/sol-snapshot-fresh/wt/apps/commonplace_cli" configured="tmp/test_data" configured_read=%{compact: [], count: 3, ls: {:ok, ["node_id", "commits", "commits.lock"]}, exists?: true} commit_store_pid=#PID<0.279.0> commit_store_state_shape={true, [:data_dir, :db, :invariant_dispatcher, :local_write_gate, :lock_ref, :name, :pending_imports, :queue_poller, :trust_side_store]} cubdb_pid=#PID<0.282.0> cubdb_state_shape=CubDB.State cubdb_data_dir="tmp/test_data/commits" cubdb_read=%{compact: ["11.compact"], count: 2, ls: {:ok, ["10.cub", "11.compact"]}, exists?: true}
06:18:38.942 [error] local node self-trust was not added: node signing public-key artifact is absent — continuing with configured trusted identities
06:18:38.946 [error] local node self-trust was not added: node signing public-key artifact is absent — continuing with configured trusted identities
06:18:38.950 [error] local node self-trust was not added: node signing public-key artifact is absent — continuing with configured trusted identities
06:18:38.956 [error] local node self-trust was not added: node signing public-key artifact is absent — continuing with configured trusted identities
.
Finished in 0.01 seconds (0.00s async, 0.01s sync)
3 tests, 0 failures, 2 excluded
Running ExUnit with seed: 960757, max_cases: 8
Excluding tags: [:test]
Including tags: [location: {"test/commonplace/cli/snapshot_test.exs", 114}]

CX_SNAPMECH cwd="/home/jes/sol-snapshot-fresh/wt/apps/commonplace_cli" configured="tmp/test_data" configured_read=%{compact: [], count: 3, ls: {:ok, ["node_id", "commits", "commits.lock"]}, exists?: true} commit_store_pid=#PID<0.279.0> commit_store_state_shape={true, [:data_dir, :db, :invariant_dispatcher, :local_write_gate, :lock_ref, :name, :pending_imports, :queue_poller, :trust_side_store]} cubdb_pid=#PID<0.282.0> cubdb_state_shape=CubDB.State cubdb_data_dir="tmp/test_data/commits" cubdb_read=%{compact: ["11.compact"], count: 2, ls: {:ok, ["10.cub", "11.compact"]}, exists?: true}
06:18:38.962 [error] local node self-trust was not added: node signing public-key artifact is absent — continuing with configured trusted identities
06:18:38.967 [error] local node self-trust was not added: node signing public-key artifact is absent — continuing with configured trusted identities
06:18:38.970 [error] local node self-trust was not added: node signing public-key artifact is absent — continuing with configured trusted identities
06:18:38.977 [error] local node self-trust was not added: node signing public-key artifact is absent — continuing with configured trusted identities
.
Finished in 0.02 seconds (0.00s async, 0.02s sync)
3 tests, 0 failures, 2 excluded
Running ExUnit with seed: 985589, max_cases: 8
Excluding tags: [:test]
Including tags: [location: {"test/commonplace/cli/snapshot_test.exs", 114}]

CX_SNAPMECH cwd="/home/jes/sol-snapshot-fresh/wt/apps/commonplace_cli" configured="tmp/test_data" configured_read=%{compact: [], count: 3, ls: {:ok, ["node_id", "commits", "commits.lock"]}, exists?: true} commit_store_pid=#PID<0.279.0> commit_store_state_shape={true, [:data_dir, :db, :invariant_dispatcher, :local_write_gate, :lock_ref, :name, :pending_imports, :queue_poller, :trust_side_store]} cubdb_pid=#PID<0.282.0> cubdb_state_shape=CubDB.State cubdb_data_dir="tmp/test_data/commits" cubdb_read=%{compact: ["11.compact"], count: 2, ls: {:ok, ["10.cub", "11.compact"]}, exists?: true}
06:18:38.987 [error] local node self-trust was not added: node signing public-key artifact is absent — continuing with configured trusted identities
06:18:39.000 [error] local node self-trust was not added: node signing public-key artifact is absent — continuing with configured trusted identities
06:18:39.006 [error] local node self-trust was not added: node signing public-key artifact is absent — continuing with configured trusted identities
06:18:39.015 [error] local node self-trust was not added: node signing public-key artifact is absent — continuing with configured trusted identities
.
Finished in 0.03 seconds (0.00s async, 0.03s sync)
3 tests, 0 failures, 2 excluded
Running ExUnit with seed: 21477, max_cases: 8
Excluding tags: [:test]
Including tags: [location: {"test/commonplace/cli/snapshot_test.exs", 114}]

CX_SNAPMECH cwd="/home/jes/sol-snapshot-fresh/wt/apps/commonplace_cli" configured="tmp/test_data" configured_read=%{compact: [], count: 3, ls: {:ok, ["node_id", "commits", "commits.lock"]}, exists?: true} commit_store_pid=#PID<0.279.0> commit_store_state_shape={true, [:data_dir, :db, :invariant_dispatcher, :local_write_gate, :lock_ref, :name, :pending_imports, :queue_poller, :trust_side_store]} cubdb_pid=#PID<0.282.0> cubdb_state_shape=CubDB.State cubdb_data_dir="tmp/test_data/commits" cubdb_read=%{compact: ["11.compact"], count: 2, ls: {:ok, ["10.cub", "11.compact"]}, exists?: true}
06:18:39.023 [error] local node self-trust was not added: node signing public-key artifact is absent — continuing with configured trusted identities
06:18:39.033 [error] local node self-trust was not added: node signing public-key artifact is absent — continuing with configured trusted identities
06:18:39.041 [error] local node self-trust was not added: node signing public-key artifact is absent — continuing with configured trusted identities
06:18:39.056 [error] local node self-trust was not added: node signing public-key artifact is absent — continuing with configured trusted identities
.
Finished in 0.04 seconds (0.00s async, 0.04s sync)
3 tests, 0 failures, 2 excluded
Running ExUnit with seed: 67029, max_cases: 8
Excluding tags: [:test]
Including tags: [location: {"test/commonplace/cli/snapshot_test.exs", 114}]

CX_SNAPMECH cwd="/home/jes/sol-snapshot-fresh/wt/apps/commonplace_cli" configured="tmp/test_data" configured_read=%{compact: [], count: 3, ls: {:ok, ["node_id", "commits", "commits.lock"]}, exists?: true} commit_store_pid=#PID<0.279.0> commit_store_state_shape={true, [:data_dir, :db, :invariant_dispatcher, :local_write_gate, :lock_ref, :name, :pending_imports, :queue_poller, :trust_side_store]} cubdb_pid=#PID<0.282.0> cubdb_state_shape=CubDB.State cubdb_data_dir="tmp/test_data/commits" cubdb_read=%{compact: ["11.compact"], count: 2, ls: {:ok, ["10.cub", "11.compact"]}, exists?: true}
06:18:39.071 [error] local node self-trust was not added: node signing public-key artifact is absent — continuing with configured trusted identities
06:18:39.076 [error] local node self-trust was not added: node signing public-key artifact is absent — continuing with configured trusted identities
06:18:39.080 [error] local node self-trust was not added: node signing public-key artifact is absent — continuing with configured trusted identities
06:18:39.096 [error] local node self-trust was not added: node signing public-key artifact is absent — continuing with configured trusted identities
.
Finished in 0.03 seconds (0.00s async, 0.03s sync)
3 tests, 0 failures, 2 excluded
Running ExUnit with seed: 100256, max_cases: 8
Excluding tags: [:test]
Including tags: [location: {"test/commonplace/cli/snapshot_test.exs", 114}]

CX_SNAPMECH cwd="/home/jes/sol-snapshot-fresh/wt/apps/commonplace_cli" configured="tmp/test_data" configured_read=%{compact: [], count: 3, ls: {:ok, ["node_id", "commits", "commits.lock"]}, exists?: true} commit_store_pid=#PID<0.279.0> commit_store_state_shape={true, [:data_dir, :db, :invariant_dispatcher, :local_write_gate, :lock_ref, :name, :pending_imports, :queue_poller, :trust_side_store]} cubdb_pid=#PID<0.282.0> cubdb_state_shape=CubDB.State cubdb_data_dir="tmp/test_data/commits" cubdb_read=%{compact: ["11.compact"], count: 2, ls: {:ok, ["10.cub", "11.compact"]}, exists?: true}
06:18:39.101 [error] local node self-trust was not added: node signing public-key artifact is absent — continuing with configured trusted identities
06:18:39.106 [error] local node self-trust was not added: node signing public-key artifact is absent — continuing with configured trusted identities
06:18:39.111 [error] local node self-trust was not added: node signing public-key artifact is absent — continuing with configured trusted identities
06:18:39.117 [error] local node self-trust was not added: node signing public-key artifact is absent — continuing with configured trusted identities
.
Finished in 0.02 seconds (0.00s async, 0.02s sync)
3 tests, 0 failures, 2 excluded
Running ExUnit with seed: 122142, max_cases: 8
Excluding tags: [:test]
Including tags: [location: {"test/commonplace/cli/snapshot_test.exs", 114}]

CX_SNAPMECH cwd="/home/jes/sol-snapshot-fresh/wt/apps/commonplace_cli" configured="tmp/test_data" configured_read=%{compact: [], count: 3, ls: {:ok, ["node_id", "commits", "commits.lock"]}, exists?: true} commit_store_pid=#PID<0.279.0> commit_store_state_shape={true, [:data_dir, :db, :invariant_dispatcher, :local_write_gate, :lock_ref, :name, :pending_imports, :queue_poller, :trust_side_store]} cubdb_pid=#PID<0.282.0> cubdb_state_shape=CubDB.State cubdb_data_dir="tmp/test_data/commits" cubdb_read=%{compact: ["11.compact"], count: 2, ls: {:ok, ["10.cub", "11.compact"]}, exists?: true}
06:18:39.123 [error] local node self-trust was not added: node signing public-key artifact is absent — continuing with configured trusted identities
06:18:39.127 [error] local node self-trust was not added: node signing public-key artifact is absent — continuing with configured trusted identities
06:18:39.130 [error] local node self-trust was not added: node signing public-key artifact is absent — continuing with configured trusted identities
06:18:39.137 [error] local node self-trust was not added: node signing public-key artifact is absent — continuing with configured trusted identities
.
Finished in 0.01 seconds (0.00s async, 0.01s sync)
3 tests, 0 failures, 2 excluded
Running ExUnit with seed: 142439, max_cases: 8
Excluding tags: [:test]
Including tags: [location: {"test/commonplace/cli/snapshot_test.exs", 114}]

CX_SNAPMECH cwd="/home/jes/sol-snapshot-fresh/wt/apps/commonplace_cli" configured="tmp/test_data" configured_read=%{compact: [], count: 3, ls: {:ok, ["node_id", "commits", "commits.lock"]}, exists?: true} commit_store_pid=#PID<0.279.0> commit_store_state_shape={true, [:data_dir, :db, :invariant_dispatcher, :local_write_gate, :lock_ref, :name, :pending_imports, :queue_poller, :trust_side_store]} cubdb_pid=#PID<0.282.0> cubdb_state_shape=CubDB.State cubdb_data_dir="tmp/test_data/commits" cubdb_read=%{compact: ["11.compact"], count: 2, ls: {:ok, ["10.cub", "11.compact"]}, exists?: true}
06:18:39.144 [error] local node self-trust was not added: node signing public-key artifact is absent — continuing with configured trusted identities
06:18:39.149 [error] local node self-trust was not added: node signing public-key artifact is absent — continuing with configured trusted identities
06:18:39.154 [error] local node self-trust was not added: node signing public-key artifact is absent — continuing with configured trusted identities
06:18:39.163 [error] local node self-trust was not added: node signing public-key artifact is absent — continuing with configured trusted identities
.
Finished in 0.03 seconds (0.00s async, 0.03s sync)
3 tests, 0 failures, 2 excluded
Running ExUnit with seed: 174383, max_cases: 8
Excluding tags: [:test]
Including tags: [location: {"test/commonplace/cli/snapshot_test.exs", 114}]

CX_SNAPMECH cwd="/home/jes/sol-snapshot-fresh/wt/apps/commonplace_cli" configured="tmp/test_data" configured_read=%{compact: [], count: 3, ls: {:ok, ["node_id", "commits", "commits.lock"]}, exists?: true} commit_store_pid=#PID<0.279.0> commit_store_state_shape={true, [:data_dir, :db, :invariant_dispatcher, :local_write_gate, :lock_ref, :name, :pending_imports, :queue_poller, :trust_side_store]} cubdb_pid=#PID<0.282.0> cubdb_state_shape=CubDB.State cubdb_data_dir="tmp/test_data/commits" cubdb_read=%{compact: ["11.compact"], count: 2, ls: {:ok, ["10.cub", "11.compact"]}, exists?: true}
06:18:39.177 [error] local node self-trust was not added: node signing public-key artifact is absent — continuing with configured trusted identities
06:18:39.191 [error] local node self-trust was not added: node signing public-key artifact is absent — continuing with configured trusted identities
06:18:39.201 [error] local node self-trust was not added: node signing public-key artifact is absent — continuing with configured trusted identities
06:18:39.221 [error] local node self-trust was not added: node signing public-key artifact is absent — continuing with configured trusted identities
.
Finished in 0.05 seconds (0.00s async, 0.05s sync)
3 tests, 0 failures, 2 excluded
Running ExUnit with seed: 230597, max_cases: 8
Excluding tags: [:test]
Including tags: [location: {"test/commonplace/cli/snapshot_test.exs", 114}]

CX_SNAPMECH cwd="/home/jes/sol-snapshot-fresh/wt/apps/commonplace_cli" configured="tmp/test_data" configured_read=%{compact: [], count: 3, ls: {:ok, ["node_id", "commits", "commits.lock"]}, exists?: true} commit_store_pid=#PID<0.279.0> commit_store_state_shape={true, [:data_dir, :db, :invariant_dispatcher, :local_write_gate, :lock_ref, :name, :pending_imports, :queue_poller, :trust_side_store]} cubdb_pid=#PID<0.282.0> cubdb_state_shape=CubDB.State cubdb_data_dir="tmp/test_data/commits" cubdb_read=%{compact: ["11.compact"], count: 2, ls: {:ok, ["10.cub", "11.compact"]}, exists?: true}
06:18:39.233 [error] local node self-trust was not added: node signing public-key artifact is absent — continuing with configured trusted identities
06:18:39.237 [error] local node self-trust was not added: node signing public-key artifact is absent — continuing with configured trusted identities
06:18:39.252 [error] local node self-trust was not added: node signing public-key artifact is absent — continuing with configured trusted identities
06:18:39.270 [error] local node self-trust was not added: node signing public-key artifact is absent — continuing with configured trusted identities
.
Finished in 0.04 seconds (0.00s async, 0.04s sync)
3 tests, 0 failures, 2 excluded
Running ExUnit with seed: 276401, max_cases: 8
Excluding tags: [:test]
Including tags: [location: {"test/commonplace/cli/snapshot_test.exs", 114}]

CX_SNAPMECH cwd="/home/jes/sol-snapshot-fresh/wt/apps/commonplace_cli" configured="tmp/test_data" configured_read=%{compact: [], count: 3, ls: {:ok, ["node_id", "commits", "commits.lock"]}, exists?: true} commit_store_pid=#PID<0.279.0> commit_store_state_shape={true, [:data_dir, :db, :invariant_dispatcher, :local_write_gate, :lock_ref, :name, :pending_imports, :queue_poller, :trust_side_store]} cubdb_pid=#PID<0.282.0> cubdb_state_shape=CubDB.State cubdb_data_dir="tmp/test_data/commits" cubdb_read=%{compact: ["11.compact"], count: 2, ls: {:ok, ["10.cub", "11.compact"]}, exists?: true}
06:18:39.279 [error] local node self-trust was not added: node signing public-key artifact is absent — continuing with configured trusted identities
06:18:39.284 [error] local node self-trust was not added: node signing public-key artifact is absent — continuing with configured trusted identities
06:18:39.287 [error] local node self-trust was not added: node signing public-key artifact is absent — continuing with configured trusted identities
06:18:39.303 [error] local node self-trust was not added: node signing public-key artifact is absent — continuing with configured trusted identities
.
Finished in 0.03 seconds (0.00s async, 0.03s sync)
3 tests, 0 failures, 2 excluded
Running ExUnit with seed: 307576, max_cases: 8
Excluding tags: [:test]
Including tags: [location: {"test/commonplace/cli/snapshot_test.exs", 114}]

CX_SNAPMECH cwd="/home/jes/sol-snapshot-fresh/wt/apps/commonplace_cli" configured="tmp/test_data" configured_read=%{compact: [], count: 3, ls: {:ok, ["node_id", "commits", "commits.lock"]}, exists?: true} commit_store_pid=#PID<0.279.0> commit_store_state_shape={true, [:data_dir, :db, :invariant_dispatcher, :local_write_gate, :lock_ref, :name, :pending_imports, :queue_poller, :trust_side_store]} cubdb_pid=#PID<0.282.0> cubdb_state_shape=CubDB.State cubdb_data_dir="tmp/test_data/commits" cubdb_read=%{compact: [], count: 1, ls: {:ok, ["11.cub"]}, exists?: true}
06:18:39.309 [error] local node self-trust was not added: node signing public-key artifact is absent — continuing with configured trusted identities
06:18:39.313 [error] local node self-trust was not added: node signing public-key artifact is absent — continuing with configured trusted identities
06:18:39.317 [error] local node self-trust was not added: node signing public-key artifact is absent — continuing with configured trusted identities
06:18:39.321 [error] local node self-trust was not added: node signing public-key artifact is absent — continuing with configured trusted identities
.
Finished in 0.01 seconds (0.00s async, 0.01s sync)
3 tests, 0 failures, 2 excluded
Running ExUnit with seed: 324336, max_cases: 8
Excluding tags: [:test]
Including tags: [location: {"test/commonplace/cli/snapshot_test.exs", 114}]

CX_SNAPMECH cwd="/home/jes/sol-snapshot-fresh/wt/apps/commonplace_cli" configured="tmp/test_data" configured_read=%{compact: [], count: 3, ls: {:ok, ["node_id", "commits", "commits.lock"]}, exists?: true} commit_store_pid=#PID<0.279.0> commit_store_state_shape={true, [:data_dir, :db, :invariant_dispatcher, :local_write_gate, :lock_ref, :name, :pending_imports, :queue_poller, :trust_side_store]} cubdb_pid=#PID<0.282.0> cubdb_state_shape=CubDB.State cubdb_data_dir="tmp/test_data/commits" cubdb_read=%{compact: [], count: 1, ls: {:ok, ["11.cub"]}, exists?: true}
06:18:39.325 [error] local node self-trust was not added: node signing public-key artifact is absent — continuing with configured trusted identities
06:18:39.329 [error] local node self-trust was not added: node signing public-key artifact is absent — continuing with configured trusted identities
06:18:39.333 [error] local node self-trust was not added: node signing public-key artifact is absent — continuing with configured trusted identities
06:18:39.336 [error] local node self-trust was not added: node signing public-key artifact is absent — continuing with configured trusted identities
.
Finished in 0.01 seconds (0.00s async, 0.01s sync)
3 tests, 0 failures, 2 excluded
Running ExUnit with seed: 339694, max_cases: 8
Excluding tags: [:test]
Including tags: [location: {"test/commonplace/cli/snapshot_test.exs", 114}]

CX_SNAPMECH cwd="/home/jes/sol-snapshot-fresh/wt/apps/commonplace_cli" configured="tmp/test_data" configured_read=%{compact: [], count: 3, ls: {:ok, ["node_id", "commits", "commits.lock"]}, exists?: true} commit_store_pid=#PID<0.279.0> commit_store_state_shape={true, [:data_dir, :db, :invariant_dispatcher, :local_write_gate, :lock_ref, :name, :pending_imports, :queue_poller, :trust_side_store]} cubdb_pid=#PID<0.282.0> cubdb_state_shape=CubDB.State cubdb_data_dir="tmp/test_data/commits" cubdb_read=%{compact: [], count: 1, ls: {:ok, ["11.cub"]}, exists?: true}
06:18:39.341 [error] local node self-trust was not added: node signing public-key artifact is absent — continuing with configured trusted identities
06:18:39.344 [error] local node self-trust was not added: node signing public-key artifact is absent — continuing with configured trusted identities
06:18:39.346 [error] local node self-trust was not added: node signing public-key artifact is absent — continuing with configured trusted identities
06:18:39.351 [error] local node self-trust was not added: node signing public-key artifact is absent — continuing with configured trusted identities
.
Finished in 0.01 seconds (0.00s async, 0.01s sync)
3 tests, 0 failures, 2 excluded
Running ExUnit with seed: 353989, max_cases: 8
Excluding tags: [:test]
Including tags: [location: {"test/commonplace/cli/snapshot_test.exs", 114}]

CX_SNAPMECH cwd="/home/jes/sol-snapshot-fresh/wt/apps/commonplace_cli" configured="tmp/test_data" configured_read=%{compact: [], count: 3, ls: {:ok, ["node_id", "commits", "commits.lock"]}, exists?: true} commit_store_pid=#PID<0.279.0> commit_store_state_shape={true, [:data_dir, :db, :invariant_dispatcher, :local_write_gate, :lock_ref, :name, :pending_imports, :queue_poller, :trust_side_store]} cubdb_pid=#PID<0.282.0> cubdb_state_shape=CubDB.State cubdb_data_dir="tmp/test_data/commits" cubdb_read=%{compact: [], count: 1, ls: {:ok, ["11.cub"]}, exists?: true}
06:18:39.354 [error] local node self-trust was not added: node signing public-key artifact is absent — continuing with configured trusted identities
06:18:39.357 [error] local node self-trust was not added: node signing public-key artifact is absent — continuing with configured trusted identities
06:18:39.360 [error] local node self-trust was not added: node signing public-key artifact is absent — continuing with configured trusted identities
06:18:39.363 [error] local node self-trust was not added: node signing public-key artifact is absent — continuing with configured trusted identities
.
Finished in 0.01 seconds (0.00s async, 0.01s sync)
3 tests, 0 failures, 2 excluded
Running ExUnit with seed: 367351, max_cases: 8
Excluding tags: [:test]
Including tags: [location: {"test/commonplace/cli/snapshot_test.exs", 114}]

CX_SNAPMECH cwd="/home/jes/sol-snapshot-fresh/wt/apps/commonplace_cli" configured="tmp/test_data" configured_read=%{compact: [], count: 3, ls: {:ok, ["node_id", "commits", "commits.lock"]}, exists?: true} commit_store_pid=#PID<0.279.0> commit_store_state_shape={true, [:data_dir, :db, :invariant_dispatcher, :local_write_gate, :lock_ref, :name, :pending_imports, :queue_poller, :trust_side_store]} cubdb_pid=#PID<0.282.0> cubdb_state_shape=CubDB.State cubdb_data_dir="tmp/test_data/commits" cubdb_read=%{compact: [], count: 1, ls: {:ok, ["11.cub"]}, exists?: true}
06:18:39.368 [error] local node self-trust was not added: node signing public-key artifact is absent — continuing with configured trusted identities
06:18:39.370 [error] local node self-trust was not added: node signing public-key artifact is absent — continuing with configured trusted identities
06:18:39.373 [error] local node self-trust was not added: node signing public-key artifact is absent — continuing with configured trusted identities
06:18:39.377 [error] local node self-trust was not added: node signing public-key artifact is absent — continuing with configured trusted identities
.
Finished in 0.01 seconds (0.00s async, 0.01s sync)
3 tests, 0 failures, 2 excluded
Running ExUnit with seed: 380353, max_cases: 8
Excluding tags: [:test]
Including tags: [location: {"test/commonplace/cli/snapshot_test.exs", 114}]

CX_SNAPMECH cwd="/home/jes/sol-snapshot-fresh/wt/apps/commonplace_cli" configured="tmp/test_data" configured_read=%{compact: [], count: 3, ls: {:ok, ["node_id", "commits", "commits.lock"]}, exists?: true} commit_store_pid=#PID<0.279.0> commit_store_state_shape={true, [:data_dir, :db, :invariant_dispatcher, :local_write_gate, :lock_ref, :name, :pending_imports, :queue_poller, :trust_side_store]} cubdb_pid=#PID<0.282.0> cubdb_state_shape=CubDB.State cubdb_data_dir="tmp/test_data/commits" cubdb_read=%{compact: [], count: 1, ls: {:ok, ["11.cub"]}, exists?: true}
06:18:39.381 [error] local node self-trust was not added: node signing public-key artifact is absent — continuing with configured trusted identities
06:18:39.383 [error] local node self-trust was not added: node signing public-key artifact is absent — continuing with configured trusted identities
06:18:39.385 [error] local node self-trust was not added: node signing public-key artifact is absent — continuing with configured trusted identities
06:18:39.390 [error] local node self-trust was not added: node signing public-key artifact is absent — continuing with configured trusted identities
.
Finished in 0.01 seconds (0.00s async, 0.01s sync)
3 tests, 0 failures, 2 excluded
Running ExUnit with seed: 393374, max_cases: 8
Excluding tags: [:test]
Including tags: [location: {"test/commonplace/cli/snapshot_test.exs", 114}]

CX_SNAPMECH cwd="/home/jes/sol-snapshot-fresh/wt/apps/commonplace_cli" configured="tmp/test_data" configured_read=%{compact: [], count: 3, ls: {:ok, ["node_id", "commits", "commits.lock"]}, exists?: true} commit_store_pid=#PID<0.279.0> commit_store_state_shape={true, [:data_dir, :db, :invariant_dispatcher, :local_write_gate, :lock_ref, :name, :pending_imports, :queue_poller, :trust_side_store]} cubdb_pid=#PID<0.282.0> cubdb_state_shape=CubDB.State cubdb_data_dir="tmp/test_data/commits" cubdb_read=%{compact: [], count: 1, ls: {:ok, ["11.cub"]}, exists?: true}
06:18:39.394 [error] local node self-trust was not added: node signing public-key artifact is absent — continuing with configured trusted identities
06:18:39.397 [error] local node self-trust was not added: node signing public-key artifact is absent — continuing with configured trusted identities
06:18:39.400 [error] local node self-trust was not added: node signing public-key artifact is absent — continuing with configured trusted identities
06:18:39.407 [error] local node self-trust was not added: node signing public-key artifact is absent — continuing with configured trusted identities
.
Finished in 0.01 seconds (0.00s async, 0.01s sync)
3 tests, 0 failures, 2 excluded
Running ExUnit with seed: 412318, max_cases: 8
Excluding tags: [:test]
Including tags: [location: {"test/commonplace/cli/snapshot_test.exs", 114}]

CX_SNAPMECH cwd="/home/jes/sol-snapshot-fresh/wt/apps/commonplace_cli" configured="tmp/test_data" configured_read=%{compact: [], count: 3, ls: {:ok, ["node_id", "commits", "commits.lock"]}, exists?: true} commit_store_pid=#PID<0.279.0> commit_store_state_shape={true, [:data_dir, :db, :invariant_dispatcher, :local_write_gate, :lock_ref, :name, :pending_imports, :queue_poller, :trust_side_store]} cubdb_pid=#PID<0.282.0> cubdb_state_shape=CubDB.State cubdb_data_dir="tmp/test_data/commits" cubdb_read=%{compact: [], count: 1, ls: {:ok, ["11.cub"]}, exists?: true}
06:18:39.413 [error] local node self-trust was not added: node signing public-key artifact is absent — continuing with configured trusted identities
06:18:39.415 [error] local node self-trust was not added: node signing public-key artifact is absent — continuing with configured trusted identities
06:18:39.418 [error] local node self-trust was not added: node signing public-key artifact is absent — continuing with configured trusted identities
06:18:39.422 [error] local node self-trust was not added: node signing public-key artifact is absent — continuing with configured trusted identities
.
Finished in 0.01 seconds (0.00s async, 0.01s sync)
3 tests, 0 failures, 2 excluded
Running ExUnit with seed: 425490, max_cases: 8
Excluding tags: [:test]
Including tags: [location: {"test/commonplace/cli/snapshot_test.exs", 114}]

CX_SNAPMECH cwd="/home/jes/sol-snapshot-fresh/wt/apps/commonplace_cli" configured="tmp/test_data" configured_read=%{compact: [], count: 3, ls: {:ok, ["node_id", "commits", "commits.lock"]}, exists?: true} commit_store_pid=#PID<0.279.0> commit_store_state_shape={true, [:data_dir, :db, :invariant_dispatcher, :local_write_gate, :lock_ref, :name, :pending_imports, :queue_poller, :trust_side_store]} cubdb_pid=#PID<0.282.0> cubdb_state_shape=CubDB.State cubdb_data_dir="tmp/test_data/commits" cubdb_read=%{compact: [], count: 1, ls: {:ok, ["11.cub"]}, exists?: true}
06:18:39.426 [error] local node self-trust was not added: node signing public-key artifact is absent — continuing with configured trusted identities
06:18:39.429 [error] local node self-trust was not added: node signing public-key artifact is absent — continuing with configured trusted identities
06:18:39.432 [error] local node self-trust was not added: node signing public-key artifact is absent — continuing with configured trusted identities
06:18:39.437 [error] local node self-trust was not added: node signing public-key artifact is absent — continuing with configured trusted identities
.
Finished in 0.01 seconds (0.00s async, 0.01s sync)
3 tests, 0 failures, 2 excluded
Running ExUnit with seed: 440270, max_cases: 8
Excluding tags: [:test]
Including tags: [location: {"test/commonplace/cli/snapshot_test.exs", 114}]

CX_SNAPMECH cwd="/home/jes/sol-snapshot-fresh/wt/apps/commonplace_cli" configured="tmp/test_data" configured_read=%{compact: [], count: 3, ls: {:ok, ["node_id", "commits", "commits.lock"]}, exists?: true} commit_store_pid=#PID<0.279.0> commit_store_state_shape={true, [:data_dir, :db, :invariant_dispatcher, :local_write_gate, :lock_ref, :name, :pending_imports, :queue_poller, :trust_side_store]} cubdb_pid=#PID<0.282.0> cubdb_state_shape=CubDB.State cubdb_data_dir="tmp/test_data/commits" cubdb_read=%{compact: [], count: 1, ls: {:ok, ["11.cub"]}, exists?: true}
06:18:39.441 [error] local node self-trust was not added: node signing public-key artifact is absent — continuing with configured trusted identities
06:18:39.443 [error] local node self-trust was not added: node signing public-key artifact is absent — continuing with configured trusted identities
06:18:39.447 [error] local node self-trust was not added: node signing public-key artifact is absent — continuing with configured trusted identities
06:18:39.451 [error] local node self-trust was not added: node signing public-key artifact is absent — continuing with configured trusted identities
.
Finished in 0.01 seconds (0.00s async, 0.01s sync)
3 tests, 0 failures, 2 excluded
Running ExUnit with seed: 454073, max_cases: 8
Excluding tags: [:test]
Including tags: [location: {"test/commonplace/cli/snapshot_test.exs", 114}]

CX_SNAPMECH cwd="/home/jes/sol-snapshot-fresh/wt/apps/commonplace_cli" configured="tmp/test_data" configured_read=%{compact: [], count: 3, ls: {:ok, ["node_id", "commits", "commits.lock"]}, exists?: true} commit_store_pid=#PID<0.279.0> commit_store_state_shape={true, [:data_dir, :db, :invariant_dispatcher, :local_write_gate, :lock_ref, :name, :pending_imports, :queue_poller, :trust_side_store]} cubdb_pid=#PID<0.282.0> cubdb_state_shape=CubDB.State cubdb_data_dir="tmp/test_data/commits" cubdb_read=%{compact: [], count: 1, ls: {:ok, ["11.cub"]}, exists?: true}
06:18:39.455 [error] local node self-trust was not added: node signing public-key artifact is absent — continuing with configured trusted identities
06:18:39.457 [error] local node self-trust was not added: node signing public-key artifact is absent — continuing with configured trusted identities
06:18:39.460 [error] local node self-trust was not added: node signing public-key artifact is absent — continuing with configured trusted identities
06:18:39.464 [error] local node self-trust was not added: node signing public-key artifact is absent — continuing with configured trusted identities
.
Finished in 0.01 seconds (0.00s async, 0.01s sync)
3 tests, 0 failures, 2 excluded
Running ExUnit with seed: 467017, max_cases: 8
Excluding tags: [:test]
Including tags: [location: {"test/commonplace/cli/snapshot_test.exs", 114}]

CX_SNAPMECH cwd="/home/jes/sol-snapshot-fresh/wt/apps/commonplace_cli" configured="tmp/test_data" configured_read=%{compact: [], count: 3, ls: {:ok, ["node_id", "commits", "commits.lock"]}, exists?: true} commit_store_pid=#PID<0.279.0> commit_store_state_shape={true, [:data_dir, :db, :invariant_dispatcher, :local_write_gate, :lock_ref, :name, :pending_imports, :queue_poller, :trust_side_store]} cubdb_pid=#PID<0.282.0> cubdb_state_shape=CubDB.State cubdb_data_dir="tmp/test_data/commits" cubdb_read=%{compact: [], count: 1, ls: {:ok, ["11.cub"]}, exists?: true}
06:18:39.468 [error] local node self-trust was not added: node signing public-key artifact is absent — continuing with configured trusted identities
06:18:39.470 [error] local node self-trust was not added: node signing public-key artifact is absent — continuing with configured trusted identities
06:18:39.472 [error] local node self-trust was not added: node signing public-key artifact is absent — continuing with configured trusted identities
06:18:39.476 [error] local node self-trust was not added: node signing public-key artifact is absent — continuing with configured trusted identities
.
Finished in 0.01 seconds (0.00s async, 0.01s sync)
3 tests, 0 failures, 2 excluded
Running ExUnit with seed: 479239, max_cases: 8
Excluding tags: [:test]
Including tags: [location: {"test/commonplace/cli/snapshot_test.exs", 114}]

CX_SNAPMECH cwd="/home/jes/sol-snapshot-fresh/wt/apps/commonplace_cli" configured="tmp/test_data" configured_read=%{compact: [], count: 3, ls: {:ok, ["node_id", "commits", "commits.lock"]}, exists?: true} commit_store_pid=#PID<0.279.0> commit_store_state_shape={true, [:data_dir, :db, :invariant_dispatcher, :local_write_gate, :lock_ref, :name, :pending_imports, :queue_poller, :trust_side_store]} cubdb_pid=#PID<0.282.0> cubdb_state_shape=CubDB.State cubdb_data_dir="tmp/test_data/commits" cubdb_read=%{compact: [], count: 1, ls: {:ok, ["11.cub"]}, exists?: true}
06:18:39.480 [error] local node self-trust was not added: node signing public-key artifact is absent — continuing with configured trusted identities
06:18:39.482 [error] local node self-trust was not added: node signing public-key artifact is absent — continuing with configured trusted identities
06:18:39.485 [error] local node self-trust was not added: node signing public-key artifact is absent — continuing with configured trusted identities
06:18:39.490 [error] local node self-trust was not added: node signing public-key artifact is absent — continuing with configured trusted identities
.
Finished in 0.01 seconds (0.00s async, 0.01s sync)
3 tests, 0 failures, 2 excluded
Running ExUnit with seed: 497465, max_cases: 8
Excluding tags: [:test]
Including tags: [location: {"test/commonplace/cli/snapshot_test.exs", 114}]

CX_SNAPMECH cwd="/home/jes/sol-snapshot-fresh/wt/apps/commonplace_cli" configured="tmp/test_data" configured_read=%{compact: [], count: 3, ls: {:ok, ["node_id", "commits", "commits.lock"]}, exists?: true} commit_store_pid=#PID<0.279.0> commit_store_state_shape={true, [:data_dir, :db, :invariant_dispatcher, :local_write_gate, :lock_ref, :name, :pending_imports, :queue_poller, :trust_side_store]} cubdb_pid=#PID<0.282.0> cubdb_state_shape=CubDB.State cubdb_data_dir="tmp/test_data/commits" cubdb_read=%{compact: [], count: 1, ls: {:ok, ["11.cub"]}, exists?: true}
06:18:39.498 [error] local node self-trust was not added: node signing public-key artifact is absent — continuing with configured trusted identities
06:18:39.504 [error] local node self-trust was not added: node signing public-key artifact is absent — continuing with configured trusted identities
06:18:39.508 [error] local node self-trust was not added: node signing public-key artifact is absent — continuing with configured trusted identities
06:18:39.522 [error] local node self-trust was not added: node signing public-key artifact is absent — continuing with configured trusted identities
.
Finished in 0.03 seconds (0.00s async, 0.03s sync)
3 tests, 0 failures, 2 excluded
Running ExUnit with seed: 530079, max_cases: 8
Excluding tags: [:test]
Including tags: [location: {"test/commonplace/cli/snapshot_test.exs", 114}]

CX_SNAPMECH cwd="/home/jes/sol-snapshot-fresh/wt/apps/commonplace_cli" configured="tmp/test_data" configured_read=%{compact: [], count: 3, ls: {:ok, ["node_id", "commits", "commits.lock"]}, exists?: true} commit_store_pid=#PID<0.279.0> commit_store_state_shape={true, [:data_dir, :db, :invariant_dispatcher, :local_write_gate, :lock_ref, :name, :pending_imports, :queue_poller, :trust_side_store]} cubdb_pid=#PID<0.282.0> cubdb_state_shape=CubDB.State cubdb_data_dir="tmp/test_data/commits" cubdb_read=%{compact: [], count: 1, ls: {:ok, ["11.cub"]}, exists?: true}
06:18:39.532 [error] local node self-trust was not added: node signing public-key artifact is absent — continuing with configured trusted identities
06:18:39.535 [error] local node self-trust was not added: node signing public-key artifact is absent — continuing with configured trusted identities
06:18:39.539 [error] local node self-trust was not added: node signing public-key artifact is absent — continuing with configured trusted identities
06:18:39.543 [error] local node self-trust was not added: node signing public-key artifact is absent — continuing with configured trusted identities
.
Finished in 0.01 seconds (0.00s async, 0.01s sync)
3 tests, 0 failures, 2 excluded
Running ExUnit with seed: 549694, max_cases: 8
Excluding tags: [:test]
Including tags: [location: {"test/commonplace/cli/snapshot_test.exs", 114}]

CX_SNAPMECH cwd="/home/jes/sol-snapshot-fresh/wt/apps/commonplace_cli" configured="tmp/test_data" configured_read=%{compact: [], count: 3, ls: {:ok, ["node_id", "commits", "commits.lock"]}, exists?: true} commit_store_pid=#PID<0.279.0> commit_store_state_shape={true, [:data_dir, :db, :invariant_dispatcher, :local_write_gate, :lock_ref, :name, :pending_imports, :queue_poller, :trust_side_store]} cubdb_pid=#PID<0.282.0> cubdb_state_shape=CubDB.State cubdb_data_dir="tmp/test_data/commits" cubdb_read=%{compact: [], count: 1, ls: {:ok, ["11.cub"]}, exists?: true}
06:18:39.550 [error] local node self-trust was not added: node signing public-key artifact is absent — continuing with configured trusted identities
06:18:39.554 [error] local node self-trust was not added: node signing public-key artifact is absent — continuing with configured trusted identities
06:18:39.556 [error] local node self-trust was not added: node signing public-key artifact is absent — continuing with configured trusted identities
06:18:39.561 [error] local node self-trust was not added: node signing public-key artifact is absent — continuing with configured trusted identities
.
Finished in 0.01 seconds (0.00s async, 0.01s sync)
3 tests, 0 failures, 2 excluded
Running ExUnit with seed: 564412, max_cases: 8
Excluding tags: [:test]
Including tags: [location: {"test/commonplace/cli/snapshot_test.exs", 114}]

CX_SNAPMECH cwd="/home/jes/sol-snapshot-fresh/wt/apps/commonplace_cli" configured="tmp/test_data" configured_read=%{compact: [], count: 3, ls: {:ok, ["node_id", "commits", "commits.lock"]}, exists?: true} commit_store_pid=#PID<0.279.0> commit_store_state_shape={true, [:data_dir, :db, :invariant_dispatcher, :local_write_gate, :lock_ref, :name, :pending_imports, :queue_poller, :trust_side_store]} cubdb_pid=#PID<0.282.0> cubdb_state_shape=CubDB.State cubdb_data_dir="tmp/test_data/commits" cubdb_read=%{compact: [], count: 1, ls: {:ok, ["11.cub"]}, exists?: true}
06:18:39.565 [error] local node self-trust was not added: node signing public-key artifact is absent — continuing with configured trusted identities
06:18:39.568 [error] local node self-trust was not added: node signing public-key artifact is absent — continuing with configured trusted identities
06:18:39.570 [error] local node self-trust was not added: node signing public-key artifact is absent — continuing with configured trusted identities
06:18:39.573 [error] local node self-trust was not added: node signing public-key artifact is absent — continuing with configured trusted identities
.
Finished in 0.01 seconds (0.00s async, 0.01s sync)
3 tests, 0 failures, 2 excluded
Running ExUnit with seed: 576099, max_cases: 8
Excluding tags: [:test]
Including tags: [location: {"test/commonplace/cli/snapshot_test.exs", 114}]

CX_SNAPMECH cwd="/home/jes/sol-snapshot-fresh/wt/apps/commonplace_cli" configured="tmp/test_data" configured_read=%{compact: [], count: 3, ls: {:ok, ["node_id", "commits", "commits.lock"]}, exists?: true} commit_store_pid=#PID<0.279.0> commit_store_state_shape={true, [:data_dir, :db, :invariant_dispatcher, :local_write_gate, :lock_ref, :name, :pending_imports, :queue_poller, :trust_side_store]} cubdb_pid=#PID<0.282.0> cubdb_state_shape=CubDB.State cubdb_data_dir="tmp/test_data/commits" cubdb_read=%{compact: [], count: 1, ls: {:ok, ["11.cub"]}, exists?: true}
06:18:39.576 [error] local node self-trust was not added: node signing public-key artifact is absent — continuing with configured trusted identities
06:18:39.579 [error] local node self-trust was not added: node signing public-key artifact is absent — continuing with configured trusted identities
06:18:39.580 [error] local node self-trust was not added: node signing public-key artifact is absent — continuing with configured trusted identities
06:18:39.584 [error] local node self-trust was not added: node signing public-key artifact is absent — continuing with configured trusted identities
.
Finished in 0.01 seconds (0.00s async, 0.01s sync)
3 tests, 0 failures, 2 excluded
Running ExUnit with seed: 587647, max_cases: 8
Excluding tags: [:test]
Including tags: [location: {"test/commonplace/cli/snapshot_test.exs", 114}]

CX_SNAPMECH cwd="/home/jes/sol-snapshot-fresh/wt/apps/commonplace_cli" configured="tmp/test_data" configured_read=%{compact: [], count: 3, ls: {:ok, ["node_id", "commits", "commits.lock"]}, exists?: true} commit_store_pid=#PID<0.279.0> commit_store_state_shape={true, [:data_dir, :db, :invariant_dispatcher, :local_write_gate, :lock_ref, :name, :pending_imports, :queue_poller, :trust_side_store]} cubdb_pid=#PID<0.282.0> cubdb_state_shape=CubDB.State cubdb_data_dir="tmp/test_data/commits" cubdb_read=%{compact: [], count: 1, ls: {:ok, ["11.cub"]}, exists?: true}
06:18:39.588 [error] local node self-trust was not added: node signing public-key artifact is absent — continuing with configured trusted identities
06:18:39.590 [error] local node self-trust was not added: node signing public-key artifact is absent — continuing with configured trusted identities
06:18:39.592 [error] local node self-trust was not added: node signing public-key artifact is absent — continuing with configured trusted identities
06:18:39.596 [error] local node self-trust was not added: node signing public-key artifact is absent — continuing with configured trusted identities
.
Finished in 0.01 seconds (0.00s async, 0.01s sync)
3 tests, 0 failures, 2 excluded
Running ExUnit with seed: 598713, max_cases: 8
Excluding tags: [:test]
Including tags: [location: {"test/commonplace/cli/snapshot_test.exs", 114}]

CX_SNAPMECH cwd="/home/jes/sol-snapshot-fresh/wt/apps/commonplace_cli" configured="tmp/test_data" configured_read=%{compact: [], count: 3, ls: {:ok, ["node_id", "commits", "commits.lock"]}, exists?: true} commit_store_pid=#PID<0.279.0> commit_store_state_shape={true, [:data_dir, :db, :invariant_dispatcher, :local_write_gate, :lock_ref, :name, :pending_imports, :queue_poller, :trust_side_store]} cubdb_pid=#PID<0.282.0> cubdb_state_shape=CubDB.State cubdb_data_dir="tmp/test_data/commits" cubdb_read=%{compact: [], count: 1, ls: {:ok, ["11.cub"]}, exists?: true}
06:18:39.599 [error] local node self-trust was not added: node signing public-key artifact is absent — continuing with configured trusted identities
06:18:39.601 [error] local node self-trust was not added: node signing public-key artifact is absent — continuing with configured trusted identities
06:18:39.603 [error] local node self-trust was not added: node signing public-key artifact is absent — continuing with configured trusted identities
06:18:39.607 [error] local node self-trust was not added: node signing public-key artifact is absent — continuing with configured trusted identities
.
Finished in 0.01 seconds (0.00s async, 0.01s sync)
3 tests, 0 failures, 2 excluded
Running ExUnit with seed: 610105, max_cases: 8
Excluding tags: [:test]
Including tags: [location: {"test/commonplace/cli/snapshot_test.exs", 114}]

CX_SNAPMECH cwd="/home/jes/sol-snapshot-fresh/wt/apps/commonplace_cli" configured="tmp/test_data" configured_read=%{compact: [], count: 3, ls: {:ok, ["node_id", "commits", "commits.lock"]}, exists?: true} commit_store_pid=#PID<0.279.0> commit_store_state_shape={true, [:data_dir, :db, :invariant_dispatcher, :local_write_gate, :lock_ref, :name, :pending_imports, :queue_poller, :trust_side_store]} cubdb_pid=#PID<0.282.0> cubdb_state_shape=CubDB.State cubdb_data_dir="tmp/test_data/commits" cubdb_read=%{compact: [], count: 1, ls: {:ok, ["11.cub"]}, exists?: true}
06:18:39.610 [error] local node self-trust was not added: node signing public-key artifact is absent — continuing with configured trusted identities
06:18:39.613 [error] local node self-trust was not added: node signing public-key artifact is absent — continuing with configured trusted identities
06:18:39.615 [error] local node self-trust was not added: node signing public-key artifact is absent — continuing with configured trusted identities
06:18:39.619 [error] local node self-trust was not added: node signing public-key artifact is absent — continuing with configured trusted identities
.
Finished in 0.01 seconds (0.00s async, 0.01s sync)
3 tests, 0 failures, 2 excluded
Running ExUnit with seed: 622387, max_cases: 8
Excluding tags: [:test]
Including tags: [location: {"test/commonplace/cli/snapshot_test.exs", 114}]

CX_SNAPMECH cwd="/home/jes/sol-snapshot-fresh/wt/apps/commonplace_cli" configured="tmp/test_data" configured_read=%{compact: [], count: 3, ls: {:ok, ["node_id", "commits", "commits.lock"]}, exists?: true} commit_store_pid=#PID<0.279.0> commit_store_state_shape={true, [:data_dir, :db, :invariant_dispatcher, :local_write_gate, :lock_ref, :name, :pending_imports, :queue_poller, :trust_side_store]} cubdb_pid=#PID<0.282.0> cubdb_state_shape=CubDB.State cubdb_data_dir="tmp/test_data/commits" cubdb_read=%{compact: [], count: 1, ls: {:ok, ["11.cub"]}, exists?: true}
06:18:39.624 [error] local node self-trust was not added: node signing public-key artifact is absent — continuing with configured trusted identities
06:18:39.627 [error] local node self-trust was not added: node signing public-key artifact is absent — continuing with configured trusted identities
06:18:39.629 [error] local node self-trust was not added: node signing public-key artifact is absent — continuing with configured trusted identities
06:18:39.633 [error] local node self-trust was not added: node signing public-key artifact is absent — continuing with configured trusted identities
.
Finished in 0.01 seconds (0.00s async, 0.01s sync)
3 tests, 0 failures, 2 excluded
Running ExUnit with seed: 636516, max_cases: 8
Excluding tags: [:test]
Including tags: [location: {"test/commonplace/cli/snapshot_test.exs", 114}]

CX_SNAPMECH cwd="/home/jes/sol-snapshot-fresh/wt/apps/commonplace_cli" configured="tmp/test_data" configured_read=%{compact: [], count: 3, ls: {:ok, ["node_id", "commits", "commits.lock"]}, exists?: true} commit_store_pid=#PID<0.279.0> commit_store_state_shape={true, [:data_dir, :db, :invariant_dispatcher, :local_write_gate, :lock_ref, :name, :pending_imports, :queue_poller, :trust_side_store]} cubdb_pid=#PID<0.282.0> cubdb_state_shape=CubDB.State cubdb_data_dir="tmp/test_data/commits" cubdb_read=%{compact: [], count: 1, ls: {:ok, ["11.cub"]}, exists?: true}
06:18:39.637 [error] local node self-trust was not added: node signing public-key artifact is absent — continuing with configured trusted identities
06:18:39.639 [error] local node self-trust was not added: node signing public-key artifact is absent — continuing with configured trusted identities
06:18:39.642 [error] local node self-trust was not added: node signing public-key artifact is absent — continuing with configured trusted identities
06:18:39.645 [error] local node self-trust was not added: node signing public-key artifact is absent — continuing with configured trusted identities
.
Finished in 0.01 seconds (0.00s async, 0.01s sync)
3 tests, 0 failures, 2 excluded
Running ExUnit with seed: 648672, max_cases: 8
Excluding tags: [:test]
Including tags: [location: {"test/commonplace/cli/snapshot_test.exs", 114}]

CX_SNAPMECH cwd="/home/jes/sol-snapshot-fresh/wt/apps/commonplace_cli" configured="tmp/test_data" configured_read=%{compact: [], count: 3, ls: {:ok, ["node_id", "commits", "commits.lock"]}, exists?: true} commit_store_pid=#PID<0.279.0> commit_store_state_shape={true, [:data_dir, :db, :invariant_dispatcher, :local_write_gate, :lock_ref, :name, :pending_imports, :queue_poller, :trust_side_store]} cubdb_pid=#PID<0.282.0> cubdb_state_shape=CubDB.State cubdb_data_dir="tmp/test_data/commits" cubdb_read=%{compact: [], count: 1, ls: {:ok, ["11.cub"]}, exists?: true}
06:18:39.649 [error] local node self-trust was not added: node signing public-key artifact is absent — continuing with configured trusted identities
06:18:39.652 [error] local node self-trust was not added: node signing public-key artifact is absent — continuing with configured trusted identities
06:18:39.655 [error] local node self-trust was not added: node signing public-key artifact is absent — continuing with configured trusted identities
06:18:39.659 [error] local node self-trust was not added: node signing public-key artifact is absent — continuing with configured trusted identities
.
Finished in 0.01 seconds (0.00s async, 0.01s sync)
3 tests, 0 failures, 2 excluded
Running ExUnit with seed: 662383, max_cases: 8
Excluding tags: [:test]
Including tags: [location: {"test/commonplace/cli/snapshot_test.exs", 114}]

CX_SNAPMECH cwd="/home/jes/sol-snapshot-fresh/wt/apps/commonplace_cli" configured="tmp/test_data" configured_read=%{compact: [], count: 3, ls: {:ok, ["node_id", "commits", "commits.lock"]}, exists?: true} commit_store_pid=#PID<0.279.0> commit_store_state_shape={true, [:data_dir, :db, :invariant_dispatcher, :local_write_gate, :lock_ref, :name, :pending_imports, :queue_poller, :trust_side_store]} cubdb_pid=#PID<0.282.0> cubdb_state_shape=CubDB.State cubdb_data_dir="tmp/test_data/commits" cubdb_read=%{compact: [], count: 1, ls: {:ok, ["11.cub"]}, exists?: true}
06:18:39.663 [error] local node self-trust was not added: node signing public-key artifact is absent — continuing with configured trusted identities
06:18:39.665 [error] local node self-trust was not added: node signing public-key artifact is absent — continuing with configured trusted identities
06:18:39.668 [error] local node self-trust was not added: node signing public-key artifact is absent — continuing with configured trusted identities
06:18:39.671 [error] local node self-trust was not added: node signing public-key artifact is absent — continuing with configured trusted identities
.
Finished in 0.01 seconds (0.00s async, 0.01s sync)
3 tests, 0 failures, 2 excluded
Running ExUnit with seed: 674756, max_cases: 8
Excluding tags: [:test]
Including tags: [location: {"test/commonplace/cli/snapshot_test.exs", 114}]

CX_SNAPMECH cwd="/home/jes/sol-snapshot-fresh/wt/apps/commonplace_cli" configured="tmp/test_data" configured_read=%{compact: [], count: 3, ls: {:ok, ["node_id", "commits", "commits.lock"]}, exists?: true} commit_store_pid=#PID<0.279.0> commit_store_state_shape={true, [:data_dir, :db, :invariant_dispatcher, :local_write_gate, :lock_ref, :name, :pending_imports, :queue_poller, :trust_side_store]} cubdb_pid=#PID<0.282.0> cubdb_state_shape=CubDB.State cubdb_data_dir="tmp/test_data/commits" cubdb_read=%{compact: [], count: 1, ls: {:ok, ["11.cub"]}, exists?: true}
06:18:39.675 [error] local node self-trust was not added: node signing public-key artifact is absent — continuing with configured trusted identities
06:18:39.678 [error] local node self-trust was not added: node signing public-key artifact is absent — continuing with configured trusted identities
06:18:39.680 [error] local node self-trust was not added: node signing public-key artifact is absent — continuing with configured trusted identities
06:18:39.684 [error] local node self-trust was not added: node signing public-key artifact is absent — continuing with configured trusted identities
.
Finished in 0.01 seconds (0.00s async, 0.01s sync)
3 tests, 0 failures, 2 excluded
Running ExUnit with seed: 687878, max_cases: 8
Excluding tags: [:test]
Including tags: [location: {"test/commonplace/cli/snapshot_test.exs", 114}]

CX_SNAPMECH cwd="/home/jes/sol-snapshot-fresh/wt/apps/commonplace_cli" configured="tmp/test_data" configured_read=%{compact: [], count: 3, ls: {:ok, ["node_id", "commits", "commits.lock"]}, exists?: true} commit_store_pid=#PID<0.279.0> commit_store_state_shape={true, [:data_dir, :db, :invariant_dispatcher, :local_write_gate, :lock_ref, :name, :pending_imports, :queue_poller, :trust_side_store]} cubdb_pid=#PID<0.282.0> cubdb_state_shape=CubDB.State cubdb_data_dir="tmp/test_data/commits" cubdb_read=%{compact: [], count: 1, ls: {:ok, ["11.cub"]}, exists?: true}
06:18:39.688 [error] local node self-trust was not added: node signing public-key artifact is absent — continuing with configured trusted identities
06:18:39.691 [error] local node self-trust was not added: node signing public-key artifact is absent — continuing with configured trusted identities
06:18:39.693 [error] local node self-trust was not added: node signing public-key artifact is absent — continuing with configured trusted identities
06:18:39.696 [error] local node self-trust was not added: node signing public-key artifact is absent — continuing with configured trusted identities
.
Finished in 0.01 seconds (0.00s async, 0.01s sync)
3 tests, 0 failures, 2 excluded
Running ExUnit with seed: 699347, max_cases: 8
Excluding tags: [:test]
Including tags: [location: {"test/commonplace/cli/snapshot_test.exs", 114}]

CX_SNAPMECH cwd="/home/jes/sol-snapshot-fresh/wt/apps/commonplace_cli" configured="tmp/test_data" configured_read=%{compact: [], count: 3, ls: {:ok, ["node_id", "commits", "commits.lock"]}, exists?: true} commit_store_pid=#PID<0.279.0> commit_store_state_shape={true, [:data_dir, :db, :invariant_dispatcher, :local_write_gate, :lock_ref, :name, :pending_imports, :queue_poller, :trust_side_store]} cubdb_pid=#PID<0.282.0> cubdb_state_shape=CubDB.State cubdb_data_dir="tmp/test_data/commits" cubdb_read=%{compact: [], count: 1, ls: {:ok, ["11.cub"]}, exists?: true}
06:18:39.700 [error] local node self-trust was not added: node signing public-key artifact is absent — continuing with configured trusted identities
06:18:39.702 [error] local node self-trust was not added: node signing public-key artifact is absent — continuing with configured trusted identities
06:18:39.705 [error] local node self-trust was not added: node signing public-key artifact is absent — continuing with configured trusted identities
06:18:39.708 [error] local node self-trust was not added: node signing public-key artifact is absent — continuing with configured trusted identities
.
Finished in 0.01 seconds (0.00s async, 0.01s sync)
3 tests, 0 failures, 2 excluded
Running ExUnit with seed: 713399, max_cases: 8
Excluding tags: [:test]
Including tags: [location: {"test/commonplace/cli/snapshot_test.exs", 114}]

CX_SNAPMECH cwd="/home/jes/sol-snapshot-fresh/wt/apps/commonplace_cli" configured="tmp/test_data" configured_read=%{compact: [], count: 3, ls: {:ok, ["node_id", "commits", "commits.lock"]}, exists?: true} commit_store_pid=#PID<0.279.0> commit_store_state_shape={true, [:data_dir, :db, :invariant_dispatcher, :local_write_gate, :lock_ref, :name, :pending_imports, :queue_poller, :trust_side_store]} cubdb_pid=#PID<0.282.0> cubdb_state_shape=CubDB.State cubdb_data_dir="tmp/test_data/commits" cubdb_read=%{compact: [], count: 1, ls: {:ok, ["11.cub"]}, exists?: true}
06:18:39.714 [error] local node self-trust was not added: node signing public-key artifact is absent — continuing with configured trusted identities
06:18:39.717 [error] local node self-trust was not added: node signing public-key artifact is absent — continuing with configured trusted identities
06:18:39.719 [error] local node self-trust was not added: node signing public-key artifact is absent — continuing with configured trusted identities
06:18:39.724 [error] local node self-trust was not added: node signing public-key artifact is absent — continuing with configured trusted identities
.
Finished in 0.01 seconds (0.00s async, 0.01s sync)
3 tests, 0 failures, 2 excluded
Running ExUnit with seed: 727817, max_cases: 8
Excluding tags: [:test]
Including tags: [location: {"test/commonplace/cli/snapshot_test.exs", 114}]

CX_SNAPMECH cwd="/home/jes/sol-snapshot-fresh/wt/apps/commonplace_cli" configured="tmp/test_data" configured_read=%{compact: [], count: 3, ls: {:ok, ["node_id", "commits", "commits.lock"]}, exists?: true} commit_store_pid=#PID<0.279.0> commit_store_state_shape={true, [:data_dir, :db, :invariant_dispatcher, :local_write_gate, :lock_ref, :name, :pending_imports, :queue_poller, :trust_side_store]} cubdb_pid=#PID<0.282.0> cubdb_state_shape=CubDB.State cubdb_data_dir="tmp/test_data/commits" cubdb_read=%{compact: [], count: 1, ls: {:ok, ["11.cub"]}, exists?: true}
06:18:39.728 [error] local node self-trust was not added: node signing public-key artifact is absent — continuing with configured trusted identities
06:18:39.731 [error] local node self-trust was not added: node signing public-key artifact is absent — continuing with configured trusted identities
06:18:39.733 [error] local node self-trust was not added: node signing public-key artifact is absent — continuing with configured trusted identities
06:18:39.737 [error] local node self-trust was not added: node signing public-key artifact is absent — continuing with configured trusted identities
.
Finished in 0.01 seconds (0.00s async, 0.01s sync)
3 tests, 0 failures, 2 excluded
Running ExUnit with seed: 744982, max_cases: 8
Excluding tags: [:test]
Including tags: [location: {"test/commonplace/cli/snapshot_test.exs", 114}]

CX_SNAPMECH cwd="/home/jes/sol-snapshot-fresh/wt/apps/commonplace_cli" configured="tmp/test_data" configured_read=%{compact: [], count: 3, ls: {:ok, ["node_id", "commits", "commits.lock"]}, exists?: true} commit_store_pid=#PID<0.279.0> commit_store_state_shape={true, [:data_dir, :db, :invariant_dispatcher, :local_write_gate, :lock_ref, :name, :pending_imports, :queue_poller, :trust_side_store]} cubdb_pid=#PID<0.282.0> cubdb_state_shape=CubDB.State cubdb_data_dir="tmp/test_data/commits" cubdb_read=%{compact: [], count: 1, ls: {:ok, ["11.cub"]}, exists?: true}
06:18:39.747 [error] local node self-trust was not added: node signing public-key artifact is absent — continuing with configured trusted identities
06:18:39.752 [error] local node self-trust was not added: node signing public-key artifact is absent — continuing with configured trusted identities
06:18:39.757 [error] local node self-trust was not added: node signing public-key artifact is absent — continuing with configured trusted identities
06:18:39.763 [error] local node self-trust was not added: node signing public-key artifact is absent — continuing with configured trusted identities
.
Finished in 0.02 seconds (0.00s async, 0.02s sync)
3 tests, 0 failures, 2 excluded
Running ExUnit with seed: 769326, max_cases: 8
Excluding tags: [:test]
Including tags: [location: {"test/commonplace/cli/snapshot_test.exs", 114}]

CX_SNAPMECH cwd="/home/jes/sol-snapshot-fresh/wt/apps/commonplace_cli" configured="tmp/test_data" configured_read=%{compact: [], count: 3, ls: {:ok, ["node_id", "commits", "commits.lock"]}, exists?: true} commit_store_pid=#PID<0.279.0> commit_store_state_shape={true, [:data_dir, :db, :invariant_dispatcher, :local_write_gate, :lock_ref, :name, :pending_imports, :queue_poller, :trust_side_store]} cubdb_pid=#PID<0.282.0> cubdb_state_shape=CubDB.State cubdb_data_dir="tmp/test_data/commits" cubdb_read=%{compact: [], count: 1, ls: {:ok, ["11.cub"]}, exists?: true}
06:18:39.771 [error] local node self-trust was not added: node signing public-key artifact is absent — continuing with configured trusted identities
06:18:39.774 [error] local node self-trust was not added: node signing public-key artifact is absent — continuing with configured trusted identities
06:18:39.776 [error] local node self-trust was not added: node signing public-key artifact is absent — continuing with configured trusted identities
06:18:39.783 [error] local node self-trust was not added: node signing public-key artifact is absent — continuing with configured trusted identities
.
Finished in 0.01 seconds (0.00s async, 0.01s sync)
3 tests, 0 failures, 2 excluded
Running ExUnit with seed: 786595, max_cases: 8
Excluding tags: [:test]
Including tags: [location: {"test/commonplace/cli/snapshot_test.exs", 114}]

CX_SNAPMECH cwd="/home/jes/sol-snapshot-fresh/wt/apps/commonplace_cli" configured="tmp/test_data" configured_read=%{compact: [], count: 3, ls: {:ok, ["node_id", "commits", "commits.lock"]}, exists?: true} commit_store_pid=#PID<0.279.0> commit_store_state_shape={true, [:data_dir, :db, :invariant_dispatcher, :local_write_gate, :lock_ref, :name, :pending_imports, :queue_poller, :trust_side_store]} cubdb_pid=#PID<0.282.0> cubdb_state_shape=CubDB.State cubdb_data_dir="tmp/test_data/commits" cubdb_read=%{compact: [], count: 1, ls: {:ok, ["11.cub"]}, exists?: true}
06:18:39.787 [error] local node self-trust was not added: node signing public-key artifact is absent — continuing with configured trusted identities
06:18:39.790 [error] local node self-trust was not added: node signing public-key artifact is absent — continuing with configured trusted identities
06:18:39.793 [error] local node self-trust was not added: node signing public-key artifact is absent — continuing with configured trusted identities
06:18:39.798 [error] local node self-trust was not added: node signing public-key artifact is absent — continuing with configured trusted identities
.
Finished in 0.01 seconds (0.00s async, 0.01s sync)
3 tests, 0 failures, 2 excluded
Running ExUnit with seed: 801742, max_cases: 8
Excluding tags: [:test]
Including tags: [location: {"test/commonplace/cli/snapshot_test.exs", 114}]

CX_SNAPMECH cwd="/home/jes/sol-snapshot-fresh/wt/apps/commonplace_cli" configured="tmp/test_data" configured_read=%{compact: [], count: 3, ls: {:ok, ["node_id", "commits", "commits.lock"]}, exists?: true} commit_store_pid=#PID<0.279.0> commit_store_state_shape={true, [:data_dir, :db, :invariant_dispatcher, :local_write_gate, :lock_ref, :name, :pending_imports, :queue_poller, :trust_side_store]} cubdb_pid=#PID<0.282.0> cubdb_state_shape=CubDB.State cubdb_data_dir="tmp/test_data/commits" cubdb_read=%{compact: [], count: 1, ls: {:ok, ["11.cub"]}, exists?: true}
06:18:39.802 [error] local node self-trust was not added: node signing public-key artifact is absent — continuing with configured trusted identities
06:18:39.807 [error] local node self-trust was not added: node signing public-key artifact is absent — continuing with configured trusted identities
06:18:39.811 [error] local node self-trust was not added: node signing public-key artifact is absent — continuing with configured trusted identities
06:18:39.816 [error] local node self-trust was not added: node signing public-key artifact is absent — continuing with configured trusted identities
.
Finished in 0.01 seconds (0.00s async, 0.01s sync)
3 tests, 0 failures, 2 excluded
Running ExUnit with seed: 819345, max_cases: 8
Excluding tags: [:test]
Including tags: [location: {"test/commonplace/cli/snapshot_test.exs", 114}]

CX_SNAPMECH cwd="/home/jes/sol-snapshot-fresh/wt/apps/commonplace_cli" configured="tmp/test_data" configured_read=%{compact: [], count: 3, ls: {:ok, ["node_id", "commits", "commits.lock"]}, exists?: true} commit_store_pid=#PID<0.279.0> commit_store_state_shape={true, [:data_dir, :db, :invariant_dispatcher, :local_write_gate, :lock_ref, :name, :pending_imports, :queue_poller, :trust_side_store]} cubdb_pid=#PID<0.282.0> cubdb_state_shape=CubDB.State cubdb_data_dir="tmp/test_data/commits" cubdb_read=%{compact: [], count: 1, ls: {:ok, ["11.cub"]}, exists?: true}
06:18:39.820 [error] local node self-trust was not added: node signing public-key artifact is absent — continuing with configured trusted identities
06:18:39.823 [error] local node self-trust was not added: node signing public-key artifact is absent — continuing with configured trusted identities
06:18:39.826 [error] local node self-trust was not added: node signing public-key artifact is absent — continuing with configured trusted identities
06:18:39.834 [error] local node self-trust was not added: node signing public-key artifact is absent — continuing with configured trusted identities
.
Finished in 0.01 seconds (0.00s async, 0.01s sync)
3 tests, 0 failures, 2 excluded
Running ExUnit with seed: 839440, max_cases: 8
Excluding tags: [:test]
Including tags: [location: {"test/commonplace/cli/snapshot_test.exs", 114}]

CX_SNAPMECH cwd="/home/jes/sol-snapshot-fresh/wt/apps/commonplace_cli" configured="tmp/test_data" configured_read=%{compact: [], count: 3, ls: {:ok, ["node_id", "commits", "commits.lock"]}, exists?: true} commit_store_pid=#PID<0.279.0> commit_store_state_shape={true, [:data_dir, :db, :invariant_dispatcher, :local_write_gate, :lock_ref, :name, :pending_imports, :queue_poller, :trust_side_store]} cubdb_pid=#PID<0.282.0> cubdb_state_shape=CubDB.State cubdb_data_dir="tmp/test_data/commits" cubdb_read=%{compact: [], count: 1, ls: {:ok, ["11.cub"]}, exists?: true}
06:18:39.840 [error] local node self-trust was not added: node signing public-key artifact is absent — continuing with configured trusted identities
06:18:39.843 [error] local node self-trust was not added: node signing public-key artifact is absent — continuing with configured trusted identities
06:18:39.846 [error] local node self-trust was not added: node signing public-key artifact is absent — continuing with configured trusted identities
06:18:39.850 [error] local node self-trust was not added: node signing public-key artifact is absent — continuing with configured trusted identities
.
Finished in 0.01 seconds (0.00s async, 0.01s sync)
3 tests, 0 failures, 2 excluded
Running ExUnit with seed: 853846, max_cases: 8
Excluding tags: [:test]
Including tags: [location: {"test/commonplace/cli/snapshot_test.exs", 114}]

CX_SNAPMECH cwd="/home/jes/sol-snapshot-fresh/wt/apps/commonplace_cli" configured="tmp/test_data" configured_read=%{compact: [], count: 3, ls: {:ok, ["node_id", "commits", "commits.lock"]}, exists?: true} commit_store_pid=#PID<0.279.0> commit_store_state_shape={true, [:data_dir, :db, :invariant_dispatcher, :local_write_gate, :lock_ref, :name, :pending_imports, :queue_poller, :trust_side_store]} cubdb_pid=#PID<0.282.0> cubdb_state_shape=CubDB.State cubdb_data_dir="tmp/test_data/commits" cubdb_read=%{compact: [], count: 1, ls: {:ok, ["11.cub"]}, exists?: true}
06:18:39.854 [error] local node self-trust was not added: node signing public-key artifact is absent — continuing with configured trusted identities
06:18:39.857 [error] local node self-trust was not added: node signing public-key artifact is absent — continuing with configured trusted identities
06:18:39.860 [error] local node self-trust was not added: node signing public-key artifact is absent — continuing with configured trusted identities
06:18:39.867 [error] local node self-trust was not added: node signing public-key artifact is absent — continuing with configured trusted identities
.
Finished in 0.01 seconds (0.00s async, 0.01s sync)
3 tests, 0 failures, 2 excluded
Running ExUnit with seed: 870896, max_cases: 8
Excluding tags: [:test]
Including tags: [location: {"test/commonplace/cli/snapshot_test.exs", 114}]

CX_SNAPMECH cwd="/home/jes/sol-snapshot-fresh/wt/apps/commonplace_cli" configured="tmp/test_data" configured_read=%{compact: [], count: 3, ls: {:ok, ["node_id", "commits", "commits.lock"]}, exists?: true} commit_store_pid=#PID<0.279.0> commit_store_state_shape={true, [:data_dir, :db, :invariant_dispatcher, :local_write_gate, :lock_ref, :name, :pending_imports, :queue_poller, :trust_side_store]} cubdb_pid=#PID<0.282.0> cubdb_state_shape=CubDB.State cubdb_data_dir="tmp/test_data/commits" cubdb_read=%{compact: [], count: 1, ls: {:ok, ["11.cub"]}, exists?: true}
06:18:39.872 [error] local node self-trust was not added: node signing public-key artifact is absent — continuing with configured trusted identities
06:18:39.876 [error] local node self-trust was not added: node signing public-key artifact is absent — continuing with configured trusted identities
06:18:39.878 [error] local node self-trust was not added: node signing public-key artifact is absent — continuing with configured trusted identities
06:18:39.883 [error] local node self-trust was not added: node signing public-key artifact is absent — continuing with configured trusted identities
.
Finished in 0.01 seconds (0.00s async, 0.01s sync)
3 tests, 0 failures, 2 excluded
Running ExUnit with seed: 887506, max_cases: 8
Excluding tags: [:test]
Including tags: [location: {"test/commonplace/cli/snapshot_test.exs", 114}]

CX_SNAPMECH cwd="/home/jes/sol-snapshot-fresh/wt/apps/commonplace_cli" configured="tmp/test_data" configured_read=%{compact: [], count: 3, ls: {:ok, ["node_id", "commits", "commits.lock"]}, exists?: true} commit_store_pid=#PID<0.279.0> commit_store_state_shape={true, [:data_dir, :db, :invariant_dispatcher, :local_write_gate, :lock_ref, :name, :pending_imports, :queue_poller, :trust_side_store]} cubdb_pid=#PID<0.282.0> cubdb_state_shape=CubDB.State cubdb_data_dir="tmp/test_data/commits" cubdb_read=%{compact: [], count: 1, ls: {:ok, ["11.cub"]}, exists?: true}
06:18:39.888 [error] local node self-trust was not added: node signing public-key artifact is absent — continuing with configured trusted identities
06:18:39.892 [error] local node self-trust was not added: node signing public-key artifact is absent — continuing with configured trusted identities
06:18:39.895 [error] local node self-trust was not added: node signing public-key artifact is absent — continuing with configured trusted identities
06:18:39.899 [error] local node self-trust was not added: node signing public-key artifact is absent — continuing with configured trusted identities
.
Finished in 0.01 seconds (0.00s async, 0.01s sync)
3 tests, 0 failures, 2 excluded
Running ExUnit with seed: 903294, max_cases: 8
Excluding tags: [:test]
Including tags: [location: {"test/commonplace/cli/snapshot_test.exs", 114}]

CX_SNAPMECH cwd="/home/jes/sol-snapshot-fresh/wt/apps/commonplace_cli" configured="tmp/test_data" configured_read=%{compact: [], count: 3, ls: {:ok, ["node_id", "commits", "commits.lock"]}, exists?: true} commit_store_pid=#PID<0.279.0> commit_store_state_shape={true, [:data_dir, :db, :invariant_dispatcher, :local_write_gate, :lock_ref, :name, :pending_imports, :queue_poller, :trust_side_store]} cubdb_pid=#PID<0.282.0> cubdb_state_shape=CubDB.State cubdb_data_dir="tmp/test_data/commits" cubdb_read=%{compact: [], count: 1, ls: {:ok, ["11.cub"]}, exists?: true}
06:18:39.904 [error] local node self-trust was not added: node signing public-key artifact is absent — continuing with configured trusted identities
06:18:39.907 [error] local node self-trust was not added: node signing public-key artifact is absent — continuing with configured trusted identities
06:18:39.910 [error] local node self-trust was not added: node signing public-key artifact is absent — continuing with configured trusted identities
06:18:39.914 [error] local node self-trust was not added: node signing public-key artifact is absent — continuing with configured trusted identities
.
Finished in 0.01 seconds (0.00s async, 0.01s sync)
3 tests, 0 failures, 2 excluded
Running ExUnit with seed: 918717, max_cases: 8
Excluding tags: [:test]
Including tags: [location: {"test/commonplace/cli/snapshot_test.exs", 114}]

CX_SNAPMECH cwd="/home/jes/sol-snapshot-fresh/wt/apps/commonplace_cli" configured="tmp/test_data" configured_read=%{compact: [], count: 3, ls: {:ok, ["node_id", "commits", "commits.lock"]}, exists?: true} commit_store_pid=#PID<0.279.0> commit_store_state_shape={true, [:data_dir, :db, :invariant_dispatcher, :local_write_gate, :lock_ref, :name, :pending_imports, :queue_poller, :trust_side_store]} cubdb_pid=#PID<0.282.0> cubdb_state_shape=CubDB.State cubdb_data_dir="tmp/test_data/commits" cubdb_read=%{compact: [], count: 1, ls: {:ok, ["11.cub"]}, exists?: true}
06:18:39.919 [error] local node self-trust was not added: node signing public-key artifact is absent — continuing with configured trusted identities
06:18:39.922 [error] local node self-trust was not added: node signing public-key artifact is absent — continuing with configured trusted identities
06:18:39.927 [error] local node self-trust was not added: node signing public-key artifact is absent — continuing with configured trusted identities
06:18:39.933 [error] local node self-trust was not added: node signing public-key artifact is absent — continuing with configured trusted identities
.
Finished in 0.02 seconds (0.00s async, 0.02s sync)
3 tests, 0 failures, 2 excluded
Running ExUnit with seed: 939552, max_cases: 8
Excluding tags: [:test]
Including tags: [location: {"test/commonplace/cli/snapshot_test.exs", 114}]

CX_SNAPMECH cwd="/home/jes/sol-snapshot-fresh/wt/apps/commonplace_cli" configured="tmp/test_data" configured_read=%{compact: [], count: 3, ls: {:ok, ["node_id", "commits", "commits.lock"]}, exists?: true} commit_store_pid=#PID<0.279.0> commit_store_state_shape={true, [:data_dir, :db, :invariant_dispatcher, :local_write_gate, :lock_ref, :name, :pending_imports, :queue_poller, :trust_side_store]} cubdb_pid=#PID<0.282.0> cubdb_state_shape=CubDB.State cubdb_data_dir="tmp/test_data/commits" cubdb_read=%{compact: ["12.compact"], count: 2, ls: {:ok, ["11.cub", "12.compact"]}, exists?: true}
06:18:39.941 [error] local node self-trust was not added: node signing public-key artifact is absent — continuing with configured trusted identities
06:18:39.945 [error] local node self-trust was not added: node signing public-key artifact is absent — continuing with configured trusted identities
06:18:39.949 [error] local node self-trust was not added: node signing public-key artifact is absent — continuing with configured trusted identities
06:18:39.957 [error] local node self-trust was not added: node signing public-key artifact is absent — continuing with configured trusted identities
.
Finished in 0.02 seconds (0.00s async, 0.02s sync)
3 tests, 0 failures, 2 excluded
Running ExUnit with seed: 962194, max_cases: 8
Excluding tags: [:test]
Including tags: [location: {"test/commonplace/cli/snapshot_test.exs", 114}]

CX_SNAPMECH cwd="/home/jes/sol-snapshot-fresh/wt/apps/commonplace_cli" configured="tmp/test_data" configured_read=%{compact: [], count: 3, ls: {:ok, ["node_id", "commits", "commits.lock"]}, exists?: true} commit_store_pid=#PID<0.279.0> commit_store_state_shape={true, [:data_dir, :db, :invariant_dispatcher, :local_write_gate, :lock_ref, :name, :pending_imports, :queue_poller, :trust_side_store]} cubdb_pid=#PID<0.282.0> cubdb_state_shape=CubDB.State cubdb_data_dir="tmp/test_data/commits" cubdb_read=%{compact: ["12.compact"], count: 2, ls: {:ok, ["11.cub", "12.compact"]}, exists?: true}
06:18:39.963 [error] local node self-trust was not added: node signing public-key artifact is absent — continuing with configured trusted identities
06:18:39.967 [error] local node self-trust was not added: node signing public-key artifact is absent — continuing with configured trusted identities
06:18:39.971 [error] local node self-trust was not added: node signing public-key artifact is absent — continuing with configured trusted identities
06:18:39.985 [error] local node self-trust was not added: node signing public-key artifact is absent — continuing with configured trusted identities
.
Finished in 0.02 seconds (0.00s async, 0.02s sync)
3 tests, 0 failures, 2 excluded
Running ExUnit with seed: 988933, max_cases: 8
Excluding tags: [:test]
Including tags: [location: {"test/commonplace/cli/snapshot_test.exs", 114}]

CX_SNAPMECH cwd="/home/jes/sol-snapshot-fresh/wt/apps/commonplace_cli" configured="tmp/test_data" configured_read=%{compact: [], count: 3, ls: {:ok, ["node_id", "commits", "commits.lock"]}, exists?: true} commit_store_pid=#PID<0.279.0> commit_store_state_shape={true, [:data_dir, :db, :invariant_dispatcher, :local_write_gate, :lock_ref, :name, :pending_imports, :queue_poller, :trust_side_store]} cubdb_pid=#PID<0.282.0> cubdb_state_shape=CubDB.State cubdb_data_dir="tmp/test_data/commits" cubdb_read=%{compact: ["12.compact"], count: 2, ls: {:ok, ["11.cub", "12.compact"]}, exists?: true}
06:18:39.990 [error] local node self-trust was not added: node signing public-key artifact is absent — continuing with configured trusted identities
06:18:39.993 [error] local node self-trust was not added: node signing public-key artifact is absent — continuing with configured trusted identities
06:18:39.997 [error] local node self-trust was not added: node signing public-key artifact is absent — continuing with configured trusted identities
06:18:40.004 [error] local node self-trust was not added: node signing public-key artifact is absent — continuing with configured trusted identities
.
Finished in 0.01 seconds (0.00s async, 0.01s sync)
3 tests, 0 failures, 2 excluded
Running ExUnit with seed: 8983, max_cases: 8
Excluding tags: [:test]
Including tags: [location: {"test/commonplace/cli/snapshot_test.exs", 114}]

CX_SNAPMECH cwd="/home/jes/sol-snapshot-fresh/wt/apps/commonplace_cli" configured="tmp/test_data" configured_read=%{compact: [], count: 3, ls: {:ok, ["node_id", "commits", "commits.lock"]}, exists?: true} commit_store_pid=#PID<0.279.0> commit_store_state_shape={true, [:data_dir, :db, :invariant_dispatcher, :local_write_gate, :lock_ref, :name, :pending_imports, :queue_poller, :trust_side_store]} cubdb_pid=#PID<0.282.0> cubdb_state_shape=CubDB.State cubdb_data_dir="tmp/test_data/commits" cubdb_read=%{compact: ["12.compact"], count: 2, ls: {:ok, ["11.cub", "12.compact"]}, exists?: true}
06:18:40.011 [error] local node self-trust was not added: node signing public-key artifact is absent — continuing with configured trusted identities
06:18:40.018 [error] local node self-trust was not added: node signing public-key artifact is absent — continuing with configured trusted identities
06:18:40.022 [error] local node self-trust was not added: node signing public-key artifact is absent — continuing with configured trusted identities
06:18:40.029 [error] local node self-trust was not added: node signing public-key artifact is absent — continuing with configured trusted identities
.
Finished in 0.02 seconds (0.00s async, 0.02s sync)
3 tests, 0 failures, 2 excluded
Running ExUnit with seed: 34771, max_cases: 8
Excluding tags: [:test]
Including tags: [location: {"test/commonplace/cli/snapshot_test.exs", 114}]

CX_SNAPMECH cwd="/home/jes/sol-snapshot-fresh/wt/apps/commonplace_cli" configured="tmp/test_data" configured_read=%{compact: [], count: 3, ls: {:ok, ["node_id", "commits", "commits.lock"]}, exists?: true} commit_store_pid=#PID<0.279.0> commit_store_state_shape={true, [:data_dir, :db, :invariant_dispatcher, :local_write_gate, :lock_ref, :name, :pending_imports, :queue_poller, :trust_side_store]} cubdb_pid=#PID<0.282.0> cubdb_state_shape=CubDB.State cubdb_data_dir="tmp/test_data/commits" cubdb_read=%{compact: ["12.compact"], count: 2, ls: {:ok, ["11.cub", "12.compact"]}, exists?: true}
06:18:40.037 [error] local node self-trust was not added: node signing public-key artifact is absent — continuing with configured trusted identities
06:18:40.041 [error] local node self-trust was not added: node signing public-key artifact is absent — continuing with configured trusted identities
06:18:40.046 [error] local node self-trust was not added: node signing public-key artifact is absent — continuing with configured trusted identities
06:18:40.053 [error] local node self-trust was not added: node signing public-key artifact is absent — continuing with configured trusted identities
.
Finished in 0.02 seconds (0.00s async, 0.02s sync)
3 tests, 0 failures, 2 excluded
Running ExUnit with seed: 57929, max_cases: 8
Excluding tags: [:test]
Including tags: [location: {"test/commonplace/cli/snapshot_test.exs", 114}]

CX_SNAPMECH cwd="/home/jes/sol-snapshot-fresh/wt/apps/commonplace_cli" configured="tmp/test_data" configured_read=%{compact: [], count: 3, ls: {:ok, ["node_id", "commits", "commits.lock"]}, exists?: true} commit_store_pid=#PID<0.279.0> commit_store_state_shape={true, [:data_dir, :db, :invariant_dispatcher, :local_write_gate, :lock_ref, :name, :pending_imports, :queue_poller, :trust_side_store]} cubdb_pid=#PID<0.282.0> cubdb_state_shape=CubDB.State cubdb_data_dir="tmp/test_data/commits" cubdb_read=%{compact: ["12.compact"], count: 2, ls: {:ok, ["11.cub", "12.compact"]}, exists?: true}
06:18:40.059 [error] local node self-trust was not added: node signing public-key artifact is absent — continuing with configured trusted identities
06:18:40.065 [error] local node self-trust was not added: node signing public-key artifact is absent — continuing with configured trusted identities
06:18:40.071 [error] local node self-trust was not added: node signing public-key artifact is absent — continuing with configured trusted identities
06:18:40.081 [error] local node self-trust was not added: node signing public-key artifact is absent — continuing with configured trusted identities
.
Finished in 0.02 seconds (0.00s async, 0.02s sync)
3 tests, 0 failures, 2 excluded
Running ExUnit with seed: 89250, max_cases: 8
Excluding tags: [:test]
Including tags: [location: {"test/commonplace/cli/snapshot_test.exs", 114}]

CX_SNAPMECH cwd="/home/jes/sol-snapshot-fresh/wt/apps/commonplace_cli" configured="tmp/test_data" configured_read=%{compact: [], count: 3, ls: {:ok, ["node_id", "commits", "commits.lock"]}, exists?: true} commit_store_pid=#PID<0.279.0> commit_store_state_shape={true, [:data_dir, :db, :invariant_dispatcher, :local_write_gate, :lock_ref, :name, :pending_imports, :queue_poller, :trust_side_store]} cubdb_pid=#PID<0.282.0> cubdb_state_shape=CubDB.State cubdb_data_dir="tmp/test_data/commits" cubdb_read=%{compact: ["12.compact"], count: 2, ls: {:ok, ["11.cub", "12.compact"]}, exists?: true}
06:18:40.090 [error] local node self-trust was not added: node signing public-key artifact is absent — continuing with configured trusted identities
06:18:40.095 [error] local node self-trust was not added: node signing public-key artifact is absent — continuing with configured trusted identities
06:18:40.104 [error] local node self-trust was not added: node signing public-key artifact is absent — continuing with configured trusted identities
06:18:40.113 [error] local node self-trust was not added: node signing public-key artifact is absent — continuing with configured trusted identities
.
Finished in 0.03 seconds (0.00s async, 0.03s sync)
3 tests, 0 failures, 2 excluded
Running ExUnit with seed: 121303, max_cases: 8
Excluding tags: [:test]
Including tags: [location: {"test/commonplace/cli/snapshot_test.exs", 114}]

CX_SNAPMECH cwd="/home/jes/sol-snapshot-fresh/wt/apps/commonplace_cli" configured="tmp/test_data" configured_read=%{compact: [], count: 3, ls: {:ok, ["node_id", "commits", "commits.lock"]}, exists?: true} commit_store_pid=#PID<0.279.0> commit_store_state_shape={true, [:data_dir, :db, :invariant_dispatcher, :local_write_gate, :lock_ref, :name, :pending_imports, :queue_poller, :trust_side_store]} cubdb_pid=#PID<0.282.0> cubdb_state_shape=CubDB.State cubdb_data_dir="tmp/test_data/commits" cubdb_read=%{compact: ["12.compact"], count: 2, ls: {:ok, ["11.cub", "12.compact"]}, exists?: true}
06:18:40.124 [error] local node self-trust was not added: node signing public-key artifact is absent — continuing with configured trusted identities
06:18:40.130 [error] local node self-trust was not added: node signing public-key artifact is absent — continuing with configured trusted identities
06:18:40.134 [error] local node self-trust was not added: node signing public-key artifact is absent — continuing with configured trusted identities
06:18:40.143 [error] local node self-trust was not added: node signing public-key artifact is absent — continuing with configured trusted identities
.
Finished in 0.02 seconds (0.00s async, 0.02s sync)
3 tests, 0 failures, 2 excluded
Running ExUnit with seed: 149179, max_cases: 8
Excluding tags: [:test]
Including tags: [location: {"test/commonplace/cli/snapshot_test.exs", 114}]

CX_SNAPMECH cwd="/home/jes/sol-snapshot-fresh/wt/apps/commonplace_cli" configured="tmp/test_data" configured_read=%{compact: [], count: 3, ls: {:ok, ["node_id", "commits", "commits.lock"]}, exists?: true} commit_store_pid=#PID<0.279.0> commit_store_state_shape={true, [:data_dir, :db, :invariant_dispatcher, :local_write_gate, :lock_ref, :name, :pending_imports, :queue_poller, :trust_side_store]} cubdb_pid=#PID<0.282.0> cubdb_state_shape=CubDB.State cubdb_data_dir="tmp/test_data/commits" cubdb_read=%{compact: ["12.compact"], count: 2, ls: {:ok, ["11.cub", "12.compact"]}, exists?: true}
06:18:40.151 [error] local node self-trust was not added: node signing public-key artifact is absent — continuing with configured trusted identities
06:18:40.158 [error] local node self-trust was not added: node signing public-key artifact is absent — continuing with configured trusted identities
06:18:40.162 [error] local node self-trust was not added: node signing public-key artifact is absent — continuing with configured trusted identities
06:18:40.176 [error] local node self-trust was not added: node signing public-key artifact is absent — continuing with configured trusted identities
.
Finished in 0.03 seconds (0.00s async, 0.03s sync)
3 tests, 0 failures, 2 excluded
INVOCATION_EXIT=0
