==> commonplace
make: Nothing to be done for 'all'.
==> commonplace_cli
Running ExUnit with seed: 699158, max_cases: 8
Excluding tags: [:test]
Including tags: [location: {"test/commonplace/cli/snapshot_test.exs", 114}]

CX_SNAPMECH cwd="/home/jes/sol-snapshot-fresh/wt/apps/commonplace_cli" configured="tmp/test_data" configured_read=%{compact: [], count: 3, ls: {:ok, ["node_id", "commits", "commits.lock"]}, exists?: true} commit_store_pid=#PID<0.279.0> commit_store_state_shape={true, [:data_dir, :db, :invariant_dispatcher, :local_write_gate, :lock_ref, :name, :pending_imports, :queue_poller, :trust_side_store]} cubdb_pid=#PID<0.282.0> cubdb_state_shape=CubDB.State cubdb_data_dir="tmp/test_data/commits" cubdb_read=%{compact: [], count: 1, ls: {:ok, ["0.cub"]}, exists?: true}
06:18:06.011 [error] local node self-trust was not added: node signing public-key artifact is absent — continuing with configured trusted identities
06:18:06.046 [error] local node self-trust was not added: node signing public-key artifact is absent — continuing with configured trusted identities
06:18:06.051 [error] local node self-trust was not added: node signing public-key artifact is absent — continuing with configured trusted identities
06:18:06.087 [error] local node self-trust was not added: node signing public-key artifact is absent — continuing with configured trusted identities
.
Finished in 0.3 seconds (0.00s async, 0.3s sync)
3 tests, 0 failures, 2 excluded
Running ExUnit with seed: 95741, max_cases: 8
Excluding tags: [:test]
Including tags: [location: {"test/commonplace/cli/snapshot_test.exs", 114}]

CX_SNAPMECH cwd="/home/jes/sol-snapshot-fresh/wt/apps/commonplace_cli" configured="tmp/test_data" configured_read=%{compact: [], count: 3, ls: {:ok, ["node_id", "commits", "commits.lock"]}, exists?: true} commit_store_pid=#PID<0.279.0> commit_store_state_shape={true, [:data_dir, :db, :invariant_dispatcher, :local_write_gate, :lock_ref, :name, :pending_imports, :queue_poller, :trust_side_store]} cubdb_pid=#PID<0.282.0> cubdb_state_shape=CubDB.State cubdb_data_dir="tmp/test_data/commits" cubdb_read=%{compact: ["1.compact"], count: 2, ls: {:ok, ["0.cub", "1.compact"]}, exists?: true}
06:18:06.099 [error] local node self-trust was not added: node signing public-key artifact is absent — continuing with configured trusted identities
06:18:06.108 [error] local node self-trust was not added: node signing public-key artifact is absent — continuing with configured trusted identities
06:18:06.116 [error] local node self-trust was not added: node signing public-key artifact is absent — continuing with configured trusted identities
06:18:06.133 [error] local node self-trust was not added: node signing public-key artifact is absent — continuing with configured trusted identities
.
Finished in 0.04 seconds (0.00s async, 0.04s sync)
3 tests, 0 failures, 2 excluded
Running ExUnit with seed: 139324, max_cases: 8
Excluding tags: [:test]
Including tags: [location: {"test/commonplace/cli/snapshot_test.exs", 114}]

CX_SNAPMECH cwd="/home/jes/sol-snapshot-fresh/wt/apps/commonplace_cli" configured="tmp/test_data" configured_read=%{compact: [], count: 3, ls: {:ok, ["node_id", "commits", "commits.lock"]}, exists?: true} commit_store_pid=#PID<0.279.0> commit_store_state_shape={true, [:data_dir, :db, :invariant_dispatcher, :local_write_gate, :lock_ref, :name, :pending_imports, :queue_poller, :trust_side_store]} cubdb_pid=#PID<0.282.0> cubdb_state_shape=CubDB.State cubdb_data_dir="tmp/test_data/commits" cubdb_read=%{compact: [], count: 1, ls: {:ok, ["1.cub"]}, exists?: true}
06:18:06.142 [error] local node self-trust was not added: node signing public-key artifact is absent — continuing with configured trusted identities
06:18:06.157 [error] local node self-trust was not added: node signing public-key artifact is absent — continuing with configured trusted identities
06:18:06.162 [error] local node self-trust was not added: node signing public-key artifact is absent — continuing with configured trusted identities
06:18:06.171 [error] local node self-trust was not added: node signing public-key artifact is absent — continuing with configured trusted identities
.
Finished in 0.04 seconds (0.00s async, 0.04s sync)
3 tests, 0 failures, 2 excluded
Running ExUnit with seed: 180766, max_cases: 8
Excluding tags: [:test]
Including tags: [location: {"test/commonplace/cli/snapshot_test.exs", 114}]

CX_SNAPMECH cwd="/home/jes/sol-snapshot-fresh/wt/apps/commonplace_cli" configured="tmp/test_data" configured_read=%{compact: [], count: 3, ls: {:ok, ["node_id", "commits", "commits.lock"]}, exists?: true} commit_store_pid=#PID<0.279.0> commit_store_state_shape={true, [:data_dir, :db, :invariant_dispatcher, :local_write_gate, :lock_ref, :name, :pending_imports, :queue_poller, :trust_side_store]} cubdb_pid=#PID<0.282.0> cubdb_state_shape=CubDB.State cubdb_data_dir="tmp/test_data/commits" cubdb_read=%{compact: [], count: 1, ls: {:ok, ["1.cub"]}, exists?: true}
06:18:06.182 [error] local node self-trust was not added: node signing public-key artifact is absent — continuing with configured trusted identities
06:18:06.205 [error] local node self-trust was not added: node signing public-key artifact is absent — continuing with configured trusted identities
06:18:06.211 [error] local node self-trust was not added: node signing public-key artifact is absent — continuing with configured trusted identities
06:18:06.217 [error] local node self-trust was not added: node signing public-key artifact is absent — continuing with configured trusted identities
.
Finished in 0.04 seconds (0.00s async, 0.04s sync)
3 tests, 0 failures, 2 excluded
Running ExUnit with seed: 223792, max_cases: 8
Excluding tags: [:test]
Including tags: [location: {"test/commonplace/cli/snapshot_test.exs", 114}]

CX_SNAPMECH cwd="/home/jes/sol-snapshot-fresh/wt/apps/commonplace_cli" configured="tmp/test_data" configured_read=%{compact: [], count: 3, ls: {:ok, ["node_id", "commits", "commits.lock"]}, exists?: true} commit_store_pid=#PID<0.279.0> commit_store_state_shape={true, [:data_dir, :db, :invariant_dispatcher, :local_write_gate, :lock_ref, :name, :pending_imports, :queue_poller, :trust_side_store]} cubdb_pid=#PID<0.282.0> cubdb_state_shape=CubDB.State cubdb_data_dir="tmp/test_data/commits" cubdb_read=%{compact: [], count: 1, ls: {:ok, ["1.cub"]}, exists?: true}
06:18:06.225 [error] local node self-trust was not added: node signing public-key artifact is absent — continuing with configured trusted identities
06:18:06.228 [error] local node self-trust was not added: node signing public-key artifact is absent — continuing with configured trusted identities
06:18:06.231 [error] local node self-trust was not added: node signing public-key artifact is absent — continuing with configured trusted identities
06:18:06.237 [error] local node self-trust was not added: node signing public-key artifact is absent — continuing with configured trusted identities
.
Finished in 0.02 seconds (0.00s async, 0.02s sync)
3 tests, 0 failures, 2 excluded
Running ExUnit with seed: 248330, max_cases: 8
Excluding tags: [:test]
Including tags: [location: {"test/commonplace/cli/snapshot_test.exs", 114}]

CX_SNAPMECH cwd="/home/jes/sol-snapshot-fresh/wt/apps/commonplace_cli" configured="tmp/test_data" configured_read=%{compact: [], count: 3, ls: {:ok, ["node_id", "commits", "commits.lock"]}, exists?: true} commit_store_pid=#PID<0.279.0> commit_store_state_shape={true, [:data_dir, :db, :invariant_dispatcher, :local_write_gate, :lock_ref, :name, :pending_imports, :queue_poller, :trust_side_store]} cubdb_pid=#PID<0.282.0> cubdb_state_shape=CubDB.State cubdb_data_dir="tmp/test_data/commits" cubdb_read=%{compact: [], count: 1, ls: {:ok, ["1.cub"]}, exists?: true}
06:18:06.249 [error] local node self-trust was not added: node signing public-key artifact is absent — continuing with configured trusted identities
06:18:06.254 [error] local node self-trust was not added: node signing public-key artifact is absent — continuing with configured trusted identities
06:18:06.259 [error] local node self-trust was not added: node signing public-key artifact is absent — continuing with configured trusted identities
06:18:06.267 [error] local node self-trust was not added: node signing public-key artifact is absent — continuing with configured trusted identities
.
Finished in 0.02 seconds (0.00s async, 0.02s sync)
3 tests, 0 failures, 2 excluded
Running ExUnit with seed: 272050, max_cases: 8
Excluding tags: [:test]
Including tags: [location: {"test/commonplace/cli/snapshot_test.exs", 114}]

CX_SNAPMECH cwd="/home/jes/sol-snapshot-fresh/wt/apps/commonplace_cli" configured="tmp/test_data" configured_read=%{compact: [], count: 3, ls: {:ok, ["node_id", "commits", "commits.lock"]}, exists?: true} commit_store_pid=#PID<0.279.0> commit_store_state_shape={true, [:data_dir, :db, :invariant_dispatcher, :local_write_gate, :lock_ref, :name, :pending_imports, :queue_poller, :trust_side_store]} cubdb_pid=#PID<0.282.0> cubdb_state_shape=CubDB.State cubdb_data_dir="tmp/test_data/commits" cubdb_read=%{compact: [], count: 1, ls: {:ok, ["1.cub"]}, exists?: true}
06:18:06.274 [error] local node self-trust was not added: node signing public-key artifact is absent — continuing with configured trusted identities
06:18:06.278 [error] local node self-trust was not added: node signing public-key artifact is absent — continuing with configured trusted identities
06:18:06.283 [error] local node self-trust was not added: node signing public-key artifact is absent — continuing with configured trusted identities
06:18:06.290 [error] local node self-trust was not added: node signing public-key artifact is absent — continuing with configured trusted identities
.
Finished in 0.02 seconds (0.00s async, 0.02s sync)
3 tests, 0 failures, 2 excluded
Running ExUnit with seed: 296736, max_cases: 8
Excluding tags: [:test]
Including tags: [location: {"test/commonplace/cli/snapshot_test.exs", 114}]

CX_SNAPMECH cwd="/home/jes/sol-snapshot-fresh/wt/apps/commonplace_cli" configured="tmp/test_data" configured_read=%{compact: [], count: 3, ls: {:ok, ["node_id", "commits", "commits.lock"]}, exists?: true} commit_store_pid=#PID<0.279.0> commit_store_state_shape={true, [:data_dir, :db, :invariant_dispatcher, :local_write_gate, :lock_ref, :name, :pending_imports, :queue_poller, :trust_side_store]} cubdb_pid=#PID<0.282.0> cubdb_state_shape=CubDB.State cubdb_data_dir="tmp/test_data/commits" cubdb_read=%{compact: ["2.compact"], count: 2, ls: {:ok, ["2.compact", "1.cub"]}, exists?: true}
06:18:06.299 [error] local node self-trust was not added: node signing public-key artifact is absent — continuing with configured trusted identities
06:18:06.305 [error] local node self-trust was not added: node signing public-key artifact is absent — continuing with configured trusted identities
06:18:06.310 [error] local node self-trust was not added: node signing public-key artifact is absent — continuing with configured trusted identities
06:18:06.318 [error] local node self-trust was not added: node signing public-key artifact is absent — continuing with configured trusted identities
.
Finished in 0.02 seconds (0.00s async, 0.02s sync)
3 tests, 0 failures, 2 excluded
Running ExUnit with seed: 325437, max_cases: 8
Excluding tags: [:test]
Including tags: [location: {"test/commonplace/cli/snapshot_test.exs", 114}]

CX_SNAPMECH cwd="/home/jes/sol-snapshot-fresh/wt/apps/commonplace_cli" configured="tmp/test_data" configured_read=%{compact: [], count: 3, ls: {:ok, ["node_id", "commits", "commits.lock"]}, exists?: true} commit_store_pid=#PID<0.279.0> commit_store_state_shape={true, [:data_dir, :db, :invariant_dispatcher, :local_write_gate, :lock_ref, :name, :pending_imports, :queue_poller, :trust_side_store]} cubdb_pid=#PID<0.282.0> cubdb_state_shape=CubDB.State cubdb_data_dir="tmp/test_data/commits" cubdb_read=%{compact: ["2.compact"], count: 2, ls: {:ok, ["2.compact", "1.cub"]}, exists?: true}
06:18:06.330 [error] local node self-trust was not added: node signing public-key artifact is absent — continuing with configured trusted identities
06:18:06.336 [error] local node self-trust was not added: node signing public-key artifact is absent — continuing with configured trusted identities
06:18:06.346 [error] local node self-trust was not added: node signing public-key artifact is absent — continuing with configured trusted identities
06:18:06.357 [error] local node self-trust was not added: node signing public-key artifact is absent — continuing with configured trusted identities
.
Finished in 0.03 seconds (0.00s async, 0.03s sync)
3 tests, 0 failures, 2 excluded
Running ExUnit with seed: 363806, max_cases: 8
Excluding tags: [:test]
Including tags: [location: {"test/commonplace/cli/snapshot_test.exs", 114}]

CX_SNAPMECH cwd="/home/jes/sol-snapshot-fresh/wt/apps/commonplace_cli" configured="tmp/test_data" configured_read=%{compact: [], count: 3, ls: {:ok, ["node_id", "commits", "commits.lock"]}, exists?: true} commit_store_pid=#PID<0.279.0> commit_store_state_shape={true, [:data_dir, :db, :invariant_dispatcher, :local_write_gate, :lock_ref, :name, :pending_imports, :queue_poller, :trust_side_store]} cubdb_pid=#PID<0.282.0> cubdb_state_shape=CubDB.State cubdb_data_dir="tmp/test_data/commits" cubdb_read=%{compact: ["2.compact"], count: 2, ls: {:ok, ["2.compact", "1.cub"]}, exists?: true}
06:18:06.371 [error] local node self-trust was not added: node signing public-key artifact is absent — continuing with configured trusted identities
06:18:06.377 [error] local node self-trust was not added: node signing public-key artifact is absent — continuing with configured trusted identities
06:18:06.380 [error] local node self-trust was not added: node signing public-key artifact is absent — continuing with configured trusted identities
06:18:06.391 [error] local node self-trust was not added: node signing public-key artifact is absent — continuing with configured trusted identities
.
Finished in 0.03 seconds (0.00s async, 0.03s sync)
3 tests, 0 failures, 2 excluded
Running ExUnit with seed: 396102, max_cases: 8
Excluding tags: [:test]
Including tags: [location: {"test/commonplace/cli/snapshot_test.exs", 114}]

CX_SNAPMECH cwd="/home/jes/sol-snapshot-fresh/wt/apps/commonplace_cli" configured="tmp/test_data" configured_read=%{compact: [], count: 3, ls: {:ok, ["node_id", "commits", "commits.lock"]}, exists?: true} commit_store_pid=#PID<0.279.0> commit_store_state_shape={true, [:data_dir, :db, :invariant_dispatcher, :local_write_gate, :lock_ref, :name, :pending_imports, :queue_poller, :trust_side_store]} cubdb_pid=#PID<0.282.0> cubdb_state_shape=CubDB.State cubdb_data_dir="tmp/test_data/commits" cubdb_read=%{compact: [], count: 1, ls: {:ok, ["2.cub"]}, exists?: true}
06:18:06.399 [error] local node self-trust was not added: node signing public-key artifact is absent — continuing with configured trusted identities
06:18:06.404 [error] local node self-trust was not added: node signing public-key artifact is absent — continuing with configured trusted identities
06:18:06.409 [error] local node self-trust was not added: node signing public-key artifact is absent — continuing with configured trusted identities
06:18:06.417 [error] local node self-trust was not added: node signing public-key artifact is absent — continuing with configured trusted identities
.
Finished in 0.02 seconds (0.00s async, 0.02s sync)
3 tests, 0 failures, 2 excluded
Running ExUnit with seed: 424934, max_cases: 8
Excluding tags: [:test]
Including tags: [location: {"test/commonplace/cli/snapshot_test.exs", 114}]

CX_SNAPMECH cwd="/home/jes/sol-snapshot-fresh/wt/apps/commonplace_cli" configured="tmp/test_data" configured_read=%{compact: [], count: 3, ls: {:ok, ["node_id", "commits", "commits.lock"]}, exists?: true} commit_store_pid=#PID<0.279.0> commit_store_state_shape={true, [:data_dir, :db, :invariant_dispatcher, :local_write_gate, :lock_ref, :name, :pending_imports, :queue_poller, :trust_side_store]} cubdb_pid=#PID<0.282.0> cubdb_state_shape=CubDB.State cubdb_data_dir="tmp/test_data/commits" cubdb_read=%{compact: [], count: 1, ls: {:ok, ["2.cub"]}, exists?: true}
06:18:06.426 [error] local node self-trust was not added: node signing public-key artifact is absent — continuing with configured trusted identities
06:18:06.430 [error] local node self-trust was not added: node signing public-key artifact is absent — continuing with configured trusted identities
06:18:06.435 [error] local node self-trust was not added: node signing public-key artifact is absent — continuing with configured trusted identities
06:18:06.442 [error] local node self-trust was not added: node signing public-key artifact is absent — continuing with configured trusted identities
.
Finished in 0.02 seconds (0.00s async, 0.02s sync)
3 tests, 0 failures, 2 excluded
Running ExUnit with seed: 452773, max_cases: 8
Excluding tags: [:test]
Including tags: [location: {"test/commonplace/cli/snapshot_test.exs", 114}]

CX_SNAPMECH cwd="/home/jes/sol-snapshot-fresh/wt/apps/commonplace_cli" configured="tmp/test_data" configured_read=%{compact: [], count: 3, ls: {:ok, ["node_id", "commits", "commits.lock"]}, exists?: true} commit_store_pid=#PID<0.279.0> commit_store_state_shape={true, [:data_dir, :db, :invariant_dispatcher, :local_write_gate, :lock_ref, :name, :pending_imports, :queue_poller, :trust_side_store]} cubdb_pid=#PID<0.282.0> cubdb_state_shape=CubDB.State cubdb_data_dir="tmp/test_data/commits" cubdb_read=%{compact: [], count: 1, ls: {:ok, ["2.cub"]}, exists?: true}
06:18:06.455 [error] local node self-trust was not added: node signing public-key artifact is absent — continuing with configured trusted identities
06:18:06.461 [error] local node self-trust was not added: node signing public-key artifact is absent — continuing with configured trusted identities
06:18:06.467 [error] local node self-trust was not added: node signing public-key artifact is absent — continuing with configured trusted identities
06:18:06.472 [error] local node self-trust was not added: node signing public-key artifact is absent — continuing with configured trusted identities
.
Finished in 0.02 seconds (0.00s async, 0.02s sync)
3 tests, 0 failures, 2 excluded
Running ExUnit with seed: 478414, max_cases: 8
Excluding tags: [:test]
Including tags: [location: {"test/commonplace/cli/snapshot_test.exs", 114}]

CX_SNAPMECH cwd="/home/jes/sol-snapshot-fresh/wt/apps/commonplace_cli" configured="tmp/test_data" configured_read=%{compact: [], count: 3, ls: {:ok, ["node_id", "commits", "commits.lock"]}, exists?: true} commit_store_pid=#PID<0.279.0> commit_store_state_shape={true, [:data_dir, :db, :invariant_dispatcher, :local_write_gate, :lock_ref, :name, :pending_imports, :queue_poller, :trust_side_store]} cubdb_pid=#PID<0.282.0> cubdb_state_shape=CubDB.State cubdb_data_dir="tmp/test_data/commits" cubdb_read=%{compact: [], count: 1, ls: {:ok, ["2.cub"]}, exists?: true}
06:18:06.481 [error] local node self-trust was not added: node signing public-key artifact is absent — continuing with configured trusted identities
06:18:06.487 [error] local node self-trust was not added: node signing public-key artifact is absent — continuing with configured trusted identities
06:18:06.493 [error] local node self-trust was not added: node signing public-key artifact is absent — continuing with configured trusted identities
06:18:06.506 [error] local node self-trust was not added: node signing public-key artifact is absent — continuing with configured trusted identities
.
Finished in 0.03 seconds (0.00s async, 0.03s sync)
3 tests, 0 failures, 2 excluded
Running ExUnit with seed: 515896, max_cases: 8
Excluding tags: [:test]
Including tags: [location: {"test/commonplace/cli/snapshot_test.exs", 114}]

CX_SNAPMECH cwd="/home/jes/sol-snapshot-fresh/wt/apps/commonplace_cli" configured="tmp/test_data" configured_read=%{compact: [], count: 3, ls: {:ok, ["node_id", "commits", "commits.lock"]}, exists?: true} commit_store_pid=#PID<0.279.0> commit_store_state_shape={true, [:data_dir, :db, :invariant_dispatcher, :local_write_gate, :lock_ref, :name, :pending_imports, :queue_poller, :trust_side_store]} cubdb_pid=#PID<0.282.0> cubdb_state_shape=CubDB.State cubdb_data_dir="tmp/test_data/commits" cubdb_read=%{compact: ["3.compact"], count: 2, ls: {:ok, ["2.cub", "3.compact"]}, exists?: true}
06:18:06.517 [error] local node self-trust was not added: node signing public-key artifact is absent — continuing with configured trusted identities
06:18:06.522 [error] local node self-trust was not added: node signing public-key artifact is absent — continuing with configured trusted identities
06:18:06.528 [error] local node self-trust was not added: node signing public-key artifact is absent — continuing with configured trusted identities
06:18:06.542 [error] local node self-trust was not added: node signing public-key artifact is absent — continuing with configured trusted identities
.
Finished in 0.03 seconds (0.00s async, 0.03s sync)
3 tests, 0 failures, 2 excluded
Running ExUnit with seed: 549974, max_cases: 8
Excluding tags: [:test]
Including tags: [location: {"test/commonplace/cli/snapshot_test.exs", 114}]

CX_SNAPMECH cwd="/home/jes/sol-snapshot-fresh/wt/apps/commonplace_cli" configured="tmp/test_data" configured_read=%{compact: [], count: 3, ls: {:ok, ["node_id", "commits", "commits.lock"]}, exists?: true} commit_store_pid=#PID<0.279.0> commit_store_state_shape={true, [:data_dir, :db, :invariant_dispatcher, :local_write_gate, :lock_ref, :name, :pending_imports, :queue_poller, :trust_side_store]} cubdb_pid=#PID<0.282.0> cubdb_state_shape=CubDB.State cubdb_data_dir="tmp/test_data/commits" cubdb_read=%{compact: ["3.compact"], count: 2, ls: {:ok, ["2.cub", "3.compact"]}, exists?: true}
06:18:06.552 [error] local node self-trust was not added: node signing public-key artifact is absent — continuing with configured trusted identities
06:18:06.558 [error] local node self-trust was not added: node signing public-key artifact is absent — continuing with configured trusted identities
06:18:06.567 [error] local node self-trust was not added: node signing public-key artifact is absent — continuing with configured trusted identities
06:18:06.576 [error] local node self-trust was not added: node signing public-key artifact is absent — continuing with configured trusted identities
.
Finished in 0.03 seconds (0.00s async, 0.03s sync)
3 tests, 0 failures, 2 excluded
Running ExUnit with seed: 582711, max_cases: 8
Excluding tags: [:test]
Including tags: [location: {"test/commonplace/cli/snapshot_test.exs", 114}]

CX_SNAPMECH cwd="/home/jes/sol-snapshot-fresh/wt/apps/commonplace_cli" configured="tmp/test_data" configured_read=%{compact: [], count: 3, ls: {:ok, ["node_id", "commits", "commits.lock"]}, exists?: true} commit_store_pid=#PID<0.279.0> commit_store_state_shape={true, [:data_dir, :db, :invariant_dispatcher, :local_write_gate, :lock_ref, :name, :pending_imports, :queue_poller, :trust_side_store]} cubdb_pid=#PID<0.282.0> cubdb_state_shape=CubDB.State cubdb_data_dir="tmp/test_data/commits" cubdb_read=%{compact: ["3.compact"], count: 2, ls: {:ok, ["2.cub", "3.compact"]}, exists?: true}
06:18:06.585 [error] local node self-trust was not added: node signing public-key artifact is absent — continuing with configured trusted identities
06:18:06.592 [error] local node self-trust was not added: node signing public-key artifact is absent — continuing with configured trusted identities
06:18:06.597 [error] local node self-trust was not added: node signing public-key artifact is absent — continuing with configured trusted identities
06:18:06.608 [error] local node self-trust was not added: node signing public-key artifact is absent — continuing with configured trusted identities
.
Finished in 0.03 seconds (0.00s async, 0.03s sync)
3 tests, 0 failures, 2 excluded
Running ExUnit with seed: 616655, max_cases: 8
Excluding tags: [:test]
Including tags: [location: {"test/commonplace/cli/snapshot_test.exs", 114}]

CX_SNAPMECH cwd="/home/jes/sol-snapshot-fresh/wt/apps/commonplace_cli" configured="tmp/test_data" configured_read=%{compact: [], count: 3, ls: {:ok, ["node_id", "commits", "commits.lock"]}, exists?: true} commit_store_pid=#PID<0.279.0> commit_store_state_shape={true, [:data_dir, :db, :invariant_dispatcher, :local_write_gate, :lock_ref, :name, :pending_imports, :queue_poller, :trust_side_store]} cubdb_pid=#PID<0.282.0> cubdb_state_shape=CubDB.State cubdb_data_dir="tmp/test_data/commits" cubdb_read=%{compact: [], count: 1, ls: {:ok, ["3.cub"]}, exists?: true}
06:18:06.620 [error] local node self-trust was not added: node signing public-key artifact is absent — continuing with configured trusted identities
06:18:06.629 [error] local node self-trust was not added: node signing public-key artifact is absent — continuing with configured trusted identities
06:18:06.633 [error] local node self-trust was not added: node signing public-key artifact is absent — continuing with configured trusted identities
06:18:06.639 [error] local node self-trust was not added: node signing public-key artifact is absent — continuing with configured trusted identities
.
Finished in 0.02 seconds (0.00s async, 0.02s sync)
3 tests, 0 failures, 2 excluded
Running ExUnit with seed: 643587, max_cases: 8
Excluding tags: [:test]
Including tags: [location: {"test/commonplace/cli/snapshot_test.exs", 114}]

CX_SNAPMECH cwd="/home/jes/sol-snapshot-fresh/wt/apps/commonplace_cli" configured="tmp/test_data" configured_read=%{compact: [], count: 3, ls: {:ok, ["node_id", "commits", "commits.lock"]}, exists?: true} commit_store_pid=#PID<0.279.0> commit_store_state_shape={true, [:data_dir, :db, :invariant_dispatcher, :local_write_gate, :lock_ref, :name, :pending_imports, :queue_poller, :trust_side_store]} cubdb_pid=#PID<0.282.0> cubdb_state_shape=CubDB.State cubdb_data_dir="tmp/test_data/commits" cubdb_read=%{compact: [], count: 1, ls: {:ok, ["3.cub"]}, exists?: true}
06:18:06.644 [error] local node self-trust was not added: node signing public-key artifact is absent — continuing with configured trusted identities
06:18:06.647 [error] local node self-trust was not added: node signing public-key artifact is absent — continuing with configured trusted identities
06:18:06.651 [error] local node self-trust was not added: node signing public-key artifact is absent — continuing with configured trusted identities
06:18:06.663 [error] local node self-trust was not added: node signing public-key artifact is absent — continuing with configured trusted identities
.
Finished in 0.02 seconds (0.00s async, 0.02s sync)
3 tests, 0 failures, 2 excluded
Running ExUnit with seed: 669739, max_cases: 8
Excluding tags: [:test]
Including tags: [location: {"test/commonplace/cli/snapshot_test.exs", 114}]

CX_SNAPMECH cwd="/home/jes/sol-snapshot-fresh/wt/apps/commonplace_cli" configured="tmp/test_data" configured_read=%{compact: [], count: 3, ls: {:ok, ["node_id", "commits", "commits.lock"]}, exists?: true} commit_store_pid=#PID<0.279.0> commit_store_state_shape={true, [:data_dir, :db, :invariant_dispatcher, :local_write_gate, :lock_ref, :name, :pending_imports, :queue_poller, :trust_side_store]} cubdb_pid=#PID<0.282.0> cubdb_state_shape=CubDB.State cubdb_data_dir="tmp/test_data/commits" cubdb_read=%{compact: [], count: 1, ls: {:ok, ["3.cub"]}, exists?: true}
06:18:06.673 [error] local node self-trust was not added: node signing public-key artifact is absent — continuing with configured trusted identities
06:18:06.684 [error] local node self-trust was not added: node signing public-key artifact is absent — continuing with configured trusted identities
06:18:06.691 [error] local node self-trust was not added: node signing public-key artifact is absent — continuing with configured trusted identities
06:18:06.702 [error] local node self-trust was not added: node signing public-key artifact is absent — continuing with configured trusted identities
.
Finished in 0.03 seconds (0.00s async, 0.03s sync)
3 tests, 0 failures, 2 excluded
Running ExUnit with seed: 711171, max_cases: 8
Excluding tags: [:test]
Including tags: [location: {"test/commonplace/cli/snapshot_test.exs", 114}]

CX_SNAPMECH cwd="/home/jes/sol-snapshot-fresh/wt/apps/commonplace_cli" configured="tmp/test_data" configured_read=%{compact: [], count: 3, ls: {:ok, ["node_id", "commits", "commits.lock"]}, exists?: true} commit_store_pid=#PID<0.279.0> commit_store_state_shape={true, [:data_dir, :db, :invariant_dispatcher, :local_write_gate, :lock_ref, :name, :pending_imports, :queue_poller, :trust_side_store]} cubdb_pid=#PID<0.282.0> cubdb_state_shape=CubDB.State cubdb_data_dir="tmp/test_data/commits" cubdb_read=%{compact: [], count: 1, ls: {:ok, ["3.cub"]}, exists?: true}
06:18:06.714 [error] local node self-trust was not added: node signing public-key artifact is absent — continuing with configured trusted identities
06:18:06.717 [error] local node self-trust was not added: node signing public-key artifact is absent — continuing with configured trusted identities
06:18:06.724 [error] local node self-trust was not added: node signing public-key artifact is absent — continuing with configured trusted identities
06:18:06.731 [error] local node self-trust was not added: node signing public-key artifact is absent — continuing with configured trusted identities
.
Finished in 0.02 seconds (0.00s async, 0.02s sync)
3 tests, 0 failures, 2 excluded
Running ExUnit with seed: 735646, max_cases: 8
Excluding tags: [:test]
Including tags: [location: {"test/commonplace/cli/snapshot_test.exs", 114}]

CX_SNAPMECH cwd="/home/jes/sol-snapshot-fresh/wt/apps/commonplace_cli" configured="tmp/test_data" configured_read=%{compact: [], count: 3, ls: {:ok, ["node_id", "commits", "commits.lock"]}, exists?: true} commit_store_pid=#PID<0.279.0> commit_store_state_shape={true, [:data_dir, :db, :invariant_dispatcher, :local_write_gate, :lock_ref, :name, :pending_imports, :queue_poller, :trust_side_store]} cubdb_pid=#PID<0.282.0> cubdb_state_shape=CubDB.State cubdb_data_dir="tmp/test_data/commits" cubdb_read=%{compact: [], count: 1, ls: {:ok, ["3.cub"]}, exists?: true}
06:18:06.737 [error] local node self-trust was not added: node signing public-key artifact is absent — continuing with configured trusted identities
06:18:06.743 [error] local node self-trust was not added: node signing public-key artifact is absent — continuing with configured trusted identities
06:18:06.752 [error] local node self-trust was not added: node signing public-key artifact is absent — continuing with configured trusted identities
06:18:06.761 [error] local node self-trust was not added: node signing public-key artifact is absent — continuing with configured trusted identities
.
Finished in 0.03 seconds (0.00s async, 0.03s sync)
3 tests, 0 failures, 2 excluded
Running ExUnit with seed: 768805, max_cases: 8
Excluding tags: [:test]
Including tags: [location: {"test/commonplace/cli/snapshot_test.exs", 114}]

06:18:06.770 [error] local node self-trust was not added: node signing public-key artifact is absent — continuing with configured trusted identities
CX_SNAPMECH cwd="/home/jes/sol-snapshot-fresh/wt/apps/commonplace_cli" configured="tmp/test_data" configured_read=%{compact: [], count: 3, ls: {:ok, ["node_id", "commits", "commits.lock"]}, exists?: true} commit_store_pid=#PID<0.279.0> commit_store_state_shape={true, [:data_dir, :db, :invariant_dispatcher, :local_write_gate, :lock_ref, :name, :pending_imports, :queue_poller, :trust_side_store]} cubdb_pid=#PID<0.282.0> cubdb_state_shape=CubDB.State cubdb_data_dir="tmp/test_data/commits" cubdb_read=%{compact: [], count: 1, ls: {:ok, ["3.cub"]}, exists?: true}
06:18:06.778 [error] local node self-trust was not added: node signing public-key artifact is absent — continuing with configured trusted identities
06:18:06.783 [error] local node self-trust was not added: node signing public-key artifact is absent — continuing with configured trusted identities
06:18:06.791 [error] local node self-trust was not added: node signing public-key artifact is absent — continuing with configured trusted identities
.
Finished in 0.02 seconds (0.00s async, 0.02s sync)
3 tests, 0 failures, 2 excluded
Running ExUnit with seed: 797140, max_cases: 8
Excluding tags: [:test]
Including tags: [location: {"test/commonplace/cli/snapshot_test.exs", 114}]

CX_SNAPMECH cwd="/home/jes/sol-snapshot-fresh/wt/apps/commonplace_cli" configured="tmp/test_data" configured_read=%{compact: [], count: 3, ls: {:ok, ["node_id", "commits", "commits.lock"]}, exists?: true} commit_store_pid=#PID<0.279.0> commit_store_state_shape={true, [:data_dir, :db, :invariant_dispatcher, :local_write_gate, :lock_ref, :name, :pending_imports, :queue_poller, :trust_side_store]} cubdb_pid=#PID<0.282.0> cubdb_state_shape=CubDB.State cubdb_data_dir="tmp/test_data/commits" cubdb_read=%{compact: ["4.compact"], count: 2, ls: {:ok, ["3.cub", "4.compact"]}, exists?: true}
06:18:06.799 [error] local node self-trust was not added: node signing public-key artifact is absent — continuing with configured trusted identities
06:18:06.813 [error] local node self-trust was not added: node signing public-key artifact is absent — continuing with configured trusted identities
06:18:06.820 [error] local node self-trust was not added: node signing public-key artifact is absent — continuing with configured trusted identities
06:18:06.839 [error] local node self-trust was not added: node signing public-key artifact is absent — continuing with configured trusted identities
.
Finished in 0.04 seconds (0.00s async, 0.04s sync)
3 tests, 0 failures, 2 excluded
Running ExUnit with seed: 848480, max_cases: 8
Excluding tags: [:test]
Including tags: [location: {"test/commonplace/cli/snapshot_test.exs", 114}]

CX_SNAPMECH cwd="/home/jes/sol-snapshot-fresh/wt/apps/commonplace_cli" configured="tmp/test_data" configured_read=%{compact: [], count: 3, ls: {:ok, ["node_id", "commits", "commits.lock"]}, exists?: true} commit_store_pid=#PID<0.279.0> commit_store_state_shape={true, [:data_dir, :db, :invariant_dispatcher, :local_write_gate, :lock_ref, :name, :pending_imports, :queue_poller, :trust_side_store]} cubdb_pid=#PID<0.282.0> cubdb_state_shape=CubDB.State cubdb_data_dir="tmp/test_data/commits" cubdb_read=%{compact: ["4.compact"], count: 2, ls: {:ok, ["3.cub", "4.compact"]}, exists?: true}
06:18:06.852 [error] local node self-trust was not added: node signing public-key artifact is absent — continuing with configured trusted identities
06:18:06.865 [error] local node self-trust was not added: node signing public-key artifact is absent — continuing with configured trusted identities
06:18:06.874 [error] local node self-trust was not added: node signing public-key artifact is absent — continuing with configured trusted identities
06:18:06.894 [error] local node self-trust was not added: node signing public-key artifact is absent — continuing with configured trusted identities
.
Finished in 0.05 seconds (0.00s async, 0.05s sync)
3 tests, 0 failures, 2 excluded
Running ExUnit with seed: 908427, max_cases: 8
Excluding tags: [:test]
Including tags: [location: {"test/commonplace/cli/snapshot_test.exs", 114}]

CX_SNAPMECH cwd="/home/jes/sol-snapshot-fresh/wt/apps/commonplace_cli" configured="tmp/test_data" configured_read=%{compact: [], count: 3, ls: {:ok, ["node_id", "commits", "commits.lock"]}, exists?: true} commit_store_pid=#PID<0.279.0> commit_store_state_shape={true, [:data_dir, :db, :invariant_dispatcher, :local_write_gate, :lock_ref, :name, :pending_imports, :queue_poller, :trust_side_store]} cubdb_pid=#PID<0.282.0> cubdb_state_shape=CubDB.State cubdb_data_dir="tmp/test_data/commits" cubdb_read=%{compact: ["4.compact"], count: 2, ls: {:ok, ["3.cub", "4.compact"]}, exists?: true}
06:18:06.911 [error] local node self-trust was not added: node signing public-key artifact is absent — continuing with configured trusted identities
06:18:06.919 [error] local node self-trust was not added: node signing public-key artifact is absent — continuing with configured trusted identities
06:18:06.926 [error] local node self-trust was not added: node signing public-key artifact is absent — continuing with configured trusted identities
06:18:06.944 [error] local node self-trust was not added: node signing public-key artifact is absent — continuing with configured trusted identities
.
Finished in 0.03 seconds (0.00s async, 0.03s sync)
3 tests, 0 failures, 2 excluded
Running ExUnit with seed: 952937, max_cases: 8
Excluding tags: [:test]
Including tags: [location: {"test/commonplace/cli/snapshot_test.exs", 114}]

CX_SNAPMECH cwd="/home/jes/sol-snapshot-fresh/wt/apps/commonplace_cli" configured="tmp/test_data" configured_read=%{compact: [], count: 3, ls: {:ok, ["node_id", "commits", "commits.lock"]}, exists?: true} commit_store_pid=#PID<0.279.0> commit_store_state_shape={true, [:data_dir, :db, :invariant_dispatcher, :local_write_gate, :lock_ref, :name, :pending_imports, :queue_poller, :trust_side_store]} cubdb_pid=#PID<0.282.0> cubdb_state_shape=CubDB.State cubdb_data_dir="tmp/test_data/commits" cubdb_read=%{compact: ["4.compact"], count: 2, ls: {:ok, ["3.cub", "4.compact"]}, exists?: true}
06:18:06.956 [error] local node self-trust was not added: node signing public-key artifact is absent — continuing with configured trusted identities
06:18:06.961 [error] local node self-trust was not added: node signing public-key artifact is absent — continuing with configured trusted identities
06:18:06.965 [error] local node self-trust was not added: node signing public-key artifact is absent — continuing with configured trusted identities
06:18:06.982 [error] local node self-trust was not added: node signing public-key artifact is absent — continuing with configured trusted identities
.
Finished in 0.04 seconds (0.00s async, 0.04s sync)
3 tests, 0 failures, 2 excluded
Running ExUnit with seed: 999665, max_cases: 8
Excluding tags: [:test]
Including tags: [location: {"test/commonplace/cli/snapshot_test.exs", 114}]

CX_SNAPMECH cwd="/home/jes/sol-snapshot-fresh/wt/apps/commonplace_cli" configured="tmp/test_data" configured_read=%{compact: [], count: 3, ls: {:ok, ["node_id", "commits", "commits.lock"]}, exists?: true} commit_store_pid=#PID<0.279.0> commit_store_state_shape={true, [:data_dir, :db, :invariant_dispatcher, :local_write_gate, :lock_ref, :name, :pending_imports, :queue_poller, :trust_side_store]} cubdb_pid=#PID<0.282.0> cubdb_state_shape=CubDB.State cubdb_data_dir="tmp/test_data/commits" cubdb_read=%{compact: ["4.compact"], count: 2, ls: {:ok, ["3.cub", "4.compact"]}, exists?: true}
06:18:07.005 [error] local node self-trust was not added: node signing public-key artifact is absent — continuing with configured trusted identities
06:18:07.009 [error] local node self-trust was not added: node signing public-key artifact is absent — continuing with configured trusted identities
06:18:07.016 [error] local node self-trust was not added: node signing public-key artifact is absent — continuing with configured trusted identities
06:18:07.035 [error] local node self-trust was not added: node signing public-key artifact is absent — continuing with configured trusted identities
.
Finished in 0.03 seconds (0.00s async, 0.03s sync)
3 tests, 0 failures, 2 excluded
Running ExUnit with seed: 41584, max_cases: 8
Excluding tags: [:test]
Including tags: [location: {"test/commonplace/cli/snapshot_test.exs", 114}]

CX_SNAPMECH cwd="/home/jes/sol-snapshot-fresh/wt/apps/commonplace_cli" configured="tmp/test_data" configured_read=%{compact: [], count: 3, ls: {:ok, ["node_id", "commits", "commits.lock"]}, exists?: true} commit_store_pid=#PID<0.279.0> commit_store_state_shape={true, [:data_dir, :db, :invariant_dispatcher, :local_write_gate, :lock_ref, :name, :pending_imports, :queue_poller, :trust_side_store]} cubdb_pid=#PID<0.282.0> cubdb_state_shape=CubDB.State cubdb_data_dir="tmp/test_data/commits" cubdb_read=%{compact: [], count: 1, ls: {:ok, ["4.cub"]}, exists?: true}
06:18:07.045 [error] local node self-trust was not added: node signing public-key artifact is absent — continuing with configured trusted identities
06:18:07.049 [error] local node self-trust was not added: node signing public-key artifact is absent — continuing with configured trusted identities
06:18:07.052 [error] local node self-trust was not added: node signing public-key artifact is absent — continuing with configured trusted identities
06:18:07.060 [error] local node self-trust was not added: node signing public-key artifact is absent — continuing with configured trusted identities
.
Finished in 0.02 seconds (0.00s async, 0.02s sync)
3 tests, 0 failures, 2 excluded
Running ExUnit with seed: 69584, max_cases: 8
Excluding tags: [:test]
Including tags: [location: {"test/commonplace/cli/snapshot_test.exs", 114}]

CX_SNAPMECH cwd="/home/jes/sol-snapshot-fresh/wt/apps/commonplace_cli" configured="tmp/test_data" configured_read=%{compact: [], count: 3, ls: {:ok, ["node_id", "commits", "commits.lock"]}, exists?: true} commit_store_pid=#PID<0.279.0> commit_store_state_shape={true, [:data_dir, :db, :invariant_dispatcher, :local_write_gate, :lock_ref, :name, :pending_imports, :queue_poller, :trust_side_store]} cubdb_pid=#PID<0.282.0> cubdb_state_shape=CubDB.State cubdb_data_dir="tmp/test_data/commits" cubdb_read=%{compact: [], count: 1, ls: {:ok, ["4.cub"]}, exists?: true}
06:18:07.071 [error] local node self-trust was not added: node signing public-key artifact is absent — continuing with configured trusted identities
06:18:07.080 [error] local node self-trust was not added: node signing public-key artifact is absent — continuing with configured trusted identities
06:18:07.088 [error] local node self-trust was not added: node signing public-key artifact is absent — continuing with configured trusted identities
06:18:07.094 [error] local node self-trust was not added: node signing public-key artifact is absent — continuing with configured trusted identities
.
Finished in 0.03 seconds (0.00s async, 0.03s sync)
3 tests, 0 failures, 2 excluded
Running ExUnit with seed: 101636, max_cases: 8
Excluding tags: [:test]
Including tags: [location: {"test/commonplace/cli/snapshot_test.exs", 114}]

CX_SNAPMECH cwd="/home/jes/sol-snapshot-fresh/wt/apps/commonplace_cli" configured="tmp/test_data" configured_read=%{compact: [], count: 3, ls: {:ok, ["node_id", "commits", "commits.lock"]}, exists?: true} commit_store_pid=#PID<0.279.0> commit_store_state_shape={true, [:data_dir, :db, :invariant_dispatcher, :local_write_gate, :lock_ref, :name, :pending_imports, :queue_poller, :trust_side_store]} cubdb_pid=#PID<0.282.0> cubdb_state_shape=CubDB.State cubdb_data_dir="tmp/test_data/commits" cubdb_read=%{compact: [], count: 1, ls: {:ok, ["4.cub"]}, exists?: true}
06:18:07.105 [error] local node self-trust was not added: node signing public-key artifact is absent — continuing with configured trusted identities
06:18:07.112 [error] local node self-trust was not added: node signing public-key artifact is absent — continuing with configured trusted identities
06:18:07.118 [error] local node self-trust was not added: node signing public-key artifact is absent — continuing with configured trusted identities
06:18:07.131 [error] local node self-trust was not added: node signing public-key artifact is absent — continuing with configured trusted identities
.
Finished in 0.04 seconds (0.00s async, 0.04s sync)
3 tests, 0 failures, 2 excluded
Running ExUnit with seed: 143696, max_cases: 8
Excluding tags: [:test]
Including tags: [location: {"test/commonplace/cli/snapshot_test.exs", 114}]

CX_SNAPMECH cwd="/home/jes/sol-snapshot-fresh/wt/apps/commonplace_cli" configured="tmp/test_data" configured_read=%{compact: [], count: 3, ls: {:ok, ["node_id", "commits", "commits.lock"]}, exists?: true} commit_store_pid=#PID<0.279.0> commit_store_state_shape={true, [:data_dir, :db, :invariant_dispatcher, :local_write_gate, :lock_ref, :name, :pending_imports, :queue_poller, :trust_side_store]} cubdb_pid=#PID<0.282.0> cubdb_state_shape=CubDB.State cubdb_data_dir="tmp/test_data/commits" cubdb_read=%{compact: [], count: 1, ls: {:ok, ["4.cub"]}, exists?: true}
06:18:07.145 [error] local node self-trust was not added: node signing public-key artifact is absent — continuing with configured trusted identities
06:18:07.152 [error] local node self-trust was not added: node signing public-key artifact is absent — continuing with configured trusted identities
06:18:07.158 [error] local node self-trust was not added: node signing public-key artifact is absent — continuing with configured trusted identities
06:18:07.166 [error] local node self-trust was not added: node signing public-key artifact is absent — continuing with configured trusted identities
.
Finished in 0.02 seconds (0.00s async, 0.02s sync)
3 tests, 0 failures, 2 excluded
Running ExUnit with seed: 174409, max_cases: 8
Excluding tags: [:test]
Including tags: [location: {"test/commonplace/cli/snapshot_test.exs", 114}]

CX_SNAPMECH cwd="/home/jes/sol-snapshot-fresh/wt/apps/commonplace_cli" configured="tmp/test_data" configured_read=%{compact: [], count: 3, ls: {:ok, ["node_id", "commits", "commits.lock"]}, exists?: true} commit_store_pid=#PID<0.279.0> commit_store_state_shape={true, [:data_dir, :db, :invariant_dispatcher, :local_write_gate, :lock_ref, :name, :pending_imports, :queue_poller, :trust_side_store]} cubdb_pid=#PID<0.282.0> cubdb_state_shape=CubDB.State cubdb_data_dir="tmp/test_data/commits" cubdb_read=%{compact: [], count: 1, ls: {:ok, ["4.cub"]}, exists?: true}
06:18:07.179 [error] local node self-trust was not added: node signing public-key artifact is absent — continuing with configured trusted identities
06:18:07.185 [error] local node self-trust was not added: node signing public-key artifact is absent — continuing with configured trusted identities
06:18:07.190 [error] local node self-trust was not added: node signing public-key artifact is absent — continuing with configured trusted identities
06:18:07.204 [error] local node self-trust was not added: node signing public-key artifact is absent — continuing with configured trusted identities
.
Finished in 0.03 seconds (0.00s async, 0.03s sync)
3 tests, 0 failures, 2 excluded
Running ExUnit with seed: 211835, max_cases: 8
Excluding tags: [:test]
Including tags: [location: {"test/commonplace/cli/snapshot_test.exs", 114}]

CX_SNAPMECH cwd="/home/jes/sol-snapshot-fresh/wt/apps/commonplace_cli" configured="tmp/test_data" configured_read=%{compact: [], count: 3, ls: {:ok, ["node_id", "commits", "commits.lock"]}, exists?: true} commit_store_pid=#PID<0.279.0> commit_store_state_shape={true, [:data_dir, :db, :invariant_dispatcher, :local_write_gate, :lock_ref, :name, :pending_imports, :queue_poller, :trust_side_store]} cubdb_pid=#PID<0.282.0> cubdb_state_shape=CubDB.State cubdb_data_dir="tmp/test_data/commits" cubdb_read=%{compact: [], count: 1, ls: {:ok, ["4.cub"]}, exists?: true}
06:18:07.215 [error] local node self-trust was not added: node signing public-key artifact is absent — continuing with configured trusted identities
06:18:07.223 [error] local node self-trust was not added: node signing public-key artifact is absent — continuing with configured trusted identities
06:18:07.229 [error] local node self-trust was not added: node signing public-key artifact is absent — continuing with configured trusted identities
06:18:07.236 [error] local node self-trust was not added: node signing public-key artifact is absent — continuing with configured trusted identities
.
Finished in 0.03 seconds (0.00s async, 0.03s sync)
3 tests, 0 failures, 2 excluded
Running ExUnit with seed: 245292, max_cases: 8
Excluding tags: [:test]
Including tags: [location: {"test/commonplace/cli/snapshot_test.exs", 114}]

CX_SNAPMECH cwd="/home/jes/sol-snapshot-fresh/wt/apps/commonplace_cli" configured="tmp/test_data" configured_read=%{compact: [], count: 3, ls: {:ok, ["node_id", "commits", "commits.lock"]}, exists?: true} commit_store_pid=#PID<0.279.0> commit_store_state_shape={true, [:data_dir, :db, :invariant_dispatcher, :local_write_gate, :lock_ref, :name, :pending_imports, :queue_poller, :trust_side_store]} cubdb_pid=#PID<0.282.0> cubdb_state_shape=CubDB.State cubdb_data_dir="tmp/test_data/commits" cubdb_read=%{compact: [], count: 1, ls: {:ok, ["4.cub"]}, exists?: true}
06:18:07.250 [error] local node self-trust was not added: node signing public-key artifact is absent — continuing with configured trusted identities
06:18:07.257 [error] local node self-trust was not added: node signing public-key artifact is absent — continuing with configured trusted identities
06:18:07.264 [error] local node self-trust was not added: node signing public-key artifact is absent — continuing with configured trusted identities
06:18:07.280 [error] local node self-trust was not added: node signing public-key artifact is absent — continuing with configured trusted identities
.
Finished in 0.04 seconds (0.00s async, 0.04s sync)
3 tests, 0 failures, 2 excluded
Running ExUnit with seed: 292875, max_cases: 8
Excluding tags: [:test]
Including tags: [location: {"test/commonplace/cli/snapshot_test.exs", 114}]

CX_SNAPMECH cwd="/home/jes/sol-snapshot-fresh/wt/apps/commonplace_cli" configured="tmp/test_data" configured_read=%{compact: [], count: 3, ls: {:ok, ["node_id", "commits", "commits.lock"]}, exists?: true} commit_store_pid=#PID<0.279.0> commit_store_state_shape={true, [:data_dir, :db, :invariant_dispatcher, :local_write_gate, :lock_ref, :name, :pending_imports, :queue_poller, :trust_side_store]} cubdb_pid=#PID<0.282.0> cubdb_state_shape=CubDB.State cubdb_data_dir="tmp/test_data/commits" cubdb_read=%{compact: [], count: 1, ls: {:ok, ["4.cub"]}, exists?: true}
06:18:07.297 [error] local node self-trust was not added: node signing public-key artifact is absent — continuing with configured trusted identities
06:18:07.308 [error] local node self-trust was not added: node signing public-key artifact is absent — continuing with configured trusted identities
06:18:07.317 [error] local node self-trust was not added: node signing public-key artifact is absent — continuing with configured trusted identities
06:18:07.331 [error] local node self-trust was not added: node signing public-key artifact is absent — continuing with configured trusted identities
.
Finished in 0.04 seconds (0.00s async, 0.04s sync)
3 tests, 0 failures, 2 excluded
Running ExUnit with seed: 338739, max_cases: 8
Excluding tags: [:test]
Including tags: [location: {"test/commonplace/cli/snapshot_test.exs", 114}]

CX_SNAPMECH cwd="/home/jes/sol-snapshot-fresh/wt/apps/commonplace_cli" configured="tmp/test_data" configured_read=%{compact: [], count: 3, ls: {:ok, ["node_id", "commits", "commits.lock"]}, exists?: true} commit_store_pid=#PID<0.279.0> commit_store_state_shape={true, [:data_dir, :db, :invariant_dispatcher, :local_write_gate, :lock_ref, :name, :pending_imports, :queue_poller, :trust_side_store]} cubdb_pid=#PID<0.282.0> cubdb_state_shape=CubDB.State cubdb_data_dir="tmp/test_data/commits" cubdb_read=%{compact: ["5.compact"], count: 2, ls: {:ok, ["5.compact", "4.cub"]}, exists?: true}
06:18:07.341 [error] local node self-trust was not added: node signing public-key artifact is absent — continuing with configured trusted identities
06:18:07.349 [error] local node self-trust was not added: node signing public-key artifact is absent — continuing with configured trusted identities
06:18:07.353 [error] local node self-trust was not added: node signing public-key artifact is absent — continuing with configured trusted identities
06:18:07.364 [error] local node self-trust was not added: node signing public-key artifact is absent — continuing with configured trusted identities
.
Finished in 0.03 seconds (0.00s async, 0.03s sync)
3 tests, 0 failures, 2 excluded
Running ExUnit with seed: 374222, max_cases: 8
Excluding tags: [:test]
Including tags: [location: {"test/commonplace/cli/snapshot_test.exs", 114}]

CX_SNAPMECH cwd="/home/jes/sol-snapshot-fresh/wt/apps/commonplace_cli" configured="tmp/test_data" configured_read=%{compact: [], count: 3, ls: {:ok, ["node_id", "commits", "commits.lock"]}, exists?: true} commit_store_pid=#PID<0.279.0> commit_store_state_shape={true, [:data_dir, :db, :invariant_dispatcher, :local_write_gate, :lock_ref, :name, :pending_imports, :queue_poller, :trust_side_store]} cubdb_pid=#PID<0.282.0> cubdb_state_shape=CubDB.State cubdb_data_dir="tmp/test_data/commits" cubdb_read=%{compact: ["5.compact"], count: 2, ls: {:ok, ["5.compact", "4.cub"]}, exists?: true}
06:18:07.377 [error] local node self-trust was not added: node signing public-key artifact is absent — continuing with configured trusted identities
06:18:07.385 [error] local node self-trust was not added: node signing public-key artifact is absent — continuing with configured trusted identities
06:18:07.393 [error] local node self-trust was not added: node signing public-key artifact is absent — continuing with configured trusted identities
06:18:07.402 [error] local node self-trust was not added: node signing public-key artifact is absent — continuing with configured trusted identities
.
Finished in 0.05 seconds (0.00s async, 0.05s sync)
3 tests, 0 failures, 2 excluded
Running ExUnit with seed: 427991, max_cases: 8
Excluding tags: [:test]
Including tags: [location: {"test/commonplace/cli/snapshot_test.exs", 114}]

CX_SNAPMECH cwd="/home/jes/sol-snapshot-fresh/wt/apps/commonplace_cli" configured="tmp/test_data" configured_read=%{compact: [], count: 3, ls: {:ok, ["node_id", "commits", "commits.lock"]}, exists?: true} commit_store_pid=#PID<0.279.0> commit_store_state_shape={true, [:data_dir, :db, :invariant_dispatcher, :local_write_gate, :lock_ref, :name, :pending_imports, :queue_poller, :trust_side_store]} cubdb_pid=#PID<0.282.0> cubdb_state_shape=CubDB.State cubdb_data_dir="tmp/test_data/commits" cubdb_read=%{compact: ["5.compact"], count: 2, ls: {:ok, ["5.compact", "4.cub"]}, exists?: true}
06:18:07.431 [error] local node self-trust was not added: node signing public-key artifact is absent — continuing with configured trusted identities
06:18:07.438 [error] local node self-trust was not added: node signing public-key artifact is absent — continuing with configured trusted identities
06:18:07.444 [error] local node self-trust was not added: node signing public-key artifact is absent — continuing with configured trusted identities
06:18:07.452 [error] local node self-trust was not added: node signing public-key artifact is absent — continuing with configured trusted identities
.
Finished in 0.02 seconds (0.00s async, 0.02s sync)
3 tests, 0 failures, 2 excluded
Running ExUnit with seed: 459657, max_cases: 8
Excluding tags: [:test]
Including tags: [location: {"test/commonplace/cli/snapshot_test.exs", 114}]

CX_SNAPMECH cwd="/home/jes/sol-snapshot-fresh/wt/apps/commonplace_cli" configured="tmp/test_data" configured_read=%{compact: [], count: 3, ls: {:ok, ["node_id", "commits", "commits.lock"]}, exists?: true} commit_store_pid=#PID<0.279.0> commit_store_state_shape={true, [:data_dir, :db, :invariant_dispatcher, :local_write_gate, :lock_ref, :name, :pending_imports, :queue_poller, :trust_side_store]} cubdb_pid=#PID<0.282.0> cubdb_state_shape=CubDB.State cubdb_data_dir="tmp/test_data/commits" cubdb_read=%{compact: ["5.compact"], count: 2, ls: {:ok, ["5.compact", "4.cub"]}, exists?: true}
06:18:07.461 [error] local node self-trust was not added: node signing public-key artifact is absent — continuing with configured trusted identities
06:18:07.465 [error] local node self-trust was not added: node signing public-key artifact is absent — continuing with configured trusted identities
06:18:07.471 [error] local node self-trust was not added: node signing public-key artifact is absent — continuing with configured trusted identities
06:18:07.482 [error] local node self-trust was not added: node signing public-key artifact is absent — continuing with configured trusted identities
.
Finished in 0.03 seconds (0.00s async, 0.03s sync)
3 tests, 0 failures, 2 excluded
Running ExUnit with seed: 493870, max_cases: 8
Excluding tags: [:test]
Including tags: [location: {"test/commonplace/cli/snapshot_test.exs", 114}]

CX_SNAPMECH cwd="/home/jes/sol-snapshot-fresh/wt/apps/commonplace_cli" configured="tmp/test_data" configured_read=%{compact: [], count: 3, ls: {:ok, ["node_id", "commits", "commits.lock"]}, exists?: true} commit_store_pid=#PID<0.279.0> commit_store_state_shape={true, [:data_dir, :db, :invariant_dispatcher, :local_write_gate, :lock_ref, :name, :pending_imports, :queue_poller, :trust_side_store]} cubdb_pid=#PID<0.282.0> cubdb_state_shape=CubDB.State cubdb_data_dir="tmp/test_data/commits" cubdb_read=%{compact: ["5.compact"], count: 2, ls: {:ok, ["5.compact", "4.cub"]}, exists?: true}
06:18:07.498 [error] local node self-trust was not added: node signing public-key artifact is absent — continuing with configured trusted identities
06:18:07.504 [error] local node self-trust was not added: node signing public-key artifact is absent — continuing with configured trusted identities
06:18:07.512 [error] local node self-trust was not added: node signing public-key artifact is absent — continuing with configured trusted identities
06:18:07.530 [error] local node self-trust was not added: node signing public-key artifact is absent — continuing with configured trusted identities
.
Finished in 0.04 seconds (0.00s async, 0.04s sync)
3 tests, 0 failures, 2 excluded
Running ExUnit with seed: 536632, max_cases: 8
Excluding tags: [:test]
Including tags: [location: {"test/commonplace/cli/snapshot_test.exs", 114}]

CX_SNAPMECH cwd="/home/jes/sol-snapshot-fresh/wt/apps/commonplace_cli" configured="tmp/test_data" configured_read=%{compact: [], count: 3, ls: {:ok, ["node_id", "commits", "commits.lock"]}, exists?: true} commit_store_pid=#PID<0.279.0> commit_store_state_shape={true, [:data_dir, :db, :invariant_dispatcher, :local_write_gate, :lock_ref, :name, :pending_imports, :queue_poller, :trust_side_store]} cubdb_pid=#PID<0.282.0> cubdb_state_shape=CubDB.State cubdb_data_dir="tmp/test_data/commits" cubdb_read=%{compact: ["5.compact"], count: 2, ls: {:ok, ["5.compact", "4.cub"]}, exists?: true}
06:18:07.539 [error] local node self-trust was not added: node signing public-key artifact is absent — continuing with configured trusted identities
06:18:07.543 [error] local node self-trust was not added: node signing public-key artifact is absent — continuing with configured trusted identities
06:18:07.550 [error] local node self-trust was not added: node signing public-key artifact is absent — continuing with configured trusted identities
06:18:07.561 [error] local node self-trust was not added: node signing public-key artifact is absent — continuing with configured trusted identities
.
Finished in 0.03 seconds (0.00s async, 0.03s sync)
3 tests, 0 failures, 2 excluded
Running ExUnit with seed: 572608, max_cases: 8
Excluding tags: [:test]
Including tags: [location: {"test/commonplace/cli/snapshot_test.exs", 114}]

06:18:07.575 [error] local node self-trust was not added: node signing public-key artifact is absent — continuing with configured trusted identities
CX_SNAPMECH cwd="/home/jes/sol-snapshot-fresh/wt/apps/commonplace_cli" configured="tmp/test_data" configured_read=%{compact: [], count: 3, ls: {:ok, ["node_id", "commits", "commits.lock"]}, exists?: true} commit_store_pid=#PID<0.279.0> commit_store_state_shape={true, [:data_dir, :db, :invariant_dispatcher, :local_write_gate, :lock_ref, :name, :pending_imports, :queue_poller, :trust_side_store]} cubdb_pid=#PID<0.282.0> cubdb_state_shape=CubDB.State cubdb_data_dir="tmp/test_data/commits" cubdb_read=%{compact: ["5.compact"], count: 2, ls: {:ok, ["5.compact", "4.cub"]}, exists?: true}
06:18:07.582 [error] local node self-trust was not added: node signing public-key artifact is absent — continuing with configured trusted identities
06:18:07.588 [error] local node self-trust was not added: node signing public-key artifact is absent — continuing with configured trusted identities
06:18:07.600 [error] local node self-trust was not added: node signing public-key artifact is absent — continuing with configured trusted identities
.
Finished in 0.03 seconds (0.00s async, 0.03s sync)
3 tests, 0 failures, 2 excluded
Running ExUnit with seed: 608052, max_cases: 8
Excluding tags: [:test]
Including tags: [location: {"test/commonplace/cli/snapshot_test.exs", 114}]

CX_SNAPMECH cwd="/home/jes/sol-snapshot-fresh/wt/apps/commonplace_cli" configured="tmp/test_data" configured_read=%{compact: [], count: 3, ls: {:ok, ["node_id", "commits", "commits.lock"]}, exists?: true} commit_store_pid=#PID<0.279.0> commit_store_state_shape={true, [:data_dir, :db, :invariant_dispatcher, :local_write_gate, :lock_ref, :name, :pending_imports, :queue_poller, :trust_side_store]} cubdb_pid=#PID<0.282.0> cubdb_state_shape=CubDB.State cubdb_data_dir="tmp/test_data/commits" cubdb_read=%{compact: [], count: 1, ls: {:ok, ["5.cub"]}, exists?: true}
06:18:07.615 [error] local node self-trust was not added: node signing public-key artifact is absent — continuing with configured trusted identities
06:18:07.619 [error] local node self-trust was not added: node signing public-key artifact is absent — continuing with configured trusted identities
06:18:07.624 [error] local node self-trust was not added: node signing public-key artifact is absent — continuing with configured trusted identities
06:18:07.635 [error] local node self-trust was not added: node signing public-key artifact is absent — continuing with configured trusted identities
.
Finished in 0.03 seconds (0.00s async, 0.03s sync)
3 tests, 0 failures, 2 excluded
Running ExUnit with seed: 641267, max_cases: 8
Excluding tags: [:test]
Including tags: [location: {"test/commonplace/cli/snapshot_test.exs", 114}]

CX_SNAPMECH cwd="/home/jes/sol-snapshot-fresh/wt/apps/commonplace_cli" configured="tmp/test_data" configured_read=%{compact: [], count: 3, ls: {:ok, ["node_id", "commits", "commits.lock"]}, exists?: true} commit_store_pid=#PID<0.279.0> commit_store_state_shape={true, [:data_dir, :db, :invariant_dispatcher, :local_write_gate, :lock_ref, :name, :pending_imports, :queue_poller, :trust_side_store]} cubdb_pid=#PID<0.282.0> cubdb_state_shape=CubDB.State cubdb_data_dir="tmp/test_data/commits" cubdb_read=%{compact: [], count: 1, ls: {:ok, ["5.cub"]}, exists?: true}
06:18:07.644 [error] local node self-trust was not added: node signing public-key artifact is absent — continuing with configured trusted identities
06:18:07.652 [error] local node self-trust was not added: node signing public-key artifact is absent — continuing with configured trusted identities
06:18:07.659 [error] local node self-trust was not added: node signing public-key artifact is absent — continuing with configured trusted identities
06:18:07.669 [error] local node self-trust was not added: node signing public-key artifact is absent — continuing with configured trusted identities
.
Finished in 0.03 seconds (0.00s async, 0.03s sync)
3 tests, 0 failures, 2 excluded
Running ExUnit with seed: 678830, max_cases: 8
Excluding tags: [:test]
Including tags: [location: {"test/commonplace/cli/snapshot_test.exs", 114}]

CX_SNAPMECH cwd="/home/jes/sol-snapshot-fresh/wt/apps/commonplace_cli" configured="tmp/test_data" configured_read=%{compact: [], count: 3, ls: {:ok, ["node_id", "commits", "commits.lock"]}, exists?: true} commit_store_pid=#PID<0.279.0> commit_store_state_shape={true, [:data_dir, :db, :invariant_dispatcher, :local_write_gate, :lock_ref, :name, :pending_imports, :queue_poller, :trust_side_store]} cubdb_pid=#PID<0.282.0> cubdb_state_shape=CubDB.State cubdb_data_dir="tmp/test_data/commits" cubdb_read=%{compact: [], count: 1, ls: {:ok, ["5.cub"]}, exists?: true}
06:18:07.681 [error] local node self-trust was not added: node signing public-key artifact is absent — continuing with configured trusted identities
06:18:07.688 [error] local node self-trust was not added: node signing public-key artifact is absent — continuing with configured trusted identities
06:18:07.694 [error] local node self-trust was not added: node signing public-key artifact is absent — continuing with configured trusted identities
06:18:07.703 [error] local node self-trust was not added: node signing public-key artifact is absent — continuing with configured trusted identities
.
Finished in 0.03 seconds (0.00s async, 0.03s sync)
3 tests, 0 failures, 2 excluded
Running ExUnit with seed: 710166, max_cases: 8
Excluding tags: [:test]
Including tags: [location: {"test/commonplace/cli/snapshot_test.exs", 114}]

CX_SNAPMECH cwd="/home/jes/sol-snapshot-fresh/wt/apps/commonplace_cli" configured="tmp/test_data" configured_read=%{compact: [], count: 3, ls: {:ok, ["node_id", "commits", "commits.lock"]}, exists?: true} commit_store_pid=#PID<0.279.0> commit_store_state_shape={true, [:data_dir, :db, :invariant_dispatcher, :local_write_gate, :lock_ref, :name, :pending_imports, :queue_poller, :trust_side_store]} cubdb_pid=#PID<0.282.0> cubdb_state_shape=CubDB.State cubdb_data_dir="tmp/test_data/commits" cubdb_read=%{compact: [], count: 1, ls: {:ok, ["5.cub"]}, exists?: true}
06:18:07.712 [error] local node self-trust was not added: node signing public-key artifact is absent — continuing with configured trusted identities
06:18:07.718 [error] local node self-trust was not added: node signing public-key artifact is absent — continuing with configured trusted identities
06:18:07.725 [error] local node self-trust was not added: node signing public-key artifact is absent — continuing with configured trusted identities
06:18:07.738 [error] local node self-trust was not added: node signing public-key artifact is absent — continuing with configured trusted identities
.
Finished in 0.03 seconds (0.00s async, 0.03s sync)
3 tests, 0 failures, 2 excluded
Running ExUnit with seed: 746634, max_cases: 8
Excluding tags: [:test]
Including tags: [location: {"test/commonplace/cli/snapshot_test.exs", 114}]

CX_SNAPMECH cwd="/home/jes/sol-snapshot-fresh/wt/apps/commonplace_cli" configured="tmp/test_data" configured_read=%{compact: [], count: 3, ls: {:ok, ["node_id", "commits", "commits.lock"]}, exists?: true} commit_store_pid=#PID<0.279.0> commit_store_state_shape={true, [:data_dir, :db, :invariant_dispatcher, :local_write_gate, :lock_ref, :name, :pending_imports, :queue_poller, :trust_side_store]} cubdb_pid=#PID<0.282.0> cubdb_state_shape=CubDB.State cubdb_data_dir="tmp/test_data/commits" cubdb_read=%{compact: [], count: 1, ls: {:ok, ["5.cub"]}, exists?: true}
06:18:07.750 [error] local node self-trust was not added: node signing public-key artifact is absent — continuing with configured trusted identities
06:18:07.757 [error] local node self-trust was not added: node signing public-key artifact is absent — continuing with configured trusted identities
06:18:07.764 [error] local node self-trust was not added: node signing public-key artifact is absent — continuing with configured trusted identities
06:18:07.776 [error] local node self-trust was not added: node signing public-key artifact is absent — continuing with configured trusted identities
.
Finished in 0.03 seconds (0.00s async, 0.03s sync)
3 tests, 0 failures, 2 excluded
Running ExUnit with seed: 784821, max_cases: 8
Excluding tags: [:test]
Including tags: [location: {"test/commonplace/cli/snapshot_test.exs", 114}]

CX_SNAPMECH cwd="/home/jes/sol-snapshot-fresh/wt/apps/commonplace_cli" configured="tmp/test_data" configured_read=%{compact: [], count: 3, ls: {:ok, ["node_id", "commits", "commits.lock"]}, exists?: true} commit_store_pid=#PID<0.279.0> commit_store_state_shape={true, [:data_dir, :db, :invariant_dispatcher, :local_write_gate, :lock_ref, :name, :pending_imports, :queue_poller, :trust_side_store]} cubdb_pid=#PID<0.282.0> cubdb_state_shape=CubDB.State cubdb_data_dir="tmp/test_data/commits" cubdb_read=%{compact: [], count: 1, ls: {:ok, ["5.cub"]}, exists?: true}
06:18:07.788 [error] local node self-trust was not added: node signing public-key artifact is absent — continuing with configured trusted identities
06:18:07.796 [error] local node self-trust was not added: node signing public-key artifact is absent — continuing with configured trusted identities
06:18:07.801 [error] local node self-trust was not added: node signing public-key artifact is absent — continuing with configured trusted identities
06:18:07.811 [error] local node self-trust was not added: node signing public-key artifact is absent — continuing with configured trusted identities
.
Finished in 0.03 seconds (0.00s async, 0.03s sync)
3 tests, 0 failures, 2 excluded
Running ExUnit with seed: 819450, max_cases: 8
Excluding tags: [:test]
Including tags: [location: {"test/commonplace/cli/snapshot_test.exs", 114}]

CX_SNAPMECH cwd="/home/jes/sol-snapshot-fresh/wt/apps/commonplace_cli" configured="tmp/test_data" configured_read=%{compact: [], count: 3, ls: {:ok, ["node_id", "commits", "commits.lock"]}, exists?: true} commit_store_pid=#PID<0.279.0> commit_store_state_shape={true, [:data_dir, :db, :invariant_dispatcher, :local_write_gate, :lock_ref, :name, :pending_imports, :queue_poller, :trust_side_store]} cubdb_pid=#PID<0.282.0> cubdb_state_shape=CubDB.State cubdb_data_dir="tmp/test_data/commits" cubdb_read=%{compact: [], count: 1, ls: {:ok, ["5.cub"]}, exists?: true}
06:18:07.826 [error] local node self-trust was not added: node signing public-key artifact is absent — continuing with configured trusted identities
06:18:07.833 [error] local node self-trust was not added: node signing public-key artifact is absent — continuing with configured trusted identities
06:18:07.838 [error] local node self-trust was not added: node signing public-key artifact is absent — continuing with configured trusted identities
06:18:07.848 [error] local node self-trust was not added: node signing public-key artifact is absent — continuing with configured trusted identities
.
Finished in 0.03 seconds (0.00s async, 0.03s sync)
3 tests, 0 failures, 2 excluded
Running ExUnit with seed: 853594, max_cases: 8
Excluding tags: [:test]
Including tags: [location: {"test/commonplace/cli/snapshot_test.exs", 114}]

CX_SNAPMECH cwd="/home/jes/sol-snapshot-fresh/wt/apps/commonplace_cli" configured="tmp/test_data" configured_read=%{compact: [], count: 3, ls: {:ok, ["node_id", "commits", "commits.lock"]}, exists?: true} commit_store_pid=#PID<0.279.0> commit_store_state_shape={true, [:data_dir, :db, :invariant_dispatcher, :local_write_gate, :lock_ref, :name, :pending_imports, :queue_poller, :trust_side_store]} cubdb_pid=#PID<0.282.0> cubdb_state_shape=CubDB.State cubdb_data_dir="tmp/test_data/commits" cubdb_read=%{compact: [], count: 1, ls: {:ok, ["5.cub"]}, exists?: true}
06:18:07.856 [error] local node self-trust was not added: node signing public-key artifact is absent — continuing with configured trusted identities
06:18:07.860 [error] local node self-trust was not added: node signing public-key artifact is absent — continuing with configured trusted identities
06:18:07.865 [error] local node self-trust was not added: node signing public-key artifact is absent — continuing with configured trusted identities
06:18:07.873 [error] local node self-trust was not added: node signing public-key artifact is absent — continuing with configured trusted identities
.
Finished in 0.02 seconds (0.00s async, 0.02s sync)
3 tests, 0 failures, 2 excluded
Running ExUnit with seed: 880748, max_cases: 8
Excluding tags: [:test]
Including tags: [location: {"test/commonplace/cli/snapshot_test.exs", 114}]

CX_SNAPMECH cwd="/home/jes/sol-snapshot-fresh/wt/apps/commonplace_cli" configured="tmp/test_data" configured_read=%{compact: [], count: 3, ls: {:ok, ["node_id", "commits", "commits.lock"]}, exists?: true} commit_store_pid=#PID<0.279.0> commit_store_state_shape={true, [:data_dir, :db, :invariant_dispatcher, :local_write_gate, :lock_ref, :name, :pending_imports, :queue_poller, :trust_side_store]} cubdb_pid=#PID<0.282.0> cubdb_state_shape=CubDB.State cubdb_data_dir="tmp/test_data/commits" cubdb_read=%{compact: [], count: 1, ls: {:ok, ["5.cub"]}, exists?: true}
06:18:07.883 [error] local node self-trust was not added: node signing public-key artifact is absent — continuing with configured trusted identities
06:18:07.889 [error] local node self-trust was not added: node signing public-key artifact is absent — continuing with configured trusted identities
06:18:07.894 [error] local node self-trust was not added: node signing public-key artifact is absent — continuing with configured trusted identities
06:18:07.905 [error] local node self-trust was not added: node signing public-key artifact is absent — continuing with configured trusted identities
.
Finished in 0.02 seconds (0.00s async, 0.02s sync)
3 tests, 0 failures, 2 excluded
Running ExUnit with seed: 910150, max_cases: 8
Excluding tags: [:test]
Including tags: [location: {"test/commonplace/cli/snapshot_test.exs", 114}]

CX_SNAPMECH cwd="/home/jes/sol-snapshot-fresh/wt/apps/commonplace_cli" configured="tmp/test_data" configured_read=%{compact: [], count: 3, ls: {:ok, ["node_id", "commits", "commits.lock"]}, exists?: true} commit_store_pid=#PID<0.279.0> commit_store_state_shape={true, [:data_dir, :db, :invariant_dispatcher, :local_write_gate, :lock_ref, :name, :pending_imports, :queue_poller, :trust_side_store]} cubdb_pid=#PID<0.282.0> cubdb_state_shape=CubDB.State cubdb_data_dir="tmp/test_data/commits" cubdb_read=%{compact: [], count: 1, ls: {:ok, ["5.cub"]}, exists?: true}
06:18:07.912 [error] local node self-trust was not added: node signing public-key artifact is absent — continuing with configured trusted identities
06:18:07.916 [error] local node self-trust was not added: node signing public-key artifact is absent — continuing with configured trusted identities
06:18:07.922 [error] local node self-trust was not added: node signing public-key artifact is absent — continuing with configured trusted identities
06:18:07.929 [error] local node self-trust was not added: node signing public-key artifact is absent — continuing with configured trusted identities
.
Finished in 0.02 seconds (0.00s async, 0.02s sync)
3 tests, 0 failures, 2 excluded
Running ExUnit with seed: 934605, max_cases: 8
Excluding tags: [:test]
Including tags: [location: {"test/commonplace/cli/snapshot_test.exs", 114}]

CX_SNAPMECH cwd="/home/jes/sol-snapshot-fresh/wt/apps/commonplace_cli" configured="tmp/test_data" configured_read=%{compact: [], count: 3, ls: {:ok, ["node_id", "commits", "commits.lock"]}, exists?: true} commit_store_pid=#PID<0.279.0> commit_store_state_shape={true, [:data_dir, :db, :invariant_dispatcher, :local_write_gate, :lock_ref, :name, :pending_imports, :queue_poller, :trust_side_store]} cubdb_pid=#PID<0.282.0> cubdb_state_shape=CubDB.State cubdb_data_dir="tmp/test_data/commits" cubdb_read=%{compact: [], count: 1, ls: {:ok, ["5.cub"]}, exists?: true}
06:18:07.936 [error] local node self-trust was not added: node signing public-key artifact is absent — continuing with configured trusted identities
06:18:07.941 [error] local node self-trust was not added: node signing public-key artifact is absent — continuing with configured trusted identities
06:18:07.945 [error] local node self-trust was not added: node signing public-key artifact is absent — continuing with configured trusted identities
06:18:07.956 [error] local node self-trust was not added: node signing public-key artifact is absent — continuing with configured trusted identities
.
Finished in 0.02 seconds (0.00s async, 0.02s sync)
3 tests, 0 failures, 2 excluded
Running ExUnit with seed: 963707, max_cases: 8
Excluding tags: [:test]
Including tags: [location: {"test/commonplace/cli/snapshot_test.exs", 114}]

CX_SNAPMECH cwd="/home/jes/sol-snapshot-fresh/wt/apps/commonplace_cli" configured="tmp/test_data" configured_read=%{compact: [], count: 3, ls: {:ok, ["node_id", "commits", "commits.lock"]}, exists?: true} commit_store_pid=#PID<0.279.0> commit_store_state_shape={true, [:data_dir, :db, :invariant_dispatcher, :local_write_gate, :lock_ref, :name, :pending_imports, :queue_poller, :trust_side_store]} cubdb_pid=#PID<0.282.0> cubdb_state_shape=CubDB.State cubdb_data_dir="tmp/test_data/commits" cubdb_read=%{compact: ["6.compact"], count: 2, ls: {:ok, ["5.cub", "6.compact"]}, exists?: true}
06:18:07.968 [error] local node self-trust was not added: node signing public-key artifact is absent — continuing with configured trusted identities
06:18:07.976 [error] local node self-trust was not added: node signing public-key artifact is absent — continuing with configured trusted identities
06:18:07.981 [error] local node self-trust was not added: node signing public-key artifact is absent — continuing with configured trusted identities
06:18:07.998 [error] local node self-trust was not added: node signing public-key artifact is absent — continuing with configured trusted identities
.
Finished in 0.04 seconds (0.00s async, 0.04s sync)
3 tests, 0 failures, 2 excluded
Running ExUnit with seed: 10498, max_cases: 8
Excluding tags: [:test]
Including tags: [location: {"test/commonplace/cli/snapshot_test.exs", 114}]

CX_SNAPMECH cwd="/home/jes/sol-snapshot-fresh/wt/apps/commonplace_cli" configured="tmp/test_data" configured_read=%{compact: [], count: 3, ls: {:ok, ["node_id", "commits", "commits.lock"]}, exists?: true} commit_store_pid=#PID<0.279.0> commit_store_state_shape={true, [:data_dir, :db, :invariant_dispatcher, :local_write_gate, :lock_ref, :name, :pending_imports, :queue_poller, :trust_side_store]} cubdb_pid=#PID<0.282.0> cubdb_state_shape=CubDB.State cubdb_data_dir="tmp/test_data/commits" cubdb_read=%{compact: ["6.compact"], count: 2, ls: {:ok, ["5.cub", "6.compact"]}, exists?: true}
06:18:08.015 [error] local node self-trust was not added: node signing public-key artifact is absent — continuing with configured trusted identities
06:18:08.023 [error] local node self-trust was not added: node signing public-key artifact is absent — continuing with configured trusted identities
06:18:08.036 [error] local node self-trust was not added: node signing public-key artifact is absent — continuing with configured trusted identities
06:18:08.055 [error] local node self-trust was not added: node signing public-key artifact is absent — continuing with configured trusted identities
.
Finished in 0.05 seconds (0.00s async, 0.05s sync)
3 tests, 0 failures, 2 excluded
Running ExUnit with seed: 68663, max_cases: 8
Excluding tags: [:test]
Including tags: [location: {"test/commonplace/cli/snapshot_test.exs", 114}]

CX_SNAPMECH cwd="/home/jes/sol-snapshot-fresh/wt/apps/commonplace_cli" configured="tmp/test_data" configured_read=%{compact: [], count: 3, ls: {:ok, ["node_id", "commits", "commits.lock"]}, exists?: true} commit_store_pid=#PID<0.279.0> commit_store_state_shape={true, [:data_dir, :db, :invariant_dispatcher, :local_write_gate, :lock_ref, :name, :pending_imports, :queue_poller, :trust_side_store]} cubdb_pid=#PID<0.282.0> cubdb_state_shape=CubDB.State cubdb_data_dir="tmp/test_data/commits" cubdb_read=%{compact: ["6.compact"], count: 2, ls: {:ok, ["5.cub", "6.compact"]}, exists?: true}
06:18:08.073 [error] local node self-trust was not added: node signing public-key artifact is absent — continuing with configured trusted identities
06:18:08.080 [error] local node self-trust was not added: node signing public-key artifact is absent — continuing with configured trusted identities
06:18:08.090 [error] local node self-trust was not added: node signing public-key artifact is absent — continuing with configured trusted identities
06:18:08.100 [error] local node self-trust was not added: node signing public-key artifact is absent — continuing with configured trusted identities
.
Finished in 0.03 seconds (0.00s async, 0.03s sync)
3 tests, 0 failures, 2 excluded
Running ExUnit with seed: 108609, max_cases: 8
Excluding tags: [:test]
Including tags: [location: {"test/commonplace/cli/snapshot_test.exs", 114}]

CX_SNAPMECH cwd="/home/jes/sol-snapshot-fresh/wt/apps/commonplace_cli" configured="tmp/test_data" configured_read=%{compact: [], count: 3, ls: {:ok, ["node_id", "commits", "commits.lock"]}, exists?: true} commit_store_pid=#PID<0.279.0> commit_store_state_shape={true, [:data_dir, :db, :invariant_dispatcher, :local_write_gate, :lock_ref, :name, :pending_imports, :queue_poller, :trust_side_store]} cubdb_pid=#PID<0.282.0> cubdb_state_shape=CubDB.State cubdb_data_dir="tmp/test_data/commits" cubdb_read=%{compact: ["6.compact"], count: 2, ls: {:ok, ["5.cub", "6.compact"]}, exists?: true}
06:18:08.111 [error] local node self-trust was not added: node signing public-key artifact is absent — continuing with configured trusted identities
06:18:08.120 [error] local node self-trust was not added: node signing public-key artifact is absent — continuing with configured trusted identities
06:18:08.125 [error] local node self-trust was not added: node signing public-key artifact is absent — continuing with configured trusted identities
06:18:08.133 [error] local node self-trust was not added: node signing public-key artifact is absent — continuing with configured trusted identities
.
Finished in 0.03 seconds (0.00s async, 0.03s sync)
3 tests, 0 failures, 2 excluded
Running ExUnit with seed: 145337, max_cases: 8
Excluding tags: [:test]
Including tags: [location: {"test/commonplace/cli/snapshot_test.exs", 114}]

CX_SNAPMECH cwd="/home/jes/sol-snapshot-fresh/wt/apps/commonplace_cli" configured="tmp/test_data" configured_read=%{compact: [], count: 3, ls: {:ok, ["node_id", "commits", "commits.lock"]}, exists?: true} commit_store_pid=#PID<0.279.0> commit_store_state_shape={true, [:data_dir, :db, :invariant_dispatcher, :local_write_gate, :lock_ref, :name, :pending_imports, :queue_poller, :trust_side_store]} cubdb_pid=#PID<0.282.0> cubdb_state_shape=CubDB.State cubdb_data_dir="tmp/test_data/commits" cubdb_read=%{compact: ["6.compact"], count: 2, ls: {:ok, ["5.cub", "6.compact"]}, exists?: true}
06:18:08.151 [error] local node self-trust was not added: node signing public-key artifact is absent — continuing with configured trusted identities
06:18:08.163 [error] local node self-trust was not added: node signing public-key artifact is absent — continuing with configured trusted identities
06:18:08.171 [error] local node self-trust was not added: node signing public-key artifact is absent — continuing with configured trusted identities
06:18:08.193 [error] local node self-trust was not added: node signing public-key artifact is absent — continuing with configured trusted identities
.
Finished in 0.05 seconds (0.00s async, 0.05s sync)
3 tests, 0 failures, 2 excluded
Running ExUnit with seed: 204676, max_cases: 8
Excluding tags: [:test]
Including tags: [location: {"test/commonplace/cli/snapshot_test.exs", 114}]

CX_SNAPMECH cwd="/home/jes/sol-snapshot-fresh/wt/apps/commonplace_cli" configured="tmp/test_data" configured_read=%{compact: [], count: 3, ls: {:ok, ["node_id", "commits", "commits.lock"]}, exists?: true} commit_store_pid=#PID<0.279.0> commit_store_state_shape={true, [:data_dir, :db, :invariant_dispatcher, :local_write_gate, :lock_ref, :name, :pending_imports, :queue_poller, :trust_side_store]} cubdb_pid=#PID<0.282.0> cubdb_state_shape=CubDB.State cubdb_data_dir="tmp/test_data/commits" cubdb_read=%{compact: ["6.compact"], count: 2, ls: {:ok, ["5.cub", "6.compact"]}, exists?: true}
06:18:08.208 [error] local node self-trust was not added: node signing public-key artifact is absent — continuing with configured trusted identities
06:18:08.218 [error] local node self-trust was not added: node signing public-key artifact is absent — continuing with configured trusted identities
06:18:08.227 [error] local node self-trust was not added: node signing public-key artifact is absent — continuing with configured trusted identities
06:18:08.253 [error] local node self-trust was not added: node signing public-key artifact is absent — continuing with configured trusted identities
.
Finished in 0.05 seconds (0.00s async, 0.05s sync)
3 tests, 0 failures, 2 excluded
Running ExUnit with seed: 263998, max_cases: 8
Excluding tags: [:test]
Including tags: [location: {"test/commonplace/cli/snapshot_test.exs", 114}]

CX_SNAPMECH cwd="/home/jes/sol-snapshot-fresh/wt/apps/commonplace_cli" configured="tmp/test_data" configured_read=%{compact: [], count: 3, ls: {:ok, ["node_id", "commits", "commits.lock"]}, exists?: true} commit_store_pid=#PID<0.279.0> commit_store_state_shape={true, [:data_dir, :db, :invariant_dispatcher, :local_write_gate, :lock_ref, :name, :pending_imports, :queue_poller, :trust_side_store]} cubdb_pid=#PID<0.282.0> cubdb_state_shape=CubDB.State cubdb_data_dir="tmp/test_data/commits" cubdb_read=%{compact: ["6.compact"], count: 2, ls: {:ok, ["5.cub", "6.compact"]}, exists?: true}
06:18:08.271 [error] local node self-trust was not added: node signing public-key artifact is absent — continuing with configured trusted identities
06:18:08.283 [error] local node self-trust was not added: node signing public-key artifact is absent — continuing with configured trusted identities
06:18:08.289 [error] local node self-trust was not added: node signing public-key artifact is absent — continuing with configured trusted identities
06:18:08.311 [error] local node self-trust was not added: node signing public-key artifact is absent — continuing with configured trusted identities
.
Finished in 0.05 seconds (0.00s async, 0.05s sync)
3 tests, 0 failures, 2 excluded
Running ExUnit with seed: 323171, max_cases: 8
Excluding tags: [:test]
Including tags: [location: {"test/commonplace/cli/snapshot_test.exs", 114}]

CX_SNAPMECH cwd="/home/jes/sol-snapshot-fresh/wt/apps/commonplace_cli" configured="tmp/test_data" configured_read=%{compact: [], count: 3, ls: {:ok, ["node_id", "commits", "commits.lock"]}, exists?: true} commit_store_pid=#PID<0.279.0> commit_store_state_shape={true, [:data_dir, :db, :invariant_dispatcher, :local_write_gate, :lock_ref, :name, :pending_imports, :queue_poller, :trust_side_store]} cubdb_pid=#PID<0.282.0> cubdb_state_shape=CubDB.State cubdb_data_dir="tmp/test_data/commits" cubdb_read=%{compact: ["6.compact"], count: 2, ls: {:ok, ["5.cub", "6.compact"]}, exists?: true}
06:18:08.326 [error] local node self-trust was not added: node signing public-key artifact is absent — continuing with configured trusted identities
06:18:08.336 [error] local node self-trust was not added: node signing public-key artifact is absent — continuing with configured trusted identities
06:18:08.347 [error] local node self-trust was not added: node signing public-key artifact is absent — continuing with configured trusted identities
06:18:08.369 [error] local node self-trust was not added: node signing public-key artifact is absent — continuing with configured trusted identities
.
Finished in 0.06 seconds (0.00s async, 0.06s sync)
3 tests, 0 failures, 2 excluded
Running ExUnit with seed: 387624, max_cases: 8
Excluding tags: [:test]
Including tags: [location: {"test/commonplace/cli/snapshot_test.exs", 114}]

CX_SNAPMECH cwd="/home/jes/sol-snapshot-fresh/wt/apps/commonplace_cli" configured="tmp/test_data" configured_read=%{compact: [], count: 3, ls: {:ok, ["node_id", "commits", "commits.lock"]}, exists?: true} commit_store_pid=#PID<0.279.0> commit_store_state_shape={true, [:data_dir, :db, :invariant_dispatcher, :local_write_gate, :lock_ref, :name, :pending_imports, :queue_poller, :trust_side_store]} cubdb_pid=#PID<0.282.0> cubdb_state_shape=CubDB.State cubdb_data_dir="tmp/test_data/commits" cubdb_read=%{compact: ["6.compact"], count: 2, ls: {:ok, ["5.cub", "6.compact"]}, exists?: true}
06:18:08.393 [error] local node self-trust was not added: node signing public-key artifact is absent — continuing with configured trusted identities
06:18:08.401 [error] local node self-trust was not added: node signing public-key artifact is absent — continuing with configured trusted identities
06:18:08.409 [error] local node self-trust was not added: node signing public-key artifact is absent — continuing with configured trusted identities
06:18:08.438 [error] local node self-trust was not added: node signing public-key artifact is absent — continuing with configured trusted identities
.
Finished in 0.05 seconds (0.00s async, 0.05s sync)
3 tests, 0 failures, 2 excluded
Running ExUnit with seed: 444916, max_cases: 8
Excluding tags: [:test]
Including tags: [location: {"test/commonplace/cli/snapshot_test.exs", 114}]

CX_SNAPMECH cwd="/home/jes/sol-snapshot-fresh/wt/apps/commonplace_cli" configured="tmp/test_data" configured_read=%{compact: [], count: 3, ls: {:ok, ["node_id", "commits", "commits.lock"]}, exists?: true} commit_store_pid=#PID<0.279.0> commit_store_state_shape={true, [:data_dir, :db, :invariant_dispatcher, :local_write_gate, :lock_ref, :name, :pending_imports, :queue_poller, :trust_side_store]} cubdb_pid=#PID<0.282.0> cubdb_state_shape=CubDB.State cubdb_data_dir="tmp/test_data/commits" cubdb_read=%{compact: [], count: 1, ls: {:ok, ["6.cub"]}, exists?: true}
06:18:08.448 [error] local node self-trust was not added: node signing public-key artifact is absent — continuing with configured trusted identities
06:18:08.454 [error] local node self-trust was not added: node signing public-key artifact is absent — continuing with configured trusted identities
06:18:08.461 [error] local node self-trust was not added: node signing public-key artifact is absent — continuing with configured trusted identities
06:18:08.471 [error] local node self-trust was not added: node signing public-key artifact is absent — continuing with configured trusted identities
.
Finished in 0.03 seconds (0.00s async, 0.03s sync)
3 tests, 0 failures, 2 excluded
Running ExUnit with seed: 479026, max_cases: 8
Excluding tags: [:test]
Including tags: [location: {"test/commonplace/cli/snapshot_test.exs", 114}]

CX_SNAPMECH cwd="/home/jes/sol-snapshot-fresh/wt/apps/commonplace_cli" configured="tmp/test_data" configured_read=%{compact: [], count: 3, ls: {:ok, ["node_id", "commits", "commits.lock"]}, exists?: true} commit_store_pid=#PID<0.279.0> commit_store_state_shape={true, [:data_dir, :db, :invariant_dispatcher, :local_write_gate, :lock_ref, :name, :pending_imports, :queue_poller, :trust_side_store]} cubdb_pid=#PID<0.282.0> cubdb_state_shape=CubDB.State cubdb_data_dir="tmp/test_data/commits" cubdb_read=%{compact: [], count: 1, ls: {:ok, ["6.cub"]}, exists?: true}
06:18:08.481 [error] local node self-trust was not added: node signing public-key artifact is absent — continuing with configured trusted identities
06:18:08.486 [error] local node self-trust was not added: node signing public-key artifact is absent — continuing with configured trusted identities
06:18:08.492 [error] local node self-trust was not added: node signing public-key artifact is absent — continuing with configured trusted identities
06:18:08.500 [error] local node self-trust was not added: node signing public-key artifact is absent — continuing with configured trusted identities
.
Finished in 0.02 seconds (0.00s async, 0.02s sync)
3 tests, 0 failures, 2 excluded
Running ExUnit with seed: 507799, max_cases: 8
Excluding tags: [:test]
Including tags: [location: {"test/commonplace/cli/snapshot_test.exs", 114}]

CX_SNAPMECH cwd="/home/jes/sol-snapshot-fresh/wt/apps/commonplace_cli" configured="tmp/test_data" configured_read=%{compact: [], count: 3, ls: {:ok, ["node_id", "commits", "commits.lock"]}, exists?: true} commit_store_pid=#PID<0.279.0> commit_store_state_shape={true, [:data_dir, :db, :invariant_dispatcher, :local_write_gate, :lock_ref, :name, :pending_imports, :queue_poller, :trust_side_store]} cubdb_pid=#PID<0.282.0> cubdb_state_shape=CubDB.State cubdb_data_dir="tmp/test_data/commits" cubdb_read=%{compact: [], count: 1, ls: {:ok, ["6.cub"]}, exists?: true}
06:18:08.509 [error] local node self-trust was not added: node signing public-key artifact is absent — continuing with configured trusted identities
06:18:08.517 [error] local node self-trust was not added: node signing public-key artifact is absent — continuing with configured trusted identities
06:18:08.520 [error] local node self-trust was not added: node signing public-key artifact is absent — continuing with configured trusted identities
06:18:08.531 [error] local node self-trust was not added: node signing public-key artifact is absent — continuing with configured trusted identities
.
Finished in 0.02 seconds (0.00s async, 0.02s sync)
3 tests, 0 failures, 2 excluded
Running ExUnit with seed: 537117, max_cases: 8
Excluding tags: [:test]
Including tags: [location: {"test/commonplace/cli/snapshot_test.exs", 114}]

CX_SNAPMECH cwd="/home/jes/sol-snapshot-fresh/wt/apps/commonplace_cli" configured="tmp/test_data" configured_read=%{compact: [], count: 3, ls: {:ok, ["node_id", "commits", "commits.lock"]}, exists?: true} commit_store_pid=#PID<0.279.0> commit_store_state_shape={true, [:data_dir, :db, :invariant_dispatcher, :local_write_gate, :lock_ref, :name, :pending_imports, :queue_poller, :trust_side_store]} cubdb_pid=#PID<0.282.0> cubdb_state_shape=CubDB.State cubdb_data_dir="tmp/test_data/commits" cubdb_read=%{compact: [], count: 1, ls: {:ok, ["6.cub"]}, exists?: true}
06:18:08.539 [error] local node self-trust was not added: node signing public-key artifact is absent — continuing with configured trusted identities
06:18:08.544 [error] local node self-trust was not added: node signing public-key artifact is absent — continuing with configured trusted identities
06:18:08.550 [error] local node self-trust was not added: node signing public-key artifact is absent — continuing with configured trusted identities
06:18:08.556 [error] local node self-trust was not added: node signing public-key artifact is absent — continuing with configured trusted identities
.
Finished in 0.02 seconds (0.00s async, 0.02s sync)
3 tests, 0 failures, 2 excluded
Running ExUnit with seed: 564799, max_cases: 8
Excluding tags: [:test]
Including tags: [location: {"test/commonplace/cli/snapshot_test.exs", 114}]

CX_SNAPMECH cwd="/home/jes/sol-snapshot-fresh/wt/apps/commonplace_cli" configured="tmp/test_data" configured_read=%{compact: [], count: 3, ls: {:ok, ["node_id", "commits", "commits.lock"]}, exists?: true} commit_store_pid=#PID<0.279.0> commit_store_state_shape={true, [:data_dir, :db, :invariant_dispatcher, :local_write_gate, :lock_ref, :name, :pending_imports, :queue_poller, :trust_side_store]} cubdb_pid=#PID<0.282.0> cubdb_state_shape=CubDB.State cubdb_data_dir="tmp/test_data/commits" cubdb_read=%{compact: [], count: 1, ls: {:ok, ["6.cub"]}, exists?: true}
06:18:08.567 [error] local node self-trust was not added: node signing public-key artifact is absent — continuing with configured trusted identities
06:18:08.575 [error] local node self-trust was not added: node signing public-key artifact is absent — continuing with configured trusted identities
06:18:08.579 [error] local node self-trust was not added: node signing public-key artifact is absent — continuing with configured trusted identities
06:18:08.587 [error] local node self-trust was not added: node signing public-key artifact is absent — continuing with configured trusted identities
.
Finished in 0.02 seconds (0.00s async, 0.02s sync)
3 tests, 0 failures, 2 excluded
Running ExUnit with seed: 595708, max_cases: 8
Excluding tags: [:test]
Including tags: [location: {"test/commonplace/cli/snapshot_test.exs", 114}]

CX_SNAPMECH cwd="/home/jes/sol-snapshot-fresh/wt/apps/commonplace_cli" configured="tmp/test_data" configured_read=%{compact: [], count: 3, ls: {:ok, ["node_id", "commits", "commits.lock"]}, exists?: true} commit_store_pid=#PID<0.279.0> commit_store_state_shape={true, [:data_dir, :db, :invariant_dispatcher, :local_write_gate, :lock_ref, :name, :pending_imports, :queue_poller, :trust_side_store]} cubdb_pid=#PID<0.282.0> cubdb_state_shape=CubDB.State cubdb_data_dir="tmp/test_data/commits" cubdb_read=%{compact: [], count: 1, ls: {:ok, ["6.cub"]}, exists?: true}
06:18:08.598 [error] local node self-trust was not added: node signing public-key artifact is absent — continuing with configured trusted identities
06:18:08.607 [error] local node self-trust was not added: node signing public-key artifact is absent — continuing with configured trusted identities
06:18:08.616 [error] local node self-trust was not added: node signing public-key artifact is absent — continuing with configured trusted identities
06:18:08.624 [error] local node self-trust was not added: node signing public-key artifact is absent — continuing with configured trusted identities
.
Finished in 0.03 seconds (0.00s async, 0.03s sync)
3 tests, 0 failures, 2 excluded
Running ExUnit with seed: 634307, max_cases: 8
Excluding tags: [:test]
Including tags: [location: {"test/commonplace/cli/snapshot_test.exs", 114}]

CX_SNAPMECH cwd="/home/jes/sol-snapshot-fresh/wt/apps/commonplace_cli" configured="tmp/test_data" configured_read=%{compact: [], count: 3, ls: {:ok, ["node_id", "commits", "commits.lock"]}, exists?: true} commit_store_pid=#PID<0.279.0> commit_store_state_shape={true, [:data_dir, :db, :invariant_dispatcher, :local_write_gate, :lock_ref, :name, :pending_imports, :queue_poller, :trust_side_store]} cubdb_pid=#PID<0.282.0> cubdb_state_shape=CubDB.State cubdb_data_dir="tmp/test_data/commits" cubdb_read=%{compact: [], count: 1, ls: {:ok, ["6.cub"]}, exists?: true}
06:18:08.639 [error] local node self-trust was not added: node signing public-key artifact is absent — continuing with configured trusted identities
06:18:08.646 [error] local node self-trust was not added: node signing public-key artifact is absent — continuing with configured trusted identities
06:18:08.656 [error] local node self-trust was not added: node signing public-key artifact is absent — continuing with configured trusted identities
06:18:08.669 [error] local node self-trust was not added: node signing public-key artifact is absent — continuing with configured trusted identities
.
Finished in 0.04 seconds (0.00s async, 0.04s sync)
3 tests, 0 failures, 2 excluded
Running ExUnit with seed: 677532, max_cases: 8
Excluding tags: [:test]
Including tags: [location: {"test/commonplace/cli/snapshot_test.exs", 114}]

CX_SNAPMECH cwd="/home/jes/sol-snapshot-fresh/wt/apps/commonplace_cli" configured="tmp/test_data" configured_read=%{compact: [], count: 3, ls: {:ok, ["node_id", "commits", "commits.lock"]}, exists?: true} commit_store_pid=#PID<0.279.0> commit_store_state_shape={true, [:data_dir, :db, :invariant_dispatcher, :local_write_gate, :lock_ref, :name, :pending_imports, :queue_poller, :trust_side_store]} cubdb_pid=#PID<0.282.0> cubdb_state_shape=CubDB.State cubdb_data_dir="tmp/test_data/commits" cubdb_read=%{compact: [], count: 1, ls: {:ok, ["6.cub"]}, exists?: true}
06:18:08.680 [error] local node self-trust was not added: node signing public-key artifact is absent — continuing with configured trusted identities
06:18:08.687 [error] local node self-trust was not added: node signing public-key artifact is absent — continuing with configured trusted identities
06:18:08.694 [error] local node self-trust was not added: node signing public-key artifact is absent — continuing with configured trusted identities
06:18:08.705 [error] local node self-trust was not added: node signing public-key artifact is absent — continuing with configured trusted identities
.
Finished in 0.03 seconds (0.00s async, 0.03s sync)
3 tests, 0 failures, 2 excluded
Running ExUnit with seed: 712716, max_cases: 8
Excluding tags: [:test]
Including tags: [location: {"test/commonplace/cli/snapshot_test.exs", 114}]

CX_SNAPMECH cwd="/home/jes/sol-snapshot-fresh/wt/apps/commonplace_cli" configured="tmp/test_data" configured_read=%{compact: [], count: 3, ls: {:ok, ["node_id", "commits", "commits.lock"]}, exists?: true} commit_store_pid=#PID<0.279.0> commit_store_state_shape={true, [:data_dir, :db, :invariant_dispatcher, :local_write_gate, :lock_ref, :name, :pending_imports, :queue_poller, :trust_side_store]} cubdb_pid=#PID<0.282.0> cubdb_state_shape=CubDB.State cubdb_data_dir="tmp/test_data/commits" cubdb_read=%{compact: [], count: 1, ls: {:ok, ["6.cub"]}, exists?: true}
06:18:08.716 [error] local node self-trust was not added: node signing public-key artifact is absent — continuing with configured trusted identities
06:18:08.723 [error] local node self-trust was not added: node signing public-key artifact is absent — continuing with configured trusted identities
06:18:08.728 [error] local node self-trust was not added: node signing public-key artifact is absent — continuing with configured trusted identities
06:18:08.736 [error] local node self-trust was not added: node signing public-key artifact is absent — continuing with configured trusted identities
.
Finished in 0.02 seconds (0.00s async, 0.02s sync)
3 tests, 0 failures, 2 excluded
Running ExUnit with seed: 742753, max_cases: 8
Excluding tags: [:test]
Including tags: [location: {"test/commonplace/cli/snapshot_test.exs", 114}]

CX_SNAPMECH cwd="/home/jes/sol-snapshot-fresh/wt/apps/commonplace_cli" configured="tmp/test_data" configured_read=%{compact: [], count: 3, ls: {:ok, ["node_id", "commits", "commits.lock"]}, exists?: true} commit_store_pid=#PID<0.279.0> commit_store_state_shape={true, [:data_dir, :db, :invariant_dispatcher, :local_write_gate, :lock_ref, :name, :pending_imports, :queue_poller, :trust_side_store]} cubdb_pid=#PID<0.282.0> cubdb_state_shape=CubDB.State cubdb_data_dir="tmp/test_data/commits" cubdb_read=%{compact: [], count: 1, ls: {:ok, ["6.cub"]}, exists?: true}
06:18:08.748 [error] local node self-trust was not added: node signing public-key artifact is absent — continuing with configured trusted identities
06:18:08.755 [error] local node self-trust was not added: node signing public-key artifact is absent — continuing with configured trusted identities
06:18:08.762 [error] local node self-trust was not added: node signing public-key artifact is absent — continuing with configured trusted identities
06:18:08.773 [error] local node self-trust was not added: node signing public-key artifact is absent — continuing with configured trusted identities
.
Finished in 0.03 seconds (0.00s async, 0.03s sync)
3 tests, 0 failures, 2 excluded
Running ExUnit with seed: 779841, max_cases: 8
Excluding tags: [:test]
Including tags: [location: {"test/commonplace/cli/snapshot_test.exs", 114}]

CX_SNAPMECH cwd="/home/jes/sol-snapshot-fresh/wt/apps/commonplace_cli" configured="tmp/test_data" configured_read=%{compact: [], count: 3, ls: {:ok, ["node_id", "commits", "commits.lock"]}, exists?: true} commit_store_pid=#PID<0.279.0> commit_store_state_shape={true, [:data_dir, :db, :invariant_dispatcher, :local_write_gate, :lock_ref, :name, :pending_imports, :queue_poller, :trust_side_store]} cubdb_pid=#PID<0.282.0> cubdb_state_shape=CubDB.State cubdb_data_dir="tmp/test_data/commits" cubdb_read=%{compact: [], count: 1, ls: {:ok, ["6.cub"]}, exists?: true}
06:18:08.781 [error] local node self-trust was not added: node signing public-key artifact is absent — continuing with configured trusted identities
06:18:08.786 [error] local node self-trust was not added: node signing public-key artifact is absent — continuing with configured trusted identities
06:18:08.791 [error] local node self-trust was not added: node signing public-key artifact is absent — continuing with configured trusted identities
06:18:08.797 [error] local node self-trust was not added: node signing public-key artifact is absent — continuing with configured trusted identities
.
Finished in 0.02 seconds (0.00s async, 0.02s sync)
3 tests, 0 failures, 2 excluded
Running ExUnit with seed: 806401, max_cases: 8
Excluding tags: [:test]
Including tags: [location: {"test/commonplace/cli/snapshot_test.exs", 114}]

CX_SNAPMECH cwd="/home/jes/sol-snapshot-fresh/wt/apps/commonplace_cli" configured="tmp/test_data" configured_read=%{compact: [], count: 3, ls: {:ok, ["node_id", "commits", "commits.lock"]}, exists?: true} commit_store_pid=#PID<0.279.0> commit_store_state_shape={true, [:data_dir, :db, :invariant_dispatcher, :local_write_gate, :lock_ref, :name, :pending_imports, :queue_poller, :trust_side_store]} cubdb_pid=#PID<0.282.0> cubdb_state_shape=CubDB.State cubdb_data_dir="tmp/test_data/commits" cubdb_read=%{compact: [], count: 1, ls: {:ok, ["6.cub"]}, exists?: true}
06:18:08.809 [error] local node self-trust was not added: node signing public-key artifact is absent — continuing with configured trusted identities
06:18:08.816 [error] local node self-trust was not added: node signing public-key artifact is absent — continuing with configured trusted identities
06:18:08.821 [error] local node self-trust was not added: node signing public-key artifact is absent — continuing with configured trusted identities
06:18:08.835 [error] local node self-trust was not added: node signing public-key artifact is absent — continuing with configured trusted identities
.
Finished in 0.03 seconds (0.00s async, 0.03s sync)
3 tests, 0 failures, 2 excluded
Running ExUnit with seed: 841917, max_cases: 8
Excluding tags: [:test]
Including tags: [location: {"test/commonplace/cli/snapshot_test.exs", 114}]

CX_SNAPMECH cwd="/home/jes/sol-snapshot-fresh/wt/apps/commonplace_cli" configured="tmp/test_data" configured_read=%{compact: [], count: 3, ls: {:ok, ["node_id", "commits", "commits.lock"]}, exists?: true} commit_store_pid=#PID<0.279.0> commit_store_state_shape={true, [:data_dir, :db, :invariant_dispatcher, :local_write_gate, :lock_ref, :name, :pending_imports, :queue_poller, :trust_side_store]} cubdb_pid=#PID<0.282.0> cubdb_state_shape=CubDB.State cubdb_data_dir="tmp/test_data/commits" cubdb_read=%{compact: [], count: 1, ls: {:ok, ["6.cub"]}, exists?: true}
06:18:08.846 [error] local node self-trust was not added: node signing public-key artifact is absent — continuing with configured trusted identities
06:18:08.853 [error] local node self-trust was not added: node signing public-key artifact is absent — continuing with configured trusted identities
06:18:08.858 [error] local node self-trust was not added: node signing public-key artifact is absent — continuing with configured trusted identities
06:18:08.867 [error] local node self-trust was not added: node signing public-key artifact is absent — continuing with configured trusted identities
.
Finished in 0.02 seconds (0.00s async, 0.02s sync)
3 tests, 0 failures, 2 excluded
Running ExUnit with seed: 872121, max_cases: 8
Excluding tags: [:test]
Including tags: [location: {"test/commonplace/cli/snapshot_test.exs", 114}]

CX_SNAPMECH cwd="/home/jes/sol-snapshot-fresh/wt/apps/commonplace_cli" configured="tmp/test_data" configured_read=%{compact: [], count: 3, ls: {:ok, ["node_id", "commits", "commits.lock"]}, exists?: true} commit_store_pid=#PID<0.279.0> commit_store_state_shape={true, [:data_dir, :db, :invariant_dispatcher, :local_write_gate, :lock_ref, :name, :pending_imports, :queue_poller, :trust_side_store]} cubdb_pid=#PID<0.282.0> cubdb_state_shape=CubDB.State cubdb_data_dir="tmp/test_data/commits" cubdb_read=%{compact: [], count: 1, ls: {:ok, ["6.cub"]}, exists?: true}
06:18:08.874 [error] local node self-trust was not added: node signing public-key artifact is absent — continuing with configured trusted identities
06:18:08.878 [error] local node self-trust was not added: node signing public-key artifact is absent — continuing with configured trusted identities
06:18:08.882 [error] local node self-trust was not added: node signing public-key artifact is absent — continuing with configured trusted identities
06:18:08.889 [error] local node self-trust was not added: node signing public-key artifact is absent — continuing with configured trusted identities
.
Finished in 0.02 seconds (0.00s async, 0.02s sync)
3 tests, 0 failures, 2 excluded
Running ExUnit with seed: 898830, max_cases: 8
Excluding tags: [:test]
Including tags: [location: {"test/commonplace/cli/snapshot_test.exs", 114}]

CX_SNAPMECH cwd="/home/jes/sol-snapshot-fresh/wt/apps/commonplace_cli" configured="tmp/test_data" configured_read=%{compact: [], count: 3, ls: {:ok, ["node_id", "commits", "commits.lock"]}, exists?: true} commit_store_pid=#PID<0.279.0> commit_store_state_shape={true, [:data_dir, :db, :invariant_dispatcher, :local_write_gate, :lock_ref, :name, :pending_imports, :queue_poller, :trust_side_store]} cubdb_pid=#PID<0.282.0> cubdb_state_shape=CubDB.State cubdb_data_dir="tmp/test_data/commits" cubdb_read=%{compact: [], count: 1, ls: {:ok, ["6.cub"]}, exists?: true}
06:18:08.904 [error] local node self-trust was not added: node signing public-key artifact is absent — continuing with configured trusted identities
06:18:08.911 [error] local node self-trust was not added: node signing public-key artifact is absent — continuing with configured trusted identities
06:18:08.918 [error] local node self-trust was not added: node signing public-key artifact is absent — continuing with configured trusted identities
06:18:08.930 [error] local node self-trust was not added: node signing public-key artifact is absent — continuing with configured trusted identities
.
Finished in 0.03 seconds (0.00s async, 0.03s sync)
3 tests, 0 failures, 2 excluded
Running ExUnit with seed: 939377, max_cases: 8
Excluding tags: [:test]
Including tags: [location: {"test/commonplace/cli/snapshot_test.exs", 114}]

CX_SNAPMECH cwd="/home/jes/sol-snapshot-fresh/wt/apps/commonplace_cli" configured="tmp/test_data" configured_read=%{compact: [], count: 3, ls: {:ok, ["node_id", "commits", "commits.lock"]}, exists?: true} commit_store_pid=#PID<0.279.0> commit_store_state_shape={true, [:data_dir, :db, :invariant_dispatcher, :local_write_gate, :lock_ref, :name, :pending_imports, :queue_poller, :trust_side_store]} cubdb_pid=#PID<0.282.0> cubdb_state_shape=CubDB.State cubdb_data_dir="tmp/test_data/commits" cubdb_read=%{compact: [], count: 1, ls: {:ok, ["6.cub"]}, exists?: true}
06:18:08.940 [error] local node self-trust was not added: node signing public-key artifact is absent — continuing with configured trusted identities
06:18:08.948 [error] local node self-trust was not added: node signing public-key artifact is absent — continuing with configured trusted identities
06:18:08.953 [error] local node self-trust was not added: node signing public-key artifact is absent — continuing with configured trusted identities
06:18:08.964 [error] local node self-trust was not added: node signing public-key artifact is absent — continuing with configured trusted identities
.
Finished in 0.02 seconds (0.00s async, 0.02s sync)
3 tests, 0 failures, 2 excluded
Running ExUnit with seed: 969402, max_cases: 8
Excluding tags: [:test]
Including tags: [location: {"test/commonplace/cli/snapshot_test.exs", 114}]

CX_SNAPMECH cwd="/home/jes/sol-snapshot-fresh/wt/apps/commonplace_cli" configured="tmp/test_data" configured_read=%{compact: [], count: 3, ls: {:ok, ["node_id", "commits", "commits.lock"]}, exists?: true} commit_store_pid=#PID<0.279.0> commit_store_state_shape={true, [:data_dir, :db, :invariant_dispatcher, :local_write_gate, :lock_ref, :name, :pending_imports, :queue_poller, :trust_side_store]} cubdb_pid=#PID<0.282.0> cubdb_state_shape=CubDB.State cubdb_data_dir="tmp/test_data/commits" cubdb_read=%{compact: [], count: 1, ls: {:ok, ["6.cub"]}, exists?: true}
06:18:08.973 [error] local node self-trust was not added: node signing public-key artifact is absent — continuing with configured trusted identities
06:18:08.980 [error] local node self-trust was not added: node signing public-key artifact is absent — continuing with configured trusted identities
06:18:08.988 [error] local node self-trust was not added: node signing public-key artifact is absent — continuing with configured trusted identities
06:18:09.001 [error] local node self-trust was not added: node signing public-key artifact is absent — continuing with configured trusted identities
.
Finished in 0.03 seconds (0.00s async, 0.03s sync)
3 tests, 0 failures, 2 excluded
Running ExUnit with seed: 11630, max_cases: 8
Excluding tags: [:test]
Including tags: [location: {"test/commonplace/cli/snapshot_test.exs", 114}]

CX_SNAPMECH cwd="/home/jes/sol-snapshot-fresh/wt/apps/commonplace_cli" configured="tmp/test_data" configured_read=%{compact: [], count: 3, ls: {:ok, ["node_id", "commits", "commits.lock"]}, exists?: true} commit_store_pid=#PID<0.279.0> commit_store_state_shape={true, [:data_dir, :db, :invariant_dispatcher, :local_write_gate, :lock_ref, :name, :pending_imports, :queue_poller, :trust_side_store]} cubdb_pid=#PID<0.282.0> cubdb_state_shape=CubDB.State cubdb_data_dir="tmp/test_data/commits" cubdb_read=%{compact: [], count: 1, ls: {:ok, ["6.cub"]}, exists?: true}
06:18:09.012 [error] local node self-trust was not added: node signing public-key artifact is absent — continuing with configured trusted identities
06:18:09.021 [error] local node self-trust was not added: node signing public-key artifact is absent — continuing with configured trusted identities
06:18:09.029 [error] local node self-trust was not added: node signing public-key artifact is absent — continuing with configured trusted identities
06:18:09.046 [error] local node self-trust was not added: node signing public-key artifact is absent — continuing with configured trusted identities
.
Finished in 0.04 seconds (0.00s async, 0.04s sync)
3 tests, 0 failures, 2 excluded
Running ExUnit with seed: 56394, max_cases: 8
Excluding tags: [:test]
Including tags: [location: {"test/commonplace/cli/snapshot_test.exs", 114}]

CX_SNAPMECH cwd="/home/jes/sol-snapshot-fresh/wt/apps/commonplace_cli" configured="tmp/test_data" configured_read=%{compact: [], count: 3, ls: {:ok, ["node_id", "commits", "commits.lock"]}, exists?: true} commit_store_pid=#PID<0.279.0> commit_store_state_shape={true, [:data_dir, :db, :invariant_dispatcher, :local_write_gate, :lock_ref, :name, :pending_imports, :queue_poller, :trust_side_store]} cubdb_pid=#PID<0.282.0> cubdb_state_shape=CubDB.State cubdb_data_dir="tmp/test_data/commits" cubdb_read=%{compact: ["7.compact"], count: 2, ls: {:ok, ["6.cub", "7.compact"]}, exists?: true}
06:18:09.060 [error] local node self-trust was not added: node signing public-key artifact is absent — continuing with configured trusted identities
06:18:09.066 [error] local node self-trust was not added: node signing public-key artifact is absent — continuing with configured trusted identities
06:18:09.076 [error] local node self-trust was not added: node signing public-key artifact is absent — continuing with configured trusted identities
06:18:09.084 [error] local node self-trust was not added: node signing public-key artifact is absent — continuing with configured trusted identities
.
Finished in 0.03 seconds (0.00s async, 0.03s sync)
3 tests, 0 failures, 2 excluded
Running ExUnit with seed: 93667, max_cases: 8
Excluding tags: [:test]
Including tags: [location: {"test/commonplace/cli/snapshot_test.exs", 114}]

CX_SNAPMECH cwd="/home/jes/sol-snapshot-fresh/wt/apps/commonplace_cli" configured="tmp/test_data" configured_read=%{compact: [], count: 3, ls: {:ok, ["node_id", "commits", "commits.lock"]}, exists?: true} commit_store_pid=#PID<0.279.0> commit_store_state_shape={true, [:data_dir, :db, :invariant_dispatcher, :local_write_gate, :lock_ref, :name, :pending_imports, :queue_poller, :trust_side_store]} cubdb_pid=#PID<0.282.0> cubdb_state_shape=CubDB.State cubdb_data_dir="tmp/test_data/commits" cubdb_read=%{compact: ["7.compact"], count: 2, ls: {:ok, ["6.cub", "7.compact"]}, exists?: true}
06:18:09.097 [error] local node self-trust was not added: node signing public-key artifact is absent — continuing with configured trusted identities
06:18:09.103 [error] local node self-trust was not added: node signing public-key artifact is absent — continuing with configured trusted identities
06:18:09.110 [error] local node self-trust was not added: node signing public-key artifact is absent — continuing with configured trusted identities
06:18:09.128 [error] local node self-trust was not added: node signing public-key artifact is absent — continuing with configured trusted identities
.
Finished in 0.04 seconds (0.00s async, 0.04s sync)
3 tests, 0 failures, 2 excluded
Running ExUnit with seed: 139334, max_cases: 8
Excluding tags: [:test]
Including tags: [location: {"test/commonplace/cli/snapshot_test.exs", 114}]

CX_SNAPMECH cwd="/home/jes/sol-snapshot-fresh/wt/apps/commonplace_cli" configured="tmp/test_data" configured_read=%{compact: [], count: 3, ls: {:ok, ["node_id", "commits", "commits.lock"]}, exists?: true} commit_store_pid=#PID<0.279.0> commit_store_state_shape={true, [:data_dir, :db, :invariant_dispatcher, :local_write_gate, :lock_ref, :name, :pending_imports, :queue_poller, :trust_side_store]} cubdb_pid=#PID<0.282.0> cubdb_state_shape=CubDB.State cubdb_data_dir="tmp/test_data/commits" cubdb_read=%{compact: ["7.compact"], count: 2, ls: {:ok, ["6.cub", "7.compact"]}, exists?: true}
06:18:09.142 [error] local node self-trust was not added: node signing public-key artifact is absent — continuing with configured trusted identities
06:18:09.151 [error] local node self-trust was not added: node signing public-key artifact is absent — continuing with configured trusted identities
06:18:09.160 [error] local node self-trust was not added: node signing public-key artifact is absent — continuing with configured trusted identities
06:18:09.176 [error] local node self-trust was not added: node signing public-key artifact is absent — continuing with configured trusted identities
.
Finished in 0.04 seconds (0.00s async, 0.04s sync)
3 tests, 0 failures, 2 excluded
Running ExUnit with seed: 187466, max_cases: 8
Excluding tags: [:test]
Including tags: [location: {"test/commonplace/cli/snapshot_test.exs", 114}]

CX_SNAPMECH cwd="/home/jes/sol-snapshot-fresh/wt/apps/commonplace_cli" configured="tmp/test_data" configured_read=%{compact: [], count: 3, ls: {:ok, ["node_id", "commits", "commits.lock"]}, exists?: true} commit_store_pid=#PID<0.279.0> commit_store_state_shape={true, [:data_dir, :db, :invariant_dispatcher, :local_write_gate, :lock_ref, :name, :pending_imports, :queue_poller, :trust_side_store]} cubdb_pid=#PID<0.282.0> cubdb_state_shape=CubDB.State cubdb_data_dir="tmp/test_data/commits" cubdb_read=%{compact: ["7.compact"], count: 2, ls: {:ok, ["6.cub", "7.compact"]}, exists?: true}
06:18:09.193 [error] local node self-trust was not added: node signing public-key artifact is absent — continuing with configured trusted identities
06:18:09.204 [error] local node self-trust was not added: node signing public-key artifact is absent — continuing with configured trusted identities
06:18:09.212 [error] local node self-trust was not added: node signing public-key artifact is absent — continuing with configured trusted identities
06:18:09.224 [error] local node self-trust was not added: node signing public-key artifact is absent — continuing with configured trusted identities
.
Finished in 0.04 seconds (0.00s async, 0.04s sync)
3 tests, 0 failures, 2 excluded
Running ExUnit with seed: 234679, max_cases: 8
Excluding tags: [:test]
Including tags: [location: {"test/commonplace/cli/snapshot_test.exs", 114}]

CX_SNAPMECH cwd="/home/jes/sol-snapshot-fresh/wt/apps/commonplace_cli" configured="tmp/test_data" configured_read=%{compact: [], count: 3, ls: {:ok, ["node_id", "commits", "commits.lock"]}, exists?: true} commit_store_pid=#PID<0.279.0> commit_store_state_shape={true, [:data_dir, :db, :invariant_dispatcher, :local_write_gate, :lock_ref, :name, :pending_imports, :queue_poller, :trust_side_store]} cubdb_pid=#PID<0.282.0> cubdb_state_shape=CubDB.State cubdb_data_dir="tmp/test_data/commits" cubdb_read=%{compact: ["7.compact"], count: 2, ls: {:ok, ["6.cub", "7.compact"]}, exists?: true}
06:18:09.238 [error] local node self-trust was not added: node signing public-key artifact is absent — continuing with configured trusted identities
06:18:09.247 [error] local node self-trust was not added: node signing public-key artifact is absent — continuing with configured trusted identities
06:18:09.252 [error] local node self-trust was not added: node signing public-key artifact is absent — continuing with configured trusted identities
06:18:09.266 [error] local node self-trust was not added: node signing public-key artifact is absent — continuing with configured trusted identities
.
Finished in 0.04 seconds (0.00s async, 0.04s sync)
3 tests, 0 failures, 2 excluded
Running ExUnit with seed: 279270, max_cases: 8
Excluding tags: [:test]
Including tags: [location: {"test/commonplace/cli/snapshot_test.exs", 114}]

CX_SNAPMECH cwd="/home/jes/sol-snapshot-fresh/wt/apps/commonplace_cli" configured="tmp/test_data" configured_read=%{compact: [], count: 3, ls: {:ok, ["node_id", "commits", "commits.lock"]}, exists?: true} commit_store_pid=#PID<0.279.0> commit_store_state_shape={true, [:data_dir, :db, :invariant_dispatcher, :local_write_gate, :lock_ref, :name, :pending_imports, :queue_poller, :trust_side_store]} cubdb_pid=#PID<0.282.0> cubdb_state_shape=CubDB.State cubdb_data_dir="tmp/test_data/commits" cubdb_read=%{compact: ["7.compact"], count: 2, ls: {:ok, ["6.cub", "7.compact"]}, exists?: true}
06:18:09.281 [error] local node self-trust was not added: node signing public-key artifact is absent — continuing with configured trusted identities
06:18:09.287 [error] local node self-trust was not added: node signing public-key artifact is absent — continuing with configured trusted identities
06:18:09.296 [error] local node self-trust was not added: node signing public-key artifact is absent — continuing with configured trusted identities
06:18:09.312 [error] local node self-trust was not added: node signing public-key artifact is absent — continuing with configured trusted identities
.
Finished in 0.03 seconds (0.00s async, 0.03s sync)
3 tests, 0 failures, 2 excluded
Running ExUnit with seed: 320150, max_cases: 8
Excluding tags: [:test]
Including tags: [location: {"test/commonplace/cli/snapshot_test.exs", 114}]

CX_SNAPMECH cwd="/home/jes/sol-snapshot-fresh/wt/apps/commonplace_cli" configured="tmp/test_data" configured_read=%{compact: [], count: 3, ls: {:ok, ["node_id", "commits", "commits.lock"]}, exists?: true} commit_store_pid=#PID<0.279.0> commit_store_state_shape={true, [:data_dir, :db, :invariant_dispatcher, :local_write_gate, :lock_ref, :name, :pending_imports, :queue_poller, :trust_side_store]} cubdb_pid=#PID<0.282.0> cubdb_state_shape=CubDB.State cubdb_data_dir="tmp/test_data/commits" cubdb_read=%{compact: ["7.compact"], count: 2, ls: {:ok, ["6.cub", "7.compact"]}, exists?: true}
06:18:09.325 [error] local node self-trust was not added: node signing public-key artifact is absent — continuing with configured trusted identities
06:18:09.336 [error] local node self-trust was not added: node signing public-key artifact is absent — continuing with configured trusted identities
06:18:09.347 [error] local node self-trust was not added: node signing public-key artifact is absent — continuing with configured trusted identities
06:18:09.368 [error] local node self-trust was not added: node signing public-key artifact is absent — continuing with configured trusted identities
.
Finished in 0.05 seconds (0.00s async, 0.05s sync)
3 tests, 0 failures, 2 excluded
Running ExUnit with seed: 380566, max_cases: 8
Excluding tags: [:test]
Including tags: [location: {"test/commonplace/cli/snapshot_test.exs", 114}]

CX_SNAPMECH cwd="/home/jes/sol-snapshot-fresh/wt/apps/commonplace_cli" configured="tmp/test_data" configured_read=%{compact: [], count: 3, ls: {:ok, ["node_id", "commits", "commits.lock"]}, exists?: true} commit_store_pid=#PID<0.279.0> commit_store_state_shape={true, [:data_dir, :db, :invariant_dispatcher, :local_write_gate, :lock_ref, :name, :pending_imports, :queue_poller, :trust_side_store]} cubdb_pid=#PID<0.282.0> cubdb_state_shape=CubDB.State cubdb_data_dir="tmp/test_data/commits" cubdb_read=%{compact: ["7.compact"], count: 2, ls: {:ok, ["6.cub", "7.compact"]}, exists?: true}
06:18:09.385 [error] local node self-trust was not added: node signing public-key artifact is absent — continuing with configured trusted identities
06:18:09.393 [error] local node self-trust was not added: node signing public-key artifact is absent — continuing with configured trusted identities
06:18:09.401 [error] local node self-trust was not added: node signing public-key artifact is absent — continuing with configured trusted identities
06:18:09.418 [error] local node self-trust was not added: node signing public-key artifact is absent — continuing with configured trusted identities
.
Finished in 0.04 seconds (0.00s async, 0.04s sync)
3 tests, 0 failures, 2 excluded
Running ExUnit with seed: 428806, max_cases: 8
Excluding tags: [:test]
Including tags: [location: {"test/commonplace/cli/snapshot_test.exs", 114}]

CX_SNAPMECH cwd="/home/jes/sol-snapshot-fresh/wt/apps/commonplace_cli" configured="tmp/test_data" configured_read=%{compact: [], count: 3, ls: {:ok, ["node_id", "commits", "commits.lock"]}, exists?: true} commit_store_pid=#PID<0.279.0> commit_store_state_shape={true, [:data_dir, :db, :invariant_dispatcher, :local_write_gate, :lock_ref, :name, :pending_imports, :queue_poller, :trust_side_store]} cubdb_pid=#PID<0.282.0> cubdb_state_shape=CubDB.State cubdb_data_dir="tmp/test_data/commits" cubdb_read=%{compact: ["7.compact"], count: 2, ls: {:ok, ["6.cub", "7.compact"]}, exists?: true}
06:18:09.431 [error] local node self-trust was not added: node signing public-key artifact is absent — continuing with configured trusted identities
06:18:09.441 [error] local node self-trust was not added: node signing public-key artifact is absent — continuing with configured trusted identities
06:18:09.446 [error] local node self-trust was not added: node signing public-key artifact is absent — continuing with configured trusted identities
06:18:09.463 [error] local node self-trust was not added: node signing public-key artifact is absent — continuing with configured trusted identities
.
Finished in 0.04 seconds (0.00s async, 0.04s sync)
3 tests, 0 failures, 2 excluded
Running ExUnit with seed: 473482, max_cases: 8
Excluding tags: [:test]
Including tags: [location: {"test/commonplace/cli/snapshot_test.exs", 114}]

CX_SNAPMECH cwd="/home/jes/sol-snapshot-fresh/wt/apps/commonplace_cli" configured="tmp/test_data" configured_read=%{compact: [], count: 3, ls: {:ok, ["node_id", "commits", "commits.lock"]}, exists?: true} commit_store_pid=#PID<0.279.0> commit_store_state_shape={true, [:data_dir, :db, :invariant_dispatcher, :local_write_gate, :lock_ref, :name, :pending_imports, :queue_poller, :trust_side_store]} cubdb_pid=#PID<0.282.0> cubdb_state_shape=CubDB.State cubdb_data_dir="tmp/test_data/commits" cubdb_read=%{compact: ["7.compact"], count: 2, ls: {:ok, ["6.cub", "7.compact"]}, exists?: true}
06:18:09.477 [error] local node self-trust was not added: node signing public-key artifact is absent — continuing with configured trusted identities
06:18:09.485 [error] local node self-trust was not added: node signing public-key artifact is absent — continuing with configured trusted identities
06:18:09.491 [error] local node self-trust was not added: node signing public-key artifact is absent — continuing with configured trusted identities
06:18:09.507 [error] local node self-trust was not added: node signing public-key artifact is absent — continuing with configured trusted identities
.
Finished in 0.04 seconds (0.00s async, 0.04s sync)
3 tests, 0 failures, 2 excluded
Running ExUnit with seed: 516356, max_cases: 8
Excluding tags: [:test]
Including tags: [location: {"test/commonplace/cli/snapshot_test.exs", 114}]

CX_SNAPMECH cwd="/home/jes/sol-snapshot-fresh/wt/apps/commonplace_cli" configured="tmp/test_data" configured_read=%{compact: [], count: 3, ls: {:ok, ["node_id", "commits", "commits.lock"]}, exists?: true} commit_store_pid=#PID<0.279.0> commit_store_state_shape={true, [:data_dir, :db, :invariant_dispatcher, :local_write_gate, :lock_ref, :name, :pending_imports, :queue_poller, :trust_side_store]} cubdb_pid=#PID<0.282.0> cubdb_state_shape=CubDB.State cubdb_data_dir="tmp/test_data/commits" cubdb_read=%{compact: ["7.compact"], count: 2, ls: {:ok, ["6.cub", "7.compact"]}, exists?: true}
06:18:09.520 [error] local node self-trust was not added: node signing public-key artifact is absent — continuing with configured trusted identities
06:18:09.530 [error] local node self-trust was not added: node signing public-key artifact is absent — continuing with configured trusted identities
06:18:09.537 [error] local node self-trust was not added: node signing public-key artifact is absent — continuing with configured trusted identities
06:18:09.554 [error] local node self-trust was not added: node signing public-key artifact is absent — continuing with configured trusted identities
.
Finished in 0.04 seconds (0.00s async, 0.04s sync)
3 tests, 0 failures, 2 excluded
Running ExUnit with seed: 563230, max_cases: 8
Excluding tags: [:test]
Including tags: [location: {"test/commonplace/cli/snapshot_test.exs", 114}]

CX_SNAPMECH cwd="/home/jes/sol-snapshot-fresh/wt/apps/commonplace_cli" configured="tmp/test_data" configured_read=%{compact: [], count: 3, ls: {:ok, ["node_id", "commits", "commits.lock"]}, exists?: true} commit_store_pid=#PID<0.279.0> commit_store_state_shape={true, [:data_dir, :db, :invariant_dispatcher, :local_write_gate, :lock_ref, :name, :pending_imports, :queue_poller, :trust_side_store]} cubdb_pid=#PID<0.282.0> cubdb_state_shape=CubDB.State cubdb_data_dir="tmp/test_data/commits" cubdb_read=%{compact: ["7.compact"], count: 2, ls: {:ok, ["6.cub", "7.compact"]}, exists?: true}
06:18:09.567 [error] local node self-trust was not added: node signing public-key artifact is absent — continuing with configured trusted identities
06:18:09.574 [error] local node self-trust was not added: node signing public-key artifact is absent — continuing with configured trusted identities
06:18:09.578 [error] local node self-trust was not added: node signing public-key artifact is absent — continuing with configured trusted identities
06:18:09.593 [error] local node self-trust was not added: node signing public-key artifact is absent — continuing with configured trusted identities
.
Finished in 0.04 seconds (0.00s async, 0.04s sync)
3 tests, 0 failures, 2 excluded
Running ExUnit with seed: 612984, max_cases: 8
Excluding tags: [:test]
Including tags: [location: {"test/commonplace/cli/snapshot_test.exs", 114}]

CX_SNAPMECH cwd="/home/jes/sol-snapshot-fresh/wt/apps/commonplace_cli" configured="tmp/test_data" configured_read=%{compact: [], count: 3, ls: {:ok, ["node_id", "commits", "commits.lock"]}, exists?: true} commit_store_pid=#PID<0.279.0> commit_store_state_shape={true, [:data_dir, :db, :invariant_dispatcher, :local_write_gate, :lock_ref, :name, :pending_imports, :queue_poller, :trust_side_store]} cubdb_pid=#PID<0.282.0> cubdb_state_shape=CubDB.State cubdb_data_dir="tmp/test_data/commits" cubdb_read=%{compact: [], count: 1, ls: {:ok, ["7.cub"]}, exists?: true}
06:18:09.616 [error] local node self-trust was not added: node signing public-key artifact is absent — continuing with configured trusted identities
06:18:09.623 [error] local node self-trust was not added: node signing public-key artifact is absent — continuing with configured trusted identities
06:18:09.626 [error] local node self-trust was not added: node signing public-key artifact is absent — continuing with configured trusted identities
06:18:09.634 [error] local node self-trust was not added: node signing public-key artifact is absent — continuing with configured trusted identities
.
Finished in 0.02 seconds (0.00s async, 0.02s sync)
3 tests, 0 failures, 2 excluded
Running ExUnit with seed: 639590, max_cases: 8
Excluding tags: [:test]
Including tags: [location: {"test/commonplace/cli/snapshot_test.exs", 114}]

CX_SNAPMECH cwd="/home/jes/sol-snapshot-fresh/wt/apps/commonplace_cli" configured="tmp/test_data" configured_read=%{compact: [], count: 3, ls: {:ok, ["node_id", "commits", "commits.lock"]}, exists?: true} commit_store_pid=#PID<0.279.0> commit_store_state_shape={true, [:data_dir, :db, :invariant_dispatcher, :local_write_gate, :lock_ref, :name, :pending_imports, :queue_poller, :trust_side_store]} cubdb_pid=#PID<0.282.0> cubdb_state_shape=CubDB.State cubdb_data_dir="tmp/test_data/commits" cubdb_read=%{compact: [], count: 1, ls: {:ok, ["7.cub"]}, exists?: true}
06:18:09.645 [error] local node self-trust was not added: node signing public-key artifact is absent — continuing with configured trusted identities
06:18:09.650 [error] local node self-trust was not added: node signing public-key artifact is absent — continuing with configured trusted identities
06:18:09.654 [error] local node self-trust was not added: node signing public-key artifact is absent — continuing with configured trusted identities
06:18:09.663 [error] local node self-trust was not added: node signing public-key artifact is absent — continuing with configured trusted identities
.
Finished in 0.02 seconds (0.00s async, 0.02s sync)
3 tests, 0 failures, 2 excluded
Running ExUnit with seed: 670790, max_cases: 8
Excluding tags: [:test]
Including tags: [location: {"test/commonplace/cli/snapshot_test.exs", 114}]

CX_SNAPMECH cwd="/home/jes/sol-snapshot-fresh/wt/apps/commonplace_cli" configured="tmp/test_data" configured_read=%{compact: [], count: 3, ls: {:ok, ["node_id", "commits", "commits.lock"]}, exists?: true} commit_store_pid=#PID<0.279.0> commit_store_state_shape={true, [:data_dir, :db, :invariant_dispatcher, :local_write_gate, :lock_ref, :name, :pending_imports, :queue_poller, :trust_side_store]} cubdb_pid=#PID<0.282.0> cubdb_state_shape=CubDB.State cubdb_data_dir="tmp/test_data/commits" cubdb_read=%{compact: [], count: 1, ls: {:ok, ["7.cub"]}, exists?: true}
06:18:09.674 [error] local node self-trust was not added: node signing public-key artifact is absent — continuing with configured trusted identities
06:18:09.680 [error] local node self-trust was not added: node signing public-key artifact is absent — continuing with configured trusted identities
06:18:09.685 [error] local node self-trust was not added: node signing public-key artifact is absent — continuing with configured trusted identities
06:18:09.694 [error] local node self-trust was not added: node signing public-key artifact is absent — continuing with configured trusted identities
.
Finished in 0.03 seconds (0.00s async, 0.03s sync)
3 tests, 0 failures, 2 excluded
Running ExUnit with seed: 705506, max_cases: 8
Excluding tags: [:test]
Including tags: [location: {"test/commonplace/cli/snapshot_test.exs", 114}]

CX_SNAPMECH cwd="/home/jes/sol-snapshot-fresh/wt/apps/commonplace_cli" configured="tmp/test_data" configured_read=%{compact: [], count: 3, ls: {:ok, ["node_id", "commits", "commits.lock"]}, exists?: true} commit_store_pid=#PID<0.279.0> commit_store_state_shape={true, [:data_dir, :db, :invariant_dispatcher, :local_write_gate, :lock_ref, :name, :pending_imports, :queue_poller, :trust_side_store]} cubdb_pid=#PID<0.282.0> cubdb_state_shape=CubDB.State cubdb_data_dir="tmp/test_data/commits" cubdb_read=%{compact: [], count: 1, ls: {:ok, ["7.cub"]}, exists?: true}
06:18:09.707 [error] local node self-trust was not added: node signing public-key artifact is absent — continuing with configured trusted identities
06:18:09.718 [error] local node self-trust was not added: node signing public-key artifact is absent — continuing with configured trusted identities
06:18:09.726 [error] local node self-trust was not added: node signing public-key artifact is absent — continuing with configured trusted identities
06:18:09.737 [error] local node self-trust was not added: node signing public-key artifact is absent — continuing with configured trusted identities
.
Finished in 0.04 seconds (0.00s async, 0.04s sync)
3 tests, 0 failures, 2 excluded
Running ExUnit with seed: 750065, max_cases: 8
Excluding tags: [:test]
Including tags: [location: {"test/commonplace/cli/snapshot_test.exs", 114}]

CX_SNAPMECH cwd="/home/jes/sol-snapshot-fresh/wt/apps/commonplace_cli" configured="tmp/test_data" configured_read=%{compact: [], count: 3, ls: {:ok, ["node_id", "commits", "commits.lock"]}, exists?: true} commit_store_pid=#PID<0.279.0> commit_store_state_shape={true, [:data_dir, :db, :invariant_dispatcher, :local_write_gate, :lock_ref, :name, :pending_imports, :queue_poller, :trust_side_store]} cubdb_pid=#PID<0.282.0> cubdb_state_shape=CubDB.State cubdb_data_dir="tmp/test_data/commits" cubdb_read=%{compact: [], count: 1, ls: {:ok, ["7.cub"]}, exists?: true}
06:18:09.751 [error] local node self-trust was not added: node signing public-key artifact is absent — continuing with configured trusted identities
06:18:09.757 [error] local node self-trust was not added: node signing public-key artifact is absent — continuing with configured trusted identities
06:18:09.762 [error] local node self-trust was not added: node signing public-key artifact is absent — continuing with configured trusted identities
06:18:09.777 [error] local node self-trust was not added: node signing public-key artifact is absent — continuing with configured trusted identities
.
Finished in 0.03 seconds (0.00s async, 0.03s sync)
3 tests, 0 failures, 2 excluded
Running ExUnit with seed: 784050, max_cases: 8
Excluding tags: [:test]
Including tags: [location: {"test/commonplace/cli/snapshot_test.exs", 114}]

CX_SNAPMECH cwd="/home/jes/sol-snapshot-fresh/wt/apps/commonplace_cli" configured="tmp/test_data" configured_read=%{compact: [], count: 3, ls: {:ok, ["node_id", "commits", "commits.lock"]}, exists?: true} commit_store_pid=#PID<0.279.0> commit_store_state_shape={true, [:data_dir, :db, :invariant_dispatcher, :local_write_gate, :lock_ref, :name, :pending_imports, :queue_poller, :trust_side_store]} cubdb_pid=#PID<0.282.0> cubdb_state_shape=CubDB.State cubdb_data_dir="tmp/test_data/commits" cubdb_read=%{compact: [], count: 1, ls: {:ok, ["7.cub"]}, exists?: true}
06:18:09.786 [error] local node self-trust was not added: node signing public-key artifact is absent — continuing with configured trusted identities
06:18:09.794 [error] local node self-trust was not added: node signing public-key artifact is absent — continuing with configured trusted identities
06:18:09.800 [error] local node self-trust was not added: node signing public-key artifact is absent — continuing with configured trusted identities
06:18:09.812 [error] local node self-trust was not added: node signing public-key artifact is absent — continuing with configured trusted identities
.
Finished in 0.03 seconds (0.00s async, 0.03s sync)
3 tests, 0 failures, 2 excluded
Running ExUnit with seed: 817840, max_cases: 8
Excluding tags: [:test]
Including tags: [location: {"test/commonplace/cli/snapshot_test.exs", 114}]

CX_SNAPMECH cwd="/home/jes/sol-snapshot-fresh/wt/apps/commonplace_cli" configured="tmp/test_data" configured_read=%{compact: [], count: 3, ls: {:ok, ["node_id", "commits", "commits.lock"]}, exists?: true} commit_store_pid=#PID<0.279.0> commit_store_state_shape={true, [:data_dir, :db, :invariant_dispatcher, :local_write_gate, :lock_ref, :name, :pending_imports, :queue_poller, :trust_side_store]} cubdb_pid=#PID<0.282.0> cubdb_state_shape=CubDB.State cubdb_data_dir="tmp/test_data/commits" cubdb_read=%{compact: [], count: 1, ls: {:ok, ["7.cub"]}, exists?: true}
06:18:09.820 [error] local node self-trust was not added: node signing public-key artifact is absent — continuing with configured trusted identities
06:18:09.831 [error] local node self-trust was not added: node signing public-key artifact is absent — continuing with configured trusted identities
06:18:09.836 [error] local node self-trust was not added: node signing public-key artifact is absent — continuing with configured trusted identities
06:18:09.847 [error] local node self-trust was not added: node signing public-key artifact is absent — continuing with configured trusted identities
.
Finished in 0.03 seconds (0.00s async, 0.03s sync)
3 tests, 0 failures, 2 excluded
Running ExUnit with seed: 853700, max_cases: 8
Excluding tags: [:test]
Including tags: [location: {"test/commonplace/cli/snapshot_test.exs", 114}]

CX_SNAPMECH cwd="/home/jes/sol-snapshot-fresh/wt/apps/commonplace_cli" configured="tmp/test_data" configured_read=%{compact: [], count: 3, ls: {:ok, ["node_id", "commits", "commits.lock"]}, exists?: true} commit_store_pid=#PID<0.279.0> commit_store_state_shape={true, [:data_dir, :db, :invariant_dispatcher, :local_write_gate, :lock_ref, :name, :pending_imports, :queue_poller, :trust_side_store]} cubdb_pid=#PID<0.282.0> cubdb_state_shape=CubDB.State cubdb_data_dir="tmp/test_data/commits" cubdb_read=%{compact: [], count: 1, ls: {:ok, ["7.cub"]}, exists?: true}
06:18:09.857 [error] local node self-trust was not added: node signing public-key artifact is absent — continuing with configured trusted identities
06:18:09.864 [error] local node self-trust was not added: node signing public-key artifact is absent — continuing with configured trusted identities
06:18:09.869 [error] local node self-trust was not added: node signing public-key artifact is absent — continuing with configured trusted identities
06:18:09.879 [error] local node self-trust was not added: node signing public-key artifact is absent — continuing with configured trusted identities
.
Finished in 0.03 seconds (0.00s async, 0.03s sync)
3 tests, 0 failures, 2 excluded
Running ExUnit with seed: 889368, max_cases: 8
Excluding tags: [:test]
Including tags: [location: {"test/commonplace/cli/snapshot_test.exs", 114}]

CX_SNAPMECH cwd="/home/jes/sol-snapshot-fresh/wt/apps/commonplace_cli" configured="tmp/test_data" configured_read=%{compact: [], count: 3, ls: {:ok, ["node_id", "commits", "commits.lock"]}, exists?: true} commit_store_pid=#PID<0.279.0> commit_store_state_shape={true, [:data_dir, :db, :invariant_dispatcher, :local_write_gate, :lock_ref, :name, :pending_imports, :queue_poller, :trust_side_store]} cubdb_pid=#PID<0.282.0> cubdb_state_shape=CubDB.State cubdb_data_dir="tmp/test_data/commits" cubdb_read=%{compact: [], count: 1, ls: {:ok, ["7.cub"]}, exists?: true}
06:18:09.890 [error] local node self-trust was not added: node signing public-key artifact is absent — continuing with configured trusted identities
06:18:09.898 [error] local node self-trust was not added: node signing public-key artifact is absent — continuing with configured trusted identities
06:18:09.905 [error] local node self-trust was not added: node signing public-key artifact is absent — continuing with configured trusted identities
06:18:09.915 [error] local node self-trust was not added: node signing public-key artifact is absent — continuing with configured trusted identities
.
Finished in 0.03 seconds (0.00s async, 0.03s sync)
3 tests, 0 failures, 2 excluded
Running ExUnit with seed: 923032, max_cases: 8
Excluding tags: [:test]
Including tags: [location: {"test/commonplace/cli/snapshot_test.exs", 114}]

CX_SNAPMECH cwd="/home/jes/sol-snapshot-fresh/wt/apps/commonplace_cli" configured="tmp/test_data" configured_read=%{compact: [], count: 3, ls: {:ok, ["node_id", "commits", "commits.lock"]}, exists?: true} commit_store_pid=#PID<0.279.0> commit_store_state_shape={true, [:data_dir, :db, :invariant_dispatcher, :local_write_gate, :lock_ref, :name, :pending_imports, :queue_poller, :trust_side_store]} cubdb_pid=#PID<0.282.0> cubdb_state_shape=CubDB.State cubdb_data_dir="tmp/test_data/commits" cubdb_read=%{compact: [], count: 1, ls: {:ok, ["7.cub"]}, exists?: true}
06:18:09.926 [error] local node self-trust was not added: node signing public-key artifact is absent — continuing with configured trusted identities
06:18:09.933 [error] local node self-trust was not added: node signing public-key artifact is absent — continuing with configured trusted identities
06:18:09.938 [error] local node self-trust was not added: node signing public-key artifact is absent — continuing with configured trusted identities
06:18:09.947 [error] local node self-trust was not added: node signing public-key artifact is absent — continuing with configured trusted identities
.
Finished in 0.03 seconds (0.00s async, 0.03s sync)
3 tests, 0 failures, 2 excluded
Running ExUnit with seed: 957286, max_cases: 8
Excluding tags: [:test]
Including tags: [location: {"test/commonplace/cli/snapshot_test.exs", 114}]

CX_SNAPMECH cwd="/home/jes/sol-snapshot-fresh/wt/apps/commonplace_cli" configured="tmp/test_data" configured_read=%{compact: [], count: 3, ls: {:ok, ["node_id", "commits", "commits.lock"]}, exists?: true} commit_store_pid=#PID<0.279.0> commit_store_state_shape={true, [:data_dir, :db, :invariant_dispatcher, :local_write_gate, :lock_ref, :name, :pending_imports, :queue_poller, :trust_side_store]} cubdb_pid=#PID<0.282.0> cubdb_state_shape=CubDB.State cubdb_data_dir="tmp/test_data/commits" cubdb_read=%{compact: [], count: 1, ls: {:ok, ["7.cub"]}, exists?: true}
06:18:09.960 [error] local node self-trust was not added: node signing public-key artifact is absent — continuing with configured trusted identities
06:18:09.967 [error] local node self-trust was not added: node signing public-key artifact is absent — continuing with configured trusted identities
06:18:09.973 [error] local node self-trust was not added: node signing public-key artifact is absent — continuing with configured trusted identities
06:18:09.981 [error] local node self-trust was not added: node signing public-key artifact is absent — continuing with configured trusted identities
.
Finished in 0.03 seconds (0.00s async, 0.03s sync)
3 tests, 0 failures, 2 excluded
Running ExUnit with seed: 993203, max_cases: 8
Excluding tags: [:test]
Including tags: [location: {"test/commonplace/cli/snapshot_test.exs", 114}]

CX_SNAPMECH cwd="/home/jes/sol-snapshot-fresh/wt/apps/commonplace_cli" configured="tmp/test_data" configured_read=%{compact: [], count: 3, ls: {:ok, ["node_id", "commits", "commits.lock"]}, exists?: true} commit_store_pid=#PID<0.279.0> commit_store_state_shape={true, [:data_dir, :db, :invariant_dispatcher, :local_write_gate, :lock_ref, :name, :pending_imports, :queue_poller, :trust_side_store]} cubdb_pid=#PID<0.282.0> cubdb_state_shape=CubDB.State cubdb_data_dir="tmp/test_data/commits" cubdb_read=%{compact: [], count: 1, ls: {:ok, ["7.cub"]}, exists?: true}
06:18:09.999 [error] local node self-trust was not added: node signing public-key artifact is absent — continuing with configured trusted identities
06:18:10.007 [error] local node self-trust was not added: node signing public-key artifact is absent — continuing with configured trusted identities
06:18:10.014 [error] local node self-trust was not added: node signing public-key artifact is absent — continuing with configured trusted identities
06:18:10.022 [error] local node self-trust was not added: node signing public-key artifact is absent — continuing with configured trusted identities
.
Finished in 0.03 seconds (0.00s async, 0.03s sync)
3 tests, 0 failures, 2 excluded
Running ExUnit with seed: 32537, max_cases: 8
Excluding tags: [:test]
Including tags: [location: {"test/commonplace/cli/snapshot_test.exs", 114}]

CX_SNAPMECH cwd="/home/jes/sol-snapshot-fresh/wt/apps/commonplace_cli" configured="tmp/test_data" configured_read=%{compact: [], count: 3, ls: {:ok, ["node_id", "commits", "commits.lock"]}, exists?: true} commit_store_pid=#PID<0.279.0> commit_store_state_shape={true, [:data_dir, :db, :invariant_dispatcher, :local_write_gate, :lock_ref, :name, :pending_imports, :queue_poller, :trust_side_store]} cubdb_pid=#PID<0.282.0> cubdb_state_shape=CubDB.State cubdb_data_dir="tmp/test_data/commits" cubdb_read=%{compact: [], count: 1, ls: {:ok, ["7.cub"]}, exists?: true}
06:18:10.035 [error] local node self-trust was not added: node signing public-key artifact is absent — continuing with configured trusted identities
06:18:10.040 [error] local node self-trust was not added: node signing public-key artifact is absent — continuing with configured trusted identities
06:18:10.046 [error] local node self-trust was not added: node signing public-key artifact is absent — continuing with configured trusted identities
06:18:10.056 [error] local node self-trust was not added: node signing public-key artifact is absent — continuing with configured trusted identities
.
Finished in 0.02 seconds (0.00s async, 0.02s sync)
3 tests, 0 failures, 2 excluded
Running ExUnit with seed: 64446, max_cases: 8
Excluding tags: [:test]
Including tags: [location: {"test/commonplace/cli/snapshot_test.exs", 114}]

CX_SNAPMECH cwd="/home/jes/sol-snapshot-fresh/wt/apps/commonplace_cli" configured="tmp/test_data" configured_read=%{compact: [], count: 3, ls: {:ok, ["node_id", "commits", "commits.lock"]}, exists?: true} commit_store_pid=#PID<0.279.0> commit_store_state_shape={true, [:data_dir, :db, :invariant_dispatcher, :local_write_gate, :lock_ref, :name, :pending_imports, :queue_poller, :trust_side_store]} cubdb_pid=#PID<0.282.0> cubdb_state_shape=CubDB.State cubdb_data_dir="tmp/test_data/commits" cubdb_read=%{compact: [], count: 1, ls: {:ok, ["7.cub"]}, exists?: true}
06:18:10.067 [error] local node self-trust was not added: node signing public-key artifact is absent — continuing with configured trusted identities
06:18:10.072 [error] local node self-trust was not added: node signing public-key artifact is absent — continuing with configured trusted identities
06:18:10.079 [error] local node self-trust was not added: node signing public-key artifact is absent — continuing with configured trusted identities
06:18:10.091 [error] local node self-trust was not added: node signing public-key artifact is absent — continuing with configured trusted identities
.
Finished in 0.03 seconds (0.00s async, 0.03s sync)
3 tests, 0 failures, 2 excluded
Running ExUnit with seed: 104252, max_cases: 8
Excluding tags: [:test]
Including tags: [location: {"test/commonplace/cli/snapshot_test.exs", 114}]

CX_SNAPMECH cwd="/home/jes/sol-snapshot-fresh/wt/apps/commonplace_cli" configured="tmp/test_data" configured_read=%{compact: [], count: 3, ls: {:ok, ["node_id", "commits", "commits.lock"]}, exists?: true} commit_store_pid=#PID<0.279.0> commit_store_state_shape={true, [:data_dir, :db, :invariant_dispatcher, :local_write_gate, :lock_ref, :name, :pending_imports, :queue_poller, :trust_side_store]} cubdb_pid=#PID<0.282.0> cubdb_state_shape=CubDB.State cubdb_data_dir="tmp/test_data/commits" cubdb_read=%{compact: [], count: 1, ls: {:ok, ["7.cub"]}, exists?: true}
06:18:10.107 [error] local node self-trust was not added: node signing public-key artifact is absent — continuing with configured trusted identities
06:18:10.113 [error] local node self-trust was not added: node signing public-key artifact is absent — continuing with configured trusted identities
06:18:10.123 [error] local node self-trust was not added: node signing public-key artifact is absent — continuing with configured trusted identities
06:18:10.133 [error] local node self-trust was not added: node signing public-key artifact is absent — continuing with configured trusted identities
.
Finished in 0.03 seconds (0.00s async, 0.03s sync)
3 tests, 0 failures, 2 excluded
Running ExUnit with seed: 146029, max_cases: 8
Excluding tags: [:test]
Including tags: [location: {"test/commonplace/cli/snapshot_test.exs", 114}]

CX_SNAPMECH cwd="/home/jes/sol-snapshot-fresh/wt/apps/commonplace_cli" configured="tmp/test_data" configured_read=%{compact: [], count: 3, ls: {:ok, ["node_id", "commits", "commits.lock"]}, exists?: true} commit_store_pid=#PID<0.279.0> commit_store_state_shape={true, [:data_dir, :db, :invariant_dispatcher, :local_write_gate, :lock_ref, :name, :pending_imports, :queue_poller, :trust_side_store]} cubdb_pid=#PID<0.282.0> cubdb_state_shape=CubDB.State cubdb_data_dir="tmp/test_data/commits" cubdb_read=%{compact: [], count: 1, ls: {:ok, ["7.cub"]}, exists?: true}
06:18:10.150 [error] local node self-trust was not added: node signing public-key artifact is absent — continuing with configured trusted identities
06:18:10.157 [error] local node self-trust was not added: node signing public-key artifact is absent — continuing with configured trusted identities
06:18:10.172 [error] local node self-trust was not added: node signing public-key artifact is absent — continuing with configured trusted identities
06:18:10.183 [error] local node self-trust was not added: node signing public-key artifact is absent — continuing with configured trusted identities
.
Finished in 0.04 seconds (0.00s async, 0.04s sync)
3 tests, 0 failures, 2 excluded
Running ExUnit with seed: 188738, max_cases: 8
Excluding tags: [:test]
Including tags: [location: {"test/commonplace/cli/snapshot_test.exs", 114}]

CX_SNAPMECH cwd="/home/jes/sol-snapshot-fresh/wt/apps/commonplace_cli" configured="tmp/test_data" configured_read=%{compact: [], count: 3, ls: {:ok, ["node_id", "commits", "commits.lock"]}, exists?: true} commit_store_pid=#PID<0.279.0> commit_store_state_shape={true, [:data_dir, :db, :invariant_dispatcher, :local_write_gate, :lock_ref, :name, :pending_imports, :queue_poller, :trust_side_store]} cubdb_pid=#PID<0.282.0> cubdb_state_shape=CubDB.State cubdb_data_dir="tmp/test_data/commits" cubdb_read=%{compact: [], count: 1, ls: {:ok, ["7.cub"]}, exists?: true}
06:18:10.194 [error] local node self-trust was not added: node signing public-key artifact is absent — continuing with configured trusted identities
06:18:10.198 [error] local node self-trust was not added: node signing public-key artifact is absent — continuing with configured trusted identities
06:18:10.203 [error] local node self-trust was not added: node signing public-key artifact is absent — continuing with configured trusted identities
06:18:10.217 [error] local node self-trust was not added: node signing public-key artifact is absent — continuing with configured trusted identities
.
Finished in 0.03 seconds (0.00s async, 0.03s sync)
3 tests, 0 failures, 2 excluded
Running ExUnit with seed: 226548, max_cases: 8
Excluding tags: [:test]
Including tags: [location: {"test/commonplace/cli/snapshot_test.exs", 114}]

CX_SNAPMECH cwd="/home/jes/sol-snapshot-fresh/wt/apps/commonplace_cli" configured="tmp/test_data" configured_read=%{compact: [], count: 3, ls: {:ok, ["node_id", "commits", "commits.lock"]}, exists?: true} commit_store_pid=#PID<0.279.0> commit_store_state_shape={true, [:data_dir, :db, :invariant_dispatcher, :local_write_gate, :lock_ref, :name, :pending_imports, :queue_poller, :trust_side_store]} cubdb_pid=#PID<0.282.0> cubdb_state_shape=CubDB.State cubdb_data_dir="tmp/test_data/commits" cubdb_read=%{compact: [], count: 1, ls: {:ok, ["7.cub"]}, exists?: true}
06:18:10.233 [error] local node self-trust was not added: node signing public-key artifact is absent — continuing with configured trusted identities
06:18:10.237 [error] local node self-trust was not added: node signing public-key artifact is absent — continuing with configured trusted identities
06:18:10.244 [error] local node self-trust was not added: node signing public-key artifact is absent — continuing with configured trusted identities
06:18:10.250 [error] local node self-trust was not added: node signing public-key artifact is absent — continuing with configured trusted identities
.
Finished in 0.02 seconds (0.00s async, 0.02s sync)
3 tests, 0 failures, 2 excluded
Running ExUnit with seed: 256203, max_cases: 8
Excluding tags: [:test]
Including tags: [location: {"test/commonplace/cli/snapshot_test.exs", 114}]

CX_SNAPMECH cwd="/home/jes/sol-snapshot-fresh/wt/apps/commonplace_cli" configured="tmp/test_data" configured_read=%{compact: [], count: 3, ls: {:ok, ["node_id", "commits", "commits.lock"]}, exists?: true} commit_store_pid=#PID<0.279.0> commit_store_state_shape={true, [:data_dir, :db, :invariant_dispatcher, :local_write_gate, :lock_ref, :name, :pending_imports, :queue_poller, :trust_side_store]} cubdb_pid=#PID<0.282.0> cubdb_state_shape=CubDB.State cubdb_data_dir="tmp/test_data/commits" cubdb_read=%{compact: [], count: 1, ls: {:ok, ["7.cub"]}, exists?: true}
06:18:10.258 [error] local node self-trust was not added: node signing public-key artifact is absent — continuing with configured trusted identities
06:18:10.268 [error] local node self-trust was not added: node signing public-key artifact is absent — continuing with configured trusted identities
06:18:10.274 [error] local node self-trust was not added: node signing public-key artifact is absent — continuing with configured trusted identities
06:18:10.284 [error] local node self-trust was not added: node signing public-key artifact is absent — continuing with configured trusted identities
.
Finished in 0.03 seconds (0.00s async, 0.03s sync)
3 tests, 0 failures, 2 excluded
Running ExUnit with seed: 289674, max_cases: 8
Excluding tags: [:test]
Including tags: [location: {"test/commonplace/cli/snapshot_test.exs", 114}]

CX_SNAPMECH cwd="/home/jes/sol-snapshot-fresh/wt/apps/commonplace_cli" configured="tmp/test_data" configured_read=%{compact: [], count: 3, ls: {:ok, ["node_id", "commits", "commits.lock"]}, exists?: true} commit_store_pid=#PID<0.279.0> commit_store_state_shape={true, [:data_dir, :db, :invariant_dispatcher, :local_write_gate, :lock_ref, :name, :pending_imports, :queue_poller, :trust_side_store]} cubdb_pid=#PID<0.282.0> cubdb_state_shape=CubDB.State cubdb_data_dir="tmp/test_data/commits" cubdb_read=%{compact: [], count: 1, ls: {:ok, ["7.cub"]}, exists?: true}
06:18:10.292 [error] local node self-trust was not added: node signing public-key artifact is absent — continuing with configured trusted identities
06:18:10.296 [error] local node self-trust was not added: node signing public-key artifact is absent — continuing with configured trusted identities
06:18:10.308 [error] local node self-trust was not added: node signing public-key artifact is absent — continuing with configured trusted identities
06:18:10.322 [error] local node self-trust was not added: node signing public-key artifact is absent — continuing with configured trusted identities
.
Finished in 0.03 seconds (0.00s async, 0.03s sync)
3 tests, 0 failures, 2 excluded
Running ExUnit with seed: 329299, max_cases: 8
Excluding tags: [:test]
Including tags: [location: {"test/commonplace/cli/snapshot_test.exs", 114}]

CX_SNAPMECH cwd="/home/jes/sol-snapshot-fresh/wt/apps/commonplace_cli" configured="tmp/test_data" configured_read=%{compact: [], count: 3, ls: {:ok, ["node_id", "commits", "commits.lock"]}, exists?: true} commit_store_pid=#PID<0.279.0> commit_store_state_shape={true, [:data_dir, :db, :invariant_dispatcher, :local_write_gate, :lock_ref, :name, :pending_imports, :queue_poller, :trust_side_store]} cubdb_pid=#PID<0.282.0> cubdb_state_shape=CubDB.State cubdb_data_dir="tmp/test_data/commits" cubdb_read=%{compact: [], count: 1, ls: {:ok, ["7.cub"]}, exists?: true}
06:18:10.332 [error] local node self-trust was not added: node signing public-key artifact is absent — continuing with configured trusted identities
06:18:10.339 [error] local node self-trust was not added: node signing public-key artifact is absent — continuing with configured trusted identities
06:18:10.350 [error] local node self-trust was not added: node signing public-key artifact is absent — continuing with configured trusted identities
06:18:10.360 [error] local node self-trust was not added: node signing public-key artifact is absent — continuing with configured trusted identities
.
Finished in 0.04 seconds (0.00s async, 0.04s sync)
3 tests, 0 failures, 2 excluded
Running ExUnit with seed: 371972, max_cases: 8
Excluding tags: [:test]
Including tags: [location: {"test/commonplace/cli/snapshot_test.exs", 114}]

CX_SNAPMECH cwd="/home/jes/sol-snapshot-fresh/wt/apps/commonplace_cli" configured="tmp/test_data" configured_read=%{compact: [], count: 3, ls: {:ok, ["node_id", "commits", "commits.lock"]}, exists?: true} commit_store_pid=#PID<0.279.0> commit_store_state_shape={true, [:data_dir, :db, :invariant_dispatcher, :local_write_gate, :lock_ref, :name, :pending_imports, :queue_poller, :trust_side_store]} cubdb_pid=#PID<0.282.0> cubdb_state_shape=CubDB.State cubdb_data_dir="tmp/test_data/commits" cubdb_read=%{compact: [], count: 1, ls: {:ok, ["7.cub"]}, exists?: true}
06:18:10.375 [error] local node self-trust was not added: node signing public-key artifact is absent — continuing with configured trusted identities
06:18:10.385 [error] local node self-trust was not added: node signing public-key artifact is absent — continuing with configured trusted identities
06:18:10.392 [error] local node self-trust was not added: node signing public-key artifact is absent — continuing with configured trusted identities
06:18:10.406 [error] local node self-trust was not added: node signing public-key artifact is absent — continuing with configured trusted identities
.
Finished in 0.04 seconds (0.00s async, 0.04s sync)
3 tests, 0 failures, 2 excluded
Running ExUnit with seed: 419286, max_cases: 8
Excluding tags: [:test]
Including tags: [location: {"test/commonplace/cli/snapshot_test.exs", 114}]

CX_SNAPMECH cwd="/home/jes/sol-snapshot-fresh/wt/apps/commonplace_cli" configured="tmp/test_data" configured_read=%{compact: [], count: 3, ls: {:ok, ["node_id", "commits", "commits.lock"]}, exists?: true} commit_store_pid=#PID<0.279.0> commit_store_state_shape={true, [:data_dir, :db, :invariant_dispatcher, :local_write_gate, :lock_ref, :name, :pending_imports, :queue_poller, :trust_side_store]} cubdb_pid=#PID<0.282.0> cubdb_state_shape=CubDB.State cubdb_data_dir="tmp/test_data/commits" cubdb_read=%{compact: [], count: 1, ls: {:ok, ["7.cub"]}, exists?: true}
06:18:10.421 [error] local node self-trust was not added: node signing public-key artifact is absent — continuing with configured trusted identities
06:18:10.429 [error] local node self-trust was not added: node signing public-key artifact is absent — continuing with configured trusted identities
06:18:10.436 [error] local node self-trust was not added: node signing public-key artifact is absent — continuing with configured trusted identities
06:18:10.443 [error] local node self-trust was not added: node signing public-key artifact is absent — continuing with configured trusted identities
.
Finished in 0.02 seconds (0.00s async, 0.02s sync)
3 tests, 0 failures, 2 excluded
Running ExUnit with seed: 447988, max_cases: 8
Excluding tags: [:test]
Including tags: [location: {"test/commonplace/cli/snapshot_test.exs", 114}]

CX_SNAPMECH cwd="/home/jes/sol-snapshot-fresh/wt/apps/commonplace_cli" configured="tmp/test_data" configured_read=%{compact: [], count: 3, ls: {:ok, ["node_id", "commits", "commits.lock"]}, exists?: true} commit_store_pid=#PID<0.279.0> commit_store_state_shape={true, [:data_dir, :db, :invariant_dispatcher, :local_write_gate, :lock_ref, :name, :pending_imports, :queue_poller, :trust_side_store]} cubdb_pid=#PID<0.282.0> cubdb_state_shape=CubDB.State cubdb_data_dir="tmp/test_data/commits" cubdb_read=%{compact: [], count: 1, ls: {:ok, ["7.cub"]}, exists?: true}
06:18:10.451 [error] local node self-trust was not added: node signing public-key artifact is absent — continuing with configured trusted identities
06:18:10.455 [error] local node self-trust was not added: node signing public-key artifact is absent — continuing with configured trusted identities
06:18:10.458 [error] local node self-trust was not added: node signing public-key artifact is absent — continuing with configured trusted identities
06:18:10.467 [error] local node self-trust was not added: node signing public-key artifact is absent — continuing with configured trusted identities
.
Finished in 0.02 seconds (0.00s async, 0.02s sync)
3 tests, 0 failures, 2 excluded
Running ExUnit with seed: 474848, max_cases: 8
Excluding tags: [:test]
Including tags: [location: {"test/commonplace/cli/snapshot_test.exs", 114}]

CX_SNAPMECH cwd="/home/jes/sol-snapshot-fresh/wt/apps/commonplace_cli" configured="tmp/test_data" configured_read=%{compact: [], count: 3, ls: {:ok, ["node_id", "commits", "commits.lock"]}, exists?: true} commit_store_pid=#PID<0.279.0> commit_store_state_shape={true, [:data_dir, :db, :invariant_dispatcher, :local_write_gate, :lock_ref, :name, :pending_imports, :queue_poller, :trust_side_store]} cubdb_pid=#PID<0.282.0> cubdb_state_shape=CubDB.State cubdb_data_dir="tmp/test_data/commits" cubdb_read=%{compact: [], count: 1, ls: {:ok, ["7.cub"]}, exists?: true}
06:18:10.476 [error] local node self-trust was not added: node signing public-key artifact is absent — continuing with configured trusted identities
06:18:10.479 [error] local node self-trust was not added: node signing public-key artifact is absent — continuing with configured trusted identities
06:18:10.484 [error] local node self-trust was not added: node signing public-key artifact is absent — continuing with configured trusted identities
06:18:10.498 [error] local node self-trust was not added: node signing public-key artifact is absent — continuing with configured trusted identities
.
Finished in 0.02 seconds (0.00s async, 0.02s sync)
3 tests, 0 failures, 2 excluded
Running ExUnit with seed: 507247, max_cases: 8
Excluding tags: [:test]
Including tags: [location: {"test/commonplace/cli/snapshot_test.exs", 114}]

CX_SNAPMECH cwd="/home/jes/sol-snapshot-fresh/wt/apps/commonplace_cli" configured="tmp/test_data" configured_read=%{compact: [], count: 3, ls: {:ok, ["node_id", "commits", "commits.lock"]}, exists?: true} commit_store_pid=#PID<0.279.0> commit_store_state_shape={true, [:data_dir, :db, :invariant_dispatcher, :local_write_gate, :lock_ref, :name, :pending_imports, :queue_poller, :trust_side_store]} cubdb_pid=#PID<0.282.0> cubdb_state_shape=CubDB.State cubdb_data_dir="tmp/test_data/commits" cubdb_read=%{compact: [], count: 1, ls: {:ok, ["7.cub"]}, exists?: true}
06:18:10.508 [error] local node self-trust was not added: node signing public-key artifact is absent — continuing with configured trusted identities
06:18:10.511 [error] local node self-trust was not added: node signing public-key artifact is absent — continuing with configured trusted identities
06:18:10.517 [error] local node self-trust was not added: node signing public-key artifact is absent — continuing with configured trusted identities
06:18:10.530 [error] local node self-trust was not added: node signing public-key artifact is absent — continuing with configured trusted identities
.
Finished in 0.03 seconds (0.00s async, 0.03s sync)
3 tests, 0 failures, 2 excluded
Running ExUnit with seed: 538567, max_cases: 8
Excluding tags: [:test]
Including tags: [location: {"test/commonplace/cli/snapshot_test.exs", 114}]

CX_SNAPMECH cwd="/home/jes/sol-snapshot-fresh/wt/apps/commonplace_cli" configured="tmp/test_data" configured_read=%{compact: [], count: 3, ls: {:ok, ["node_id", "commits", "commits.lock"]}, exists?: true} commit_store_pid=#PID<0.279.0> commit_store_state_shape={true, [:data_dir, :db, :invariant_dispatcher, :local_write_gate, :lock_ref, :name, :pending_imports, :queue_poller, :trust_side_store]} cubdb_pid=#PID<0.282.0> cubdb_state_shape=CubDB.State cubdb_data_dir="tmp/test_data/commits" cubdb_read=%{compact: ["8.compact"], count: 2, ls: {:ok, ["7.cub", "8.compact"]}, exists?: true}
06:18:10.540 [error] local node self-trust was not added: node signing public-key artifact is absent — continuing with configured trusted identities
06:18:10.551 [error] local node self-trust was not added: node signing public-key artifact is absent — continuing with configured trusted identities
06:18:10.556 [error] local node self-trust was not added: node signing public-key artifact is absent — continuing with configured trusted identities
06:18:10.569 [error] local node self-trust was not added: node signing public-key artifact is absent — continuing with configured trusted identities
.
Finished in 0.04 seconds (0.00s async, 0.04s sync)
3 tests, 0 failures, 2 excluded
Running ExUnit with seed: 581540, max_cases: 8
Excluding tags: [:test]
Including tags: [location: {"test/commonplace/cli/snapshot_test.exs", 114}]

CX_SNAPMECH cwd="/home/jes/sol-snapshot-fresh/wt/apps/commonplace_cli" configured="tmp/test_data" configured_read=%{compact: [], count: 3, ls: {:ok, ["node_id", "commits", "commits.lock"]}, exists?: true} commit_store_pid=#PID<0.279.0> commit_store_state_shape={true, [:data_dir, :db, :invariant_dispatcher, :local_write_gate, :lock_ref, :name, :pending_imports, :queue_poller, :trust_side_store]} cubdb_pid=#PID<0.282.0> cubdb_state_shape=CubDB.State cubdb_data_dir="tmp/test_data/commits" cubdb_read=%{compact: ["8.compact"], count: 2, ls: {:ok, ["7.cub", "8.compact"]}, exists?: true}
06:18:10.584 [error] local node self-trust was not added: node signing public-key artifact is absent — continuing with configured trusted identities
06:18:10.590 [error] local node self-trust was not added: node signing public-key artifact is absent — continuing with configured trusted identities
06:18:10.598 [error] local node self-trust was not added: node signing public-key artifact is absent — continuing with configured trusted identities
06:18:10.625 [error] local node self-trust was not added: node signing public-key artifact is absent — continuing with configured trusted identities
.
Finished in 0.05 seconds (0.00s async, 0.05s sync)
3 tests, 0 failures, 2 excluded
Running ExUnit with seed: 635117, max_cases: 8
Excluding tags: [:test]
Including tags: [location: {"test/commonplace/cli/snapshot_test.exs", 114}]

CX_SNAPMECH cwd="/home/jes/sol-snapshot-fresh/wt/apps/commonplace_cli" configured="tmp/test_data" configured_read=%{compact: [], count: 3, ls: {:ok, ["node_id", "commits", "commits.lock"]}, exists?: true} commit_store_pid=#PID<0.279.0> commit_store_state_shape={true, [:data_dir, :db, :invariant_dispatcher, :local_write_gate, :lock_ref, :name, :pending_imports, :queue_poller, :trust_side_store]} cubdb_pid=#PID<0.282.0> cubdb_state_shape=CubDB.State cubdb_data_dir="tmp/test_data/commits" cubdb_read=%{compact: ["8.compact"], count: 2, ls: {:ok, ["7.cub", "8.compact"]}, exists?: true}
06:18:10.638 [error] local node self-trust was not added: node signing public-key artifact is absent — continuing with configured trusted identities
06:18:10.649 [error] local node self-trust was not added: node signing public-key artifact is absent — continuing with configured trusted identities
06:18:10.663 [error] local node self-trust was not added: node signing public-key artifact is absent — continuing with configured trusted identities
06:18:10.682 [error] local node self-trust was not added: node signing public-key artifact is absent — continuing with configured trusted identities
.
Finished in 0.05 seconds (0.00s async, 0.05s sync)
3 tests, 0 failures, 2 excluded
Running ExUnit with seed: 691482, max_cases: 8
Excluding tags: [:test]
Including tags: [location: {"test/commonplace/cli/snapshot_test.exs", 114}]

CX_SNAPMECH cwd="/home/jes/sol-snapshot-fresh/wt/apps/commonplace_cli" configured="tmp/test_data" configured_read=%{compact: [], count: 3, ls: {:ok, ["node_id", "commits", "commits.lock"]}, exists?: true} commit_store_pid=#PID<0.279.0> commit_store_state_shape={true, [:data_dir, :db, :invariant_dispatcher, :local_write_gate, :lock_ref, :name, :pending_imports, :queue_poller, :trust_side_store]} cubdb_pid=#PID<0.282.0> cubdb_state_shape=CubDB.State cubdb_data_dir="tmp/test_data/commits" cubdb_read=%{compact: ["8.compact"], count: 2, ls: {:ok, ["7.cub", "8.compact"]}, exists?: true}
06:18:10.697 [error] local node self-trust was not added: node signing public-key artifact is absent — continuing with configured trusted identities
06:18:10.707 [error] local node self-trust was not added: node signing public-key artifact is absent — continuing with configured trusted identities
06:18:10.713 [error] local node self-trust was not added: node signing public-key artifact is absent — continuing with configured trusted identities
06:18:10.729 [error] local node self-trust was not added: node signing public-key artifact is absent — continuing with configured trusted identities
.
Finished in 0.04 seconds (0.00s async, 0.04s sync)
3 tests, 0 failures, 2 excluded
Running ExUnit with seed: 740379, max_cases: 8
Excluding tags: [:test]
Including tags: [location: {"test/commonplace/cli/snapshot_test.exs", 114}]

CX_SNAPMECH cwd="/home/jes/sol-snapshot-fresh/wt/apps/commonplace_cli" configured="tmp/test_data" configured_read=%{compact: [], count: 3, ls: {:ok, ["node_id", "commits", "commits.lock"]}, exists?: true} commit_store_pid=#PID<0.279.0> commit_store_state_shape={true, [:data_dir, :db, :invariant_dispatcher, :local_write_gate, :lock_ref, :name, :pending_imports, :queue_poller, :trust_side_store]} cubdb_pid=#PID<0.282.0> cubdb_state_shape=CubDB.State cubdb_data_dir="tmp/test_data/commits" cubdb_read=%{compact: ["8.compact"], count: 2, ls: {:ok, ["7.cub", "8.compact"]}, exists?: true}
06:18:10.745 [error] local node self-trust was not added: node signing public-key artifact is absent — continuing with configured trusted identities
06:18:10.751 [error] local node self-trust was not added: node signing public-key artifact is absent — continuing with configured trusted identities
06:18:10.756 [error] local node self-trust was not added: node signing public-key artifact is absent — continuing with configured trusted identities
06:18:10.767 [error] local node self-trust was not added: node signing public-key artifact is absent — continuing with configured trusted identities
.
Finished in 0.03 seconds (0.00s async, 0.03s sync)
3 tests, 0 failures, 2 excluded
Running ExUnit with seed: 774744, max_cases: 8
Excluding tags: [:test]
Including tags: [location: {"test/commonplace/cli/snapshot_test.exs", 114}]

CX_SNAPMECH cwd="/home/jes/sol-snapshot-fresh/wt/apps/commonplace_cli" configured="tmp/test_data" configured_read=%{compact: [], count: 3, ls: {:ok, ["node_id", "commits", "commits.lock"]}, exists?: true} commit_store_pid=#PID<0.279.0> commit_store_state_shape={true, [:data_dir, :db, :invariant_dispatcher, :local_write_gate, :lock_ref, :name, :pending_imports, :queue_poller, :trust_side_store]} cubdb_pid=#PID<0.282.0> cubdb_state_shape=CubDB.State cubdb_data_dir="tmp/test_data/commits" cubdb_read=%{compact: ["8.compact"], count: 2, ls: {:ok, ["7.cub", "8.compact"]}, exists?: true}
06:18:10.778 [error] local node self-trust was not added: node signing public-key artifact is absent — continuing with configured trusted identities
06:18:10.787 [error] local node self-trust was not added: node signing public-key artifact is absent — continuing with configured trusted identities
06:18:10.794 [error] local node self-trust was not added: node signing public-key artifact is absent — continuing with configured trusted identities
06:18:10.804 [error] local node self-trust was not added: node signing public-key artifact is absent — continuing with configured trusted identities
.
Finished in 0.03 seconds (0.00s async, 0.03s sync)
3 tests, 0 failures, 2 excluded
Running ExUnit with seed: 810458, max_cases: 8
Excluding tags: [:test]
Including tags: [location: {"test/commonplace/cli/snapshot_test.exs", 114}]

CX_SNAPMECH cwd="/home/jes/sol-snapshot-fresh/wt/apps/commonplace_cli" configured="tmp/test_data" configured_read=%{compact: [], count: 3, ls: {:ok, ["node_id", "commits", "commits.lock"]}, exists?: true} commit_store_pid=#PID<0.279.0> commit_store_state_shape={true, [:data_dir, :db, :invariant_dispatcher, :local_write_gate, :lock_ref, :name, :pending_imports, :queue_poller, :trust_side_store]} cubdb_pid=#PID<0.282.0> cubdb_state_shape=CubDB.State cubdb_data_dir="tmp/test_data/commits" cubdb_read=%{compact: ["8.compact"], count: 2, ls: {:ok, ["7.cub", "8.compact"]}, exists?: true}
06:18:10.813 [error] local node self-trust was not added: node signing public-key artifact is absent — continuing with configured trusted identities
06:18:10.818 [error] local node self-trust was not added: node signing public-key artifact is absent — continuing with configured trusted identities
06:18:10.827 [error] local node self-trust was not added: node signing public-key artifact is absent — continuing with configured trusted identities
06:18:10.847 [error] local node self-trust was not added: node signing public-key artifact is absent — continuing with configured trusted identities
.
Finished in 0.04 seconds (0.00s async, 0.04s sync)
3 tests, 0 failures, 2 excluded
Running ExUnit with seed: 853983, max_cases: 8
Excluding tags: [:test]
Including tags: [location: {"test/commonplace/cli/snapshot_test.exs", 114}]

CX_SNAPMECH cwd="/home/jes/sol-snapshot-fresh/wt/apps/commonplace_cli" configured="tmp/test_data" configured_read=%{compact: [], count: 3, ls: {:ok, ["node_id", "commits", "commits.lock"]}, exists?: true} commit_store_pid=#PID<0.279.0> commit_store_state_shape={true, [:data_dir, :db, :invariant_dispatcher, :local_write_gate, :lock_ref, :name, :pending_imports, :queue_poller, :trust_side_store]} cubdb_pid=#PID<0.282.0> cubdb_state_shape=CubDB.State cubdb_data_dir="tmp/test_data/commits" cubdb_read=%{compact: ["8.compact"], count: 2, ls: {:ok, ["7.cub", "8.compact"]}, exists?: true}
06:18:10.856 [error] local node self-trust was not added: node signing public-key artifact is absent — continuing with configured trusted identities
06:18:10.863 [error] local node self-trust was not added: node signing public-key artifact is absent — continuing with configured trusted identities
06:18:10.872 [error] local node self-trust was not added: node signing public-key artifact is absent — continuing with configured trusted identities
06:18:10.886 [error] local node self-trust was not added: node signing public-key artifact is absent — continuing with configured trusted identities
.
Finished in 0.03 seconds (0.00s async, 0.03s sync)
3 tests, 0 failures, 2 excluded
Running ExUnit with seed: 894585, max_cases: 8
Excluding tags: [:test]
Including tags: [location: {"test/commonplace/cli/snapshot_test.exs", 114}]

CX_SNAPMECH cwd="/home/jes/sol-snapshot-fresh/wt/apps/commonplace_cli" configured="tmp/test_data" configured_read=%{compact: [], count: 3, ls: {:ok, ["node_id", "commits", "commits.lock"]}, exists?: true} commit_store_pid=#PID<0.279.0> commit_store_state_shape={true, [:data_dir, :db, :invariant_dispatcher, :local_write_gate, :lock_ref, :name, :pending_imports, :queue_poller, :trust_side_store]} cubdb_pid=#PID<0.282.0> cubdb_state_shape=CubDB.State cubdb_data_dir="tmp/test_data/commits" cubdb_read=%{compact: ["8.compact"], count: 2, ls: {:ok, ["7.cub", "8.compact"]}, exists?: true}
06:18:10.899 [error] local node self-trust was not added: node signing public-key artifact is absent — continuing with configured trusted identities
06:18:10.904 [error] local node self-trust was not added: node signing public-key artifact is absent — continuing with configured trusted identities
06:18:10.913 [error] local node self-trust was not added: node signing public-key artifact is absent — continuing with configured trusted identities
06:18:10.928 [error] local node self-trust was not added: node signing public-key artifact is absent — continuing with configured trusted identities
.
Finished in 0.03 seconds (0.00s async, 0.03s sync)
3 tests, 0 failures, 2 excluded
Running ExUnit with seed: 934231, max_cases: 8
Excluding tags: [:test]
Including tags: [location: {"test/commonplace/cli/snapshot_test.exs", 114}]

CX_SNAPMECH cwd="/home/jes/sol-snapshot-fresh/wt/apps/commonplace_cli" configured="tmp/test_data" configured_read=%{compact: [], count: 3, ls: {:ok, ["node_id", "commits", "commits.lock"]}, exists?: true} commit_store_pid=#PID<0.279.0> commit_store_state_shape={true, [:data_dir, :db, :invariant_dispatcher, :local_write_gate, :lock_ref, :name, :pending_imports, :queue_poller, :trust_side_store]} cubdb_pid=#PID<0.282.0> cubdb_state_shape=CubDB.State cubdb_data_dir="tmp/test_data/commits" cubdb_read=%{compact: ["8.compact"], count: 2, ls: {:ok, ["7.cub", "8.compact"]}, exists?: true}
06:18:10.936 [error] local node self-trust was not added: node signing public-key artifact is absent — continuing with configured trusted identities
06:18:10.944 [error] local node self-trust was not added: node signing public-key artifact is absent — continuing with configured trusted identities
06:18:10.950 [error] local node self-trust was not added: node signing public-key artifact is absent — continuing with configured trusted identities
06:18:10.967 [error] local node self-trust was not added: node signing public-key artifact is absent — continuing with configured trusted identities
.
Finished in 0.04 seconds (0.00s async, 0.04s sync)
3 tests, 0 failures, 2 excluded
Running ExUnit with seed: 978785, max_cases: 8
Excluding tags: [:test]
Including tags: [location: {"test/commonplace/cli/snapshot_test.exs", 114}]

CX_SNAPMECH cwd="/home/jes/sol-snapshot-fresh/wt/apps/commonplace_cli" configured="tmp/test_data" configured_read=%{compact: [], count: 3, ls: {:ok, ["node_id", "commits", "commits.lock"]}, exists?: true} commit_store_pid=#PID<0.279.0> commit_store_state_shape={true, [:data_dir, :db, :invariant_dispatcher, :local_write_gate, :lock_ref, :name, :pending_imports, :queue_poller, :trust_side_store]} cubdb_pid=#PID<0.282.0> cubdb_state_shape=CubDB.State cubdb_data_dir="tmp/test_data/commits" cubdb_read=%{compact: ["8.compact"], count: 2, ls: {:ok, ["7.cub", "8.compact"]}, exists?: true}
06:18:10.982 [error] local node self-trust was not added: node signing public-key artifact is absent — continuing with configured trusted identities
06:18:10.991 [error] local node self-trust was not added: node signing public-key artifact is absent — continuing with configured trusted identities
06:18:11.000 [error] local node self-trust was not added: node signing public-key artifact is absent — continuing with configured trusted identities
06:18:11.015 [error] local node self-trust was not added: node signing public-key artifact is absent — continuing with configured trusted identities
.
Finished in 0.04 seconds (0.00s async, 0.04s sync)
3 tests, 0 failures, 2 excluded
Running ExUnit with seed: 26810, max_cases: 8
Excluding tags: [:test]
Including tags: [location: {"test/commonplace/cli/snapshot_test.exs", 114}]

CX_SNAPMECH cwd="/home/jes/sol-snapshot-fresh/wt/apps/commonplace_cli" configured="tmp/test_data" configured_read=%{compact: [], count: 3, ls: {:ok, ["node_id", "commits", "commits.lock"]}, exists?: true} commit_store_pid=#PID<0.279.0> commit_store_state_shape={true, [:data_dir, :db, :invariant_dispatcher, :local_write_gate, :lock_ref, :name, :pending_imports, :queue_poller, :trust_side_store]} cubdb_pid=#PID<0.282.0> cubdb_state_shape=CubDB.State cubdb_data_dir="tmp/test_data/commits" cubdb_read=%{compact: ["8.compact"], count: 2, ls: {:ok, ["7.cub", "8.compact"]}, exists?: true}
06:18:11.030 [error] local node self-trust was not added: node signing public-key artifact is absent — continuing with configured trusted identities
06:18:11.042 [error] local node self-trust was not added: node signing public-key artifact is absent — continuing with configured trusted identities
06:18:11.049 [error] local node self-trust was not added: node signing public-key artifact is absent — continuing with configured trusted identities
06:18:11.059 [error] local node self-trust was not added: node signing public-key artifact is absent — continuing with configured trusted identities
.
Finished in 0.04 seconds (0.00s async, 0.04s sync)
3 tests, 0 failures, 2 excluded
Running ExUnit with seed: 73030, max_cases: 8
Excluding tags: [:test]
Including tags: [location: {"test/commonplace/cli/snapshot_test.exs", 114}]

CX_SNAPMECH cwd="/home/jes/sol-snapshot-fresh/wt/apps/commonplace_cli" configured="tmp/test_data" configured_read=%{compact: [], count: 3, ls: {:ok, ["node_id", "commits", "commits.lock"]}, exists?: true} commit_store_pid=#PID<0.279.0> commit_store_state_shape={true, [:data_dir, :db, :invariant_dispatcher, :local_write_gate, :lock_ref, :name, :pending_imports, :queue_poller, :trust_side_store]} cubdb_pid=#PID<0.282.0> cubdb_state_shape=CubDB.State cubdb_data_dir="tmp/test_data/commits" cubdb_read=%{compact: ["8.compact"], count: 2, ls: {:ok, ["7.cub", "8.compact"]}, exists?: true}
06:18:11.074 [error] local node self-trust was not added: node signing public-key artifact is absent — continuing with configured trusted identities
06:18:11.079 [error] local node self-trust was not added: node signing public-key artifact is absent — continuing with configured trusted identities
06:18:11.083 [error] local node self-trust was not added: node signing public-key artifact is absent — continuing with configured trusted identities
06:18:11.094 [error] local node self-trust was not added: node signing public-key artifact is absent — continuing with configured trusted identities
.
Finished in 0.02 seconds (0.00s async, 0.02s sync)
3 tests, 0 failures, 2 excluded
Running ExUnit with seed: 102248, max_cases: 8
Excluding tags: [:test]
Including tags: [location: {"test/commonplace/cli/snapshot_test.exs", 114}]

CX_SNAPMECH cwd="/home/jes/sol-snapshot-fresh/wt/apps/commonplace_cli" configured="tmp/test_data" configured_read=%{compact: [], count: 3, ls: {:ok, ["node_id", "commits", "commits.lock"]}, exists?: true} commit_store_pid=#PID<0.279.0> commit_store_state_shape={true, [:data_dir, :db, :invariant_dispatcher, :local_write_gate, :lock_ref, :name, :pending_imports, :queue_poller, :trust_side_store]} cubdb_pid=#PID<0.282.0> cubdb_state_shape=CubDB.State cubdb_data_dir="tmp/test_data/commits" cubdb_read=%{compact: ["8.compact"], count: 2, ls: {:ok, ["7.cub", "8.compact"]}, exists?: true}
06:18:11.104 [error] local node self-trust was not added: node signing public-key artifact is absent — continuing with configured trusted identities
06:18:11.111 [error] local node self-trust was not added: node signing public-key artifact is absent — continuing with configured trusted identities
06:18:11.116 [error] local node self-trust was not added: node signing public-key artifact is absent — continuing with configured trusted identities
06:18:11.129 [error] local node self-trust was not added: node signing public-key artifact is absent — continuing with configured trusted identities
.
Finished in 0.03 seconds (0.00s async, 0.03s sync)
3 tests, 0 failures, 2 excluded
Running ExUnit with seed: 135604, max_cases: 8
Excluding tags: [:test]
Including tags: [location: {"test/commonplace/cli/snapshot_test.exs", 114}]

CX_SNAPMECH cwd="/home/jes/sol-snapshot-fresh/wt/apps/commonplace_cli" configured="tmp/test_data" configured_read=%{compact: [], count: 3, ls: {:ok, ["node_id", "commits", "commits.lock"]}, exists?: true} commit_store_pid=#PID<0.279.0> commit_store_state_shape={true, [:data_dir, :db, :invariant_dispatcher, :local_write_gate, :lock_ref, :name, :pending_imports, :queue_poller, :trust_side_store]} cubdb_pid=#PID<0.282.0> cubdb_state_shape=CubDB.State cubdb_data_dir="tmp/test_data/commits" cubdb_read=%{compact: ["8.compact"], count: 2, ls: {:ok, ["7.cub", "8.compact"]}, exists?: true}
06:18:11.138 [error] local node self-trust was not added: node signing public-key artifact is absent — continuing with configured trusted identities
06:18:11.144 [error] local node self-trust was not added: node signing public-key artifact is absent — continuing with configured trusted identities
06:18:11.147 [error] local node self-trust was not added: node signing public-key artifact is absent — continuing with configured trusted identities
06:18:11.166 [error] local node self-trust was not added: node signing public-key artifact is absent — continuing with configured trusted identities
.
Finished in 0.03 seconds (0.00s async, 0.03s sync)
3 tests, 0 failures, 2 excluded
Running ExUnit with seed: 173559, max_cases: 8
Excluding tags: [:test]
Including tags: [location: {"test/commonplace/cli/snapshot_test.exs", 114}]

CX_SNAPMECH cwd="/home/jes/sol-snapshot-fresh/wt/apps/commonplace_cli" configured="tmp/test_data" configured_read=%{compact: [], count: 3, ls: {:ok, ["node_id", "commits", "commits.lock"]}, exists?: true} commit_store_pid=#PID<0.279.0> commit_store_state_shape={true, [:data_dir, :db, :invariant_dispatcher, :local_write_gate, :lock_ref, :name, :pending_imports, :queue_poller, :trust_side_store]} cubdb_pid=#PID<0.282.0> cubdb_state_shape=CubDB.State cubdb_data_dir="tmp/test_data/commits" cubdb_read=%{compact: ["8.compact"], count: 2, ls: {:ok, ["7.cub", "8.compact"]}, exists?: true}
06:18:11.176 [error] local node self-trust was not added: node signing public-key artifact is absent — continuing with configured trusted identities
06:18:11.182 [error] local node self-trust was not added: node signing public-key artifact is absent — continuing with configured trusted identities
06:18:11.188 [error] local node self-trust was not added: node signing public-key artifact is absent — continuing with configured trusted identities
06:18:11.210 [error] local node self-trust was not added: node signing public-key artifact is absent — continuing with configured trusted identities
.
Finished in 0.04 seconds (0.00s async, 0.04s sync)
3 tests, 0 failures, 2 excluded
Running ExUnit with seed: 219842, max_cases: 8
Excluding tags: [:test]
Including tags: [location: {"test/commonplace/cli/snapshot_test.exs", 114}]

CX_SNAPMECH cwd="/home/jes/sol-snapshot-fresh/wt/apps/commonplace_cli" configured="tmp/test_data" configured_read=%{compact: [], count: 3, ls: {:ok, ["node_id", "commits", "commits.lock"]}, exists?: true} commit_store_pid=#PID<0.279.0> commit_store_state_shape={true, [:data_dir, :db, :invariant_dispatcher, :local_write_gate, :lock_ref, :name, :pending_imports, :queue_poller, :trust_side_store]} cubdb_pid=#PID<0.282.0> cubdb_state_shape=CubDB.State cubdb_data_dir="tmp/test_data/commits" cubdb_read=%{compact: ["8.compact"], count: 2, ls: {:ok, ["7.cub", "8.compact"]}, exists?: true}
06:18:11.225 [error] local node self-trust was not added: node signing public-key artifact is absent — continuing with configured trusted identities
06:18:11.231 [error] local node self-trust was not added: node signing public-key artifact is absent — continuing with configured trusted identities
06:18:11.240 [error] local node self-trust was not added: node signing public-key artifact is absent — continuing with configured trusted identities
06:18:11.253 [error] local node self-trust was not added: node signing public-key artifact is absent — continuing with configured trusted identities
.
Finished in 0.04 seconds (0.00s async, 0.04s sync)
3 tests, 0 failures, 2 excluded
Running ExUnit with seed: 266964, max_cases: 8
Excluding tags: [:test]
Including tags: [location: {"test/commonplace/cli/snapshot_test.exs", 114}]

CX_SNAPMECH cwd="/home/jes/sol-snapshot-fresh/wt/apps/commonplace_cli" configured="tmp/test_data" configured_read=%{compact: [], count: 3, ls: {:ok, ["node_id", "commits", "commits.lock"]}, exists?: true} commit_store_pid=#PID<0.279.0> commit_store_state_shape={true, [:data_dir, :db, :invariant_dispatcher, :local_write_gate, :lock_ref, :name, :pending_imports, :queue_poller, :trust_side_store]} cubdb_pid=#PID<0.282.0> cubdb_state_shape=CubDB.State cubdb_data_dir="tmp/test_data/commits" cubdb_read=%{compact: [], count: 1, ls: {:ok, ["8.cub"]}, exists?: true}
06:18:11.276 [error] local node self-trust was not added: node signing public-key artifact is absent — continuing with configured trusted identities
06:18:11.281 [error] local node self-trust was not added: node signing public-key artifact is absent — continuing with configured trusted identities
06:18:11.289 [error] local node self-trust was not added: node signing public-key artifact is absent — continuing with configured trusted identities
06:18:11.298 [error] local node self-trust was not added: node signing public-key artifact is absent — continuing with configured trusted identities
.
Finished in 0.05 seconds (0.00s async, 0.05s sync)
3 tests, 0 failures, 2 excluded
Running ExUnit with seed: 323385, max_cases: 8
Excluding tags: [:test]
Including tags: [location: {"test/commonplace/cli/snapshot_test.exs", 114}]

CX_SNAPMECH cwd="/home/jes/sol-snapshot-fresh/wt/apps/commonplace_cli" configured="tmp/test_data" configured_read=%{compact: [], count: 3, ls: {:ok, ["node_id", "commits", "commits.lock"]}, exists?: true} commit_store_pid=#PID<0.279.0> commit_store_state_shape={true, [:data_dir, :db, :invariant_dispatcher, :local_write_gate, :lock_ref, :name, :pending_imports, :queue_poller, :trust_side_store]} cubdb_pid=#PID<0.282.0> cubdb_state_shape=CubDB.State cubdb_data_dir="tmp/test_data/commits" cubdb_read=%{compact: [], count: 1, ls: {:ok, ["8.cub"]}, exists?: true}
06:18:11.326 [error] local node self-trust was not added: node signing public-key artifact is absent — continuing with configured trusted identities
06:18:11.331 [error] local node self-trust was not added: node signing public-key artifact is absent — continuing with configured trusted identities
06:18:11.335 [error] local node self-trust was not added: node signing public-key artifact is absent — continuing with configured trusted identities
06:18:11.346 [error] local node self-trust was not added: node signing public-key artifact is absent — continuing with configured trusted identities
.
Finished in 0.02 seconds (0.00s async, 0.02s sync)
3 tests, 0 failures, 2 excluded
Running ExUnit with seed: 351192, max_cases: 8
Excluding tags: [:test]
Including tags: [location: {"test/commonplace/cli/snapshot_test.exs", 114}]

CX_SNAPMECH cwd="/home/jes/sol-snapshot-fresh/wt/apps/commonplace_cli" configured="tmp/test_data" configured_read=%{compact: [], count: 3, ls: {:ok, ["node_id", "commits", "commits.lock"]}, exists?: true} commit_store_pid=#PID<0.279.0> commit_store_state_shape={true, [:data_dir, :db, :invariant_dispatcher, :local_write_gate, :lock_ref, :name, :pending_imports, :queue_poller, :trust_side_store]} cubdb_pid=#PID<0.282.0> cubdb_state_shape=CubDB.State cubdb_data_dir="tmp/test_data/commits" cubdb_read=%{compact: [], count: 1, ls: {:ok, ["8.cub"]}, exists?: true}
06:18:11.355 [error] local node self-trust was not added: node signing public-key artifact is absent — continuing with configured trusted identities
06:18:11.359 [error] local node self-trust was not added: node signing public-key artifact is absent — continuing with configured trusted identities
06:18:11.362 [error] local node self-trust was not added: node signing public-key artifact is absent — continuing with configured trusted identities
06:18:11.373 [error] local node self-trust was not added: node signing public-key artifact is absent — continuing with configured trusted identities
.
Finished in 0.02 seconds (0.00s async, 0.02s sync)
3 tests, 0 failures, 2 excluded
Running ExUnit with seed: 383057, max_cases: 8
Excluding tags: [:test]
Including tags: [location: {"test/commonplace/cli/snapshot_test.exs", 114}]

CX_SNAPMECH cwd="/home/jes/sol-snapshot-fresh/wt/apps/commonplace_cli" configured="tmp/test_data" configured_read=%{compact: [], count: 3, ls: {:ok, ["node_id", "commits", "commits.lock"]}, exists?: true} commit_store_pid=#PID<0.279.0> commit_store_state_shape={true, [:data_dir, :db, :invariant_dispatcher, :local_write_gate, :lock_ref, :name, :pending_imports, :queue_poller, :trust_side_store]} cubdb_pid=#PID<0.282.0> cubdb_state_shape=CubDB.State cubdb_data_dir="tmp/test_data/commits" cubdb_read=%{compact: [], count: 1, ls: {:ok, ["8.cub"]}, exists?: true}
06:18:11.390 [error] local node self-trust was not added: node signing public-key artifact is absent — continuing with configured trusted identities
06:18:11.397 [error] local node self-trust was not added: node signing public-key artifact is absent — continuing with configured trusted identities
06:18:11.409 [error] local node self-trust was not added: node signing public-key artifact is absent — continuing with configured trusted identities
06:18:11.416 [error] local node self-trust was not added: node signing public-key artifact is absent — continuing with configured trusted identities
.
Finished in 0.03 seconds (0.00s async, 0.03s sync)
3 tests, 0 failures, 2 excluded
Running ExUnit with seed: 425135, max_cases: 8
Excluding tags: [:test]
Including tags: [location: {"test/commonplace/cli/snapshot_test.exs", 114}]

CX_SNAPMECH cwd="/home/jes/sol-snapshot-fresh/wt/apps/commonplace_cli" configured="tmp/test_data" configured_read=%{compact: [], count: 3, ls: {:ok, ["node_id", "commits", "commits.lock"]}, exists?: true} commit_store_pid=#PID<0.279.0> commit_store_state_shape={true, [:data_dir, :db, :invariant_dispatcher, :local_write_gate, :lock_ref, :name, :pending_imports, :queue_poller, :trust_side_store]} cubdb_pid=#PID<0.282.0> cubdb_state_shape=CubDB.State cubdb_data_dir="tmp/test_data/commits" cubdb_read=%{compact: [], count: 1, ls: {:ok, ["8.cub"]}, exists?: true}
06:18:11.427 [error] local node self-trust was not added: node signing public-key artifact is absent — continuing with configured trusted identities
06:18:11.433 [error] local node self-trust was not added: node signing public-key artifact is absent — continuing with configured trusted identities
06:18:11.435 [error] local node self-trust was not added: node signing public-key artifact is absent — continuing with configured trusted identities
06:18:11.442 [error] local node self-trust was not added: node signing public-key artifact is absent — continuing with configured trusted identities
.
Finished in 0.02 seconds (0.00s async, 0.02s sync)
3 tests, 0 failures, 2 excluded
Running ExUnit with seed: 447507, max_cases: 8
Excluding tags: [:test]
Including tags: [location: {"test/commonplace/cli/snapshot_test.exs", 114}]

CX_SNAPMECH cwd="/home/jes/sol-snapshot-fresh/wt/apps/commonplace_cli" configured="tmp/test_data" configured_read=%{compact: [], count: 3, ls: {:ok, ["node_id", "commits", "commits.lock"]}, exists?: true} commit_store_pid=#PID<0.279.0> commit_store_state_shape={true, [:data_dir, :db, :invariant_dispatcher, :local_write_gate, :lock_ref, :name, :pending_imports, :queue_poller, :trust_side_store]} cubdb_pid=#PID<0.282.0> cubdb_state_shape=CubDB.State cubdb_data_dir="tmp/test_data/commits" cubdb_read=%{compact: [], count: 1, ls: {:ok, ["8.cub"]}, exists?: true}
06:18:11.457 [error] local node self-trust was not added: node signing public-key artifact is absent — continuing with configured trusted identities
06:18:11.463 [error] local node self-trust was not added: node signing public-key artifact is absent — continuing with configured trusted identities
06:18:11.469 [error] local node self-trust was not added: node signing public-key artifact is absent — continuing with configured trusted identities
06:18:11.480 [error] local node self-trust was not added: node signing public-key artifact is absent — continuing with configured trusted identities
.
Finished in 0.03 seconds (0.00s async, 0.03s sync)
3 tests, 0 failures, 2 excluded
Running ExUnit with seed: 487237, max_cases: 8
Excluding tags: [:test]
Including tags: [location: {"test/commonplace/cli/snapshot_test.exs", 114}]

CX_SNAPMECH cwd="/home/jes/sol-snapshot-fresh/wt/apps/commonplace_cli" configured="tmp/test_data" configured_read=%{compact: [], count: 3, ls: {:ok, ["node_id", "commits", "commits.lock"]}, exists?: true} commit_store_pid=#PID<0.279.0> commit_store_state_shape={true, [:data_dir, :db, :invariant_dispatcher, :local_write_gate, :lock_ref, :name, :pending_imports, :queue_poller, :trust_side_store]} cubdb_pid=#PID<0.282.0> cubdb_state_shape=CubDB.State cubdb_data_dir="tmp/test_data/commits" cubdb_read=%{compact: [], count: 1, ls: {:ok, ["8.cub"]}, exists?: true}
06:18:11.489 [error] local node self-trust was not added: node signing public-key artifact is absent — continuing with configured trusted identities
06:18:11.494 [error] local node self-trust was not added: node signing public-key artifact is absent — continuing with configured trusted identities
06:18:11.499 [error] local node self-trust was not added: node signing public-key artifact is absent — continuing with configured trusted identities
06:18:11.509 [error] local node self-trust was not added: node signing public-key artifact is absent — continuing with configured trusted identities
.
Finished in 0.02 seconds (0.00s async, 0.02s sync)
3 tests, 0 failures, 2 excluded
Running ExUnit with seed: 515986, max_cases: 8
Excluding tags: [:test]
Including tags: [location: {"test/commonplace/cli/snapshot_test.exs", 114}]

CX_SNAPMECH cwd="/home/jes/sol-snapshot-fresh/wt/apps/commonplace_cli" configured="tmp/test_data" configured_read=%{compact: [], count: 3, ls: {:ok, ["node_id", "commits", "commits.lock"]}, exists?: true} commit_store_pid=#PID<0.279.0> commit_store_state_shape={true, [:data_dir, :db, :invariant_dispatcher, :local_write_gate, :lock_ref, :name, :pending_imports, :queue_poller, :trust_side_store]} cubdb_pid=#PID<0.282.0> cubdb_state_shape=CubDB.State cubdb_data_dir="tmp/test_data/commits" cubdb_read=%{compact: [], count: 1, ls: {:ok, ["8.cub"]}, exists?: true}
06:18:11.519 [error] local node self-trust was not added: node signing public-key artifact is absent — continuing with configured trusted identities
06:18:11.523 [error] local node self-trust was not added: node signing public-key artifact is absent — continuing with configured trusted identities
06:18:11.527 [error] local node self-trust was not added: node signing public-key artifact is absent — continuing with configured trusted identities
06:18:11.540 [error] local node self-trust was not added: node signing public-key artifact is absent — continuing with configured trusted identities
.
Finished in 0.02 seconds (0.00s async, 0.02s sync)
3 tests, 0 failures, 2 excluded
Running ExUnit with seed: 547177, max_cases: 8
Excluding tags: [:test]
Including tags: [location: {"test/commonplace/cli/snapshot_test.exs", 114}]

06:18:11.551 [error] local node self-trust was not added: node signing public-key artifact is absent — continuing with configured trusted identities
CX_SNAPMECH cwd="/home/jes/sol-snapshot-fresh/wt/apps/commonplace_cli" configured="tmp/test_data" configured_read=%{compact: [], count: 3, ls: {:ok, ["node_id", "commits", "commits.lock"]}, exists?: true} commit_store_pid=#PID<0.279.0> commit_store_state_shape={true, [:data_dir, :db, :invariant_dispatcher, :local_write_gate, :lock_ref, :name, :pending_imports, :queue_poller, :trust_side_store]} cubdb_pid=#PID<0.282.0> cubdb_state_shape=CubDB.State cubdb_data_dir="tmp/test_data/commits" cubdb_read=%{compact: [], count: 1, ls: {:ok, ["8.cub"]}, exists?: true}
06:18:11.554 [error] local node self-trust was not added: node signing public-key artifact is absent — continuing with configured trusted identities
06:18:11.558 [error] local node self-trust was not added: node signing public-key artifact is absent — continuing with configured trusted identities
06:18:11.571 [error] local node self-trust was not added: node signing public-key artifact is absent — continuing with configured trusted identities
.
Finished in 0.02 seconds (0.00s async, 0.02s sync)
3 tests, 0 failures, 2 excluded
Running ExUnit with seed: 577269, max_cases: 8
Excluding tags: [:test]
Including tags: [location: {"test/commonplace/cli/snapshot_test.exs", 114}]

CX_SNAPMECH cwd="/home/jes/sol-snapshot-fresh/wt/apps/commonplace_cli" configured="tmp/test_data" configured_read=%{compact: [], count: 3, ls: {:ok, ["node_id", "commits", "commits.lock"]}, exists?: true} commit_store_pid=#PID<0.279.0> commit_store_state_shape={true, [:data_dir, :db, :invariant_dispatcher, :local_write_gate, :lock_ref, :name, :pending_imports, :queue_poller, :trust_side_store]} cubdb_pid=#PID<0.282.0> cubdb_state_shape=CubDB.State cubdb_data_dir="tmp/test_data/commits" cubdb_read=%{compact: [], count: 1, ls: {:ok, ["8.cub"]}, exists?: true}
06:18:11.579 [error] local node self-trust was not added: node signing public-key artifact is absent — continuing with configured trusted identities
06:18:11.586 [error] local node self-trust was not added: node signing public-key artifact is absent — continuing with configured trusted identities
06:18:11.591 [error] local node self-trust was not added: node signing public-key artifact is absent — continuing with configured trusted identities
06:18:11.605 [error] local node self-trust was not added: node signing public-key artifact is absent — continuing with configured trusted identities
.
Finished in 0.03 seconds (0.00s async, 0.03s sync)
3 tests, 0 failures, 2 excluded
Running ExUnit with seed: 609462, max_cases: 8
Excluding tags: [:test]
Including tags: [location: {"test/commonplace/cli/snapshot_test.exs", 114}]

CX_SNAPMECH cwd="/home/jes/sol-snapshot-fresh/wt/apps/commonplace_cli" configured="tmp/test_data" configured_read=%{compact: [], count: 3, ls: {:ok, ["node_id", "commits", "commits.lock"]}, exists?: true} commit_store_pid=#PID<0.279.0> commit_store_state_shape={true, [:data_dir, :db, :invariant_dispatcher, :local_write_gate, :lock_ref, :name, :pending_imports, :queue_poller, :trust_side_store]} cubdb_pid=#PID<0.282.0> cubdb_state_shape=CubDB.State cubdb_data_dir="tmp/test_data/commits" cubdb_read=%{compact: [], count: 1, ls: {:ok, ["8.cub"]}, exists?: true}
06:18:11.610 [error] local node self-trust was not added: node signing public-key artifact is absent — continuing with configured trusted identities
06:18:11.615 [error] local node self-trust was not added: node signing public-key artifact is absent — continuing with configured trusted identities
06:18:11.619 [error] local node self-trust was not added: node signing public-key artifact is absent — continuing with configured trusted identities
06:18:11.631 [error] local node self-trust was not added: node signing public-key artifact is absent — continuing with configured trusted identities
.
Finished in 0.03 seconds (0.00s async, 0.03s sync)
3 tests, 0 failures, 2 excluded
Running ExUnit with seed: 640786, max_cases: 8
Excluding tags: [:test]
Including tags: [location: {"test/commonplace/cli/snapshot_test.exs", 114}]

CX_SNAPMECH cwd="/home/jes/sol-snapshot-fresh/wt/apps/commonplace_cli" configured="tmp/test_data" configured_read=%{compact: [], count: 3, ls: {:ok, ["node_id", "commits", "commits.lock"]}, exists?: true} commit_store_pid=#PID<0.279.0> commit_store_state_shape={true, [:data_dir, :db, :invariant_dispatcher, :local_write_gate, :lock_ref, :name, :pending_imports, :queue_poller, :trust_side_store]} cubdb_pid=#PID<0.282.0> cubdb_state_shape=CubDB.State cubdb_data_dir="tmp/test_data/commits" cubdb_read=%{compact: [], count: 1, ls: {:ok, ["8.cub"]}, exists?: true}
06:18:11.643 [error] local node self-trust was not added: node signing public-key artifact is absent — continuing with configured trusted identities
06:18:11.647 [error] local node self-trust was not added: node signing public-key artifact is absent — continuing with configured trusted identities
06:18:11.651 [error] local node self-trust was not added: node signing public-key artifact is absent — continuing with configured trusted identities
06:18:11.657 [error] local node self-trust was not added: node signing public-key artifact is absent — continuing with configured trusted identities
.
Finished in 0.01 seconds (0.00s async, 0.01s sync)
3 tests, 0 failures, 2 excluded
Running ExUnit with seed: 661529, max_cases: 8
Excluding tags: [:test]
Including tags: [location: {"test/commonplace/cli/snapshot_test.exs", 114}]

CX_SNAPMECH cwd="/home/jes/sol-snapshot-fresh/wt/apps/commonplace_cli" configured="tmp/test_data" configured_read=%{compact: [], count: 3, ls: {:ok, ["node_id", "commits", "commits.lock"]}, exists?: true} commit_store_pid=#PID<0.279.0> commit_store_state_shape={true, [:data_dir, :db, :invariant_dispatcher, :local_write_gate, :lock_ref, :name, :pending_imports, :queue_poller, :trust_side_store]} cubdb_pid=#PID<0.282.0> cubdb_state_shape=CubDB.State cubdb_data_dir="tmp/test_data/commits" cubdb_read=%{compact: [], count: 1, ls: {:ok, ["8.cub"]}, exists?: true}
06:18:11.663 [error] local node self-trust was not added: node signing public-key artifact is absent — continuing with configured trusted identities
06:18:11.668 [error] local node self-trust was not added: node signing public-key artifact is absent — continuing with configured trusted identities
06:18:11.671 [error] local node self-trust was not added: node signing public-key artifact is absent — continuing with configured trusted identities
06:18:11.676 [error] local node self-trust was not added: node signing public-key artifact is absent — continuing with configured trusted identities
.
Finished in 0.01 seconds (0.00s async, 0.01s sync)
3 tests, 0 failures, 2 excluded
Running ExUnit with seed: 681514, max_cases: 8
Excluding tags: [:test]
Including tags: [location: {"test/commonplace/cli/snapshot_test.exs", 114}]

CX_SNAPMECH cwd="/home/jes/sol-snapshot-fresh/wt/apps/commonplace_cli" configured="tmp/test_data" configured_read=%{compact: [], count: 3, ls: {:ok, ["node_id", "commits", "commits.lock"]}, exists?: true} commit_store_pid=#PID<0.279.0> commit_store_state_shape={true, [:data_dir, :db, :invariant_dispatcher, :local_write_gate, :lock_ref, :name, :pending_imports, :queue_poller, :trust_side_store]} cubdb_pid=#PID<0.282.0> cubdb_state_shape=CubDB.State cubdb_data_dir="tmp/test_data/commits" cubdb_read=%{compact: [], count: 1, ls: {:ok, ["8.cub"]}, exists?: true}
06:18:11.683 [error] local node self-trust was not added: node signing public-key artifact is absent — continuing with configured trusted identities
06:18:11.686 [error] local node self-trust was not added: node signing public-key artifact is absent — continuing with configured trusted identities
06:18:11.688 [error] local node self-trust was not added: node signing public-key artifact is absent — continuing with configured trusted identities
06:18:11.692 [error] local node self-trust was not added: node signing public-key artifact is absent — continuing with configured trusted identities
.
Finished in 0.01 seconds (0.00s async, 0.01s sync)
3 tests, 0 failures, 2 excluded
Running ExUnit with seed: 696564, max_cases: 8
Excluding tags: [:test]
Including tags: [location: {"test/commonplace/cli/snapshot_test.exs", 114}]

CX_SNAPMECH cwd="/home/jes/sol-snapshot-fresh/wt/apps/commonplace_cli" configured="tmp/test_data" configured_read=%{compact: [], count: 3, ls: {:ok, ["node_id", "commits", "commits.lock"]}, exists?: true} commit_store_pid=#PID<0.279.0> commit_store_state_shape={true, [:data_dir, :db, :invariant_dispatcher, :local_write_gate, :lock_ref, :name, :pending_imports, :queue_poller, :trust_side_store]} cubdb_pid=#PID<0.282.0> cubdb_state_shape=CubDB.State cubdb_data_dir="tmp/test_data/commits" cubdb_read=%{compact: [], count: 1, ls: {:ok, ["8.cub"]}, exists?: true}
06:18:11.697 [error] local node self-trust was not added: node signing public-key artifact is absent — continuing with configured trusted identities
06:18:11.703 [error] local node self-trust was not added: node signing public-key artifact is absent — continuing with configured trusted identities
06:18:11.706 [error] local node self-trust was not added: node signing public-key artifact is absent — continuing with configured trusted identities
06:18:11.714 [error] local node self-trust was not added: node signing public-key artifact is absent — continuing with configured trusted identities
.
Finished in 0.02 seconds (0.00s async, 0.02s sync)
3 tests, 0 failures, 2 excluded
Running ExUnit with seed: 719996, max_cases: 8
Excluding tags: [:test]
Including tags: [location: {"test/commonplace/cli/snapshot_test.exs", 114}]

CX_SNAPMECH cwd="/home/jes/sol-snapshot-fresh/wt/apps/commonplace_cli" configured="tmp/test_data" configured_read=%{compact: [], count: 3, ls: {:ok, ["node_id", "commits", "commits.lock"]}, exists?: true} commit_store_pid=#PID<0.279.0> commit_store_state_shape={true, [:data_dir, :db, :invariant_dispatcher, :local_write_gate, :lock_ref, :name, :pending_imports, :queue_poller, :trust_side_store]} cubdb_pid=#PID<0.282.0> cubdb_state_shape=CubDB.State cubdb_data_dir="tmp/test_data/commits" cubdb_read=%{compact: [], count: 1, ls: {:ok, ["8.cub"]}, exists?: true}
06:18:11.721 [error] local node self-trust was not added: node signing public-key artifact is absent — continuing with configured trusted identities
06:18:11.726 [error] local node self-trust was not added: node signing public-key artifact is absent — continuing with configured trusted identities
06:18:11.731 [error] local node self-trust was not added: node signing public-key artifact is absent — continuing with configured trusted identities
06:18:11.738 [error] local node self-trust was not added: node signing public-key artifact is absent — continuing with configured trusted identities
.
Finished in 0.02 seconds (0.00s async, 0.02s sync)
3 tests, 0 failures, 2 excluded
Running ExUnit with seed: 747426, max_cases: 8
Excluding tags: [:test]
Including tags: [location: {"test/commonplace/cli/snapshot_test.exs", 114}]

CX_SNAPMECH cwd="/home/jes/sol-snapshot-fresh/wt/apps/commonplace_cli" configured="tmp/test_data" configured_read=%{compact: [], count: 3, ls: {:ok, ["node_id", "commits", "commits.lock"]}, exists?: true} commit_store_pid=#PID<0.279.0> commit_store_state_shape={true, [:data_dir, :db, :invariant_dispatcher, :local_write_gate, :lock_ref, :name, :pending_imports, :queue_poller, :trust_side_store]} cubdb_pid=#PID<0.282.0> cubdb_state_shape=CubDB.State cubdb_data_dir="tmp/test_data/commits" cubdb_read=%{compact: [], count: 1, ls: {:ok, ["8.cub"]}, exists?: true}
06:18:11.748 [error] local node self-trust was not added: node signing public-key artifact is absent — continuing with configured trusted identities
06:18:11.754 [error] local node self-trust was not added: node signing public-key artifact is absent — continuing with configured trusted identities
06:18:11.757 [error] local node self-trust was not added: node signing public-key artifact is absent — continuing with configured trusted identities
06:18:11.762 [error] local node self-trust was not added: node signing public-key artifact is absent — continuing with configured trusted identities
.
Finished in 0.01 seconds (0.00s async, 0.01s sync)
3 tests, 0 failures, 2 excluded
Running ExUnit with seed: 767247, max_cases: 8
Excluding tags: [:test]
Including tags: [location: {"test/commonplace/cli/snapshot_test.exs", 114}]

CX_SNAPMECH cwd="/home/jes/sol-snapshot-fresh/wt/apps/commonplace_cli" configured="tmp/test_data" configured_read=%{compact: [], count: 3, ls: {:ok, ["node_id", "commits", "commits.lock"]}, exists?: true} commit_store_pid=#PID<0.279.0> commit_store_state_shape={true, [:data_dir, :db, :invariant_dispatcher, :local_write_gate, :lock_ref, :name, :pending_imports, :queue_poller, :trust_side_store]} cubdb_pid=#PID<0.282.0> cubdb_state_shape=CubDB.State cubdb_data_dir="tmp/test_data/commits" cubdb_read=%{compact: [], count: 1, ls: {:ok, ["8.cub"]}, exists?: true}
06:18:11.770 [error] local node self-trust was not added: node signing public-key artifact is absent — continuing with configured trusted identities
06:18:11.776 [error] local node self-trust was not added: node signing public-key artifact is absent — continuing with configured trusted identities
06:18:11.780 [error] local node self-trust was not added: node signing public-key artifact is absent — continuing with configured trusted identities
06:18:11.788 [error] local node self-trust was not added: node signing public-key artifact is absent — continuing with configured trusted identities
.
Finished in 0.02 seconds (0.00s async, 0.02s sync)
3 tests, 0 failures, 2 excluded
Running ExUnit with seed: 793576, max_cases: 8
Excluding tags: [:test]
Including tags: [location: {"test/commonplace/cli/snapshot_test.exs", 114}]

CX_SNAPMECH cwd="/home/jes/sol-snapshot-fresh/wt/apps/commonplace_cli" configured="tmp/test_data" configured_read=%{compact: [], count: 3, ls: {:ok, ["node_id", "commits", "commits.lock"]}, exists?: true} commit_store_pid=#PID<0.279.0> commit_store_state_shape={true, [:data_dir, :db, :invariant_dispatcher, :local_write_gate, :lock_ref, :name, :pending_imports, :queue_poller, :trust_side_store]} cubdb_pid=#PID<0.282.0> cubdb_state_shape=CubDB.State cubdb_data_dir="tmp/test_data/commits" cubdb_read=%{compact: [], count: 1, ls: {:ok, ["8.cub"]}, exists?: true}
06:18:11.795 [error] local node self-trust was not added: node signing public-key artifact is absent — continuing with configured trusted identities
06:18:11.801 [error] local node self-trust was not added: node signing public-key artifact is absent — continuing with configured trusted identities
06:18:11.805 [error] local node self-trust was not added: node signing public-key artifact is absent — continuing with configured trusted identities
06:18:11.812 [error] local node self-trust was not added: node signing public-key artifact is absent — continuing with configured trusted identities
.
Finished in 0.02 seconds (0.00s async, 0.02s sync)
3 tests, 0 failures, 2 excluded
Running ExUnit with seed: 821051, max_cases: 8
Excluding tags: [:test]
Including tags: [location: {"test/commonplace/cli/snapshot_test.exs", 114}]

CX_SNAPMECH cwd="/home/jes/sol-snapshot-fresh/wt/apps/commonplace_cli" configured="tmp/test_data" configured_read=%{compact: [], count: 3, ls: {:ok, ["node_id", "commits", "commits.lock"]}, exists?: true} commit_store_pid=#PID<0.279.0> commit_store_state_shape={true, [:data_dir, :db, :invariant_dispatcher, :local_write_gate, :lock_ref, :name, :pending_imports, :queue_poller, :trust_side_store]} cubdb_pid=#PID<0.282.0> cubdb_state_shape=CubDB.State cubdb_data_dir="tmp/test_data/commits" cubdb_read=%{compact: [], count: 1, ls: {:ok, ["8.cub"]}, exists?: true}
06:18:11.822 [error] local node self-trust was not added: node signing public-key artifact is absent — continuing with configured trusted identities
06:18:11.828 [error] local node self-trust was not added: node signing public-key artifact is absent — continuing with configured trusted identities
06:18:11.831 [error] local node self-trust was not added: node signing public-key artifact is absent — continuing with configured trusted identities
06:18:11.836 [error] local node self-trust was not added: node signing public-key artifact is absent — continuing with configured trusted identities
.
Finished in 0.01 seconds (0.00s async, 0.01s sync)
3 tests, 0 failures, 2 excluded
Running ExUnit with seed: 839917, max_cases: 8
Excluding tags: [:test]
Including tags: [location: {"test/commonplace/cli/snapshot_test.exs", 114}]

CX_SNAPMECH cwd="/home/jes/sol-snapshot-fresh/wt/apps/commonplace_cli" configured="tmp/test_data" configured_read=%{compact: [], count: 3, ls: {:ok, ["node_id", "commits", "commits.lock"]}, exists?: true} commit_store_pid=#PID<0.279.0> commit_store_state_shape={true, [:data_dir, :db, :invariant_dispatcher, :local_write_gate, :lock_ref, :name, :pending_imports, :queue_poller, :trust_side_store]} cubdb_pid=#PID<0.282.0> cubdb_state_shape=CubDB.State cubdb_data_dir="tmp/test_data/commits" cubdb_read=%{compact: [], count: 1, ls: {:ok, ["8.cub"]}, exists?: true}
06:18:11.840 [error] local node self-trust was not added: node signing public-key artifact is absent — continuing with configured trusted identities
06:18:11.844 [error] local node self-trust was not added: node signing public-key artifact is absent — continuing with configured trusted identities
06:18:11.848 [error] local node self-trust was not added: node signing public-key artifact is absent — continuing with configured trusted identities
06:18:11.853 [error] local node self-trust was not added: node signing public-key artifact is absent — continuing with configured trusted identities
.
Finished in 0.01 seconds (0.00s async, 0.01s sync)
3 tests, 0 failures, 2 excluded
Running ExUnit with seed: 858466, max_cases: 8
Excluding tags: [:test]
Including tags: [location: {"test/commonplace/cli/snapshot_test.exs", 114}]

CX_SNAPMECH cwd="/home/jes/sol-snapshot-fresh/wt/apps/commonplace_cli" configured="tmp/test_data" configured_read=%{compact: [], count: 3, ls: {:ok, ["node_id", "commits", "commits.lock"]}, exists?: true} commit_store_pid=#PID<0.279.0> commit_store_state_shape={true, [:data_dir, :db, :invariant_dispatcher, :local_write_gate, :lock_ref, :name, :pending_imports, :queue_poller, :trust_side_store]} cubdb_pid=#PID<0.282.0> cubdb_state_shape=CubDB.State cubdb_data_dir="tmp/test_data/commits" cubdb_read=%{compact: [], count: 1, ls: {:ok, ["8.cub"]}, exists?: true}
06:18:11.859 [error] local node self-trust was not added: node signing public-key artifact is absent — continuing with configured trusted identities
06:18:11.865 [error] local node self-trust was not added: node signing public-key artifact is absent — continuing with configured trusted identities
06:18:11.871 [error] local node self-trust was not added: node signing public-key artifact is absent — continuing with configured trusted identities
06:18:11.880 [error] local node self-trust was not added: node signing public-key artifact is absent — continuing with configured trusted identities
.
Finished in 0.02 seconds (0.00s async, 0.02s sync)
3 tests, 0 failures, 2 excluded
Running ExUnit with seed: 885556, max_cases: 8
Excluding tags: [:test]
Including tags: [location: {"test/commonplace/cli/snapshot_test.exs", 114}]

CX_SNAPMECH cwd="/home/jes/sol-snapshot-fresh/wt/apps/commonplace_cli" configured="tmp/test_data" configured_read=%{compact: [], count: 3, ls: {:ok, ["node_id", "commits", "commits.lock"]}, exists?: true} commit_store_pid=#PID<0.279.0> commit_store_state_shape={true, [:data_dir, :db, :invariant_dispatcher, :local_write_gate, :lock_ref, :name, :pending_imports, :queue_poller, :trust_side_store]} cubdb_pid=#PID<0.282.0> cubdb_state_shape=CubDB.State cubdb_data_dir="tmp/test_data/commits" cubdb_read=%{compact: [], count: 1, ls: {:ok, ["8.cub"]}, exists?: true}
06:18:11.886 [error] local node self-trust was not added: node signing public-key artifact is absent — continuing with configured trusted identities
06:18:11.892 [error] local node self-trust was not added: node signing public-key artifact is absent — continuing with configured trusted identities
06:18:11.895 [error] local node self-trust was not added: node signing public-key artifact is absent — continuing with configured trusted identities
06:18:11.904 [error] local node self-trust was not added: node signing public-key artifact is absent — continuing with configured trusted identities
.
Finished in 0.02 seconds (0.00s async, 0.02s sync)
3 tests, 0 failures, 2 excluded
Running ExUnit with seed: 911356, max_cases: 8
Excluding tags: [:test]
Including tags: [location: {"test/commonplace/cli/snapshot_test.exs", 114}]

CX_SNAPMECH cwd="/home/jes/sol-snapshot-fresh/wt/apps/commonplace_cli" configured="tmp/test_data" configured_read=%{compact: [], count: 3, ls: {:ok, ["node_id", "commits", "commits.lock"]}, exists?: true} commit_store_pid=#PID<0.279.0> commit_store_state_shape={true, [:data_dir, :db, :invariant_dispatcher, :local_write_gate, :lock_ref, :name, :pending_imports, :queue_poller, :trust_side_store]} cubdb_pid=#PID<0.282.0> cubdb_state_shape=CubDB.State cubdb_data_dir="tmp/test_data/commits" cubdb_read=%{compact: [], count: 1, ls: {:ok, ["8.cub"]}, exists?: true}
06:18:11.914 [error] local node self-trust was not added: node signing public-key artifact is absent — continuing with configured trusted identities
06:18:11.923 [error] local node self-trust was not added: node signing public-key artifact is absent — continuing with configured trusted identities
06:18:11.930 [error] local node self-trust was not added: node signing public-key artifact is absent — continuing with configured trusted identities
06:18:11.943 [error] local node self-trust was not added: node signing public-key artifact is absent — continuing with configured trusted identities
.
Finished in 0.03 seconds (0.00s async, 0.03s sync)
3 tests, 0 failures, 2 excluded
Running ExUnit with seed: 949048, max_cases: 8
Excluding tags: [:test]
Including tags: [location: {"test/commonplace/cli/snapshot_test.exs", 114}]

CX_SNAPMECH cwd="/home/jes/sol-snapshot-fresh/wt/apps/commonplace_cli" configured="tmp/test_data" configured_read=%{compact: [], count: 3, ls: {:ok, ["node_id", "commits", "commits.lock"]}, exists?: true} commit_store_pid=#PID<0.279.0> commit_store_state_shape={true, [:data_dir, :db, :invariant_dispatcher, :local_write_gate, :lock_ref, :name, :pending_imports, :queue_poller, :trust_side_store]} cubdb_pid=#PID<0.282.0> cubdb_state_shape=CubDB.State cubdb_data_dir="tmp/test_data/commits" cubdb_read=%{compact: [], count: 1, ls: {:ok, ["8.cub"]}, exists?: true}
06:18:11.952 [error] local node self-trust was not added: node signing public-key artifact is absent — continuing with configured trusted identities
06:18:11.957 [error] local node self-trust was not added: node signing public-key artifact is absent — continuing with configured trusted identities
06:18:11.962 [error] local node self-trust was not added: node signing public-key artifact is absent — continuing with configured trusted identities
06:18:11.973 [error] local node self-trust was not added: node signing public-key artifact is absent — continuing with configured trusted identities
.
Finished in 0.02 seconds (0.00s async, 0.02s sync)
3 tests, 0 failures, 2 excluded
Running ExUnit with seed: 978090, max_cases: 8
Excluding tags: [:test]
Including tags: [location: {"test/commonplace/cli/snapshot_test.exs", 114}]

CX_SNAPMECH cwd="/home/jes/sol-snapshot-fresh/wt/apps/commonplace_cli" configured="tmp/test_data" configured_read=%{compact: [], count: 3, ls: {:ok, ["node_id", "commits", "commits.lock"]}, exists?: true} commit_store_pid=#PID<0.279.0> commit_store_state_shape={true, [:data_dir, :db, :invariant_dispatcher, :local_write_gate, :lock_ref, :name, :pending_imports, :queue_poller, :trust_side_store]} cubdb_pid=#PID<0.282.0> cubdb_state_shape=CubDB.State cubdb_data_dir="tmp/test_data/commits" cubdb_read=%{compact: [], count: 1, ls: {:ok, ["8.cub"]}, exists?: true}
06:18:11.979 [error] local node self-trust was not added: node signing public-key artifact is absent — continuing with configured trusted identities
06:18:11.992 [error] local node self-trust was not added: node signing public-key artifact is absent — continuing with configured trusted identities
06:18:11.997 [error] local node self-trust was not added: node signing public-key artifact is absent — continuing with configured trusted identities
06:18:12.007 [error] local node self-trust was not added: node signing public-key artifact is absent — continuing with configured trusted identities
.
Finished in 0.03 seconds (0.00s async, 0.03s sync)
3 tests, 0 failures, 2 excluded
Running ExUnit with seed: 13971, max_cases: 8
Excluding tags: [:test]
Including tags: [location: {"test/commonplace/cli/snapshot_test.exs", 114}]

CX_SNAPMECH cwd="/home/jes/sol-snapshot-fresh/wt/apps/commonplace_cli" configured="tmp/test_data" configured_read=%{compact: [], count: 3, ls: {:ok, ["node_id", "commits", "commits.lock"]}, exists?: true} commit_store_pid=#PID<0.279.0> commit_store_state_shape={true, [:data_dir, :db, :invariant_dispatcher, :local_write_gate, :lock_ref, :name, :pending_imports, :queue_poller, :trust_side_store]} cubdb_pid=#PID<0.282.0> cubdb_state_shape=CubDB.State cubdb_data_dir="tmp/test_data/commits" cubdb_read=%{compact: [], count: 1, ls: {:ok, ["8.cub"]}, exists?: true}
06:18:12.016 [error] local node self-trust was not added: node signing public-key artifact is absent — continuing with configured trusted identities
06:18:12.023 [error] local node self-trust was not added: node signing public-key artifact is absent — continuing with configured trusted identities
06:18:12.030 [error] local node self-trust was not added: node signing public-key artifact is absent — continuing with configured trusted identities
06:18:12.043 [error] local node self-trust was not added: node signing public-key artifact is absent — continuing with configured trusted identities
.
Finished in 0.03 seconds (0.00s async, 0.03s sync)
3 tests, 0 failures, 2 excluded
Running ExUnit with seed: 53049, max_cases: 8
Excluding tags: [:test]
Including tags: [location: {"test/commonplace/cli/snapshot_test.exs", 114}]

CX_SNAPMECH cwd="/home/jes/sol-snapshot-fresh/wt/apps/commonplace_cli" configured="tmp/test_data" configured_read=%{compact: [], count: 3, ls: {:ok, ["node_id", "commits", "commits.lock"]}, exists?: true} commit_store_pid=#PID<0.279.0> commit_store_state_shape={true, [:data_dir, :db, :invariant_dispatcher, :local_write_gate, :lock_ref, :name, :pending_imports, :queue_poller, :trust_side_store]} cubdb_pid=#PID<0.282.0> cubdb_state_shape=CubDB.State cubdb_data_dir="tmp/test_data/commits" cubdb_read=%{compact: [], count: 1, ls: {:ok, ["8.cub"]}, exists?: true}
06:18:12.057 [error] local node self-trust was not added: node signing public-key artifact is absent — continuing with configured trusted identities
06:18:12.064 [error] local node self-trust was not added: node signing public-key artifact is absent — continuing with configured trusted identities
06:18:12.068 [error] local node self-trust was not added: node signing public-key artifact is absent — continuing with configured trusted identities
06:18:12.075 [error] local node self-trust was not added: node signing public-key artifact is absent — continuing with configured trusted identities
.
Finished in 0.02 seconds (0.00s async, 0.02s sync)
3 tests, 0 failures, 2 excluded
Running ExUnit with seed: 83722, max_cases: 8
Excluding tags: [:test]
Including tags: [location: {"test/commonplace/cli/snapshot_test.exs", 114}]

CX_SNAPMECH cwd="/home/jes/sol-snapshot-fresh/wt/apps/commonplace_cli" configured="tmp/test_data" configured_read=%{compact: [], count: 3, ls: {:ok, ["node_id", "commits", "commits.lock"]}, exists?: true} commit_store_pid=#PID<0.279.0> commit_store_state_shape={true, [:data_dir, :db, :invariant_dispatcher, :local_write_gate, :lock_ref, :name, :pending_imports, :queue_poller, :trust_side_store]} cubdb_pid=#PID<0.282.0> cubdb_state_shape=CubDB.State cubdb_data_dir="tmp/test_data/commits" cubdb_read=%{compact: [], count: 1, ls: {:ok, ["8.cub"]}, exists?: true}
06:18:12.090 [error] local node self-trust was not added: node signing public-key artifact is absent — continuing with configured trusted identities
06:18:12.097 [error] local node self-trust was not added: node signing public-key artifact is absent — continuing with configured trusted identities
06:18:12.105 [error] local node self-trust was not added: node signing public-key artifact is absent — continuing with configured trusted identities
06:18:12.115 [error] local node self-trust was not added: node signing public-key artifact is absent — continuing with configured trusted identities
.
Finished in 0.03 seconds (0.00s async, 0.03s sync)
3 tests, 0 failures, 2 excluded
Running ExUnit with seed: 120806, max_cases: 8
Excluding tags: [:test]
Including tags: [location: {"test/commonplace/cli/snapshot_test.exs", 114}]

CX_SNAPMECH cwd="/home/jes/sol-snapshot-fresh/wt/apps/commonplace_cli" configured="tmp/test_data" configured_read=%{compact: [], count: 3, ls: {:ok, ["node_id", "commits", "commits.lock"]}, exists?: true} commit_store_pid=#PID<0.279.0> commit_store_state_shape={true, [:data_dir, :db, :invariant_dispatcher, :local_write_gate, :lock_ref, :name, :pending_imports, :queue_poller, :trust_side_store]} cubdb_pid=#PID<0.282.0> cubdb_state_shape=CubDB.State cubdb_data_dir="tmp/test_data/commits" cubdb_read=%{compact: [], count: 1, ls: {:ok, ["8.cub"]}, exists?: true}
06:18:12.122 [error] local node self-trust was not added: node signing public-key artifact is absent — continuing with configured trusted identities
06:18:12.128 [error] local node self-trust was not added: node signing public-key artifact is absent — continuing with configured trusted identities
06:18:12.133 [error] local node self-trust was not added: node signing public-key artifact is absent — continuing with configured trusted identities
06:18:12.141 [error] local node self-trust was not added: node signing public-key artifact is absent — continuing with configured trusted identities
.
Finished in 0.02 seconds (0.00s async, 0.02s sync)
3 tests, 0 failures, 2 excluded
Running ExUnit with seed: 149010, max_cases: 8
Excluding tags: [:test]
Including tags: [location: {"test/commonplace/cli/snapshot_test.exs", 114}]

06:18:12.150 [error] local node self-trust was not added: node signing public-key artifact is absent — continuing with configured trusted identities
CX_SNAPMECH cwd="/home/jes/sol-snapshot-fresh/wt/apps/commonplace_cli" configured="tmp/test_data" configured_read=%{compact: [], count: 3, ls: {:ok, ["node_id", "commits", "commits.lock"]}, exists?: true} commit_store_pid=#PID<0.279.0> commit_store_state_shape={true, [:data_dir, :db, :invariant_dispatcher, :local_write_gate, :lock_ref, :name, :pending_imports, :queue_poller, :trust_side_store]} cubdb_pid=#PID<0.282.0> cubdb_state_shape=CubDB.State cubdb_data_dir="tmp/test_data/commits" cubdb_read=%{compact: [], count: 1, ls: {:ok, ["8.cub"]}, exists?: true}
06:18:12.155 [error] local node self-trust was not added: node signing public-key artifact is absent — continuing with configured trusted identities
06:18:12.160 [error] local node self-trust was not added: node signing public-key artifact is absent — continuing with configured trusted identities
06:18:12.172 [error] local node self-trust was not added: node signing public-key artifact is absent — continuing with configured trusted identities
.
Finished in 0.02 seconds (0.00s async, 0.02s sync)
3 tests, 0 failures, 2 excluded
Running ExUnit with seed: 178107, max_cases: 8
Excluding tags: [:test]
Including tags: [location: {"test/commonplace/cli/snapshot_test.exs", 114}]

CX_SNAPMECH cwd="/home/jes/sol-snapshot-fresh/wt/apps/commonplace_cli" configured="tmp/test_data" configured_read=%{compact: [], count: 3, ls: {:ok, ["node_id", "commits", "commits.lock"]}, exists?: true} commit_store_pid=#PID<0.279.0> commit_store_state_shape={true, [:data_dir, :db, :invariant_dispatcher, :local_write_gate, :lock_ref, :name, :pending_imports, :queue_poller, :trust_side_store]} cubdb_pid=#PID<0.282.0> cubdb_state_shape=CubDB.State cubdb_data_dir="tmp/test_data/commits" cubdb_read=%{compact: [], count: 1, ls: {:ok, ["8.cub"]}, exists?: true}
06:18:12.180 [error] local node self-trust was not added: node signing public-key artifact is absent — continuing with configured trusted identities
06:18:12.187 [error] local node self-trust was not added: node signing public-key artifact is absent — continuing with configured trusted identities
06:18:12.194 [error] local node self-trust was not added: node signing public-key artifact is absent — continuing with configured trusted identities
06:18:12.203 [error] local node self-trust was not added: node signing public-key artifact is absent — continuing with configured trusted identities
.
Finished in 0.03 seconds (0.00s async, 0.03s sync)
3 tests, 0 failures, 2 excluded
Running ExUnit with seed: 211165, max_cases: 8
Excluding tags: [:test]
Including tags: [location: {"test/commonplace/cli/snapshot_test.exs", 114}]

CX_SNAPMECH cwd="/home/jes/sol-snapshot-fresh/wt/apps/commonplace_cli" configured="tmp/test_data" configured_read=%{compact: [], count: 3, ls: {:ok, ["node_id", "commits", "commits.lock"]}, exists?: true} commit_store_pid=#PID<0.279.0> commit_store_state_shape={true, [:data_dir, :db, :invariant_dispatcher, :local_write_gate, :lock_ref, :name, :pending_imports, :queue_poller, :trust_side_store]} cubdb_pid=#PID<0.282.0> cubdb_state_shape=CubDB.State cubdb_data_dir="tmp/test_data/commits" cubdb_read=%{compact: [], count: 1, ls: {:ok, ["8.cub"]}, exists?: true}
06:18:12.214 [error] local node self-trust was not added: node signing public-key artifact is absent — continuing with configured trusted identities
06:18:12.220 [error] local node self-trust was not added: node signing public-key artifact is absent — continuing with configured trusted identities
06:18:12.227 [error] local node self-trust was not added: node signing public-key artifact is absent — continuing with configured trusted identities
06:18:12.237 [error] local node self-trust was not added: node signing public-key artifact is absent — continuing with configured trusted identities
.
Finished in 0.03 seconds (0.00s async, 0.03s sync)
3 tests, 0 failures, 2 excluded
Running ExUnit with seed: 244482, max_cases: 8
Excluding tags: [:test]
Including tags: [location: {"test/commonplace/cli/snapshot_test.exs", 114}]

CX_SNAPMECH cwd="/home/jes/sol-snapshot-fresh/wt/apps/commonplace_cli" configured="tmp/test_data" configured_read=%{compact: [], count: 3, ls: {:ok, ["node_id", "commits", "commits.lock"]}, exists?: true} commit_store_pid=#PID<0.279.0> commit_store_state_shape={true, [:data_dir, :db, :invariant_dispatcher, :local_write_gate, :lock_ref, :name, :pending_imports, :queue_poller, :trust_side_store]} cubdb_pid=#PID<0.282.0> cubdb_state_shape=CubDB.State cubdb_data_dir="tmp/test_data/commits" cubdb_read=%{compact: [], count: 1, ls: {:ok, ["8.cub"]}, exists?: true}
06:18:12.246 [error] local node self-trust was not added: node signing public-key artifact is absent — continuing with configured trusted identities
06:18:12.250 [error] local node self-trust was not added: node signing public-key artifact is absent — continuing with configured trusted identities
06:18:12.255 [error] local node self-trust was not added: node signing public-key artifact is absent — continuing with configured trusted identities
06:18:12.264 [error] local node self-trust was not added: node signing public-key artifact is absent — continuing with configured trusted identities
.
Finished in 0.02 seconds (0.00s async, 0.02s sync)
3 tests, 0 failures, 2 excluded
Running ExUnit with seed: 269869, max_cases: 8
Excluding tags: [:test]
Including tags: [location: {"test/commonplace/cli/snapshot_test.exs", 114}]

CX_SNAPMECH cwd="/home/jes/sol-snapshot-fresh/wt/apps/commonplace_cli" configured="tmp/test_data" configured_read=%{compact: [], count: 3, ls: {:ok, ["node_id", "commits", "commits.lock"]}, exists?: true} commit_store_pid=#PID<0.279.0> commit_store_state_shape={true, [:data_dir, :db, :invariant_dispatcher, :local_write_gate, :lock_ref, :name, :pending_imports, :queue_poller, :trust_side_store]} cubdb_pid=#PID<0.282.0> cubdb_state_shape=CubDB.State cubdb_data_dir="tmp/test_data/commits" cubdb_read=%{compact: [], count: 1, ls: {:ok, ["8.cub"]}, exists?: true}
06:18:12.271 [error] local node self-trust was not added: node signing public-key artifact is absent — continuing with configured trusted identities
06:18:12.275 [error] local node self-trust was not added: node signing public-key artifact is absent — continuing with configured trusted identities
06:18:12.285 [error] local node self-trust was not added: node signing public-key artifact is absent — continuing with configured trusted identities
06:18:12.299 [error] local node self-trust was not added: node signing public-key artifact is absent — continuing with configured trusted identities
.
Finished in 0.03 seconds (0.00s async, 0.03s sync)
3 tests, 0 failures, 2 excluded
Running ExUnit with seed: 306244, max_cases: 8
Excluding tags: [:test]
Including tags: [location: {"test/commonplace/cli/snapshot_test.exs", 114}]

CX_SNAPMECH cwd="/home/jes/sol-snapshot-fresh/wt/apps/commonplace_cli" configured="tmp/test_data" configured_read=%{compact: [], count: 3, ls: {:ok, ["node_id", "commits", "commits.lock"]}, exists?: true} commit_store_pid=#PID<0.279.0> commit_store_state_shape={true, [:data_dir, :db, :invariant_dispatcher, :local_write_gate, :lock_ref, :name, :pending_imports, :queue_poller, :trust_side_store]} cubdb_pid=#PID<0.282.0> cubdb_state_shape=CubDB.State cubdb_data_dir="tmp/test_data/commits" cubdb_read=%{compact: [], count: 1, ls: {:ok, ["8.cub"]}, exists?: true}
06:18:12.311 [error] local node self-trust was not added: node signing public-key artifact is absent — continuing with configured trusted identities
06:18:12.318 [error] local node self-trust was not added: node signing public-key artifact is absent — continuing with configured trusted identities
06:18:12.326 [error] local node self-trust was not added: node signing public-key artifact is absent — continuing with configured trusted identities
06:18:12.331 [error] local node self-trust was not added: node signing public-key artifact is absent — continuing with configured trusted identities
.
Finished in 0.02 seconds (0.00s async, 0.02s sync)
3 tests, 0 failures, 2 excluded
Running ExUnit with seed: 336679, max_cases: 8
Excluding tags: [:test]
Including tags: [location: {"test/commonplace/cli/snapshot_test.exs", 114}]

CX_SNAPMECH cwd="/home/jes/sol-snapshot-fresh/wt/apps/commonplace_cli" configured="tmp/test_data" configured_read=%{compact: [], count: 3, ls: {:ok, ["node_id", "commits", "commits.lock"]}, exists?: true} commit_store_pid=#PID<0.279.0> commit_store_state_shape={true, [:data_dir, :db, :invariant_dispatcher, :local_write_gate, :lock_ref, :name, :pending_imports, :queue_poller, :trust_side_store]} cubdb_pid=#PID<0.282.0> cubdb_state_shape=CubDB.State cubdb_data_dir="tmp/test_data/commits" cubdb_read=%{compact: [], count: 1, ls: {:ok, ["8.cub"]}, exists?: true}
06:18:12.341 [error] local node self-trust was not added: node signing public-key artifact is absent — continuing with configured trusted identities
06:18:12.346 [error] local node self-trust was not added: node signing public-key artifact is absent — continuing with configured trusted identities
06:18:12.352 [error] local node self-trust was not added: node signing public-key artifact is absent — continuing with configured trusted identities
06:18:12.368 [error] local node self-trust was not added: node signing public-key artifact is absent — continuing with configured trusted identities
.
Finished in 0.04 seconds (0.00s async, 0.04s sync)
3 tests, 0 failures, 2 excluded
Running ExUnit with seed: 380928, max_cases: 8
Excluding tags: [:test]
Including tags: [location: {"test/commonplace/cli/snapshot_test.exs", 114}]

CX_SNAPMECH cwd="/home/jes/sol-snapshot-fresh/wt/apps/commonplace_cli" configured="tmp/test_data" configured_read=%{compact: [], count: 3, ls: {:ok, ["node_id", "commits", "commits.lock"]}, exists?: true} commit_store_pid=#PID<0.279.0> commit_store_state_shape={true, [:data_dir, :db, :invariant_dispatcher, :local_write_gate, :lock_ref, :name, :pending_imports, :queue_poller, :trust_side_store]} cubdb_pid=#PID<0.282.0> cubdb_state_shape=CubDB.State cubdb_data_dir="tmp/test_data/commits" cubdb_read=%{compact: ["9.compact"], count: 2, ls: {:ok, ["9.compact", "8.cub"]}, exists?: true}
06:18:12.391 [error] local node self-trust was not added: node signing public-key artifact is absent — continuing with configured trusted identities
06:18:12.403 [error] local node self-trust was not added: node signing public-key artifact is absent — continuing with configured trusted identities
06:18:12.412 [error] local node self-trust was not added: node signing public-key artifact is absent — continuing with configured trusted identities
06:18:12.437 [error] local node self-trust was not added: node signing public-key artifact is absent — continuing with configured trusted identities
.
Finished in 0.06 seconds (0.00s async, 0.06s sync)
3 tests, 0 failures, 2 excluded
Running ExUnit with seed: 449162, max_cases: 8
Excluding tags: [:test]
Including tags: [location: {"test/commonplace/cli/snapshot_test.exs", 114}]

CX_SNAPMECH cwd="/home/jes/sol-snapshot-fresh/wt/apps/commonplace_cli" configured="tmp/test_data" configured_read=%{compact: [], count: 3, ls: {:ok, ["node_id", "commits", "commits.lock"]}, exists?: true} commit_store_pid=#PID<0.279.0> commit_store_state_shape={true, [:data_dir, :db, :invariant_dispatcher, :local_write_gate, :lock_ref, :name, :pending_imports, :queue_poller, :trust_side_store]} cubdb_pid=#PID<0.282.0> cubdb_state_shape=CubDB.State cubdb_data_dir="tmp/test_data/commits" cubdb_read=%{compact: ["9.compact"], count: 2, ls: {:ok, ["9.compact", "8.cub"]}, exists?: true}
06:18:12.452 [error] local node self-trust was not added: node signing public-key artifact is absent — continuing with configured trusted identities
06:18:12.463 [error] local node self-trust was not added: node signing public-key artifact is absent — continuing with configured trusted identities
06:18:12.478 [error] local node self-trust was not added: node signing public-key artifact is absent — continuing with configured trusted identities
06:18:12.505 [error] local node self-trust was not added: node signing public-key artifact is absent — continuing with configured trusted identities
.
Finished in 0.07 seconds (0.00s async, 0.07s sync)
3 tests, 0 failures, 2 excluded
Running ExUnit with seed: 532435, max_cases: 8
Excluding tags: [:test]
Including tags: [location: {"test/commonplace/cli/snapshot_test.exs", 114}]

CX_SNAPMECH cwd="/home/jes/sol-snapshot-fresh/wt/apps/commonplace_cli" configured="tmp/test_data" configured_read=%{compact: [], count: 3, ls: {:ok, ["node_id", "commits", "commits.lock"]}, exists?: true} commit_store_pid=#PID<0.279.0> commit_store_state_shape={true, [:data_dir, :db, :invariant_dispatcher, :local_write_gate, :lock_ref, :name, :pending_imports, :queue_poller, :trust_side_store]} cubdb_pid=#PID<0.282.0> cubdb_state_shape=CubDB.State cubdb_data_dir="tmp/test_data/commits" cubdb_read=%{compact: ["9.compact"], count: 2, ls: {:ok, ["9.compact", "8.cub"]}, exists?: true}
06:18:12.540 [error] local node self-trust was not added: node signing public-key artifact is absent — continuing with configured trusted identities
06:18:12.551 [error] local node self-trust was not added: node signing public-key artifact is absent — continuing with configured trusted identities
06:18:12.561 [error] local node self-trust was not added: node signing public-key artifact is absent — continuing with configured trusted identities
06:18:12.581 [error] local node self-trust was not added: node signing public-key artifact is absent — continuing with configured trusted identities
.
Finished in 0.05 seconds (0.00s async, 0.05s sync)
3 tests, 0 failures, 2 excluded
Running ExUnit with seed: 591075, max_cases: 8
Excluding tags: [:test]
Including tags: [location: {"test/commonplace/cli/snapshot_test.exs", 114}]

CX_SNAPMECH cwd="/home/jes/sol-snapshot-fresh/wt/apps/commonplace_cli" configured="tmp/test_data" configured_read=%{compact: [], count: 3, ls: {:ok, ["node_id", "commits", "commits.lock"]}, exists?: true} commit_store_pid=#PID<0.279.0> commit_store_state_shape={true, [:data_dir, :db, :invariant_dispatcher, :local_write_gate, :lock_ref, :name, :pending_imports, :queue_poller, :trust_side_store]} cubdb_pid=#PID<0.282.0> cubdb_state_shape=CubDB.State cubdb_data_dir="tmp/test_data/commits" cubdb_read=%{compact: ["9.compact"], count: 2, ls: {:ok, ["9.compact", "8.cub"]}, exists?: true}
06:18:12.593 [error] local node self-trust was not added: node signing public-key artifact is absent — continuing with configured trusted identities
06:18:12.599 [error] local node self-trust was not added: node signing public-key artifact is absent — continuing with configured trusted identities
06:18:12.607 [error] local node self-trust was not added: node signing public-key artifact is absent — continuing with configured trusted identities
06:18:12.625 [error] local node self-trust was not added: node signing public-key artifact is absent — continuing with configured trusted identities
.
Finished in 0.04 seconds (0.00s async, 0.04s sync)
3 tests, 0 failures, 2 excluded
Running ExUnit with seed: 637699, max_cases: 8
Excluding tags: [:test]
Including tags: [location: {"test/commonplace/cli/snapshot_test.exs", 114}]

CX_SNAPMECH cwd="/home/jes/sol-snapshot-fresh/wt/apps/commonplace_cli" configured="tmp/test_data" configured_read=%{compact: [], count: 3, ls: {:ok, ["node_id", "commits", "commits.lock"]}, exists?: true} commit_store_pid=#PID<0.279.0> commit_store_state_shape={true, [:data_dir, :db, :invariant_dispatcher, :local_write_gate, :lock_ref, :name, :pending_imports, :queue_poller, :trust_side_store]} cubdb_pid=#PID<0.282.0> cubdb_state_shape=CubDB.State cubdb_data_dir="tmp/test_data/commits" cubdb_read=%{compact: ["9.compact"], count: 2, ls: {:ok, ["9.compact", "8.cub"]}, exists?: true}
06:18:12.642 [error] local node self-trust was not added: node signing public-key artifact is absent — continuing with configured trusted identities
06:18:12.650 [error] local node self-trust was not added: node signing public-key artifact is absent — continuing with configured trusted identities
06:18:12.659 [error] local node self-trust was not added: node signing public-key artifact is absent — continuing with configured trusted identities
06:18:12.681 [error] local node self-trust was not added: node signing public-key artifact is absent — continuing with configured trusted identities
.
Finished in 0.05 seconds (0.00s async, 0.05s sync)
3 tests, 0 failures, 2 excluded
Running ExUnit with seed: 696407, max_cases: 8
Excluding tags: [:test]
Including tags: [location: {"test/commonplace/cli/snapshot_test.exs", 114}]

CX_SNAPMECH cwd="/home/jes/sol-snapshot-fresh/wt/apps/commonplace_cli" configured="tmp/test_data" configured_read=%{compact: [], count: 3, ls: {:ok, ["node_id", "commits", "commits.lock"]}, exists?: true} commit_store_pid=#PID<0.279.0> commit_store_state_shape={true, [:data_dir, :db, :invariant_dispatcher, :local_write_gate, :lock_ref, :name, :pending_imports, :queue_poller, :trust_side_store]} cubdb_pid=#PID<0.282.0> cubdb_state_shape=CubDB.State cubdb_data_dir="tmp/test_data/commits" cubdb_read=%{compact: ["9.compact"], count: 2, ls: {:ok, ["9.compact", "8.cub"]}, exists?: true}
06:18:12.701 [error] local node self-trust was not added: node signing public-key artifact is absent — continuing with configured trusted identities
06:18:12.714 [error] local node self-trust was not added: node signing public-key artifact is absent — continuing with configured trusted identities
06:18:12.724 [error] local node self-trust was not added: node signing public-key artifact is absent — continuing with configured trusted identities
06:18:12.742 [error] local node self-trust was not added: node signing public-key artifact is absent — continuing with configured trusted identities
.
Finished in 0.05 seconds (0.00s async, 0.05s sync)
3 tests, 0 failures, 2 excluded
Running ExUnit with seed: 755972, max_cases: 8
Excluding tags: [:test]
Including tags: [location: {"test/commonplace/cli/snapshot_test.exs", 114}]

CX_SNAPMECH cwd="/home/jes/sol-snapshot-fresh/wt/apps/commonplace_cli" configured="tmp/test_data" configured_read=%{compact: [], count: 3, ls: {:ok, ["node_id", "commits", "commits.lock"]}, exists?: true} commit_store_pid=#PID<0.279.0> commit_store_state_shape={true, [:data_dir, :db, :invariant_dispatcher, :local_write_gate, :lock_ref, :name, :pending_imports, :queue_poller, :trust_side_store]} cubdb_pid=#PID<0.282.0> cubdb_state_shape=CubDB.State cubdb_data_dir="tmp/test_data/commits" cubdb_read=%{compact: ["9.compact"], count: 2, ls: {:ok, ["9.compact", "8.cub"]}, exists?: true}
06:18:12.758 [error] local node self-trust was not added: node signing public-key artifact is absent — continuing with configured trusted identities
06:18:12.766 [error] local node self-trust was not added: node signing public-key artifact is absent — continuing with configured trusted identities
06:18:12.775 [error] local node self-trust was not added: node signing public-key artifact is absent — continuing with configured trusted identities
06:18:12.787 [error] local node self-trust was not added: node signing public-key artifact is absent — continuing with configured trusted identities
.
Finished in 0.03 seconds (0.00s async, 0.03s sync)
3 tests, 0 failures, 2 excluded
Running ExUnit with seed: 795594, max_cases: 8
Excluding tags: [:test]
Including tags: [location: {"test/commonplace/cli/snapshot_test.exs", 114}]

CX_SNAPMECH cwd="/home/jes/sol-snapshot-fresh/wt/apps/commonplace_cli" configured="tmp/test_data" configured_read=%{compact: [], count: 3, ls: {:ok, ["node_id", "commits", "commits.lock"]}, exists?: true} commit_store_pid=#PID<0.279.0> commit_store_state_shape={true, [:data_dir, :db, :invariant_dispatcher, :local_write_gate, :lock_ref, :name, :pending_imports, :queue_poller, :trust_side_store]} cubdb_pid=#PID<0.282.0> cubdb_state_shape=CubDB.State cubdb_data_dir="tmp/test_data/commits" cubdb_read=%{compact: ["9.compact"], count: 2, ls: {:ok, ["9.compact", "8.cub"]}, exists?: true}
06:18:12.797 [error] local node self-trust was not added: node signing public-key artifact is absent — continuing with configured trusted identities
06:18:12.802 [error] local node self-trust was not added: node signing public-key artifact is absent — continuing with configured trusted identities
06:18:12.808 [error] local node self-trust was not added: node signing public-key artifact is absent — continuing with configured trusted identities
06:18:12.820 [error] local node self-trust was not added: node signing public-key artifact is absent — continuing with configured trusted identities
.
Finished in 0.02 seconds (0.00s async, 0.02s sync)
3 tests, 0 failures, 2 excluded
Running ExUnit with seed: 827493, max_cases: 8
Excluding tags: [:test]
Including tags: [location: {"test/commonplace/cli/snapshot_test.exs", 114}]

CX_SNAPMECH cwd="/home/jes/sol-snapshot-fresh/wt/apps/commonplace_cli" configured="tmp/test_data" configured_read=%{compact: [], count: 3, ls: {:ok, ["node_id", "commits", "commits.lock"]}, exists?: true} commit_store_pid=#PID<0.279.0> commit_store_state_shape={true, [:data_dir, :db, :invariant_dispatcher, :local_write_gate, :lock_ref, :name, :pending_imports, :queue_poller, :trust_side_store]} cubdb_pid=#PID<0.282.0> cubdb_state_shape=CubDB.State cubdb_data_dir="tmp/test_data/commits" cubdb_read=%{compact: ["9.compact"], count: 2, ls: {:ok, ["9.compact", "8.cub"]}, exists?: true}
06:18:12.832 [error] local node self-trust was not added: node signing public-key artifact is absent — continuing with configured trusted identities
06:18:12.841 [error] local node self-trust was not added: node signing public-key artifact is absent — continuing with configured trusted identities
06:18:12.847 [error] local node self-trust was not added: node signing public-key artifact is absent — continuing with configured trusted identities
06:18:12.858 [error] local node self-trust was not added: node signing public-key artifact is absent — continuing with configured trusted identities
.
Finished in 0.03 seconds (0.00s async, 0.03s sync)
3 tests, 0 failures, 2 excluded
Running ExUnit with seed: 867820, max_cases: 8
Excluding tags: [:test]
Including tags: [location: {"test/commonplace/cli/snapshot_test.exs", 114}]

CX_SNAPMECH cwd="/home/jes/sol-snapshot-fresh/wt/apps/commonplace_cli" configured="tmp/test_data" configured_read=%{compact: [], count: 3, ls: {:ok, ["node_id", "commits", "commits.lock"]}, exists?: true} commit_store_pid=#PID<0.279.0> commit_store_state_shape={true, [:data_dir, :db, :invariant_dispatcher, :local_write_gate, :lock_ref, :name, :pending_imports, :queue_poller, :trust_side_store]} cubdb_pid=#PID<0.282.0> cubdb_state_shape=CubDB.State cubdb_data_dir="tmp/test_data/commits" cubdb_read=%{compact: ["9.compact"], count: 2, ls: {:ok, ["9.compact", "8.cub"]}, exists?: true}
06:18:12.871 [error] local node self-trust was not added: node signing public-key artifact is absent — continuing with configured trusted identities
06:18:12.879 [error] local node self-trust was not added: node signing public-key artifact is absent — continuing with configured trusted identities
06:18:12.891 [error] local node self-trust was not added: node signing public-key artifact is absent — continuing with configured trusted identities
06:18:12.905 [error] local node self-trust was not added: node signing public-key artifact is absent — continuing with configured trusted identities
.
Finished in 0.04 seconds (0.00s async, 0.04s sync)
3 tests, 0 failures, 2 excluded
Running ExUnit with seed: 912469, max_cases: 8
Excluding tags: [:test]
Including tags: [location: {"test/commonplace/cli/snapshot_test.exs", 114}]

CX_SNAPMECH cwd="/home/jes/sol-snapshot-fresh/wt/apps/commonplace_cli" configured="tmp/test_data" configured_read=%{compact: [], count: 3, ls: {:ok, ["node_id", "commits", "commits.lock"]}, exists?: true} commit_store_pid=#PID<0.279.0> commit_store_state_shape={true, [:data_dir, :db, :invariant_dispatcher, :local_write_gate, :lock_ref, :name, :pending_imports, :queue_poller, :trust_side_store]} cubdb_pid=#PID<0.282.0> cubdb_state_shape=CubDB.State cubdb_data_dir="tmp/test_data/commits" cubdb_read=%{compact: ["9.compact"], count: 2, ls: {:ok, ["9.compact", "8.cub"]}, exists?: true}
06:18:12.915 [error] local node self-trust was not added: node signing public-key artifact is absent — continuing with configured trusted identities
06:18:12.920 [error] local node self-trust was not added: node signing public-key artifact is absent — continuing with configured trusted identities
06:18:12.927 [error] local node self-trust was not added: node signing public-key artifact is absent — continuing with configured trusted identities
06:18:12.936 [error] local node self-trust was not added: node signing public-key artifact is absent — continuing with configured trusted identities
.
Finished in 0.03 seconds (0.00s async, 0.03s sync)
3 tests, 0 failures, 2 excluded
Running ExUnit with seed: 945376, max_cases: 8
Excluding tags: [:test]
Including tags: [location: {"test/commonplace/cli/snapshot_test.exs", 114}]

CX_SNAPMECH cwd="/home/jes/sol-snapshot-fresh/wt/apps/commonplace_cli" configured="tmp/test_data" configured_read=%{compact: [], count: 3, ls: {:ok, ["node_id", "commits", "commits.lock"]}, exists?: true} commit_store_pid=#PID<0.279.0> commit_store_state_shape={true, [:data_dir, :db, :invariant_dispatcher, :local_write_gate, :lock_ref, :name, :pending_imports, :queue_poller, :trust_side_store]} cubdb_pid=#PID<0.282.0> cubdb_state_shape=CubDB.State cubdb_data_dir="tmp/test_data/commits" cubdb_read=%{compact: ["9.compact"], count: 2, ls: {:ok, ["9.compact", "8.cub"]}, exists?: true}
06:18:12.948 [error] local node self-trust was not added: node signing public-key artifact is absent — continuing with configured trusted identities
06:18:12.958 [error] local node self-trust was not added: node signing public-key artifact is absent — continuing with configured trusted identities
06:18:12.962 [error] local node self-trust was not added: node signing public-key artifact is absent — continuing with configured trusted identities
06:18:12.970 [error] local node self-trust was not added: node signing public-key artifact is absent — continuing with configured trusted identities
.
Finished in 0.03 seconds (0.00s async, 0.03s sync)
3 tests, 0 failures, 2 excluded
Running ExUnit with seed: 980036, max_cases: 8
Excluding tags: [:test]
Including tags: [location: {"test/commonplace/cli/snapshot_test.exs", 114}]

CX_SNAPMECH cwd="/home/jes/sol-snapshot-fresh/wt/apps/commonplace_cli" configured="tmp/test_data" configured_read=%{compact: [], count: 3, ls: {:ok, ["node_id", "commits", "commits.lock"]}, exists?: true} commit_store_pid=#PID<0.279.0> commit_store_state_shape={true, [:data_dir, :db, :invariant_dispatcher, :local_write_gate, :lock_ref, :name, :pending_imports, :queue_poller, :trust_side_store]} cubdb_pid=#PID<0.282.0> cubdb_state_shape=CubDB.State cubdb_data_dir="tmp/test_data/commits" cubdb_read=%{compact: ["9.compact"], count: 2, ls: {:ok, ["9.compact", "8.cub"]}, exists?: true}
06:18:12.984 [error] local node self-trust was not added: node signing public-key artifact is absent — continuing with configured trusted identities
06:18:12.994 [error] local node self-trust was not added: node signing public-key artifact is absent — continuing with configured trusted identities
06:18:13.003 [error] local node self-trust was not added: node signing public-key artifact is absent — continuing with configured trusted identities
06:18:13.023 [error] local node self-trust was not added: node signing public-key artifact is absent — continuing with configured trusted identities
.
Finished in 0.05 seconds (0.00s async, 0.05s sync)
3 tests, 0 failures, 2 excluded
Running ExUnit with seed: 36921, max_cases: 8
Excluding tags: [:test]
Including tags: [location: {"test/commonplace/cli/snapshot_test.exs", 114}]

CX_SNAPMECH cwd="/home/jes/sol-snapshot-fresh/wt/apps/commonplace_cli" configured="tmp/test_data" configured_read=%{compact: [], count: 3, ls: {:ok, ["node_id", "commits", "commits.lock"]}, exists?: true} commit_store_pid=#PID<0.279.0> commit_store_state_shape={true, [:data_dir, :db, :invariant_dispatcher, :local_write_gate, :lock_ref, :name, :pending_imports, :queue_poller, :trust_side_store]} cubdb_pid=#PID<0.282.0> cubdb_state_shape=CubDB.State cubdb_data_dir="tmp/test_data/commits" cubdb_read=%{compact: ["9.compact"], count: 2, ls: {:ok, ["9.compact", "8.cub"]}, exists?: true}
06:18:13.039 [error] local node self-trust was not added: node signing public-key artifact is absent — continuing with configured trusted identities
06:18:13.049 [error] local node self-trust was not added: node signing public-key artifact is absent — continuing with configured trusted identities
06:18:13.058 [error] local node self-trust was not added: node signing public-key artifact is absent — continuing with configured trusted identities
06:18:13.075 [error] local node self-trust was not added: node signing public-key artifact is absent — continuing with configured trusted identities
.
Finished in 0.04 seconds (0.00s async, 0.04s sync)
3 tests, 0 failures, 2 excluded
Running ExUnit with seed: 82980, max_cases: 8
Excluding tags: [:test]
Including tags: [location: {"test/commonplace/cli/snapshot_test.exs", 114}]

CX_SNAPMECH cwd="/home/jes/sol-snapshot-fresh/wt/apps/commonplace_cli" configured="tmp/test_data" configured_read=%{compact: [], count: 3, ls: {:ok, ["node_id", "commits", "commits.lock"]}, exists?: true} commit_store_pid=#PID<0.279.0> commit_store_state_shape={true, [:data_dir, :db, :invariant_dispatcher, :local_write_gate, :lock_ref, :name, :pending_imports, :queue_poller, :trust_side_store]} cubdb_pid=#PID<0.282.0> cubdb_state_shape=CubDB.State cubdb_data_dir="tmp/test_data/commits" cubdb_read=%{compact: ["9.compact"], count: 2, ls: {:ok, ["9.compact", "8.cub"]}, exists?: true}
06:18:13.086 [error] local node self-trust was not added: node signing public-key artifact is absent — continuing with configured trusted identities
06:18:13.096 [error] local node self-trust was not added: node signing public-key artifact is absent — continuing with configured trusted identities
06:18:13.108 [error] local node self-trust was not added: node signing public-key artifact is absent — continuing with configured trusted identities
06:18:13.122 [error] local node self-trust was not added: node signing public-key artifact is absent — continuing with configured trusted identities
.
Finished in 0.04 seconds (0.00s async, 0.04s sync)
3 tests, 0 failures, 2 excluded
Running ExUnit with seed: 132687, max_cases: 8
Excluding tags: [:test]
Including tags: [location: {"test/commonplace/cli/snapshot_test.exs", 114}]

CX_SNAPMECH cwd="/home/jes/sol-snapshot-fresh/wt/apps/commonplace_cli" configured="tmp/test_data" configured_read=%{compact: [], count: 3, ls: {:ok, ["node_id", "commits", "commits.lock"]}, exists?: true} commit_store_pid=#PID<0.279.0> commit_store_state_shape={true, [:data_dir, :db, :invariant_dispatcher, :local_write_gate, :lock_ref, :name, :pending_imports, :queue_poller, :trust_side_store]} cubdb_pid=#PID<0.282.0> cubdb_state_shape=CubDB.State cubdb_data_dir="tmp/test_data/commits" cubdb_read=%{compact: ["9.compact"], count: 2, ls: {:ok, ["9.compact", "8.cub"]}, exists?: true}
06:18:13.136 [error] local node self-trust was not added: node signing public-key artifact is absent — continuing with configured trusted identities
06:18:13.145 [error] local node self-trust was not added: node signing public-key artifact is absent — continuing with configured trusted identities
06:18:13.152 [error] local node self-trust was not added: node signing public-key artifact is absent — continuing with configured trusted identities
06:18:13.168 [error] local node self-trust was not added: node signing public-key artifact is absent — continuing with configured trusted identities
.
Finished in 0.04 seconds (0.00s async, 0.04s sync)
3 tests, 0 failures, 2 excluded
Running ExUnit with seed: 184023, max_cases: 8
Excluding tags: [:test]
Including tags: [location: {"test/commonplace/cli/snapshot_test.exs", 114}]

CX_SNAPMECH cwd="/home/jes/sol-snapshot-fresh/wt/apps/commonplace_cli" configured="tmp/test_data" configured_read=%{compact: [], count: 3, ls: {:ok, ["node_id", "commits", "commits.lock"]}, exists?: true} commit_store_pid=#PID<0.279.0> commit_store_state_shape={true, [:data_dir, :db, :invariant_dispatcher, :local_write_gate, :lock_ref, :name, :pending_imports, :queue_poller, :trust_side_store]} cubdb_pid=#PID<0.282.0> cubdb_state_shape=CubDB.State cubdb_data_dir="tmp/test_data/commits" cubdb_read=%{compact: ["9.compact"], count: 2, ls: {:ok, ["9.compact", "8.cub"]}, exists?: true}
06:18:13.192 [error] local node self-trust was not added: node signing public-key artifact is absent — continuing with configured trusted identities
06:18:13.203 [error] local node self-trust was not added: node signing public-key artifact is absent — continuing with configured trusted identities
06:18:13.215 [error] local node self-trust was not added: node signing public-key artifact is absent — continuing with configured trusted identities
06:18:13.238 [error] local node self-trust was not added: node signing public-key artifact is absent — continuing with configured trusted identities
.
Finished in 0.06 seconds (0.00s async, 0.06s sync)
3 tests, 0 failures, 2 excluded
Running ExUnit with seed: 247523, max_cases: 8
Excluding tags: [:test]
Including tags: [location: {"test/commonplace/cli/snapshot_test.exs", 114}]

CX_SNAPMECH cwd="/home/jes/sol-snapshot-fresh/wt/apps/commonplace_cli" configured="tmp/test_data" configured_read=%{compact: [], count: 3, ls: {:ok, ["node_id", "commits", "commits.lock"]}, exists?: true} commit_store_pid=#PID<0.279.0> commit_store_state_shape={true, [:data_dir, :db, :invariant_dispatcher, :local_write_gate, :lock_ref, :name, :pending_imports, :queue_poller, :trust_side_store]} cubdb_pid=#PID<0.282.0> cubdb_state_shape=CubDB.State cubdb_data_dir="tmp/test_data/commits" cubdb_read=%{compact: ["9.compact"], count: 2, ls: {:ok, ["9.compact", "8.cub"]}, exists?: true}
06:18:13.257 [error] local node self-trust was not added: node signing public-key artifact is absent — continuing with configured trusted identities
06:18:13.275 [error] local node self-trust was not added: node signing public-key artifact is absent — continuing with configured trusted identities
06:18:13.284 [error] local node self-trust was not added: node signing public-key artifact is absent — continuing with configured trusted identities
06:18:13.299 [error] local node self-trust was not added: node signing public-key artifact is absent — continuing with configured trusted identities
.
Finished in 0.06 seconds (0.00s async, 0.06s sync)
3 tests, 0 failures, 2 excluded
Running ExUnit with seed: 315302, max_cases: 8
Excluding tags: [:test]
Including tags: [location: {"test/commonplace/cli/snapshot_test.exs", 114}]

CX_SNAPMECH cwd="/home/jes/sol-snapshot-fresh/wt/apps/commonplace_cli" configured="tmp/test_data" configured_read=%{compact: [], count: 3, ls: {:ok, ["node_id", "commits", "commits.lock"]}, exists?: true} commit_store_pid=#PID<0.279.0> commit_store_state_shape={true, [:data_dir, :db, :invariant_dispatcher, :local_write_gate, :lock_ref, :name, :pending_imports, :queue_poller, :trust_side_store]} cubdb_pid=#PID<0.282.0> cubdb_state_shape=CubDB.State cubdb_data_dir="tmp/test_data/commits" cubdb_read=%{compact: ["9.compact"], count: 2, ls: {:ok, ["9.compact", "8.cub"]}, exists?: true}
06:18:13.323 [error] local node self-trust was not added: node signing public-key artifact is absent — continuing with configured trusted identities
06:18:13.330 [error] local node self-trust was not added: node signing public-key artifact is absent — continuing with configured trusted identities
06:18:13.337 [error] local node self-trust was not added: node signing public-key artifact is absent — continuing with configured trusted identities
06:18:13.351 [error] local node self-trust was not added: node signing public-key artifact is absent — continuing with configured trusted identities
.
Finished in 0.05 seconds (0.00s async, 0.05s sync)
3 tests, 0 failures, 2 excluded
Running ExUnit with seed: 372404, max_cases: 8
Excluding tags: [:test]
Including tags: [location: {"test/commonplace/cli/snapshot_test.exs", 114}]

CX_SNAPMECH cwd="/home/jes/sol-snapshot-fresh/wt/apps/commonplace_cli" configured="tmp/test_data" configured_read=%{compact: [], count: 3, ls: {:ok, ["node_id", "commits", "commits.lock"]}, exists?: true} commit_store_pid=#PID<0.279.0> commit_store_state_shape={true, [:data_dir, :db, :invariant_dispatcher, :local_write_gate, :lock_ref, :name, :pending_imports, :queue_poller, :trust_side_store]} cubdb_pid=#PID<0.282.0> cubdb_state_shape=CubDB.State cubdb_data_dir="tmp/test_data/commits" cubdb_read=%{compact: ["9.compact"], count: 2, ls: {:ok, ["9.compact", "8.cub"]}, exists?: true}
06:18:13.381 [error] local node self-trust was not added: node signing public-key artifact is absent — continuing with configured trusted identities
06:18:13.399 [error] local node self-trust was not added: node signing public-key artifact is absent — continuing with configured trusted identities
06:18:13.410 [error] local node self-trust was not added: node signing public-key artifact is absent — continuing with configured trusted identities
06:18:13.433 [error] local node self-trust was not added: node signing public-key artifact is absent — continuing with configured trusted identities
.
Finished in 0.06 seconds (0.00s async, 0.06s sync)
3 tests, 0 failures, 2 excluded
Running ExUnit with seed: 445754, max_cases: 8
Excluding tags: [:test]
Including tags: [location: {"test/commonplace/cli/snapshot_test.exs", 114}]

CX_SNAPMECH cwd="/home/jes/sol-snapshot-fresh/wt/apps/commonplace_cli" configured="tmp/test_data" configured_read=%{compact: [], count: 3, ls: {:ok, ["node_id", "commits", "commits.lock"]}, exists?: true} commit_store_pid=#PID<0.279.0> commit_store_state_shape={true, [:data_dir, :db, :invariant_dispatcher, :local_write_gate, :lock_ref, :name, :pending_imports, :queue_poller, :trust_side_store]} cubdb_pid=#PID<0.282.0> cubdb_state_shape=CubDB.State cubdb_data_dir="tmp/test_data/commits" cubdb_read=%{compact: ["9.compact"], count: 2, ls: {:ok, ["9.compact", "8.cub"]}, exists?: true}
06:18:13.450 [error] local node self-trust was not added: node signing public-key artifact is absent — continuing with configured trusted identities
06:18:13.459 [error] local node self-trust was not added: node signing public-key artifact is absent — continuing with configured trusted identities
06:18:13.469 [error] local node self-trust was not added: node signing public-key artifact is absent — continuing with configured trusted identities
06:18:13.488 [error] local node self-trust was not added: node signing public-key artifact is absent — continuing with configured trusted identities
.
Finished in 0.05 seconds (0.00s async, 0.05s sync)
3 tests, 0 failures, 2 excluded
Running ExUnit with seed: 504161, max_cases: 8
Excluding tags: [:test]
Including tags: [location: {"test/commonplace/cli/snapshot_test.exs", 114}]

CX_SNAPMECH cwd="/home/jes/sol-snapshot-fresh/wt/apps/commonplace_cli" configured="tmp/test_data" configured_read=%{compact: [], count: 3, ls: {:ok, ["node_id", "commits", "commits.lock"]}, exists?: true} commit_store_pid=#PID<0.279.0> commit_store_state_shape={true, [:data_dir, :db, :invariant_dispatcher, :local_write_gate, :lock_ref, :name, :pending_imports, :queue_poller, :trust_side_store]} cubdb_pid=#PID<0.282.0> cubdb_state_shape=CubDB.State cubdb_data_dir="tmp/test_data/commits" cubdb_read=%{compact: ["9.compact"], count: 2, ls: {:ok, ["9.compact", "8.cub"]}, exists?: true}
06:18:13.509 [error] local node self-trust was not added: node signing public-key artifact is absent — continuing with configured trusted identities
06:18:13.517 [error] local node self-trust was not added: node signing public-key artifact is absent — continuing with configured trusted identities
06:18:13.524 [error] local node self-trust was not added: node signing public-key artifact is absent — continuing with configured trusted identities
06:18:13.545 [error] local node self-trust was not added: node signing public-key artifact is absent — continuing with configured trusted identities
.
Finished in 0.05 seconds (0.00s async, 0.05s sync)
3 tests, 0 failures, 2 excluded
Running ExUnit with seed: 559582, max_cases: 8
Excluding tags: [:test]
Including tags: [location: {"test/commonplace/cli/snapshot_test.exs", 114}]

06:18:13.563 [error] local node self-trust was not added: node signing public-key artifact is absent — continuing with configured trusted identities
CX_SNAPMECH cwd="/home/jes/sol-snapshot-fresh/wt/apps/commonplace_cli" configured="tmp/test_data" configured_read=%{compact: [], count: 3, ls: {:ok, ["node_id", "commits", "commits.lock"]}, exists?: true} commit_store_pid=#PID<0.279.0> commit_store_state_shape={true, [:data_dir, :db, :invariant_dispatcher, :local_write_gate, :lock_ref, :name, :pending_imports, :queue_poller, :trust_side_store]} cubdb_pid=#PID<0.282.0> cubdb_state_shape=CubDB.State cubdb_data_dir="tmp/test_data/commits" cubdb_read=%{compact: ["9.compact"], count: 2, ls: {:ok, ["9.compact", "8.cub"]}, exists?: true}
06:18:13.572 [error] local node self-trust was not added: node signing public-key artifact is absent — continuing with configured trusted identities
06:18:13.586 [error] local node self-trust was not added: node signing public-key artifact is absent — continuing with configured trusted identities
06:18:13.604 [error] local node self-trust was not added: node signing public-key artifact is absent — continuing with configured trusted identities
.
Finished in 0.05 seconds (0.00s async, 0.05s sync)
3 tests, 0 failures, 2 excluded
Running ExUnit with seed: 620555, max_cases: 8
Excluding tags: [:test]
Including tags: [location: {"test/commonplace/cli/snapshot_test.exs", 114}]

CX_SNAPMECH cwd="/home/jes/sol-snapshot-fresh/wt/apps/commonplace_cli" configured="tmp/test_data" configured_read=%{compact: [], count: 3, ls: {:ok, ["node_id", "commits", "commits.lock"]}, exists?: true} commit_store_pid=#PID<0.279.0> commit_store_state_shape={true, [:data_dir, :db, :invariant_dispatcher, :local_write_gate, :lock_ref, :name, :pending_imports, :queue_poller, :trust_side_store]} cubdb_pid=#PID<0.282.0> cubdb_state_shape=CubDB.State cubdb_data_dir="tmp/test_data/commits" cubdb_read=%{compact: ["9.compact"], count: 2, ls: {:ok, ["9.compact", "8.cub"]}, exists?: true}
06:18:13.628 [error] local node self-trust was not added: node signing public-key artifact is absent — continuing with configured trusted identities
06:18:13.641 [error] local node self-trust was not added: node signing public-key artifact is absent — continuing with configured trusted identities
06:18:13.650 [error] local node self-trust was not added: node signing public-key artifact is absent — continuing with configured trusted identities
06:18:13.664 [error] local node self-trust was not added: node signing public-key artifact is absent — continuing with configured trusted identities
.
Finished in 0.06 seconds (0.00s async, 0.06s sync)
3 tests, 0 failures, 2 excluded
Running ExUnit with seed: 689135, max_cases: 8
Excluding tags: [:test]
Including tags: [location: {"test/commonplace/cli/snapshot_test.exs", 114}]

CX_SNAPMECH cwd="/home/jes/sol-snapshot-fresh/wt/apps/commonplace_cli" configured="tmp/test_data" configured_read=%{compact: [], count: 3, ls: {:ok, ["node_id", "commits", "commits.lock"]}, exists?: true} commit_store_pid=#PID<0.279.0> commit_store_state_shape={true, [:data_dir, :db, :invariant_dispatcher, :local_write_gate, :lock_ref, :name, :pending_imports, :queue_poller, :trust_side_store]} cubdb_pid=#PID<0.282.0> cubdb_state_shape=CubDB.State cubdb_data_dir="tmp/test_data/commits" cubdb_read=%{compact: [], count: 1, ls: {:ok, ["9.cub"]}, exists?: true}
06:18:13.698 [error] local node self-trust was not added: node signing public-key artifact is absent — continuing with configured trusted identities
06:18:13.711 [error] local node self-trust was not added: node signing public-key artifact is absent — continuing with configured trusted identities
06:18:13.724 [error] local node self-trust was not added: node signing public-key artifact is absent — continuing with configured trusted identities
06:18:13.742 [error] local node self-trust was not added: node signing public-key artifact is absent — continuing with configured trusted identities
.
Finished in 0.06 seconds (0.00s async, 0.06s sync)
3 tests, 0 failures, 2 excluded
Running ExUnit with seed: 759997, max_cases: 8
Excluding tags: [:test]
Including tags: [location: {"test/commonplace/cli/snapshot_test.exs", 114}]

CX_SNAPMECH cwd="/home/jes/sol-snapshot-fresh/wt/apps/commonplace_cli" configured="tmp/test_data" configured_read=%{compact: [], count: 3, ls: {:ok, ["node_id", "commits", "commits.lock"]}, exists?: true} commit_store_pid=#PID<0.279.0> commit_store_state_shape={true, [:data_dir, :db, :invariant_dispatcher, :local_write_gate, :lock_ref, :name, :pending_imports, :queue_poller, :trust_side_store]} cubdb_pid=#PID<0.282.0> cubdb_state_shape=CubDB.State cubdb_data_dir="tmp/test_data/commits" cubdb_read=%{compact: [], count: 1, ls: {:ok, ["9.cub"]}, exists?: true}
06:18:13.763 [error] local node self-trust was not added: node signing public-key artifact is absent — continuing with configured trusted identities
06:18:13.776 [error] local node self-trust was not added: node signing public-key artifact is absent — continuing with configured trusted identities
06:18:13.784 [error] local node self-trust was not added: node signing public-key artifact is absent — continuing with configured trusted identities
06:18:13.799 [error] local node self-trust was not added: node signing public-key artifact is absent — continuing with configured trusted identities
.
Finished in 0.05 seconds (0.00s async, 0.05s sync)
3 tests, 0 failures, 2 excluded
Running ExUnit with seed: 813743, max_cases: 8
Excluding tags: [:test]
Including tags: [location: {"test/commonplace/cli/snapshot_test.exs", 114}]

CX_SNAPMECH cwd="/home/jes/sol-snapshot-fresh/wt/apps/commonplace_cli" configured="tmp/test_data" configured_read=%{compact: [], count: 3, ls: {:ok, ["node_id", "commits", "commits.lock"]}, exists?: true} commit_store_pid=#PID<0.279.0> commit_store_state_shape={true, [:data_dir, :db, :invariant_dispatcher, :local_write_gate, :lock_ref, :name, :pending_imports, :queue_poller, :trust_side_store]} cubdb_pid=#PID<0.282.0> cubdb_state_shape=CubDB.State cubdb_data_dir="tmp/test_data/commits" cubdb_read=%{compact: [], count: 1, ls: {:ok, ["9.cub"]}, exists?: true}
06:18:13.816 [error] local node self-trust was not added: node signing public-key artifact is absent — continuing with configured trusted identities
06:18:13.823 [error] local node self-trust was not added: node signing public-key artifact is absent — continuing with configured trusted identities
06:18:13.836 [error] local node self-trust was not added: node signing public-key artifact is absent — continuing with configured trusted identities
06:18:13.851 [error] local node self-trust was not added: node signing public-key artifact is absent — continuing with configured trusted identities
.
Finished in 0.04 seconds (0.00s async, 0.04s sync)
3 tests, 0 failures, 2 excluded
Running ExUnit with seed: 857447, max_cases: 8
Excluding tags: [:test]
Including tags: [location: {"test/commonplace/cli/snapshot_test.exs", 114}]

CX_SNAPMECH cwd="/home/jes/sol-snapshot-fresh/wt/apps/commonplace_cli" configured="tmp/test_data" configured_read=%{compact: [], count: 3, ls: {:ok, ["node_id", "commits", "commits.lock"]}, exists?: true} commit_store_pid=#PID<0.279.0> commit_store_state_shape={true, [:data_dir, :db, :invariant_dispatcher, :local_write_gate, :lock_ref, :name, :pending_imports, :queue_poller, :trust_side_store]} cubdb_pid=#PID<0.282.0> cubdb_state_shape=CubDB.State cubdb_data_dir="tmp/test_data/commits" cubdb_read=%{compact: [], count: 1, ls: {:ok, ["9.cub"]}, exists?: true}
06:18:13.860 [error] local node self-trust was not added: node signing public-key artifact is absent — continuing with configured trusted identities
06:18:13.866 [error] local node self-trust was not added: node signing public-key artifact is absent — continuing with configured trusted identities
06:18:13.872 [error] local node self-trust was not added: node signing public-key artifact is absent — continuing with configured trusted identities
06:18:13.880 [error] local node self-trust was not added: node signing public-key artifact is absent — continuing with configured trusted identities
.
Finished in 0.02 seconds (0.00s async, 0.02s sync)
3 tests, 0 failures, 2 excluded
INVOCATION_EXIT=0
