==> commonplace
make: Nothing to be done for 'all'.
==> commonplace_cli
Running ExUnit with seed: 934493, max_cases: 8
Excluding tags: [:test]
Including tags: [location: {"test/commonplace/cli/snapshot_test.exs", 114}]

CX_SNAPMECH cwd="/home/jes/sol-snapshot-repro/wt/apps/commonplace_cli" configured="tmp/test_data" configured_read=%{compact: [], count: 4, ls: {:ok, ["node_id", "secrets", "commits", "commits.lock"]}, exists?: true} commit_store_pid=#PID<0.279.0> commit_store_state_shape={true, [:data_dir, :db, :invariant_dispatcher, :local_write_gate, :lock_ref, :name, :pending_imports, :queue_poller, :trust_side_store]} cubdb_pid=#PID<0.282.0> cubdb_state_shape=CubDB.State cubdb_data_dir="tmp/test_data/commits" cubdb_read=%{compact: ["23.compact"], count: 2, ls: {:ok, ["23.compact", "22.cub"]}, exists?: true}
06:05:40.216 [error] local node self-trust was not added: node signing public-key artifact is absent — continuing with configured trusted identities
06:05:40.243 [error] local node self-trust was not added: node signing public-key artifact is absent — continuing with configured trusted identities
06:05:40.250 [error] local node self-trust was not added: node signing public-key artifact is absent — continuing with configured trusted identities
06:05:40.276 [error] local node self-trust was not added: node signing public-key artifact is absent — continuing with configured trusted identities
.
Finished in 0.2 seconds (0.00s async, 0.2s sync)
3 tests, 0 failures, 2 excluded
Running ExUnit with seed: 280573, max_cases: 8
Excluding tags: [:test]
Including tags: [location: {"test/commonplace/cli/snapshot_test.exs", 114}]

CX_SNAPMECH cwd="/home/jes/sol-snapshot-repro/wt/apps/commonplace_cli" configured="tmp/test_data" configured_read=%{compact: [], count: 4, ls: {:ok, ["node_id", "secrets", "commits", "commits.lock"]}, exists?: true} commit_store_pid=#PID<0.279.0> commit_store_state_shape={true, [:data_dir, :db, :invariant_dispatcher, :local_write_gate, :lock_ref, :name, :pending_imports, :queue_poller, :trust_side_store]} cubdb_pid=#PID<0.282.0> cubdb_state_shape=CubDB.State cubdb_data_dir="tmp/test_data/commits" cubdb_read=%{compact: ["24.compact"], count: 2, ls: {:ok, ["24.compact", "22.cub"]}, exists?: true}
06:05:40.284 [error] local node self-trust was not added: node signing public-key artifact is absent — continuing with configured trusted identities
06:05:40.288 [error] local node self-trust was not added: node signing public-key artifact is absent — continuing with configured trusted identities
06:05:40.293 [error] local node self-trust was not added: node signing public-key artifact is absent — continuing with configured trusted identities
06:05:40.307 [error] local node self-trust was not added: node signing public-key artifact is absent — continuing with configured trusted identities
.
Finished in 0.03 seconds (0.00s async, 0.03s sync)
3 tests, 0 failures, 2 excluded
Running ExUnit with seed: 312229, max_cases: 8
Excluding tags: [:test]
Including tags: [location: {"test/commonplace/cli/snapshot_test.exs", 114}]

CX_SNAPMECH cwd="/home/jes/sol-snapshot-repro/wt/apps/commonplace_cli" configured="tmp/test_data" configured_read=%{compact: [], count: 4, ls: {:ok, ["node_id", "secrets", "commits", "commits.lock"]}, exists?: true} commit_store_pid=#PID<0.279.0> commit_store_state_shape={true, [:data_dir, :db, :invariant_dispatcher, :local_write_gate, :lock_ref, :name, :pending_imports, :queue_poller, :trust_side_store]} cubdb_pid=#PID<0.282.0> cubdb_state_shape=CubDB.State cubdb_data_dir="tmp/test_data/commits" cubdb_read=%{compact: ["24.compact"], count: 2, ls: {:ok, ["24.compact", "22.cub"]}, exists?: true}
06:05:40.314 [error] local node self-trust was not added: node signing public-key artifact is absent — continuing with configured trusted identities
06:05:40.319 [error] local node self-trust was not added: node signing public-key artifact is absent — continuing with configured trusted identities
06:05:40.323 [error] local node self-trust was not added: node signing public-key artifact is absent — continuing with configured trusted identities
06:05:40.334 [error] local node self-trust was not added: node signing public-key artifact is absent — continuing with configured trusted identities
.
Finished in 0.02 seconds (0.00s async, 0.02s sync)
3 tests, 0 failures, 2 excluded
Running ExUnit with seed: 341454, max_cases: 8
Excluding tags: [:test]
Including tags: [location: {"test/commonplace/cli/snapshot_test.exs", 114}]

CX_SNAPMECH cwd="/home/jes/sol-snapshot-repro/wt/apps/commonplace_cli" configured="tmp/test_data" configured_read=%{compact: [], count: 4, ls: {:ok, ["node_id", "secrets", "commits", "commits.lock"]}, exists?: true} commit_store_pid=#PID<0.279.0> commit_store_state_shape={true, [:data_dir, :db, :invariant_dispatcher, :local_write_gate, :lock_ref, :name, :pending_imports, :queue_poller, :trust_side_store]} cubdb_pid=#PID<0.282.0> cubdb_state_shape=CubDB.State cubdb_data_dir="tmp/test_data/commits" cubdb_read=%{compact: ["24.compact"], count: 2, ls: {:ok, ["24.compact", "22.cub"]}, exists?: true}
06:05:40.343 [error] local node self-trust was not added: node signing public-key artifact is absent — continuing with configured trusted identities
06:05:40.349 [error] local node self-trust was not added: node signing public-key artifact is absent — continuing with configured trusted identities
06:05:40.353 [error] local node self-trust was not added: node signing public-key artifact is absent — continuing with configured trusted identities
06:05:40.363 [error] local node self-trust was not added: node signing public-key artifact is absent — continuing with configured trusted identities
.
Finished in 0.03 seconds (0.00s async, 0.03s sync)
3 tests, 0 failures, 2 excluded
Running ExUnit with seed: 375469, max_cases: 8
Excluding tags: [:test]
Including tags: [location: {"test/commonplace/cli/snapshot_test.exs", 114}]

CX_SNAPMECH cwd="/home/jes/sol-snapshot-repro/wt/apps/commonplace_cli" configured="tmp/test_data" configured_read=%{compact: [], count: 4, ls: {:ok, ["node_id", "secrets", "commits", "commits.lock"]}, exists?: true} commit_store_pid=#PID<0.279.0> commit_store_state_shape={true, [:data_dir, :db, :invariant_dispatcher, :local_write_gate, :lock_ref, :name, :pending_imports, :queue_poller, :trust_side_store]} cubdb_pid=#PID<0.282.0> cubdb_state_shape=CubDB.State cubdb_data_dir="tmp/test_data/commits" cubdb_read=%{compact: ["24.compact"], count: 2, ls: {:ok, ["24.compact", "22.cub"]}, exists?: true}
06:05:40.378 [error] local node self-trust was not added: node signing public-key artifact is absent — continuing with configured trusted identities
06:05:40.382 [error] local node self-trust was not added: node signing public-key artifact is absent — continuing with configured trusted identities
06:05:40.387 [error] local node self-trust was not added: node signing public-key artifact is absent — continuing with configured trusted identities
06:05:40.399 [error] local node self-trust was not added: node signing public-key artifact is absent — continuing with configured trusted identities
.
Finished in 0.03 seconds (0.00s async, 0.03s sync)
3 tests, 0 failures, 2 excluded
Running ExUnit with seed: 410297, max_cases: 8
Excluding tags: [:test]
Including tags: [location: {"test/commonplace/cli/snapshot_test.exs", 114}]

CX_SNAPMECH cwd="/home/jes/sol-snapshot-repro/wt/apps/commonplace_cli" configured="tmp/test_data" configured_read=%{compact: [], count: 4, ls: {:ok, ["node_id", "secrets", "commits", "commits.lock"]}, exists?: true} commit_store_pid=#PID<0.279.0> commit_store_state_shape={true, [:data_dir, :db, :invariant_dispatcher, :local_write_gate, :lock_ref, :name, :pending_imports, :queue_poller, :trust_side_store]} cubdb_pid=#PID<0.282.0> cubdb_state_shape=CubDB.State cubdb_data_dir="tmp/test_data/commits" cubdb_read=%{compact: ["24.compact"], count: 2, ls: {:ok, ["24.compact", "22.cub"]}, exists?: true}
06:05:40.414 [error] local node self-trust was not added: node signing public-key artifact is absent — continuing with configured trusted identities
06:05:40.423 [error] local node self-trust was not added: node signing public-key artifact is absent — continuing with configured trusted identities
06:05:40.426 [error] local node self-trust was not added: node signing public-key artifact is absent — continuing with configured trusted identities
06:05:40.433 [error] local node self-trust was not added: node signing public-key artifact is absent — continuing with configured trusted identities
.
Finished in 0.02 seconds (0.00s async, 0.02s sync)
3 tests, 0 failures, 2 excluded
Running ExUnit with seed: 438478, max_cases: 8
Excluding tags: [:test]
Including tags: [location: {"test/commonplace/cli/snapshot_test.exs", 114}]

CX_SNAPMECH cwd="/home/jes/sol-snapshot-repro/wt/apps/commonplace_cli" configured="tmp/test_data" configured_read=%{compact: [], count: 4, ls: {:ok, ["node_id", "secrets", "commits", "commits.lock"]}, exists?: true} commit_store_pid=#PID<0.279.0> commit_store_state_shape={true, [:data_dir, :db, :invariant_dispatcher, :local_write_gate, :lock_ref, :name, :pending_imports, :queue_poller, :trust_side_store]} cubdb_pid=#PID<0.282.0> cubdb_state_shape=CubDB.State cubdb_data_dir="tmp/test_data/commits" cubdb_read=%{compact: [], count: 1, ls: {:ok, ["24.cub"]}, exists?: true}
06:05:40.441 [error] local node self-trust was not added: node signing public-key artifact is absent — continuing with configured trusted identities
06:05:40.445 [error] local node self-trust was not added: node signing public-key artifact is absent — continuing with configured trusted identities
06:05:40.449 [error] local node self-trust was not added: node signing public-key artifact is absent — continuing with configured trusted identities
06:05:40.455 [error] local node self-trust was not added: node signing public-key artifact is absent — continuing with configured trusted identities
.
Finished in 0.01 seconds (0.00s async, 0.01s sync)
3 tests, 0 failures, 2 excluded
Running ExUnit with seed: 460584, max_cases: 8
Excluding tags: [:test]
Including tags: [location: {"test/commonplace/cli/snapshot_test.exs", 114}]

CX_SNAPMECH cwd="/home/jes/sol-snapshot-repro/wt/apps/commonplace_cli" configured="tmp/test_data" configured_read=%{compact: [], count: 4, ls: {:ok, ["node_id", "secrets", "commits", "commits.lock"]}, exists?: true} commit_store_pid=#PID<0.279.0> commit_store_state_shape={true, [:data_dir, :db, :invariant_dispatcher, :local_write_gate, :lock_ref, :name, :pending_imports, :queue_poller, :trust_side_store]} cubdb_pid=#PID<0.282.0> cubdb_state_shape=CubDB.State cubdb_data_dir="tmp/test_data/commits" cubdb_read=%{compact: [], count: 1, ls: {:ok, ["24.cub"]}, exists?: true}
06:05:40.462 [error] local node self-trust was not added: node signing public-key artifact is absent — continuing with configured trusted identities
06:05:40.464 [error] local node self-trust was not added: node signing public-key artifact is absent — continuing with configured trusted identities
06:05:40.468 [error] local node self-trust was not added: node signing public-key artifact is absent — continuing with configured trusted identities
06:05:40.472 [error] local node self-trust was not added: node signing public-key artifact is absent — continuing with configured trusted identities
.
Finished in 0.01 seconds (0.00s async, 0.01s sync)
3 tests, 0 failures, 2 excluded
Running ExUnit with seed: 476420, max_cases: 8
Excluding tags: [:test]
Including tags: [location: {"test/commonplace/cli/snapshot_test.exs", 114}]

06:05:40.478 [error] local node self-trust was not added: node signing public-key artifact is absent — continuing with configured trusted identities
CX_SNAPMECH cwd="/home/jes/sol-snapshot-repro/wt/apps/commonplace_cli" configured="tmp/test_data" configured_read=%{compact: [], count: 4, ls: {:ok, ["node_id", "secrets", "commits", "commits.lock"]}, exists?: true} commit_store_pid=#PID<0.279.0> commit_store_state_shape={true, [:data_dir, :db, :invariant_dispatcher, :local_write_gate, :lock_ref, :name, :pending_imports, :queue_poller, :trust_side_store]} cubdb_pid=#PID<0.282.0> cubdb_state_shape=CubDB.State cubdb_data_dir="tmp/test_data/commits" cubdb_read=%{compact: [], count: 1, ls: {:ok, ["24.cub"]}, exists?: true}
06:05:40.483 [error] local node self-trust was not added: node signing public-key artifact is absent — continuing with configured trusted identities
06:05:40.485 [error] local node self-trust was not added: node signing public-key artifact is absent — continuing with configured trusted identities
06:05:40.494 [error] local node self-trust was not added: node signing public-key artifact is absent — continuing with configured trusted identities
.
Finished in 0.02 seconds (0.00s async, 0.02s sync)
3 tests, 0 failures, 2 excluded
Running ExUnit with seed: 501804, max_cases: 8
Excluding tags: [:test]
Including tags: [location: {"test/commonplace/cli/snapshot_test.exs", 114}]

CX_SNAPMECH cwd="/home/jes/sol-snapshot-repro/wt/apps/commonplace_cli" configured="tmp/test_data" configured_read=%{compact: [], count: 4, ls: {:ok, ["node_id", "secrets", "commits", "commits.lock"]}, exists?: true} commit_store_pid=#PID<0.279.0> commit_store_state_shape={true, [:data_dir, :db, :invariant_dispatcher, :local_write_gate, :lock_ref, :name, :pending_imports, :queue_poller, :trust_side_store]} cubdb_pid=#PID<0.282.0> cubdb_state_shape=CubDB.State cubdb_data_dir="tmp/test_data/commits" cubdb_read=%{compact: [], count: 1, ls: {:ok, ["24.cub"]}, exists?: true}
06:05:40.504 [error] local node self-trust was not added: node signing public-key artifact is absent — continuing with configured trusted identities
06:05:40.511 [error] local node self-trust was not added: node signing public-key artifact is absent — continuing with configured trusted identities
06:05:40.520 [error] local node self-trust was not added: node signing public-key artifact is absent — continuing with configured trusted identities
06:05:40.528 [error] local node self-trust was not added: node signing public-key artifact is absent — continuing with configured trusted identities
.
Finished in 0.02 seconds (0.00s async, 0.02s sync)
3 tests, 0 failures, 2 excluded
Running ExUnit with seed: 530917, max_cases: 8
Excluding tags: [:test]
Including tags: [location: {"test/commonplace/cli/snapshot_test.exs", 114}]

CX_SNAPMECH cwd="/home/jes/sol-snapshot-repro/wt/apps/commonplace_cli" configured="tmp/test_data" configured_read=%{compact: [], count: 4, ls: {:ok, ["node_id", "secrets", "commits", "commits.lock"]}, exists?: true} commit_store_pid=#PID<0.279.0> commit_store_state_shape={true, [:data_dir, :db, :invariant_dispatcher, :local_write_gate, :lock_ref, :name, :pending_imports, :queue_poller, :trust_side_store]} cubdb_pid=#PID<0.282.0> cubdb_state_shape=CubDB.State cubdb_data_dir="tmp/test_data/commits" cubdb_read=%{compact: [], count: 1, ls: {:ok, ["24.cub"]}, exists?: true}
06:05:40.531 [error] local node self-trust was not added: node signing public-key artifact is absent — continuing with configured trusted identities
06:05:40.537 [error] local node self-trust was not added: node signing public-key artifact is absent — continuing with configured trusted identities
06:05:40.540 [error] local node self-trust was not added: node signing public-key artifact is absent — continuing with configured trusted identities
06:05:40.547 [error] local node self-trust was not added: node signing public-key artifact is absent — continuing with configured trusted identities
.
Finished in 0.02 seconds (0.00s async, 0.02s sync)
3 tests, 0 failures, 2 excluded
Running ExUnit with seed: 552444, max_cases: 8
Excluding tags: [:test]
Including tags: [location: {"test/commonplace/cli/snapshot_test.exs", 114}]

CX_SNAPMECH cwd="/home/jes/sol-snapshot-repro/wt/apps/commonplace_cli" configured="tmp/test_data" configured_read=%{compact: [], count: 4, ls: {:ok, ["node_id", "secrets", "commits", "commits.lock"]}, exists?: true} commit_store_pid=#PID<0.279.0> commit_store_state_shape={true, [:data_dir, :db, :invariant_dispatcher, :local_write_gate, :lock_ref, :name, :pending_imports, :queue_poller, :trust_side_store]} cubdb_pid=#PID<0.282.0> cubdb_state_shape=CubDB.State cubdb_data_dir="tmp/test_data/commits" cubdb_read=%{compact: [], count: 1, ls: {:ok, ["24.cub"]}, exists?: true}
06:05:40.553 [error] local node self-trust was not added: node signing public-key artifact is absent — continuing with configured trusted identities
06:05:40.558 [error] local node self-trust was not added: node signing public-key artifact is absent — continuing with configured trusted identities
06:05:40.560 [error] local node self-trust was not added: node signing public-key artifact is absent — continuing with configured trusted identities
06:05:40.565 [error] local node self-trust was not added: node signing public-key artifact is absent — continuing with configured trusted identities
.
Finished in 0.01 seconds (0.00s async, 0.01s sync)
3 tests, 0 failures, 2 excluded
Running ExUnit with seed: 569494, max_cases: 8
Excluding tags: [:test]
Including tags: [location: {"test/commonplace/cli/snapshot_test.exs", 114}]

CX_SNAPMECH cwd="/home/jes/sol-snapshot-repro/wt/apps/commonplace_cli" configured="tmp/test_data" configured_read=%{compact: [], count: 4, ls: {:ok, ["node_id", "secrets", "commits", "commits.lock"]}, exists?: true} commit_store_pid=#PID<0.279.0> commit_store_state_shape={true, [:data_dir, :db, :invariant_dispatcher, :local_write_gate, :lock_ref, :name, :pending_imports, :queue_poller, :trust_side_store]} cubdb_pid=#PID<0.282.0> cubdb_state_shape=CubDB.State cubdb_data_dir="tmp/test_data/commits" cubdb_read=%{compact: [], count: 1, ls: {:ok, ["24.cub"]}, exists?: true}
06:05:40.570 [error] local node self-trust was not added: node signing public-key artifact is absent — continuing with configured trusted identities
06:05:40.574 [error] local node self-trust was not added: node signing public-key artifact is absent — continuing with configured trusted identities
06:05:40.577 [error] local node self-trust was not added: node signing public-key artifact is absent — continuing with configured trusted identities
06:05:40.583 [error] local node self-trust was not added: node signing public-key artifact is absent — continuing with configured trusted identities
.
Finished in 0.01 seconds (0.00s async, 0.01s sync)
3 tests, 0 failures, 2 excluded
Running ExUnit with seed: 589186, max_cases: 8
Excluding tags: [:test]
Including tags: [location: {"test/commonplace/cli/snapshot_test.exs", 114}]

CX_SNAPMECH cwd="/home/jes/sol-snapshot-repro/wt/apps/commonplace_cli" configured="tmp/test_data" configured_read=%{compact: [], count: 4, ls: {:ok, ["node_id", "secrets", "commits", "commits.lock"]}, exists?: true} commit_store_pid=#PID<0.279.0> commit_store_state_shape={true, [:data_dir, :db, :invariant_dispatcher, :local_write_gate, :lock_ref, :name, :pending_imports, :queue_poller, :trust_side_store]} cubdb_pid=#PID<0.282.0> cubdb_state_shape=CubDB.State cubdb_data_dir="tmp/test_data/commits" cubdb_read=%{compact: ["25.compact"], count: 2, ls: {:ok, ["25.compact", "24.cub"]}, exists?: true}
06:05:40.590 [error] local node self-trust was not added: node signing public-key artifact is absent — continuing with configured trusted identities
06:05:40.594 [error] local node self-trust was not added: node signing public-key artifact is absent — continuing with configured trusted identities
06:05:40.597 [error] local node self-trust was not added: node signing public-key artifact is absent — continuing with configured trusted identities
06:05:40.603 [error] local node self-trust was not added: node signing public-key artifact is absent — continuing with configured trusted identities
.
Finished in 0.02 seconds (0.00s async, 0.02s sync)
3 tests, 0 failures, 2 excluded
Running ExUnit with seed: 611329, max_cases: 8
Excluding tags: [:test]
Including tags: [location: {"test/commonplace/cli/snapshot_test.exs", 114}]

CX_SNAPMECH cwd="/home/jes/sol-snapshot-repro/wt/apps/commonplace_cli" configured="tmp/test_data" configured_read=%{compact: [], count: 4, ls: {:ok, ["node_id", "secrets", "commits", "commits.lock"]}, exists?: true} commit_store_pid=#PID<0.279.0> commit_store_state_shape={true, [:data_dir, :db, :invariant_dispatcher, :local_write_gate, :lock_ref, :name, :pending_imports, :queue_poller, :trust_side_store]} cubdb_pid=#PID<0.282.0> cubdb_state_shape=CubDB.State cubdb_data_dir="tmp/test_data/commits" cubdb_read=%{compact: ["25.compact"], count: 2, ls: {:ok, ["25.compact", "24.cub"]}, exists?: true}
06:05:40.613 [error] local node self-trust was not added: node signing public-key artifact is absent — continuing with configured trusted identities
06:05:40.618 [error] local node self-trust was not added: node signing public-key artifact is absent — continuing with configured trusted identities
06:05:40.625 [error] local node self-trust was not added: node signing public-key artifact is absent — continuing with configured trusted identities
06:05:40.639 [error] local node self-trust was not added: node signing public-key artifact is absent — continuing with configured trusted identities
.
Finished in 0.03 seconds (0.00s async, 0.03s sync)
3 tests, 0 failures, 2 excluded
Running ExUnit with seed: 644750, max_cases: 8
Excluding tags: [:test]
Including tags: [location: {"test/commonplace/cli/snapshot_test.exs", 114}]

CX_SNAPMECH cwd="/home/jes/sol-snapshot-repro/wt/apps/commonplace_cli" configured="tmp/test_data" configured_read=%{compact: [], count: 4, ls: {:ok, ["node_id", "secrets", "commits", "commits.lock"]}, exists?: true} commit_store_pid=#PID<0.279.0> commit_store_state_shape={true, [:data_dir, :db, :invariant_dispatcher, :local_write_gate, :lock_ref, :name, :pending_imports, :queue_poller, :trust_side_store]} cubdb_pid=#PID<0.282.0> cubdb_state_shape=CubDB.State cubdb_data_dir="tmp/test_data/commits" cubdb_read=%{compact: ["25.compact"], count: 2, ls: {:ok, ["25.compact", "24.cub"]}, exists?: true}
06:05:40.646 [error] local node self-trust was not added: node signing public-key artifact is absent — continuing with configured trusted identities
06:05:40.650 [error] local node self-trust was not added: node signing public-key artifact is absent — continuing with configured trusted identities
06:05:40.654 [error] local node self-trust was not added: node signing public-key artifact is absent — continuing with configured trusted identities
06:05:40.662 [error] local node self-trust was not added: node signing public-key artifact is absent — continuing with configured trusted identities
.
Finished in 0.02 seconds (0.00s async, 0.02s sync)
3 tests, 0 failures, 2 excluded
Running ExUnit with seed: 670144, max_cases: 8
Excluding tags: [:test]
Including tags: [location: {"test/commonplace/cli/snapshot_test.exs", 114}]

CX_SNAPMECH cwd="/home/jes/sol-snapshot-repro/wt/apps/commonplace_cli" configured="tmp/test_data" configured_read=%{compact: [], count: 4, ls: {:ok, ["node_id", "secrets", "commits", "commits.lock"]}, exists?: true} commit_store_pid=#PID<0.279.0> commit_store_state_shape={true, [:data_dir, :db, :invariant_dispatcher, :local_write_gate, :lock_ref, :name, :pending_imports, :queue_poller, :trust_side_store]} cubdb_pid=#PID<0.282.0> cubdb_state_shape=CubDB.State cubdb_data_dir="tmp/test_data/commits" cubdb_read=%{compact: ["25.compact"], count: 2, ls: {:ok, ["25.compact", "24.cub"]}, exists?: true}
06:05:40.672 [error] local node self-trust was not added: node signing public-key artifact is absent — continuing with configured trusted identities
06:05:40.677 [error] local node self-trust was not added: node signing public-key artifact is absent — continuing with configured trusted identities
06:05:40.682 [error] local node self-trust was not added: node signing public-key artifact is absent — continuing with configured trusted identities
06:05:40.696 [error] local node self-trust was not added: node signing public-key artifact is absent — continuing with configured trusted identities
.
Finished in 0.03 seconds (0.00s async, 0.03s sync)
3 tests, 0 failures, 2 excluded
Running ExUnit with seed: 704593, max_cases: 8
Excluding tags: [:test]
Including tags: [location: {"test/commonplace/cli/snapshot_test.exs", 114}]

CX_SNAPMECH cwd="/home/jes/sol-snapshot-repro/wt/apps/commonplace_cli" configured="tmp/test_data" configured_read=%{compact: [], count: 4, ls: {:ok, ["node_id", "secrets", "commits", "commits.lock"]}, exists?: true} commit_store_pid=#PID<0.279.0> commit_store_state_shape={true, [:data_dir, :db, :invariant_dispatcher, :local_write_gate, :lock_ref, :name, :pending_imports, :queue_poller, :trust_side_store]} cubdb_pid=#PID<0.282.0> cubdb_state_shape=CubDB.State cubdb_data_dir="tmp/test_data/commits" cubdb_read=%{compact: ["25.compact"], count: 2, ls: {:ok, ["25.compact", "24.cub"]}, exists?: true}
06:05:40.706 [error] local node self-trust was not added: node signing public-key artifact is absent — continuing with configured trusted identities
06:05:40.727 [error] local node self-trust was not added: node signing public-key artifact is absent — continuing with configured trusted identities
06:05:40.732 [error] local node self-trust was not added: node signing public-key artifact is absent — continuing with configured trusted identities
06:05:40.741 [error] local node self-trust was not added: node signing public-key artifact is absent — continuing with configured trusted identities
.
Finished in 0.04 seconds (0.00s async, 0.04s sync)
3 tests, 0 failures, 2 excluded
Running ExUnit with seed: 748242, max_cases: 8
Excluding tags: [:test]
Including tags: [location: {"test/commonplace/cli/snapshot_test.exs", 114}]

CX_SNAPMECH cwd="/home/jes/sol-snapshot-repro/wt/apps/commonplace_cli" configured="tmp/test_data" configured_read=%{compact: [], count: 4, ls: {:ok, ["node_id", "secrets", "commits", "commits.lock"]}, exists?: true} commit_store_pid=#PID<0.279.0> commit_store_state_shape={true, [:data_dir, :db, :invariant_dispatcher, :local_write_gate, :lock_ref, :name, :pending_imports, :queue_poller, :trust_side_store]} cubdb_pid=#PID<0.282.0> cubdb_state_shape=CubDB.State cubdb_data_dir="tmp/test_data/commits" cubdb_read=%{compact: ["25.compact"], count: 2, ls: {:ok, ["25.compact", "24.cub"]}, exists?: true}
06:05:40.750 [error] local node self-trust was not added: node signing public-key artifact is absent — continuing with configured trusted identities
06:05:40.757 [error] local node self-trust was not added: node signing public-key artifact is absent — continuing with configured trusted identities
06:05:40.764 [error] local node self-trust was not added: node signing public-key artifact is absent — continuing with configured trusted identities
06:05:40.772 [error] local node self-trust was not added: node signing public-key artifact is absent — continuing with configured trusted identities
.
Finished in 0.02 seconds (0.00s async, 0.02s sync)
3 tests, 0 failures, 2 excluded
Running ExUnit with seed: 776616, max_cases: 8
Excluding tags: [:test]
Including tags: [location: {"test/commonplace/cli/snapshot_test.exs", 114}]

CX_SNAPMECH cwd="/home/jes/sol-snapshot-repro/wt/apps/commonplace_cli" configured="tmp/test_data" configured_read=%{compact: [], count: 4, ls: {:ok, ["node_id", "secrets", "commits", "commits.lock"]}, exists?: true} commit_store_pid=#PID<0.279.0> commit_store_state_shape={true, [:data_dir, :db, :invariant_dispatcher, :local_write_gate, :lock_ref, :name, :pending_imports, :queue_poller, :trust_side_store]} cubdb_pid=#PID<0.282.0> cubdb_state_shape=CubDB.State cubdb_data_dir="tmp/test_data/commits" cubdb_read=%{compact: ["25.compact"], count: 2, ls: {:ok, ["25.compact", "24.cub"]}, exists?: true}
06:05:40.778 [error] local node self-trust was not added: node signing public-key artifact is absent — continuing with configured trusted identities
06:05:40.785 [error] local node self-trust was not added: node signing public-key artifact is absent — continuing with configured trusted identities
06:05:40.791 [error] local node self-trust was not added: node signing public-key artifact is absent — continuing with configured trusted identities
06:05:40.805 [error] local node self-trust was not added: node signing public-key artifact is absent — continuing with configured trusted identities
.
Finished in 0.04 seconds (0.00s async, 0.04s sync)
3 tests, 0 failures, 2 excluded
Running ExUnit with seed: 821384, max_cases: 8
Excluding tags: [:test]
Including tags: [location: {"test/commonplace/cli/snapshot_test.exs", 114}]

CX_SNAPMECH cwd="/home/jes/sol-snapshot-repro/wt/apps/commonplace_cli" configured="tmp/test_data" configured_read=%{compact: [], count: 4, ls: {:ok, ["node_id", "secrets", "commits", "commits.lock"]}, exists?: true} commit_store_pid=#PID<0.279.0> commit_store_state_shape={true, [:data_dir, :db, :invariant_dispatcher, :local_write_gate, :lock_ref, :name, :pending_imports, :queue_poller, :trust_side_store]} cubdb_pid=#PID<0.282.0> cubdb_state_shape=CubDB.State cubdb_data_dir="tmp/test_data/commits" cubdb_read=%{compact: [], count: 1, ls: {:ok, ["25.cub"]}, exists?: true}
06:05:40.822 [error] local node self-trust was not added: node signing public-key artifact is absent — continuing with configured trusted identities
06:05:40.827 [error] local node self-trust was not added: node signing public-key artifact is absent — continuing with configured trusted identities
06:05:40.832 [error] local node self-trust was not added: node signing public-key artifact is absent — continuing with configured trusted identities
06:05:40.836 [error] local node self-trust was not added: node signing public-key artifact is absent — continuing with configured trusted identities
.
Finished in 0.02 seconds (0.00s async, 0.02s sync)
3 tests, 0 failures, 2 excluded
Running ExUnit with seed: 843902, max_cases: 8
Excluding tags: [:test]
Including tags: [location: {"test/commonplace/cli/snapshot_test.exs", 114}]

CX_SNAPMECH cwd="/home/jes/sol-snapshot-repro/wt/apps/commonplace_cli" configured="tmp/test_data" configured_read=%{compact: [], count: 4, ls: {:ok, ["node_id", "secrets", "commits", "commits.lock"]}, exists?: true} commit_store_pid=#PID<0.279.0> commit_store_state_shape={true, [:data_dir, :db, :invariant_dispatcher, :local_write_gate, :lock_ref, :name, :pending_imports, :queue_poller, :trust_side_store]} cubdb_pid=#PID<0.282.0> cubdb_state_shape=CubDB.State cubdb_data_dir="tmp/test_data/commits" cubdb_read=%{compact: [], count: 1, ls: {:ok, ["25.cub"]}, exists?: true}
06:05:40.844 [error] local node self-trust was not added: node signing public-key artifact is absent — continuing with configured trusted identities
06:05:40.848 [error] local node self-trust was not added: node signing public-key artifact is absent — continuing with configured trusted identities
06:05:40.852 [error] local node self-trust was not added: node signing public-key artifact is absent — continuing with configured trusted identities
06:05:40.859 [error] local node self-trust was not added: node signing public-key artifact is absent — continuing with configured trusted identities
.
Finished in 0.02 seconds (0.00s async, 0.02s sync)
3 tests, 0 failures, 2 excluded
Running ExUnit with seed: 864889, max_cases: 8
Excluding tags: [:test]
Including tags: [location: {"test/commonplace/cli/snapshot_test.exs", 114}]

CX_SNAPMECH cwd="/home/jes/sol-snapshot-repro/wt/apps/commonplace_cli" configured="tmp/test_data" configured_read=%{compact: [], count: 4, ls: {:ok, ["node_id", "secrets", "commits", "commits.lock"]}, exists?: true} commit_store_pid=#PID<0.279.0> commit_store_state_shape={true, [:data_dir, :db, :invariant_dispatcher, :local_write_gate, :lock_ref, :name, :pending_imports, :queue_poller, :trust_side_store]} cubdb_pid=#PID<0.282.0> cubdb_state_shape=CubDB.State cubdb_data_dir="tmp/test_data/commits" cubdb_read=%{compact: [], count: 1, ls: {:ok, ["25.cub"]}, exists?: true}
06:05:40.865 [error] local node self-trust was not added: node signing public-key artifact is absent — continuing with configured trusted identities
06:05:40.870 [error] local node self-trust was not added: node signing public-key artifact is absent — continuing with configured trusted identities
06:05:40.878 [error] local node self-trust was not added: node signing public-key artifact is absent — continuing with configured trusted identities
06:05:40.884 [error] local node self-trust was not added: node signing public-key artifact is absent — continuing with configured trusted identities
.
Finished in 0.02 seconds (0.00s async, 0.02s sync)
3 tests, 0 failures, 2 excluded
Running ExUnit with seed: 890982, max_cases: 8
Excluding tags: [:test]
Including tags: [location: {"test/commonplace/cli/snapshot_test.exs", 114}]

CX_SNAPMECH cwd="/home/jes/sol-snapshot-repro/wt/apps/commonplace_cli" configured="tmp/test_data" configured_read=%{compact: [], count: 4, ls: {:ok, ["node_id", "secrets", "commits", "commits.lock"]}, exists?: true} commit_store_pid=#PID<0.279.0> commit_store_state_shape={true, [:data_dir, :db, :invariant_dispatcher, :local_write_gate, :lock_ref, :name, :pending_imports, :queue_poller, :trust_side_store]} cubdb_pid=#PID<0.282.0> cubdb_state_shape=CubDB.State cubdb_data_dir="tmp/test_data/commits" cubdb_read=%{compact: [], count: 1, ls: {:ok, ["25.cub"]}, exists?: true}
06:05:40.892 [error] local node self-trust was not added: node signing public-key artifact is absent — continuing with configured trusted identities
06:05:40.899 [error] local node self-trust was not added: node signing public-key artifact is absent — continuing with configured trusted identities
06:05:40.904 [error] local node self-trust was not added: node signing public-key artifact is absent — continuing with configured trusted identities
06:05:40.914 [error] local node self-trust was not added: node signing public-key artifact is absent — continuing with configured trusted identities
.
Finished in 0.02 seconds (0.00s async, 0.02s sync)
3 tests, 0 failures, 2 excluded
Running ExUnit with seed: 921188, max_cases: 8
Excluding tags: [:test]
Including tags: [location: {"test/commonplace/cli/snapshot_test.exs", 114}]

CX_SNAPMECH cwd="/home/jes/sol-snapshot-repro/wt/apps/commonplace_cli" configured="tmp/test_data" configured_read=%{compact: [], count: 4, ls: {:ok, ["node_id", "secrets", "commits", "commits.lock"]}, exists?: true} commit_store_pid=#PID<0.279.0> commit_store_state_shape={true, [:data_dir, :db, :invariant_dispatcher, :local_write_gate, :lock_ref, :name, :pending_imports, :queue_poller, :trust_side_store]} cubdb_pid=#PID<0.282.0> cubdb_state_shape=CubDB.State cubdb_data_dir="tmp/test_data/commits" cubdb_read=%{compact: [], count: 1, ls: {:ok, ["25.cub"]}, exists?: true}
06:05:40.923 [error] local node self-trust was not added: node signing public-key artifact is absent — continuing with configured trusted identities
06:05:40.929 [error] local node self-trust was not added: node signing public-key artifact is absent — continuing with configured trusted identities
06:05:40.935 [error] local node self-trust was not added: node signing public-key artifact is absent — continuing with configured trusted identities
06:05:40.942 [error] local node self-trust was not added: node signing public-key artifact is absent — continuing with configured trusted identities
.
Finished in 0.02 seconds (0.00s async, 0.02s sync)
3 tests, 0 failures, 2 excluded
Running ExUnit with seed: 950078, max_cases: 8
Excluding tags: [:test]
Including tags: [location: {"test/commonplace/cli/snapshot_test.exs", 114}]

CX_SNAPMECH cwd="/home/jes/sol-snapshot-repro/wt/apps/commonplace_cli" configured="tmp/test_data" configured_read=%{compact: [], count: 4, ls: {:ok, ["node_id", "secrets", "commits", "commits.lock"]}, exists?: true} commit_store_pid=#PID<0.279.0> commit_store_state_shape={true, [:data_dir, :db, :invariant_dispatcher, :local_write_gate, :lock_ref, :name, :pending_imports, :queue_poller, :trust_side_store]} cubdb_pid=#PID<0.282.0> cubdb_state_shape=CubDB.State cubdb_data_dir="tmp/test_data/commits" cubdb_read=%{compact: [], count: 1, ls: {:ok, ["25.cub"]}, exists?: true}
06:05:40.955 [error] local node self-trust was not added: node signing public-key artifact is absent — continuing with configured trusted identities
06:05:40.961 [error] local node self-trust was not added: node signing public-key artifact is absent — continuing with configured trusted identities
06:05:40.967 [error] local node self-trust was not added: node signing public-key artifact is absent — continuing with configured trusted identities
06:05:40.977 [error] local node self-trust was not added: node signing public-key artifact is absent — continuing with configured trusted identities
.
Finished in 0.03 seconds (0.00s async, 0.03s sync)
3 tests, 0 failures, 2 excluded
Running ExUnit with seed: 983809, max_cases: 8
Excluding tags: [:test]
Including tags: [location: {"test/commonplace/cli/snapshot_test.exs", 114}]

CX_SNAPMECH cwd="/home/jes/sol-snapshot-repro/wt/apps/commonplace_cli" configured="tmp/test_data" configured_read=%{compact: [], count: 4, ls: {:ok, ["node_id", "secrets", "commits", "commits.lock"]}, exists?: true} commit_store_pid=#PID<0.279.0> commit_store_state_shape={true, [:data_dir, :db, :invariant_dispatcher, :local_write_gate, :lock_ref, :name, :pending_imports, :queue_poller, :trust_side_store]} cubdb_pid=#PID<0.282.0> cubdb_state_shape=CubDB.State cubdb_data_dir="tmp/test_data/commits" cubdb_read=%{compact: [], count: 1, ls: {:ok, ["25.cub"]}, exists?: true}
06:05:40.985 [error] local node self-trust was not added: node signing public-key artifact is absent — continuing with configured trusted identities
06:05:40.989 [error] local node self-trust was not added: node signing public-key artifact is absent — continuing with configured trusted identities
06:05:40.994 [error] local node self-trust was not added: node signing public-key artifact is absent — continuing with configured trusted identities
06:05:41.000 [error] local node self-trust was not added: node signing public-key artifact is absent — continuing with configured trusted identities
.
Finished in 0.02 seconds (0.00s async, 0.02s sync)
3 tests, 0 failures, 2 excluded
Running ExUnit with seed: 6696, max_cases: 8
Excluding tags: [:test]
Including tags: [location: {"test/commonplace/cli/snapshot_test.exs", 114}]

CX_SNAPMECH cwd="/home/jes/sol-snapshot-repro/wt/apps/commonplace_cli" configured="tmp/test_data" configured_read=%{compact: [], count: 4, ls: {:ok, ["node_id", "secrets", "commits", "commits.lock"]}, exists?: true} commit_store_pid=#PID<0.279.0> commit_store_state_shape={true, [:data_dir, :db, :invariant_dispatcher, :local_write_gate, :lock_ref, :name, :pending_imports, :queue_poller, :trust_side_store]} cubdb_pid=#PID<0.282.0> cubdb_state_shape=CubDB.State cubdb_data_dir="tmp/test_data/commits" cubdb_read=%{compact: [], count: 1, ls: {:ok, ["25.cub"]}, exists?: true}
06:05:41.009 [error] local node self-trust was not added: node signing public-key artifact is absent — continuing with configured trusted identities
06:05:41.012 [error] local node self-trust was not added: node signing public-key artifact is absent — continuing with configured trusted identities
06:05:41.018 [error] local node self-trust was not added: node signing public-key artifact is absent — continuing with configured trusted identities
06:05:41.030 [error] local node self-trust was not added: node signing public-key artifact is absent — continuing with configured trusted identities
.
Finished in 0.03 seconds (0.00s async, 0.03s sync)
3 tests, 0 failures, 2 excluded
Running ExUnit with seed: 48130, max_cases: 8
Excluding tags: [:test]
Including tags: [location: {"test/commonplace/cli/snapshot_test.exs", 114}]

CX_SNAPMECH cwd="/home/jes/sol-snapshot-repro/wt/apps/commonplace_cli" configured="tmp/test_data" configured_read=%{compact: [], count: 4, ls: {:ok, ["node_id", "secrets", "commits", "commits.lock"]}, exists?: true} commit_store_pid=#PID<0.279.0> commit_store_state_shape={true, [:data_dir, :db, :invariant_dispatcher, :local_write_gate, :lock_ref, :name, :pending_imports, :queue_poller, :trust_side_store]} cubdb_pid=#PID<0.282.0> cubdb_state_shape=CubDB.State cubdb_data_dir="tmp/test_data/commits" cubdb_read=%{compact: [], count: 1, ls: {:ok, ["25.cub"]}, exists?: true}
06:05:41.049 [error] local node self-trust was not added: node signing public-key artifact is absent — continuing with configured trusted identities
06:05:41.053 [error] local node self-trust was not added: node signing public-key artifact is absent — continuing with configured trusted identities
06:05:41.057 [error] local node self-trust was not added: node signing public-key artifact is absent — continuing with configured trusted identities
06:05:41.069 [error] local node self-trust was not added: node signing public-key artifact is absent — continuing with configured trusted identities
.
Finished in 0.02 seconds (0.00s async, 0.02s sync)
3 tests, 0 failures, 2 excluded
Running ExUnit with seed: 75465, max_cases: 8
Excluding tags: [:test]
Including tags: [location: {"test/commonplace/cli/snapshot_test.exs", 114}]

CX_SNAPMECH cwd="/home/jes/sol-snapshot-repro/wt/apps/commonplace_cli" configured="tmp/test_data" configured_read=%{compact: [], count: 4, ls: {:ok, ["node_id", "secrets", "commits", "commits.lock"]}, exists?: true} commit_store_pid=#PID<0.279.0> commit_store_state_shape={true, [:data_dir, :db, :invariant_dispatcher, :local_write_gate, :lock_ref, :name, :pending_imports, :queue_poller, :trust_side_store]} cubdb_pid=#PID<0.282.0> cubdb_state_shape=CubDB.State cubdb_data_dir="tmp/test_data/commits" cubdb_read=%{compact: [], count: 1, ls: {:ok, ["25.cub"]}, exists?: true}
06:05:41.076 [error] local node self-trust was not added: node signing public-key artifact is absent — continuing with configured trusted identities
06:05:41.080 [error] local node self-trust was not added: node signing public-key artifact is absent — continuing with configured trusted identities
06:05:41.082 [error] local node self-trust was not added: node signing public-key artifact is absent — continuing with configured trusted identities
06:05:41.089 [error] local node self-trust was not added: node signing public-key artifact is absent — continuing with configured trusted identities
.
Finished in 0.01 seconds (0.00s async, 0.01s sync)
3 tests, 0 failures, 2 excluded
Running ExUnit with seed: 95731, max_cases: 8
Excluding tags: [:test]
Including tags: [location: {"test/commonplace/cli/snapshot_test.exs", 114}]

CX_SNAPMECH cwd="/home/jes/sol-snapshot-repro/wt/apps/commonplace_cli" configured="tmp/test_data" configured_read=%{compact: [], count: 4, ls: {:ok, ["node_id", "secrets", "commits", "commits.lock"]}, exists?: true} commit_store_pid=#PID<0.279.0> commit_store_state_shape={true, [:data_dir, :db, :invariant_dispatcher, :local_write_gate, :lock_ref, :name, :pending_imports, :queue_poller, :trust_side_store]} cubdb_pid=#PID<0.282.0> cubdb_state_shape=CubDB.State cubdb_data_dir="tmp/test_data/commits" cubdb_read=%{compact: [], count: 1, ls: {:ok, ["25.cub"]}, exists?: true}
06:05:41.098 [error] local node self-trust was not added: node signing public-key artifact is absent — continuing with configured trusted identities
06:05:41.103 [error] local node self-trust was not added: node signing public-key artifact is absent — continuing with configured trusted identities
06:05:41.106 [error] local node self-trust was not added: node signing public-key artifact is absent — continuing with configured trusted identities
06:05:41.113 [error] local node self-trust was not added: node signing public-key artifact is absent — continuing with configured trusted identities
.
Finished in 0.02 seconds (0.00s async, 0.02s sync)
3 tests, 0 failures, 2 excluded
Running ExUnit with seed: 119042, max_cases: 8
Excluding tags: [:test]
Including tags: [location: {"test/commonplace/cli/snapshot_test.exs", 114}]

CX_SNAPMECH cwd="/home/jes/sol-snapshot-repro/wt/apps/commonplace_cli" configured="tmp/test_data" configured_read=%{compact: [], count: 4, ls: {:ok, ["node_id", "secrets", "commits", "commits.lock"]}, exists?: true} commit_store_pid=#PID<0.279.0> commit_store_state_shape={true, [:data_dir, :db, :invariant_dispatcher, :local_write_gate, :lock_ref, :name, :pending_imports, :queue_poller, :trust_side_store]} cubdb_pid=#PID<0.282.0> cubdb_state_shape=CubDB.State cubdb_data_dir="tmp/test_data/commits" cubdb_read=%{compact: ["26.compact"], count: 2, ls: {:ok, ["26.compact", "25.cub"]}, exists?: true}
06:05:41.120 [error] local node self-trust was not added: node signing public-key artifact is absent — continuing with configured trusted identities
06:05:41.124 [error] local node self-trust was not added: node signing public-key artifact is absent — continuing with configured trusted identities
06:05:41.129 [error] local node self-trust was not added: node signing public-key artifact is absent — continuing with configured trusted identities
06:05:41.137 [error] local node self-trust was not added: node signing public-key artifact is absent — continuing with configured trusted identities
.
Finished in 0.02 seconds (0.00s async, 0.02s sync)
3 tests, 0 failures, 2 excluded
Running ExUnit with seed: 143424, max_cases: 8
Excluding tags: [:test]
Including tags: [location: {"test/commonplace/cli/snapshot_test.exs", 114}]

CX_SNAPMECH cwd="/home/jes/sol-snapshot-repro/wt/apps/commonplace_cli" configured="tmp/test_data" configured_read=%{compact: [], count: 4, ls: {:ok, ["node_id", "secrets", "commits", "commits.lock"]}, exists?: true} commit_store_pid=#PID<0.279.0> commit_store_state_shape={true, [:data_dir, :db, :invariant_dispatcher, :local_write_gate, :lock_ref, :name, :pending_imports, :queue_poller, :trust_side_store]} cubdb_pid=#PID<0.282.0> cubdb_state_shape=CubDB.State cubdb_data_dir="tmp/test_data/commits" cubdb_read=%{compact: ["26.compact"], count: 2, ls: {:ok, ["26.compact", "25.cub"]}, exists?: true}
06:05:41.145 [error] local node self-trust was not added: node signing public-key artifact is absent — continuing with configured trusted identities
06:05:41.151 [error] local node self-trust was not added: node signing public-key artifact is absent — continuing with configured trusted identities
06:05:41.161 [error] local node self-trust was not added: node signing public-key artifact is absent — continuing with configured trusted identities
06:05:41.174 [error] local node self-trust was not added: node signing public-key artifact is absent — continuing with configured trusted identities
.
Finished in 0.03 seconds (0.00s async, 0.03s sync)
3 tests, 0 failures, 2 excluded
Running ExUnit with seed: 181098, max_cases: 8
Excluding tags: [:test]
Including tags: [location: {"test/commonplace/cli/snapshot_test.exs", 114}]

CX_SNAPMECH cwd="/home/jes/sol-snapshot-repro/wt/apps/commonplace_cli" configured="tmp/test_data" configured_read=%{compact: [], count: 4, ls: {:ok, ["node_id", "secrets", "commits", "commits.lock"]}, exists?: true} commit_store_pid=#PID<0.279.0> commit_store_state_shape={true, [:data_dir, :db, :invariant_dispatcher, :local_write_gate, :lock_ref, :name, :pending_imports, :queue_poller, :trust_side_store]} cubdb_pid=#PID<0.282.0> cubdb_state_shape=CubDB.State cubdb_data_dir="tmp/test_data/commits" cubdb_read=%{compact: ["26.compact"], count: 2, ls: {:ok, ["26.compact", "25.cub"]}, exists?: true}
06:05:41.183 [error] local node self-trust was not added: node signing public-key artifact is absent — continuing with configured trusted identities
06:05:41.191 [error] local node self-trust was not added: node signing public-key artifact is absent — continuing with configured trusted identities
06:05:41.200 [error] local node self-trust was not added: node signing public-key artifact is absent — continuing with configured trusted identities
06:05:41.212 [error] local node self-trust was not added: node signing public-key artifact is absent — continuing with configured trusted identities
.
Finished in 0.03 seconds (0.00s async, 0.03s sync)
3 tests, 0 failures, 2 excluded
Running ExUnit with seed: 217611, max_cases: 8
Excluding tags: [:test]
Including tags: [location: {"test/commonplace/cli/snapshot_test.exs", 114}]

CX_SNAPMECH cwd="/home/jes/sol-snapshot-repro/wt/apps/commonplace_cli" configured="tmp/test_data" configured_read=%{compact: [], count: 4, ls: {:ok, ["node_id", "secrets", "commits", "commits.lock"]}, exists?: true} commit_store_pid=#PID<0.279.0> commit_store_state_shape={true, [:data_dir, :db, :invariant_dispatcher, :local_write_gate, :lock_ref, :name, :pending_imports, :queue_poller, :trust_side_store]} cubdb_pid=#PID<0.282.0> cubdb_state_shape=CubDB.State cubdb_data_dir="tmp/test_data/commits" cubdb_read=%{compact: ["26.compact"], count: 2, ls: {:ok, ["26.compact", "25.cub"]}, exists?: true}
06:05:41.220 [error] local node self-trust was not added: node signing public-key artifact is absent — continuing with configured trusted identities
06:05:41.225 [error] local node self-trust was not added: node signing public-key artifact is absent — continuing with configured trusted identities
06:05:41.230 [error] local node self-trust was not added: node signing public-key artifact is absent — continuing with configured trusted identities
06:05:41.245 [error] local node self-trust was not added: node signing public-key artifact is absent — continuing with configured trusted identities
.
Finished in 0.03 seconds (0.00s async, 0.03s sync)
3 tests, 0 failures, 2 excluded
Running ExUnit with seed: 253408, max_cases: 8
Excluding tags: [:test]
Including tags: [location: {"test/commonplace/cli/snapshot_test.exs", 114}]

CX_SNAPMECH cwd="/home/jes/sol-snapshot-repro/wt/apps/commonplace_cli" configured="tmp/test_data" configured_read=%{compact: [], count: 4, ls: {:ok, ["node_id", "secrets", "commits", "commits.lock"]}, exists?: true} commit_store_pid=#PID<0.279.0> commit_store_state_shape={true, [:data_dir, :db, :invariant_dispatcher, :local_write_gate, :lock_ref, :name, :pending_imports, :queue_poller, :trust_side_store]} cubdb_pid=#PID<0.282.0> cubdb_state_shape=CubDB.State cubdb_data_dir="tmp/test_data/commits" cubdb_read=%{compact: ["26.compact"], count: 2, ls: {:ok, ["26.compact", "25.cub"]}, exists?: true}
06:05:41.255 [error] local node self-trust was not added: node signing public-key artifact is absent — continuing with configured trusted identities
06:05:41.263 [error] local node self-trust was not added: node signing public-key artifact is absent — continuing with configured trusted identities
06:05:41.269 [error] local node self-trust was not added: node signing public-key artifact is absent — continuing with configured trusted identities
06:05:41.280 [error] local node self-trust was not added: node signing public-key artifact is absent — continuing with configured trusted identities
.
Finished in 0.03 seconds (0.00s async, 0.03s sync)
3 tests, 0 failures, 2 excluded
Running ExUnit with seed: 289230, max_cases: 8
Excluding tags: [:test]
Including tags: [location: {"test/commonplace/cli/snapshot_test.exs", 114}]

CX_SNAPMECH cwd="/home/jes/sol-snapshot-repro/wt/apps/commonplace_cli" configured="tmp/test_data" configured_read=%{compact: [], count: 4, ls: {:ok, ["node_id", "secrets", "commits", "commits.lock"]}, exists?: true} commit_store_pid=#PID<0.279.0> commit_store_state_shape={true, [:data_dir, :db, :invariant_dispatcher, :local_write_gate, :lock_ref, :name, :pending_imports, :queue_poller, :trust_side_store]} cubdb_pid=#PID<0.282.0> cubdb_state_shape=CubDB.State cubdb_data_dir="tmp/test_data/commits" cubdb_read=%{compact: ["26.compact"], count: 2, ls: {:ok, ["26.compact", "25.cub"]}, exists?: true}
06:05:41.291 [error] local node self-trust was not added: node signing public-key artifact is absent — continuing with configured trusted identities
06:05:41.301 [error] local node self-trust was not added: node signing public-key artifact is absent — continuing with configured trusted identities
06:05:41.306 [error] local node self-trust was not added: node signing public-key artifact is absent — continuing with configured trusted identities
06:05:41.316 [error] local node self-trust was not added: node signing public-key artifact is absent — continuing with configured trusted identities
.
Finished in 0.03 seconds (0.00s async, 0.03s sync)
3 tests, 0 failures, 2 excluded
Running ExUnit with seed: 323759, max_cases: 8
Excluding tags: [:test]
Including tags: [location: {"test/commonplace/cli/snapshot_test.exs", 114}]

CX_SNAPMECH cwd="/home/jes/sol-snapshot-repro/wt/apps/commonplace_cli" configured="tmp/test_data" configured_read=%{compact: [], count: 4, ls: {:ok, ["node_id", "secrets", "commits", "commits.lock"]}, exists?: true} commit_store_pid=#PID<0.279.0> commit_store_state_shape={true, [:data_dir, :db, :invariant_dispatcher, :local_write_gate, :lock_ref, :name, :pending_imports, :queue_poller, :trust_side_store]} cubdb_pid=#PID<0.282.0> cubdb_state_shape=CubDB.State cubdb_data_dir="tmp/test_data/commits" cubdb_read=%{compact: ["26.compact"], count: 2, ls: {:ok, ["26.compact", "25.cub"]}, exists?: true}
06:05:41.327 [error] local node self-trust was not added: node signing public-key artifact is absent — continuing with configured trusted identities
06:05:41.334 [error] local node self-trust was not added: node signing public-key artifact is absent — continuing with configured trusted identities
06:05:41.343 [error] local node self-trust was not added: node signing public-key artifact is absent — continuing with configured trusted identities
06:05:41.357 [error] local node self-trust was not added: node signing public-key artifact is absent — continuing with configured trusted identities
.
Finished in 0.03 seconds (0.00s async, 0.03s sync)
3 tests, 0 failures, 2 excluded
Running ExUnit with seed: 366692, max_cases: 8
Excluding tags: [:test]
Including tags: [location: {"test/commonplace/cli/snapshot_test.exs", 114}]

CX_SNAPMECH cwd="/home/jes/sol-snapshot-repro/wt/apps/commonplace_cli" configured="tmp/test_data" configured_read=%{compact: [], count: 4, ls: {:ok, ["node_id", "secrets", "commits", "commits.lock"]}, exists?: true} commit_store_pid=#PID<0.279.0> commit_store_state_shape={true, [:data_dir, :db, :invariant_dispatcher, :local_write_gate, :lock_ref, :name, :pending_imports, :queue_poller, :trust_side_store]} cubdb_pid=#PID<0.282.0> cubdb_state_shape=CubDB.State cubdb_data_dir="tmp/test_data/commits" cubdb_read=%{compact: [], count: 1, ls: {:ok, ["26.cub"]}, exists?: true}
06:05:41.373 [error] local node self-trust was not added: node signing public-key artifact is absent — continuing with configured trusted identities
06:05:41.378 [error] local node self-trust was not added: node signing public-key artifact is absent — continuing with configured trusted identities
06:05:41.384 [error] local node self-trust was not added: node signing public-key artifact is absent — continuing with configured trusted identities
06:05:41.395 [error] local node self-trust was not added: node signing public-key artifact is absent — continuing with configured trusted identities
.
Finished in 0.03 seconds (0.00s async, 0.03s sync)
3 tests, 0 failures, 2 excluded
Running ExUnit with seed: 401326, max_cases: 8
Excluding tags: [:test]
Including tags: [location: {"test/commonplace/cli/snapshot_test.exs", 114}]

CX_SNAPMECH cwd="/home/jes/sol-snapshot-repro/wt/apps/commonplace_cli" configured="tmp/test_data" configured_read=%{compact: [], count: 4, ls: {:ok, ["node_id", "secrets", "commits", "commits.lock"]}, exists?: true} commit_store_pid=#PID<0.279.0> commit_store_state_shape={true, [:data_dir, :db, :invariant_dispatcher, :local_write_gate, :lock_ref, :name, :pending_imports, :queue_poller, :trust_side_store]} cubdb_pid=#PID<0.282.0> cubdb_state_shape=CubDB.State cubdb_data_dir="tmp/test_data/commits" cubdb_read=%{compact: [], count: 1, ls: {:ok, ["26.cub"]}, exists?: true}
06:05:41.403 [error] local node self-trust was not added: node signing public-key artifact is absent — continuing with configured trusted identities
06:05:41.407 [error] local node self-trust was not added: node signing public-key artifact is absent — continuing with configured trusted identities
06:05:41.412 [error] local node self-trust was not added: node signing public-key artifact is absent — continuing with configured trusted identities
06:05:41.419 [error] local node self-trust was not added: node signing public-key artifact is absent — continuing with configured trusted identities
.
Finished in 0.02 seconds (0.00s async, 0.02s sync)
3 tests, 0 failures, 2 excluded
Running ExUnit with seed: 426599, max_cases: 8
Excluding tags: [:test]
Including tags: [location: {"test/commonplace/cli/snapshot_test.exs", 114}]

CX_SNAPMECH cwd="/home/jes/sol-snapshot-repro/wt/apps/commonplace_cli" configured="tmp/test_data" configured_read=%{compact: [], count: 4, ls: {:ok, ["node_id", "secrets", "commits", "commits.lock"]}, exists?: true} commit_store_pid=#PID<0.279.0> commit_store_state_shape={true, [:data_dir, :db, :invariant_dispatcher, :local_write_gate, :lock_ref, :name, :pending_imports, :queue_poller, :trust_side_store]} cubdb_pid=#PID<0.282.0> cubdb_state_shape=CubDB.State cubdb_data_dir="tmp/test_data/commits" cubdb_read=%{compact: [], count: 1, ls: {:ok, ["26.cub"]}, exists?: true}
06:05:41.430 [error] local node self-trust was not added: node signing public-key artifact is absent — continuing with configured trusted identities
06:05:41.435 [error] local node self-trust was not added: node signing public-key artifact is absent — continuing with configured trusted identities
06:05:41.440 [error] local node self-trust was not added: node signing public-key artifact is absent — continuing with configured trusted identities
06:05:41.455 [error] local node self-trust was not added: node signing public-key artifact is absent — continuing with configured trusted identities
.
Finished in 0.03 seconds (0.00s async, 0.03s sync)
3 tests, 0 failures, 2 excluded
Running ExUnit with seed: 462363, max_cases: 8
Excluding tags: [:test]
Including tags: [location: {"test/commonplace/cli/snapshot_test.exs", 114}]

CX_SNAPMECH cwd="/home/jes/sol-snapshot-repro/wt/apps/commonplace_cli" configured="tmp/test_data" configured_read=%{compact: [], count: 4, ls: {:ok, ["node_id", "secrets", "commits", "commits.lock"]}, exists?: true} commit_store_pid=#PID<0.279.0> commit_store_state_shape={true, [:data_dir, :db, :invariant_dispatcher, :local_write_gate, :lock_ref, :name, :pending_imports, :queue_poller, :trust_side_store]} cubdb_pid=#PID<0.282.0> cubdb_state_shape=CubDB.State cubdb_data_dir="tmp/test_data/commits" cubdb_read=%{compact: [], count: 1, ls: {:ok, ["26.cub"]}, exists?: true}
06:05:41.464 [error] local node self-trust was not added: node signing public-key artifact is absent — continuing with configured trusted identities
06:05:41.469 [error] local node self-trust was not added: node signing public-key artifact is absent — continuing with configured trusted identities
06:05:41.474 [error] local node self-trust was not added: node signing public-key artifact is absent — continuing with configured trusted identities
06:05:41.485 [error] local node self-trust was not added: node signing public-key artifact is absent — continuing with configured trusted identities
.
Finished in 0.03 seconds (0.00s async, 0.03s sync)
3 tests, 0 failures, 2 excluded
Running ExUnit with seed: 497574, max_cases: 8
Excluding tags: [:test]
Including tags: [location: {"test/commonplace/cli/snapshot_test.exs", 114}]

CX_SNAPMECH cwd="/home/jes/sol-snapshot-repro/wt/apps/commonplace_cli" configured="tmp/test_data" configured_read=%{compact: [], count: 4, ls: {:ok, ["node_id", "secrets", "commits", "commits.lock"]}, exists?: true} commit_store_pid=#PID<0.279.0> commit_store_state_shape={true, [:data_dir, :db, :invariant_dispatcher, :local_write_gate, :lock_ref, :name, :pending_imports, :queue_poller, :trust_side_store]} cubdb_pid=#PID<0.282.0> cubdb_state_shape=CubDB.State cubdb_data_dir="tmp/test_data/commits" cubdb_read=%{compact: [], count: 1, ls: {:ok, ["26.cub"]}, exists?: true}
06:05:41.499 [error] local node self-trust was not added: node signing public-key artifact is absent — continuing with configured trusted identities
06:05:41.505 [error] local node self-trust was not added: node signing public-key artifact is absent — continuing with configured trusted identities
06:05:41.510 [error] local node self-trust was not added: node signing public-key artifact is absent — continuing with configured trusted identities
06:05:41.520 [error] local node self-trust was not added: node signing public-key artifact is absent — continuing with configured trusted identities
.
Finished in 0.02 seconds (0.00s async, 0.02s sync)
3 tests, 0 failures, 2 excluded
Running ExUnit with seed: 527524, max_cases: 8
Excluding tags: [:test]
Including tags: [location: {"test/commonplace/cli/snapshot_test.exs", 114}]

CX_SNAPMECH cwd="/home/jes/sol-snapshot-repro/wt/apps/commonplace_cli" configured="tmp/test_data" configured_read=%{compact: [], count: 4, ls: {:ok, ["node_id", "secrets", "commits", "commits.lock"]}, exists?: true} commit_store_pid=#PID<0.279.0> commit_store_state_shape={true, [:data_dir, :db, :invariant_dispatcher, :local_write_gate, :lock_ref, :name, :pending_imports, :queue_poller, :trust_side_store]} cubdb_pid=#PID<0.282.0> cubdb_state_shape=CubDB.State cubdb_data_dir="tmp/test_data/commits" cubdb_read=%{compact: [], count: 1, ls: {:ok, ["26.cub"]}, exists?: true}
06:05:41.529 [error] local node self-trust was not added: node signing public-key artifact is absent — continuing with configured trusted identities
06:05:41.540 [error] local node self-trust was not added: node signing public-key artifact is absent — continuing with configured trusted identities
06:05:41.546 [error] local node self-trust was not added: node signing public-key artifact is absent — continuing with configured trusted identities
06:05:41.555 [error] local node self-trust was not added: node signing public-key artifact is absent — continuing with configured trusted identities
.
Finished in 0.03 seconds (0.00s async, 0.03s sync)
3 tests, 0 failures, 2 excluded
Running ExUnit with seed: 562610, max_cases: 8
Excluding tags: [:test]
Including tags: [location: {"test/commonplace/cli/snapshot_test.exs", 114}]

CX_SNAPMECH cwd="/home/jes/sol-snapshot-repro/wt/apps/commonplace_cli" configured="tmp/test_data" configured_read=%{compact: [], count: 4, ls: {:ok, ["node_id", "secrets", "commits", "commits.lock"]}, exists?: true} commit_store_pid=#PID<0.279.0> commit_store_state_shape={true, [:data_dir, :db, :invariant_dispatcher, :local_write_gate, :lock_ref, :name, :pending_imports, :queue_poller, :trust_side_store]} cubdb_pid=#PID<0.282.0> cubdb_state_shape=CubDB.State cubdb_data_dir="tmp/test_data/commits" cubdb_read=%{compact: [], count: 1, ls: {:ok, ["26.cub"]}, exists?: true}
06:05:41.565 [error] local node self-trust was not added: node signing public-key artifact is absent — continuing with configured trusted identities
06:05:41.571 [error] local node self-trust was not added: node signing public-key artifact is absent — continuing with configured trusted identities
06:05:41.575 [error] local node self-trust was not added: node signing public-key artifact is absent — continuing with configured trusted identities
06:05:41.584 [error] local node self-trust was not added: node signing public-key artifact is absent — continuing with configured trusted identities
.
Finished in 0.02 seconds (0.00s async, 0.02s sync)
3 tests, 0 failures, 2 excluded
Running ExUnit with seed: 587810, max_cases: 8
Excluding tags: [:test]
Including tags: [location: {"test/commonplace/cli/snapshot_test.exs", 114}]

CX_SNAPMECH cwd="/home/jes/sol-snapshot-repro/wt/apps/commonplace_cli" configured="tmp/test_data" configured_read=%{compact: [], count: 4, ls: {:ok, ["node_id", "secrets", "commits", "commits.lock"]}, exists?: true} commit_store_pid=#PID<0.279.0> commit_store_state_shape={true, [:data_dir, :db, :invariant_dispatcher, :local_write_gate, :lock_ref, :name, :pending_imports, :queue_poller, :trust_side_store]} cubdb_pid=#PID<0.282.0> cubdb_state_shape=CubDB.State cubdb_data_dir="tmp/test_data/commits" cubdb_read=%{compact: [], count: 1, ls: {:ok, ["26.cub"]}, exists?: true}
06:05:41.589 [error] local node self-trust was not added: node signing public-key artifact is absent — continuing with configured trusted identities
06:05:41.599 [error] local node self-trust was not added: node signing public-key artifact is absent — continuing with configured trusted identities
06:05:41.606 [error] local node self-trust was not added: node signing public-key artifact is absent — continuing with configured trusted identities
06:05:41.615 [error] local node self-trust was not added: node signing public-key artifact is absent — continuing with configured trusted identities
.
Finished in 0.03 seconds (0.00s async, 0.03s sync)
3 tests, 0 failures, 2 excluded
Running ExUnit with seed: 619268, max_cases: 8
Excluding tags: [:test]
Including tags: [location: {"test/commonplace/cli/snapshot_test.exs", 114}]

CX_SNAPMECH cwd="/home/jes/sol-snapshot-repro/wt/apps/commonplace_cli" configured="tmp/test_data" configured_read=%{compact: [], count: 4, ls: {:ok, ["node_id", "secrets", "commits", "commits.lock"]}, exists?: true} commit_store_pid=#PID<0.279.0> commit_store_state_shape={true, [:data_dir, :db, :invariant_dispatcher, :local_write_gate, :lock_ref, :name, :pending_imports, :queue_poller, :trust_side_store]} cubdb_pid=#PID<0.282.0> cubdb_state_shape=CubDB.State cubdb_data_dir="tmp/test_data/commits" cubdb_read=%{compact: [], count: 1, ls: {:ok, ["26.cub"]}, exists?: true}
06:05:41.620 [error] local node self-trust was not added: node signing public-key artifact is absent — continuing with configured trusted identities
06:05:41.626 [error] local node self-trust was not added: node signing public-key artifact is absent — continuing with configured trusted identities
06:05:41.628 [error] local node self-trust was not added: node signing public-key artifact is absent — continuing with configured trusted identities
06:05:41.633 [error] local node self-trust was not added: node signing public-key artifact is absent — continuing with configured trusted identities
.
Finished in 0.01 seconds (0.00s async, 0.01s sync)
3 tests, 0 failures, 2 excluded
Running ExUnit with seed: 639702, max_cases: 8
Excluding tags: [:test]
Including tags: [location: {"test/commonplace/cli/snapshot_test.exs", 114}]

CX_SNAPMECH cwd="/home/jes/sol-snapshot-repro/wt/apps/commonplace_cli" configured="tmp/test_data" configured_read=%{compact: [], count: 4, ls: {:ok, ["node_id", "secrets", "commits", "commits.lock"]}, exists?: true} commit_store_pid=#PID<0.279.0> commit_store_state_shape={true, [:data_dir, :db, :invariant_dispatcher, :local_write_gate, :lock_ref, :name, :pending_imports, :queue_poller, :trust_side_store]} cubdb_pid=#PID<0.282.0> cubdb_state_shape=CubDB.State cubdb_data_dir="tmp/test_data/commits" cubdb_read=%{compact: [], count: 1, ls: {:ok, ["26.cub"]}, exists?: true}
06:05:41.641 [error] local node self-trust was not added: node signing public-key artifact is absent — continuing with configured trusted identities
06:05:41.644 [error] local node self-trust was not added: node signing public-key artifact is absent — continuing with configured trusted identities
06:05:41.648 [error] local node self-trust was not added: node signing public-key artifact is absent — continuing with configured trusted identities
06:05:41.659 [error] local node self-trust was not added: node signing public-key artifact is absent — continuing with configured trusted identities
.
Finished in 0.02 seconds (0.00s async, 0.02s sync)
3 tests, 0 failures, 2 excluded
Running ExUnit with seed: 663837, max_cases: 8
Excluding tags: [:test]
Including tags: [location: {"test/commonplace/cli/snapshot_test.exs", 114}]

CX_SNAPMECH cwd="/home/jes/sol-snapshot-repro/wt/apps/commonplace_cli" configured="tmp/test_data" configured_read=%{compact: [], count: 4, ls: {:ok, ["node_id", "secrets", "commits", "commits.lock"]}, exists?: true} commit_store_pid=#PID<0.279.0> commit_store_state_shape={true, [:data_dir, :db, :invariant_dispatcher, :local_write_gate, :lock_ref, :name, :pending_imports, :queue_poller, :trust_side_store]} cubdb_pid=#PID<0.282.0> cubdb_state_shape=CubDB.State cubdb_data_dir="tmp/test_data/commits" cubdb_read=%{compact: [], count: 1, ls: {:ok, ["26.cub"]}, exists?: true}
06:05:41.665 [error] local node self-trust was not added: node signing public-key artifact is absent — continuing with configured trusted identities
06:05:41.669 [error] local node self-trust was not added: node signing public-key artifact is absent — continuing with configured trusted identities
06:05:41.674 [error] local node self-trust was not added: node signing public-key artifact is absent — continuing with configured trusted identities
06:05:41.680 [error] local node self-trust was not added: node signing public-key artifact is absent — continuing with configured trusted identities
.
Finished in 0.02 seconds (0.00s async, 0.02s sync)
3 tests, 0 failures, 2 excluded
Running ExUnit with seed: 685751, max_cases: 8
Excluding tags: [:test]
Including tags: [location: {"test/commonplace/cli/snapshot_test.exs", 114}]

CX_SNAPMECH cwd="/home/jes/sol-snapshot-repro/wt/apps/commonplace_cli" configured="tmp/test_data" configured_read=%{compact: [], count: 4, ls: {:ok, ["node_id", "secrets", "commits", "commits.lock"]}, exists?: true} commit_store_pid=#PID<0.279.0> commit_store_state_shape={true, [:data_dir, :db, :invariant_dispatcher, :local_write_gate, :lock_ref, :name, :pending_imports, :queue_poller, :trust_side_store]} cubdb_pid=#PID<0.282.0> cubdb_state_shape=CubDB.State cubdb_data_dir="tmp/test_data/commits" cubdb_read=%{compact: [], count: 1, ls: {:ok, ["26.cub"]}, exists?: true}
06:05:41.686 [error] local node self-trust was not added: node signing public-key artifact is absent — continuing with configured trusted identities
06:05:41.691 [error] local node self-trust was not added: node signing public-key artifact is absent — continuing with configured trusted identities
06:05:41.695 [error] local node self-trust was not added: node signing public-key artifact is absent — continuing with configured trusted identities
06:05:41.702 [error] local node self-trust was not added: node signing public-key artifact is absent — continuing with configured trusted identities
.
Finished in 0.02 seconds (0.00s async, 0.02s sync)
3 tests, 0 failures, 2 excluded
Running ExUnit with seed: 707596, max_cases: 8
Excluding tags: [:test]
Including tags: [location: {"test/commonplace/cli/snapshot_test.exs", 114}]

CX_SNAPMECH cwd="/home/jes/sol-snapshot-repro/wt/apps/commonplace_cli" configured="tmp/test_data" configured_read=%{compact: [], count: 4, ls: {:ok, ["node_id", "secrets", "commits", "commits.lock"]}, exists?: true} commit_store_pid=#PID<0.279.0> commit_store_state_shape={true, [:data_dir, :db, :invariant_dispatcher, :local_write_gate, :lock_ref, :name, :pending_imports, :queue_poller, :trust_side_store]} cubdb_pid=#PID<0.282.0> cubdb_state_shape=CubDB.State cubdb_data_dir="tmp/test_data/commits" cubdb_read=%{compact: [], count: 1, ls: {:ok, ["26.cub"]}, exists?: true}
06:05:41.708 [error] local node self-trust was not added: node signing public-key artifact is absent — continuing with configured trusted identities
06:05:41.711 [error] local node self-trust was not added: node signing public-key artifact is absent — continuing with configured trusted identities
06:05:41.715 [error] local node self-trust was not added: node signing public-key artifact is absent — continuing with configured trusted identities
06:05:41.718 [error] local node self-trust was not added: node signing public-key artifact is absent — continuing with configured trusted identities
.
Finished in 0.01 seconds (0.00s async, 0.01s sync)
3 tests, 0 failures, 2 excluded
Running ExUnit with seed: 721814, max_cases: 8
Excluding tags: [:test]
Including tags: [location: {"test/commonplace/cli/snapshot_test.exs", 114}]

CX_SNAPMECH cwd="/home/jes/sol-snapshot-repro/wt/apps/commonplace_cli" configured="tmp/test_data" configured_read=%{compact: [], count: 4, ls: {:ok, ["node_id", "secrets", "commits", "commits.lock"]}, exists?: true} commit_store_pid=#PID<0.279.0> commit_store_state_shape={true, [:data_dir, :db, :invariant_dispatcher, :local_write_gate, :lock_ref, :name, :pending_imports, :queue_poller, :trust_side_store]} cubdb_pid=#PID<0.282.0> cubdb_state_shape=CubDB.State cubdb_data_dir="tmp/test_data/commits" cubdb_read=%{compact: [], count: 1, ls: {:ok, ["26.cub"]}, exists?: true}
06:05:41.722 [error] local node self-trust was not added: node signing public-key artifact is absent — continuing with configured trusted identities
06:05:41.728 [error] local node self-trust was not added: node signing public-key artifact is absent — continuing with configured trusted identities
06:05:41.732 [error] local node self-trust was not added: node signing public-key artifact is absent — continuing with configured trusted identities
06:05:41.742 [error] local node self-trust was not added: node signing public-key artifact is absent — continuing with configured trusted identities
.
Finished in 0.02 seconds (0.00s async, 0.02s sync)
3 tests, 0 failures, 2 excluded
Running ExUnit with seed: 748889, max_cases: 8
Excluding tags: [:test]
Including tags: [location: {"test/commonplace/cli/snapshot_test.exs", 114}]

CX_SNAPMECH cwd="/home/jes/sol-snapshot-repro/wt/apps/commonplace_cli" configured="tmp/test_data" configured_read=%{compact: [], count: 4, ls: {:ok, ["node_id", "secrets", "commits", "commits.lock"]}, exists?: true} commit_store_pid=#PID<0.279.0> commit_store_state_shape={true, [:data_dir, :db, :invariant_dispatcher, :local_write_gate, :lock_ref, :name, :pending_imports, :queue_poller, :trust_side_store]} cubdb_pid=#PID<0.282.0> cubdb_state_shape=CubDB.State cubdb_data_dir="tmp/test_data/commits" cubdb_read=%{compact: [], count: 1, ls: {:ok, ["26.cub"]}, exists?: true}
06:05:41.752 [error] local node self-trust was not added: node signing public-key artifact is absent — continuing with configured trusted identities
06:05:41.758 [error] local node self-trust was not added: node signing public-key artifact is absent — continuing with configured trusted identities
06:05:41.762 [error] local node self-trust was not added: node signing public-key artifact is absent — continuing with configured trusted identities
06:05:41.770 [error] local node self-trust was not added: node signing public-key artifact is absent — continuing with configured trusted identities
.
Finished in 0.02 seconds (0.00s async, 0.02s sync)
3 tests, 0 failures, 2 excluded
Running ExUnit with seed: 776053, max_cases: 8
Excluding tags: [:test]
Including tags: [location: {"test/commonplace/cli/snapshot_test.exs", 114}]

CX_SNAPMECH cwd="/home/jes/sol-snapshot-repro/wt/apps/commonplace_cli" configured="tmp/test_data" configured_read=%{compact: [], count: 4, ls: {:ok, ["node_id", "secrets", "commits", "commits.lock"]}, exists?: true} commit_store_pid=#PID<0.279.0> commit_store_state_shape={true, [:data_dir, :db, :invariant_dispatcher, :local_write_gate, :lock_ref, :name, :pending_imports, :queue_poller, :trust_side_store]} cubdb_pid=#PID<0.282.0> cubdb_state_shape=CubDB.State cubdb_data_dir="tmp/test_data/commits" cubdb_read=%{compact: [], count: 1, ls: {:ok, ["26.cub"]}, exists?: true}
06:05:41.777 [error] local node self-trust was not added: node signing public-key artifact is absent — continuing with configured trusted identities
06:05:41.784 [error] local node self-trust was not added: node signing public-key artifact is absent — continuing with configured trusted identities
06:05:41.788 [error] local node self-trust was not added: node signing public-key artifact is absent — continuing with configured trusted identities
06:05:41.794 [error] local node self-trust was not added: node signing public-key artifact is absent — continuing with configured trusted identities
.
Finished in 0.02 seconds (0.00s async, 0.02s sync)
3 tests, 0 failures, 2 excluded
Running ExUnit with seed: 800142, max_cases: 8
Excluding tags: [:test]
Including tags: [location: {"test/commonplace/cli/snapshot_test.exs", 114}]

CX_SNAPMECH cwd="/home/jes/sol-snapshot-repro/wt/apps/commonplace_cli" configured="tmp/test_data" configured_read=%{compact: [], count: 4, ls: {:ok, ["node_id", "secrets", "commits", "commits.lock"]}, exists?: true} commit_store_pid=#PID<0.279.0> commit_store_state_shape={true, [:data_dir, :db, :invariant_dispatcher, :local_write_gate, :lock_ref, :name, :pending_imports, :queue_poller, :trust_side_store]} cubdb_pid=#PID<0.282.0> cubdb_state_shape=CubDB.State cubdb_data_dir="tmp/test_data/commits" cubdb_read=%{compact: [], count: 1, ls: {:ok, ["26.cub"]}, exists?: true}
06:05:41.801 [error] local node self-trust was not added: node signing public-key artifact is absent — continuing with configured trusted identities
06:05:41.806 [error] local node self-trust was not added: node signing public-key artifact is absent — continuing with configured trusted identities
06:05:41.809 [error] local node self-trust was not added: node signing public-key artifact is absent — continuing with configured trusted identities
06:05:41.815 [error] local node self-trust was not added: node signing public-key artifact is absent — continuing with configured trusted identities
.
Finished in 0.02 seconds (0.00s async, 0.02s sync)
3 tests, 0 failures, 2 excluded
Running ExUnit with seed: 821716, max_cases: 8
Excluding tags: [:test]
Including tags: [location: {"test/commonplace/cli/snapshot_test.exs", 114}]

CX_SNAPMECH cwd="/home/jes/sol-snapshot-repro/wt/apps/commonplace_cli" configured="tmp/test_data" configured_read=%{compact: [], count: 4, ls: {:ok, ["node_id", "secrets", "commits", "commits.lock"]}, exists?: true} commit_store_pid=#PID<0.279.0> commit_store_state_shape={true, [:data_dir, :db, :invariant_dispatcher, :local_write_gate, :lock_ref, :name, :pending_imports, :queue_poller, :trust_side_store]} cubdb_pid=#PID<0.282.0> cubdb_state_shape=CubDB.State cubdb_data_dir="tmp/test_data/commits" cubdb_read=%{compact: [], count: 1, ls: {:ok, ["26.cub"]}, exists?: true}
06:05:41.823 [error] local node self-trust was not added: node signing public-key artifact is absent — continuing with configured trusted identities
06:05:41.827 [error] local node self-trust was not added: node signing public-key artifact is absent — continuing with configured trusted identities
06:05:41.831 [error] local node self-trust was not added: node signing public-key artifact is absent — continuing with configured trusted identities
06:05:41.840 [error] local node self-trust was not added: node signing public-key artifact is absent — continuing with configured trusted identities
.
Finished in 0.02 seconds (0.00s async, 0.02s sync)
3 tests, 0 failures, 2 excluded
Running ExUnit with seed: 847907, max_cases: 8
Excluding tags: [:test]
Including tags: [location: {"test/commonplace/cli/snapshot_test.exs", 114}]

CX_SNAPMECH cwd="/home/jes/sol-snapshot-repro/wt/apps/commonplace_cli" configured="tmp/test_data" configured_read=%{compact: [], count: 4, ls: {:ok, ["node_id", "secrets", "commits", "commits.lock"]}, exists?: true} commit_store_pid=#PID<0.279.0> commit_store_state_shape={true, [:data_dir, :db, :invariant_dispatcher, :local_write_gate, :lock_ref, :name, :pending_imports, :queue_poller, :trust_side_store]} cubdb_pid=#PID<0.282.0> cubdb_state_shape=CubDB.State cubdb_data_dir="tmp/test_data/commits" cubdb_read=%{compact: ["27.compact"], count: 2, ls: {:ok, ["27.compact", "26.cub"]}, exists?: true}
06:05:41.850 [error] local node self-trust was not added: node signing public-key artifact is absent — continuing with configured trusted identities
06:05:41.857 [error] local node self-trust was not added: node signing public-key artifact is absent — continuing with configured trusted identities
06:05:41.861 [error] local node self-trust was not added: node signing public-key artifact is absent — continuing with configured trusted identities
06:05:41.872 [error] local node self-trust was not added: node signing public-key artifact is absent — continuing with configured trusted identities
.
Finished in 0.02 seconds (0.00s async, 0.02s sync)
3 tests, 0 failures, 2 excluded
Running ExUnit with seed: 879624, max_cases: 8
Excluding tags: [:test]
Including tags: [location: {"test/commonplace/cli/snapshot_test.exs", 114}]

CX_SNAPMECH cwd="/home/jes/sol-snapshot-repro/wt/apps/commonplace_cli" configured="tmp/test_data" configured_read=%{compact: [], count: 4, ls: {:ok, ["node_id", "secrets", "commits", "commits.lock"]}, exists?: true} commit_store_pid=#PID<0.279.0> commit_store_state_shape={true, [:data_dir, :db, :invariant_dispatcher, :local_write_gate, :lock_ref, :name, :pending_imports, :queue_poller, :trust_side_store]} cubdb_pid=#PID<0.282.0> cubdb_state_shape=CubDB.State cubdb_data_dir="tmp/test_data/commits" cubdb_read=%{compact: ["27.compact"], count: 2, ls: {:ok, ["27.compact", "26.cub"]}, exists?: true}
06:05:41.882 [error] local node self-trust was not added: node signing public-key artifact is absent — continuing with configured trusted identities
06:05:41.890 [error] local node self-trust was not added: node signing public-key artifact is absent — continuing with configured trusted identities
06:05:41.895 [error] local node self-trust was not added: node signing public-key artifact is absent — continuing with configured trusted identities
06:05:41.902 [error] local node self-trust was not added: node signing public-key artifact is absent — continuing with configured trusted identities
.
Finished in 0.02 seconds (0.00s async, 0.02s sync)
3 tests, 0 failures, 2 excluded
Running ExUnit with seed: 909142, max_cases: 8
Excluding tags: [:test]
Including tags: [location: {"test/commonplace/cli/snapshot_test.exs", 114}]

CX_SNAPMECH cwd="/home/jes/sol-snapshot-repro/wt/apps/commonplace_cli" configured="tmp/test_data" configured_read=%{compact: [], count: 4, ls: {:ok, ["node_id", "secrets", "commits", "commits.lock"]}, exists?: true} commit_store_pid=#PID<0.279.0> commit_store_state_shape={true, [:data_dir, :db, :invariant_dispatcher, :local_write_gate, :lock_ref, :name, :pending_imports, :queue_poller, :trust_side_store]} cubdb_pid=#PID<0.282.0> cubdb_state_shape=CubDB.State cubdb_data_dir="tmp/test_data/commits" cubdb_read=%{compact: ["27.compact"], count: 2, ls: {:ok, ["27.compact", "26.cub"]}, exists?: true}
06:05:41.910 [error] local node self-trust was not added: node signing public-key artifact is absent — continuing with configured trusted identities
06:05:41.917 [error] local node self-trust was not added: node signing public-key artifact is absent — continuing with configured trusted identities
06:05:41.921 [error] local node self-trust was not added: node signing public-key artifact is absent — continuing with configured trusted identities
06:05:41.928 [error] local node self-trust was not added: node signing public-key artifact is absent — continuing with configured trusted identities
.
Finished in 0.02 seconds (0.00s async, 0.02s sync)
3 tests, 0 failures, 2 excluded
Running ExUnit with seed: 935224, max_cases: 8
Excluding tags: [:test]
Including tags: [location: {"test/commonplace/cli/snapshot_test.exs", 114}]

CX_SNAPMECH cwd="/home/jes/sol-snapshot-repro/wt/apps/commonplace_cli" configured="tmp/test_data" configured_read=%{compact: [], count: 4, ls: {:ok, ["node_id", "secrets", "commits", "commits.lock"]}, exists?: true} commit_store_pid=#PID<0.279.0> commit_store_state_shape={true, [:data_dir, :db, :invariant_dispatcher, :local_write_gate, :lock_ref, :name, :pending_imports, :queue_poller, :trust_side_store]} cubdb_pid=#PID<0.282.0> cubdb_state_shape=CubDB.State cubdb_data_dir="tmp/test_data/commits" cubdb_read=%{compact: ["27.compact"], count: 2, ls: {:ok, ["27.compact", "26.cub"]}, exists?: true}
06:05:41.936 [error] local node self-trust was not added: node signing public-key artifact is absent — continuing with configured trusted identities
06:05:41.941 [error] local node self-trust was not added: node signing public-key artifact is absent — continuing with configured trusted identities
06:05:41.946 [error] local node self-trust was not added: node signing public-key artifact is absent — continuing with configured trusted identities
06:05:41.955 [error] local node self-trust was not added: node signing public-key artifact is absent — continuing with configured trusted identities
.
Finished in 0.02 seconds (0.00s async, 0.02s sync)
3 tests, 0 failures, 2 excluded
Running ExUnit with seed: 963539, max_cases: 8
Excluding tags: [:test]
Including tags: [location: {"test/commonplace/cli/snapshot_test.exs", 114}]

CX_SNAPMECH cwd="/home/jes/sol-snapshot-repro/wt/apps/commonplace_cli" configured="tmp/test_data" configured_read=%{compact: [], count: 4, ls: {:ok, ["node_id", "secrets", "commits", "commits.lock"]}, exists?: true} commit_store_pid=#PID<0.279.0> commit_store_state_shape={true, [:data_dir, :db, :invariant_dispatcher, :local_write_gate, :lock_ref, :name, :pending_imports, :queue_poller, :trust_side_store]} cubdb_pid=#PID<0.282.0> cubdb_state_shape=CubDB.State cubdb_data_dir="tmp/test_data/commits" cubdb_read=%{compact: ["27.compact"], count: 2, ls: {:ok, ["27.compact", "26.cub"]}, exists?: true}
06:05:41.965 [error] local node self-trust was not added: node signing public-key artifact is absent — continuing with configured trusted identities
06:05:41.972 [error] local node self-trust was not added: node signing public-key artifact is absent — continuing with configured trusted identities
06:05:41.978 [error] local node self-trust was not added: node signing public-key artifact is absent — continuing with configured trusted identities
06:05:41.986 [error] local node self-trust was not added: node signing public-key artifact is absent — continuing with configured trusted identities
.
Finished in 0.02 seconds (0.00s async, 0.02s sync)
3 tests, 0 failures, 2 excluded
Running ExUnit with seed: 995964, max_cases: 8
Excluding tags: [:test]
Including tags: [location: {"test/commonplace/cli/snapshot_test.exs", 114}]

CX_SNAPMECH cwd="/home/jes/sol-snapshot-repro/wt/apps/commonplace_cli" configured="tmp/test_data" configured_read=%{compact: [], count: 4, ls: {:ok, ["node_id", "secrets", "commits", "commits.lock"]}, exists?: true} commit_store_pid=#PID<0.279.0> commit_store_state_shape={true, [:data_dir, :db, :invariant_dispatcher, :local_write_gate, :lock_ref, :name, :pending_imports, :queue_poller, :trust_side_store]} cubdb_pid=#PID<0.282.0> cubdb_state_shape=CubDB.State cubdb_data_dir="tmp/test_data/commits" cubdb_read=%{compact: ["27.compact"], count: 2, ls: {:ok, ["27.compact", "26.cub"]}, exists?: true}
06:05:42.000 [error] local node self-trust was not added: node signing public-key artifact is absent — continuing with configured trusted identities
06:05:42.007 [error] local node self-trust was not added: node signing public-key artifact is absent — continuing with configured trusted identities
06:05:42.013 [error] local node self-trust was not added: node signing public-key artifact is absent — continuing with configured trusted identities
06:05:42.023 [error] local node self-trust was not added: node signing public-key artifact is absent — continuing with configured trusted identities
.
Finished in 0.03 seconds (0.00s async, 0.03s sync)
3 tests, 0 failures, 2 excluded
Running ExUnit with seed: 32523, max_cases: 8
Excluding tags: [:test]
Including tags: [location: {"test/commonplace/cli/snapshot_test.exs", 114}]

CX_SNAPMECH cwd="/home/jes/sol-snapshot-repro/wt/apps/commonplace_cli" configured="tmp/test_data" configured_read=%{compact: [], count: 4, ls: {:ok, ["node_id", "secrets", "commits", "commits.lock"]}, exists?: true} commit_store_pid=#PID<0.279.0> commit_store_state_shape={true, [:data_dir, :db, :invariant_dispatcher, :local_write_gate, :lock_ref, :name, :pending_imports, :queue_poller, :trust_side_store]} cubdb_pid=#PID<0.282.0> cubdb_state_shape=CubDB.State cubdb_data_dir="tmp/test_data/commits" cubdb_read=%{compact: ["27.compact"], count: 2, ls: {:ok, ["27.compact", "26.cub"]}, exists?: true}
06:05:42.036 [error] local node self-trust was not added: node signing public-key artifact is absent — continuing with configured trusted identities
06:05:42.042 [error] local node self-trust was not added: node signing public-key artifact is absent — continuing with configured trusted identities
06:05:42.049 [error] local node self-trust was not added: node signing public-key artifact is absent — continuing with configured trusted identities
06:05:42.060 [error] local node self-trust was not added: node signing public-key artifact is absent — continuing with configured trusted identities
.
Finished in 0.03 seconds (0.00s async, 0.03s sync)
3 tests, 0 failures, 2 excluded
Running ExUnit with seed: 70257, max_cases: 8
Excluding tags: [:test]
Including tags: [location: {"test/commonplace/cli/snapshot_test.exs", 114}]

CX_SNAPMECH cwd="/home/jes/sol-snapshot-repro/wt/apps/commonplace_cli" configured="tmp/test_data" configured_read=%{compact: [], count: 4, ls: {:ok, ["node_id", "secrets", "commits", "commits.lock"]}, exists?: true} commit_store_pid=#PID<0.279.0> commit_store_state_shape={true, [:data_dir, :db, :invariant_dispatcher, :local_write_gate, :lock_ref, :name, :pending_imports, :queue_poller, :trust_side_store]} cubdb_pid=#PID<0.282.0> cubdb_state_shape=CubDB.State cubdb_data_dir="tmp/test_data/commits" cubdb_read=%{compact: ["27.compact"], count: 2, ls: {:ok, ["27.compact", "26.cub"]}, exists?: true}
06:05:42.076 [error] local node self-trust was not added: node signing public-key artifact is absent — continuing with configured trusted identities
06:05:42.085 [error] local node self-trust was not added: node signing public-key artifact is absent — continuing with configured trusted identities
06:05:42.090 [error] local node self-trust was not added: node signing public-key artifact is absent — continuing with configured trusted identities
06:05:42.098 [error] local node self-trust was not added: node signing public-key artifact is absent — continuing with configured trusted identities
.
Finished in 0.03 seconds (0.00s async, 0.03s sync)
3 tests, 0 failures, 2 excluded
Running ExUnit with seed: 104087, max_cases: 8
Excluding tags: [:test]
Including tags: [location: {"test/commonplace/cli/snapshot_test.exs", 114}]

CX_SNAPMECH cwd="/home/jes/sol-snapshot-repro/wt/apps/commonplace_cli" configured="tmp/test_data" configured_read=%{compact: [], count: 4, ls: {:ok, ["node_id", "secrets", "commits", "commits.lock"]}, exists?: true} commit_store_pid=#PID<0.279.0> commit_store_state_shape={true, [:data_dir, :db, :invariant_dispatcher, :local_write_gate, :lock_ref, :name, :pending_imports, :queue_poller, :trust_side_store]} cubdb_pid=#PID<0.282.0> cubdb_state_shape=CubDB.State cubdb_data_dir="tmp/test_data/commits" cubdb_read=%{compact: ["27.compact"], count: 2, ls: {:ok, ["27.compact", "26.cub"]}, exists?: true}
06:05:42.105 [error] local node self-trust was not added: node signing public-key artifact is absent — continuing with configured trusted identities
06:05:42.111 [error] local node self-trust was not added: node signing public-key artifact is absent — continuing with configured trusted identities
06:05:42.116 [error] local node self-trust was not added: node signing public-key artifact is absent — continuing with configured trusted identities
06:05:42.126 [error] local node self-trust was not added: node signing public-key artifact is absent — continuing with configured trusted identities
.
Finished in 0.02 seconds (0.00s async, 0.02s sync)
3 tests, 0 failures, 2 excluded
Running ExUnit with seed: 133403, max_cases: 8
Excluding tags: [:test]
Including tags: [location: {"test/commonplace/cli/snapshot_test.exs", 114}]

CX_SNAPMECH cwd="/home/jes/sol-snapshot-repro/wt/apps/commonplace_cli" configured="tmp/test_data" configured_read=%{compact: [], count: 4, ls: {:ok, ["node_id", "secrets", "commits", "commits.lock"]}, exists?: true} commit_store_pid=#PID<0.279.0> commit_store_state_shape={true, [:data_dir, :db, :invariant_dispatcher, :local_write_gate, :lock_ref, :name, :pending_imports, :queue_poller, :trust_side_store]} cubdb_pid=#PID<0.282.0> cubdb_state_shape=CubDB.State cubdb_data_dir="tmp/test_data/commits" cubdb_read=%{compact: ["27.compact"], count: 2, ls: {:ok, ["27.compact", "26.cub"]}, exists?: true}
06:05:42.135 [error] local node self-trust was not added: node signing public-key artifact is absent — continuing with configured trusted identities
06:05:42.139 [error] local node self-trust was not added: node signing public-key artifact is absent — continuing with configured trusted identities
06:05:42.143 [error] local node self-trust was not added: node signing public-key artifact is absent — continuing with configured trusted identities
06:05:42.149 [error] local node self-trust was not added: node signing public-key artifact is absent — continuing with configured trusted identities
.
Finished in 0.02 seconds (0.00s async, 0.02s sync)
3 tests, 0 failures, 2 excluded
Running ExUnit with seed: 155641, max_cases: 8
Excluding tags: [:test]
Including tags: [location: {"test/commonplace/cli/snapshot_test.exs", 114}]

CX_SNAPMECH cwd="/home/jes/sol-snapshot-repro/wt/apps/commonplace_cli" configured="tmp/test_data" configured_read=%{compact: [], count: 4, ls: {:ok, ["node_id", "secrets", "commits", "commits.lock"]}, exists?: true} commit_store_pid=#PID<0.279.0> commit_store_state_shape={true, [:data_dir, :db, :invariant_dispatcher, :local_write_gate, :lock_ref, :name, :pending_imports, :queue_poller, :trust_side_store]} cubdb_pid=#PID<0.282.0> cubdb_state_shape=CubDB.State cubdb_data_dir="tmp/test_data/commits" cubdb_read=%{compact: ["27.compact"], count: 2, ls: {:ok, ["27.compact", "26.cub"]}, exists?: true}
06:05:42.157 [error] local node self-trust was not added: node signing public-key artifact is absent — continuing with configured trusted identities
06:05:42.161 [error] local node self-trust was not added: node signing public-key artifact is absent — continuing with configured trusted identities
06:05:42.166 [error] local node self-trust was not added: node signing public-key artifact is absent — continuing with configured trusted identities
06:05:42.176 [error] local node self-trust was not added: node signing public-key artifact is absent — continuing with configured trusted identities
.
Finished in 0.02 seconds (0.00s async, 0.02s sync)
3 tests, 0 failures, 2 excluded
Running ExUnit with seed: 184601, max_cases: 8
Excluding tags: [:test]
Including tags: [location: {"test/commonplace/cli/snapshot_test.exs", 114}]

CX_SNAPMECH cwd="/home/jes/sol-snapshot-repro/wt/apps/commonplace_cli" configured="tmp/test_data" configured_read=%{compact: [], count: 4, ls: {:ok, ["node_id", "secrets", "commits", "commits.lock"]}, exists?: true} commit_store_pid=#PID<0.279.0> commit_store_state_shape={true, [:data_dir, :db, :invariant_dispatcher, :local_write_gate, :lock_ref, :name, :pending_imports, :queue_poller, :trust_side_store]} cubdb_pid=#PID<0.282.0> cubdb_state_shape=CubDB.State cubdb_data_dir="tmp/test_data/commits" cubdb_read=%{compact: [], count: 1, ls: {:ok, ["27.cub"]}, exists?: true}
06:05:42.194 [error] local node self-trust was not added: node signing public-key artifact is absent — continuing with configured trusted identities
06:05:42.199 [error] local node self-trust was not added: node signing public-key artifact is absent — continuing with configured trusted identities
06:05:42.206 [error] local node self-trust was not added: node signing public-key artifact is absent — continuing with configured trusted identities
06:05:42.216 [error] local node self-trust was not added: node signing public-key artifact is absent — continuing with configured trusted identities
.
Finished in 0.03 seconds (0.00s async, 0.03s sync)
3 tests, 0 failures, 2 excluded
Running ExUnit with seed: 220528, max_cases: 8
Excluding tags: [:test]
Including tags: [location: {"test/commonplace/cli/snapshot_test.exs", 114}]

CX_SNAPMECH cwd="/home/jes/sol-snapshot-repro/wt/apps/commonplace_cli" configured="tmp/test_data" configured_read=%{compact: [], count: 4, ls: {:ok, ["node_id", "secrets", "commits", "commits.lock"]}, exists?: true} commit_store_pid=#PID<0.279.0> commit_store_state_shape={true, [:data_dir, :db, :invariant_dispatcher, :local_write_gate, :lock_ref, :name, :pending_imports, :queue_poller, :trust_side_store]} cubdb_pid=#PID<0.282.0> cubdb_state_shape=CubDB.State cubdb_data_dir="tmp/test_data/commits" cubdb_read=%{compact: [], count: 1, ls: {:ok, ["27.cub"]}, exists?: true}
06:05:42.225 [error] local node self-trust was not added: node signing public-key artifact is absent — continuing with configured trusted identities
06:05:42.229 [error] local node self-trust was not added: node signing public-key artifact is absent — continuing with configured trusted identities
06:05:42.232 [error] local node self-trust was not added: node signing public-key artifact is absent — continuing with configured trusted identities
06:05:42.238 [error] local node self-trust was not added: node signing public-key artifact is absent — continuing with configured trusted identities
.
Finished in 0.01 seconds (0.00s async, 0.01s sync)
3 tests, 0 failures, 2 excluded
Running ExUnit with seed: 243256, max_cases: 8
Excluding tags: [:test]
Including tags: [location: {"test/commonplace/cli/snapshot_test.exs", 114}]

06:05:42.245 [error] local node self-trust was not added: node signing public-key artifact is absent — continuing with configured trusted identities
CX_SNAPMECH cwd="/home/jes/sol-snapshot-repro/wt/apps/commonplace_cli" configured="tmp/test_data" configured_read=%{compact: [], count: 4, ls: {:ok, ["node_id", "secrets", "commits", "commits.lock"]}, exists?: true} commit_store_pid=#PID<0.279.0> commit_store_state_shape={true, [:data_dir, :db, :invariant_dispatcher, :local_write_gate, :lock_ref, :name, :pending_imports, :queue_poller, :trust_side_store]} cubdb_pid=#PID<0.282.0> cubdb_state_shape=CubDB.State cubdb_data_dir="tmp/test_data/commits" cubdb_read=%{compact: [], count: 1, ls: {:ok, ["27.cub"]}, exists?: true}
06:05:42.252 [error] local node self-trust was not added: node signing public-key artifact is absent — continuing with configured trusted identities
06:05:42.257 [error] local node self-trust was not added: node signing public-key artifact is absent — continuing with configured trusted identities
06:05:42.266 [error] local node self-trust was not added: node signing public-key artifact is absent — continuing with configured trusted identities
.
Finished in 0.02 seconds (0.00s async, 0.02s sync)
3 tests, 0 failures, 2 excluded
Running ExUnit with seed: 273865, max_cases: 8
Excluding tags: [:test]
Including tags: [location: {"test/commonplace/cli/snapshot_test.exs", 114}]

CX_SNAPMECH cwd="/home/jes/sol-snapshot-repro/wt/apps/commonplace_cli" configured="tmp/test_data" configured_read=%{compact: [], count: 4, ls: {:ok, ["node_id", "secrets", "commits", "commits.lock"]}, exists?: true} commit_store_pid=#PID<0.279.0> commit_store_state_shape={true, [:data_dir, :db, :invariant_dispatcher, :local_write_gate, :lock_ref, :name, :pending_imports, :queue_poller, :trust_side_store]} cubdb_pid=#PID<0.282.0> cubdb_state_shape=CubDB.State cubdb_data_dir="tmp/test_data/commits" cubdb_read=%{compact: [], count: 1, ls: {:ok, ["27.cub"]}, exists?: true}
06:05:42.276 [error] local node self-trust was not added: node signing public-key artifact is absent — continuing with configured trusted identities
06:05:42.283 [error] local node self-trust was not added: node signing public-key artifact is absent — continuing with configured trusted identities
06:05:42.287 [error] local node self-trust was not added: node signing public-key artifact is absent — continuing with configured trusted identities
06:05:42.296 [error] local node self-trust was not added: node signing public-key artifact is absent — continuing with configured trusted identities
.
Finished in 0.02 seconds (0.00s async, 0.02s sync)
3 tests, 0 failures, 2 excluded
Running ExUnit with seed: 304697, max_cases: 8
Excluding tags: [:test]
Including tags: [location: {"test/commonplace/cli/snapshot_test.exs", 114}]

CX_SNAPMECH cwd="/home/jes/sol-snapshot-repro/wt/apps/commonplace_cli" configured="tmp/test_data" configured_read=%{compact: [], count: 4, ls: {:ok, ["node_id", "secrets", "commits", "commits.lock"]}, exists?: true} commit_store_pid=#PID<0.279.0> commit_store_state_shape={true, [:data_dir, :db, :invariant_dispatcher, :local_write_gate, :lock_ref, :name, :pending_imports, :queue_poller, :trust_side_store]} cubdb_pid=#PID<0.282.0> cubdb_state_shape=CubDB.State cubdb_data_dir="tmp/test_data/commits" cubdb_read=%{compact: [], count: 1, ls: {:ok, ["27.cub"]}, exists?: true}
06:05:42.307 [error] local node self-trust was not added: node signing public-key artifact is absent — continuing with configured trusted identities
06:05:42.313 [error] local node self-trust was not added: node signing public-key artifact is absent — continuing with configured trusted identities
06:05:42.317 [error] local node self-trust was not added: node signing public-key artifact is absent — continuing with configured trusted identities
06:05:42.323 [error] local node self-trust was not added: node signing public-key artifact is absent — continuing with configured trusted identities
.
Finished in 0.02 seconds (0.00s async, 0.02s sync)
3 tests, 0 failures, 2 excluded
Running ExUnit with seed: 330788, max_cases: 8
Excluding tags: [:test]
Including tags: [location: {"test/commonplace/cli/snapshot_test.exs", 114}]

CX_SNAPMECH cwd="/home/jes/sol-snapshot-repro/wt/apps/commonplace_cli" configured="tmp/test_data" configured_read=%{compact: [], count: 4, ls: {:ok, ["node_id", "secrets", "commits", "commits.lock"]}, exists?: true} commit_store_pid=#PID<0.279.0> commit_store_state_shape={true, [:data_dir, :db, :invariant_dispatcher, :local_write_gate, :lock_ref, :name, :pending_imports, :queue_poller, :trust_side_store]} cubdb_pid=#PID<0.282.0> cubdb_state_shape=CubDB.State cubdb_data_dir="tmp/test_data/commits" cubdb_read=%{compact: [], count: 1, ls: {:ok, ["27.cub"]}, exists?: true}
06:05:42.332 [error] local node self-trust was not added: node signing public-key artifact is absent — continuing with configured trusted identities
06:05:42.337 [error] local node self-trust was not added: node signing public-key artifact is absent — continuing with configured trusted identities
06:05:42.340 [error] local node self-trust was not added: node signing public-key artifact is absent — continuing with configured trusted identities
06:05:42.345 [error] local node self-trust was not added: node signing public-key artifact is absent — continuing with configured trusted identities
.
Finished in 0.02 seconds (0.00s async, 0.02s sync)
3 tests, 0 failures, 2 excluded
Running ExUnit with seed: 352162, max_cases: 8
Excluding tags: [:test]
Including tags: [location: {"test/commonplace/cli/snapshot_test.exs", 114}]

CX_SNAPMECH cwd="/home/jes/sol-snapshot-repro/wt/apps/commonplace_cli" configured="tmp/test_data" configured_read=%{compact: [], count: 4, ls: {:ok, ["node_id", "secrets", "commits", "commits.lock"]}, exists?: true} commit_store_pid=#PID<0.279.0> commit_store_state_shape={true, [:data_dir, :db, :invariant_dispatcher, :local_write_gate, :lock_ref, :name, :pending_imports, :queue_poller, :trust_side_store]} cubdb_pid=#PID<0.282.0> cubdb_state_shape=CubDB.State cubdb_data_dir="tmp/test_data/commits" cubdb_read=%{compact: [], count: 1, ls: {:ok, ["27.cub"]}, exists?: true}
06:05:42.353 [error] local node self-trust was not added: node signing public-key artifact is absent — continuing with configured trusted identities
06:05:42.357 [error] local node self-trust was not added: node signing public-key artifact is absent — continuing with configured trusted identities
06:05:42.362 [error] local node self-trust was not added: node signing public-key artifact is absent — continuing with configured trusted identities
06:05:42.368 [error] local node self-trust was not added: node signing public-key artifact is absent — continuing with configured trusted identities
.
Finished in 0.02 seconds (0.00s async, 0.02s sync)
3 tests, 0 failures, 2 excluded
Running ExUnit with seed: 375995, max_cases: 8
Excluding tags: [:test]
Including tags: [location: {"test/commonplace/cli/snapshot_test.exs", 114}]

CX_SNAPMECH cwd="/home/jes/sol-snapshot-repro/wt/apps/commonplace_cli" configured="tmp/test_data" configured_read=%{compact: [], count: 4, ls: {:ok, ["node_id", "secrets", "commits", "commits.lock"]}, exists?: true} commit_store_pid=#PID<0.279.0> commit_store_state_shape={true, [:data_dir, :db, :invariant_dispatcher, :local_write_gate, :lock_ref, :name, :pending_imports, :queue_poller, :trust_side_store]} cubdb_pid=#PID<0.282.0> cubdb_state_shape=CubDB.State cubdb_data_dir="tmp/test_data/commits" cubdb_read=%{compact: [], count: 1, ls: {:ok, ["27.cub"]}, exists?: true}
06:05:42.377 [error] local node self-trust was not added: node signing public-key artifact is absent — continuing with configured trusted identities
06:05:42.381 [error] local node self-trust was not added: node signing public-key artifact is absent — continuing with configured trusted identities
06:05:42.386 [error] local node self-trust was not added: node signing public-key artifact is absent — continuing with configured trusted identities
06:05:42.394 [error] local node self-trust was not added: node signing public-key artifact is absent — continuing with configured trusted identities
.
Finished in 0.02 seconds (0.00s async, 0.02s sync)
3 tests, 0 failures, 2 excluded
Running ExUnit with seed: 401298, max_cases: 8
Excluding tags: [:test]
Including tags: [location: {"test/commonplace/cli/snapshot_test.exs", 114}]

CX_SNAPMECH cwd="/home/jes/sol-snapshot-repro/wt/apps/commonplace_cli" configured="tmp/test_data" configured_read=%{compact: [], count: 4, ls: {:ok, ["node_id", "secrets", "commits", "commits.lock"]}, exists?: true} commit_store_pid=#PID<0.279.0> commit_store_state_shape={true, [:data_dir, :db, :invariant_dispatcher, :local_write_gate, :lock_ref, :name, :pending_imports, :queue_poller, :trust_side_store]} cubdb_pid=#PID<0.282.0> cubdb_state_shape=CubDB.State cubdb_data_dir="tmp/test_data/commits" cubdb_read=%{compact: [], count: 1, ls: {:ok, ["27.cub"]}, exists?: true}
06:05:42.403 [error] local node self-trust was not added: node signing public-key artifact is absent — continuing with configured trusted identities
06:05:42.414 [error] local node self-trust was not added: node signing public-key artifact is absent — continuing with configured trusted identities
06:05:42.426 [error] local node self-trust was not added: node signing public-key artifact is absent — continuing with configured trusted identities
06:05:42.441 [error] local node self-trust was not added: node signing public-key artifact is absent — continuing with configured trusted identities
.
Finished in 0.04 seconds (0.00s async, 0.04s sync)
3 tests, 0 failures, 2 excluded
Running ExUnit with seed: 449902, max_cases: 8
Excluding tags: [:test]
Including tags: [location: {"test/commonplace/cli/snapshot_test.exs", 114}]

CX_SNAPMECH cwd="/home/jes/sol-snapshot-repro/wt/apps/commonplace_cli" configured="tmp/test_data" configured_read=%{compact: [], count: 4, ls: {:ok, ["node_id", "secrets", "commits", "commits.lock"]}, exists?: true} commit_store_pid=#PID<0.279.0> commit_store_state_shape={true, [:data_dir, :db, :invariant_dispatcher, :local_write_gate, :lock_ref, :name, :pending_imports, :queue_poller, :trust_side_store]} cubdb_pid=#PID<0.282.0> cubdb_state_shape=CubDB.State cubdb_data_dir="tmp/test_data/commits" cubdb_read=%{compact: [], count: 1, ls: {:ok, ["27.cub"]}, exists?: true}
06:05:42.451 [error] local node self-trust was not added: node signing public-key artifact is absent — continuing with configured trusted identities
06:05:42.457 [error] local node self-trust was not added: node signing public-key artifact is absent — continuing with configured trusted identities
06:05:42.462 [error] local node self-trust was not added: node signing public-key artifact is absent — continuing with configured trusted identities
06:05:42.471 [error] local node self-trust was not added: node signing public-key artifact is absent — continuing with configured trusted identities
.
Finished in 0.02 seconds (0.00s async, 0.02s sync)
3 tests, 0 failures, 2 excluded
Running ExUnit with seed: 476999, max_cases: 8
Excluding tags: [:test]
Including tags: [location: {"test/commonplace/cli/snapshot_test.exs", 114}]

CX_SNAPMECH cwd="/home/jes/sol-snapshot-repro/wt/apps/commonplace_cli" configured="tmp/test_data" configured_read=%{compact: [], count: 4, ls: {:ok, ["node_id", "secrets", "commits", "commits.lock"]}, exists?: true} commit_store_pid=#PID<0.279.0> commit_store_state_shape={true, [:data_dir, :db, :invariant_dispatcher, :local_write_gate, :lock_ref, :name, :pending_imports, :queue_poller, :trust_side_store]} cubdb_pid=#PID<0.282.0> cubdb_state_shape=CubDB.State cubdb_data_dir="tmp/test_data/commits" cubdb_read=%{compact: [], count: 1, ls: {:ok, ["27.cub"]}, exists?: true}
06:05:42.480 [error] local node self-trust was not added: node signing public-key artifact is absent — continuing with configured trusted identities
06:05:42.485 [error] local node self-trust was not added: node signing public-key artifact is absent — continuing with configured trusted identities
06:05:42.490 [error] local node self-trust was not added: node signing public-key artifact is absent — continuing with configured trusted identities
06:05:42.502 [error] local node self-trust was not added: node signing public-key artifact is absent — continuing with configured trusted identities
.
Finished in 0.02 seconds (0.00s async, 0.02s sync)
3 tests, 0 failures, 2 excluded
Running ExUnit with seed: 507649, max_cases: 8
Excluding tags: [:test]
Including tags: [location: {"test/commonplace/cli/snapshot_test.exs", 114}]

CX_SNAPMECH cwd="/home/jes/sol-snapshot-repro/wt/apps/commonplace_cli" configured="tmp/test_data" configured_read=%{compact: [], count: 4, ls: {:ok, ["node_id", "secrets", "commits", "commits.lock"]}, exists?: true} commit_store_pid=#PID<0.279.0> commit_store_state_shape={true, [:data_dir, :db, :invariant_dispatcher, :local_write_gate, :lock_ref, :name, :pending_imports, :queue_poller, :trust_side_store]} cubdb_pid=#PID<0.282.0> cubdb_state_shape=CubDB.State cubdb_data_dir="tmp/test_data/commits" cubdb_read=%{compact: [], count: 1, ls: {:ok, ["27.cub"]}, exists?: true}
06:05:42.509 [error] local node self-trust was not added: node signing public-key artifact is absent — continuing with configured trusted identities
06:05:42.515 [error] local node self-trust was not added: node signing public-key artifact is absent — continuing with configured trusted identities
06:05:42.518 [error] local node self-trust was not added: node signing public-key artifact is absent — continuing with configured trusted identities
06:05:42.529 [error] local node self-trust was not added: node signing public-key artifact is absent — continuing with configured trusted identities
.
Finished in 0.02 seconds (0.00s async, 0.02s sync)
3 tests, 0 failures, 2 excluded
Running ExUnit with seed: 535164, max_cases: 8
Excluding tags: [:test]
Including tags: [location: {"test/commonplace/cli/snapshot_test.exs", 114}]

CX_SNAPMECH cwd="/home/jes/sol-snapshot-repro/wt/apps/commonplace_cli" configured="tmp/test_data" configured_read=%{compact: [], count: 4, ls: {:ok, ["node_id", "secrets", "commits", "commits.lock"]}, exists?: true} commit_store_pid=#PID<0.279.0> commit_store_state_shape={true, [:data_dir, :db, :invariant_dispatcher, :local_write_gate, :lock_ref, :name, :pending_imports, :queue_poller, :trust_side_store]} cubdb_pid=#PID<0.282.0> cubdb_state_shape=CubDB.State cubdb_data_dir="tmp/test_data/commits" cubdb_read=%{compact: [], count: 1, ls: {:ok, ["27.cub"]}, exists?: true}
06:05:42.536 [error] local node self-trust was not added: node signing public-key artifact is absent — continuing with configured trusted identities
06:05:42.545 [error] local node self-trust was not added: node signing public-key artifact is absent — continuing with configured trusted identities
06:05:42.548 [error] local node self-trust was not added: node signing public-key artifact is absent — continuing with configured trusted identities
06:05:42.555 [error] local node self-trust was not added: node signing public-key artifact is absent — continuing with configured trusted identities
.
Finished in 0.02 seconds (0.00s async, 0.02s sync)
3 tests, 0 failures, 2 excluded
Running ExUnit with seed: 562892, max_cases: 8
Excluding tags: [:test]
Including tags: [location: {"test/commonplace/cli/snapshot_test.exs", 114}]

CX_SNAPMECH cwd="/home/jes/sol-snapshot-repro/wt/apps/commonplace_cli" configured="tmp/test_data" configured_read=%{compact: [], count: 4, ls: {:ok, ["node_id", "secrets", "commits", "commits.lock"]}, exists?: true} commit_store_pid=#PID<0.279.0> commit_store_state_shape={true, [:data_dir, :db, :invariant_dispatcher, :local_write_gate, :lock_ref, :name, :pending_imports, :queue_poller, :trust_side_store]} cubdb_pid=#PID<0.282.0> cubdb_state_shape=CubDB.State cubdb_data_dir="tmp/test_data/commits" cubdb_read=%{compact: [], count: 1, ls: {:ok, ["27.cub"]}, exists?: true}
06:05:42.564 [error] local node self-trust was not added: node signing public-key artifact is absent — continuing with configured trusted identities
06:05:42.568 [error] local node self-trust was not added: node signing public-key artifact is absent — continuing with configured trusted identities
06:05:42.573 [error] local node self-trust was not added: node signing public-key artifact is absent — continuing with configured trusted identities
06:05:42.579 [error] local node self-trust was not added: node signing public-key artifact is absent — continuing with configured trusted identities
.
Finished in 0.01 seconds (0.00s async, 0.01s sync)
3 tests, 0 failures, 2 excluded
Running ExUnit with seed: 583414, max_cases: 8
Excluding tags: [:test]
Including tags: [location: {"test/commonplace/cli/snapshot_test.exs", 114}]

CX_SNAPMECH cwd="/home/jes/sol-snapshot-repro/wt/apps/commonplace_cli" configured="tmp/test_data" configured_read=%{compact: [], count: 4, ls: {:ok, ["node_id", "secrets", "commits", "commits.lock"]}, exists?: true} commit_store_pid=#PID<0.279.0> commit_store_state_shape={true, [:data_dir, :db, :invariant_dispatcher, :local_write_gate, :lock_ref, :name, :pending_imports, :queue_poller, :trust_side_store]} cubdb_pid=#PID<0.282.0> cubdb_state_shape=CubDB.State cubdb_data_dir="tmp/test_data/commits" cubdb_read=%{compact: [], count: 1, ls: {:ok, ["27.cub"]}, exists?: true}
06:05:42.584 [error] local node self-trust was not added: node signing public-key artifact is absent — continuing with configured trusted identities
06:05:42.589 [error] local node self-trust was not added: node signing public-key artifact is absent — continuing with configured trusted identities
06:05:42.594 [error] local node self-trust was not added: node signing public-key artifact is absent — continuing with configured trusted identities
06:05:42.604 [error] local node self-trust was not added: node signing public-key artifact is absent — continuing with configured trusted identities
.
Finished in 0.02 seconds (0.00s async, 0.02s sync)
3 tests, 0 failures, 2 excluded
Running ExUnit with seed: 611603, max_cases: 8
Excluding tags: [:test]
Including tags: [location: {"test/commonplace/cli/snapshot_test.exs", 114}]

CX_SNAPMECH cwd="/home/jes/sol-snapshot-repro/wt/apps/commonplace_cli" configured="tmp/test_data" configured_read=%{compact: [], count: 4, ls: {:ok, ["node_id", "secrets", "commits", "commits.lock"]}, exists?: true} commit_store_pid=#PID<0.279.0> commit_store_state_shape={true, [:data_dir, :db, :invariant_dispatcher, :local_write_gate, :lock_ref, :name, :pending_imports, :queue_poller, :trust_side_store]} cubdb_pid=#PID<0.282.0> cubdb_state_shape=CubDB.State cubdb_data_dir="tmp/test_data/commits" cubdb_read=%{compact: [], count: 1, ls: {:ok, ["27.cub"]}, exists?: true}
06:05:42.614 [error] local node self-trust was not added: node signing public-key artifact is absent — continuing with configured trusted identities
06:05:42.618 [error] local node self-trust was not added: node signing public-key artifact is absent — continuing with configured trusted identities
06:05:42.622 [error] local node self-trust was not added: node signing public-key artifact is absent — continuing with configured trusted identities
06:05:42.627 [error] local node self-trust was not added: node signing public-key artifact is absent — continuing with configured trusted identities
.
Finished in 0.01 seconds (0.00s async, 0.01s sync)
3 tests, 0 failures, 2 excluded
Running ExUnit with seed: 632820, max_cases: 8
Excluding tags: [:test]
Including tags: [location: {"test/commonplace/cli/snapshot_test.exs", 114}]

CX_SNAPMECH cwd="/home/jes/sol-snapshot-repro/wt/apps/commonplace_cli" configured="tmp/test_data" configured_read=%{compact: [], count: 4, ls: {:ok, ["node_id", "secrets", "commits", "commits.lock"]}, exists?: true} commit_store_pid=#PID<0.279.0> commit_store_state_shape={true, [:data_dir, :db, :invariant_dispatcher, :local_write_gate, :lock_ref, :name, :pending_imports, :queue_poller, :trust_side_store]} cubdb_pid=#PID<0.282.0> cubdb_state_shape=CubDB.State cubdb_data_dir="tmp/test_data/commits" cubdb_read=%{compact: [], count: 1, ls: {:ok, ["27.cub"]}, exists?: true}
06:05:42.634 [error] local node self-trust was not added: node signing public-key artifact is absent — continuing with configured trusted identities
06:05:42.638 [error] local node self-trust was not added: node signing public-key artifact is absent — continuing with configured trusted identities
06:05:42.642 [error] local node self-trust was not added: node signing public-key artifact is absent — continuing with configured trusted identities
06:05:42.651 [error] local node self-trust was not added: node signing public-key artifact is absent — continuing with configured trusted identities
.
Finished in 0.02 seconds (0.00s async, 0.02s sync)
3 tests, 0 failures, 2 excluded
Running ExUnit with seed: 661073, max_cases: 8
Excluding tags: [:test]
Including tags: [location: {"test/commonplace/cli/snapshot_test.exs", 114}]

CX_SNAPMECH cwd="/home/jes/sol-snapshot-repro/wt/apps/commonplace_cli" configured="tmp/test_data" configured_read=%{compact: [], count: 4, ls: {:ok, ["node_id", "secrets", "commits", "commits.lock"]}, exists?: true} commit_store_pid=#PID<0.279.0> commit_store_state_shape={true, [:data_dir, :db, :invariant_dispatcher, :local_write_gate, :lock_ref, :name, :pending_imports, :queue_poller, :trust_side_store]} cubdb_pid=#PID<0.282.0> cubdb_state_shape=CubDB.State cubdb_data_dir="tmp/test_data/commits" cubdb_read=%{compact: [], count: 1, ls: {:ok, ["27.cub"]}, exists?: true}
06:05:42.663 [error] local node self-trust was not added: node signing public-key artifact is absent — continuing with configured trusted identities
06:05:42.672 [error] local node self-trust was not added: node signing public-key artifact is absent — continuing with configured trusted identities
06:05:42.676 [error] local node self-trust was not added: node signing public-key artifact is absent — continuing with configured trusted identities
06:05:42.681 [error] local node self-trust was not added: node signing public-key artifact is absent — continuing with configured trusted identities
.
Finished in 0.02 seconds (0.00s async, 0.02s sync)
3 tests, 0 failures, 2 excluded
Running ExUnit with seed: 685784, max_cases: 8
Excluding tags: [:test]
Including tags: [location: {"test/commonplace/cli/snapshot_test.exs", 114}]

CX_SNAPMECH cwd="/home/jes/sol-snapshot-repro/wt/apps/commonplace_cli" configured="tmp/test_data" configured_read=%{compact: [], count: 4, ls: {:ok, ["node_id", "secrets", "commits", "commits.lock"]}, exists?: true} commit_store_pid=#PID<0.279.0> commit_store_state_shape={true, [:data_dir, :db, :invariant_dispatcher, :local_write_gate, :lock_ref, :name, :pending_imports, :queue_poller, :trust_side_store]} cubdb_pid=#PID<0.282.0> cubdb_state_shape=CubDB.State cubdb_data_dir="tmp/test_data/commits" cubdb_read=%{compact: [], count: 1, ls: {:ok, ["27.cub"]}, exists?: true}
06:05:42.687 [error] local node self-trust was not added: node signing public-key artifact is absent — continuing with configured trusted identities
06:05:42.690 [error] local node self-trust was not added: node signing public-key artifact is absent — continuing with configured trusted identities
06:05:42.695 [error] local node self-trust was not added: node signing public-key artifact is absent — continuing with configured trusted identities
06:05:42.704 [error] local node self-trust was not added: node signing public-key artifact is absent — continuing with configured trusted identities
.
Finished in 0.02 seconds (0.00s async, 0.02s sync)
3 tests, 0 failures, 2 excluded
Running ExUnit with seed: 709029, max_cases: 8
Excluding tags: [:test]
Including tags: [location: {"test/commonplace/cli/snapshot_test.exs", 114}]

CX_SNAPMECH cwd="/home/jes/sol-snapshot-repro/wt/apps/commonplace_cli" configured="tmp/test_data" configured_read=%{compact: [], count: 4, ls: {:ok, ["node_id", "secrets", "commits", "commits.lock"]}, exists?: true} commit_store_pid=#PID<0.279.0> commit_store_state_shape={true, [:data_dir, :db, :invariant_dispatcher, :local_write_gate, :lock_ref, :name, :pending_imports, :queue_poller, :trust_side_store]} cubdb_pid=#PID<0.282.0> cubdb_state_shape=CubDB.State cubdb_data_dir="tmp/test_data/commits" cubdb_read=%{compact: [], count: 1, ls: {:ok, ["27.cub"]}, exists?: true}
06:05:42.713 [error] local node self-trust was not added: node signing public-key artifact is absent — continuing with configured trusted identities
06:05:42.719 [error] local node self-trust was not added: node signing public-key artifact is absent — continuing with configured trusted identities
06:05:42.724 [error] local node self-trust was not added: node signing public-key artifact is absent — continuing with configured trusted identities
06:05:42.729 [error] local node self-trust was not added: node signing public-key artifact is absent — continuing with configured trusted identities
.
Finished in 0.02 seconds (0.00s async, 0.02s sync)
3 tests, 0 failures, 2 excluded
Running ExUnit with seed: 734274, max_cases: 8
Excluding tags: [:test]
Including tags: [location: {"test/commonplace/cli/snapshot_test.exs", 114}]

CX_SNAPMECH cwd="/home/jes/sol-snapshot-repro/wt/apps/commonplace_cli" configured="tmp/test_data" configured_read=%{compact: [], count: 4, ls: {:ok, ["node_id", "secrets", "commits", "commits.lock"]}, exists?: true} commit_store_pid=#PID<0.279.0> commit_store_state_shape={true, [:data_dir, :db, :invariant_dispatcher, :local_write_gate, :lock_ref, :name, :pending_imports, :queue_poller, :trust_side_store]} cubdb_pid=#PID<0.282.0> cubdb_state_shape=CubDB.State cubdb_data_dir="tmp/test_data/commits" cubdb_read=%{compact: [], count: 1, ls: {:ok, ["27.cub"]}, exists?: true}
06:05:42.735 [error] local node self-trust was not added: node signing public-key artifact is absent — continuing with configured trusted identities
06:05:42.739 [error] local node self-trust was not added: node signing public-key artifact is absent — continuing with configured trusted identities
06:05:42.742 [error] local node self-trust was not added: node signing public-key artifact is absent — continuing with configured trusted identities
06:05:42.747 [error] local node self-trust was not added: node signing public-key artifact is absent — continuing with configured trusted identities
.
Finished in 0.01 seconds (0.00s async, 0.01s sync)
3 tests, 0 failures, 2 excluded
Running ExUnit with seed: 751685, max_cases: 8
Excluding tags: [:test]
Including tags: [location: {"test/commonplace/cli/snapshot_test.exs", 114}]

CX_SNAPMECH cwd="/home/jes/sol-snapshot-repro/wt/apps/commonplace_cli" configured="tmp/test_data" configured_read=%{compact: [], count: 4, ls: {:ok, ["node_id", "secrets", "commits", "commits.lock"]}, exists?: true} commit_store_pid=#PID<0.279.0> commit_store_state_shape={true, [:data_dir, :db, :invariant_dispatcher, :local_write_gate, :lock_ref, :name, :pending_imports, :queue_poller, :trust_side_store]} cubdb_pid=#PID<0.282.0> cubdb_state_shape=CubDB.State cubdb_data_dir="tmp/test_data/commits" cubdb_read=%{compact: [], count: 1, ls: {:ok, ["27.cub"]}, exists?: true}
06:05:42.753 [error] local node self-trust was not added: node signing public-key artifact is absent — continuing with configured trusted identities
06:05:42.757 [error] local node self-trust was not added: node signing public-key artifact is absent — continuing with configured trusted identities
06:05:42.760 [error] local node self-trust was not added: node signing public-key artifact is absent — continuing with configured trusted identities
06:05:42.764 [error] local node self-trust was not added: node signing public-key artifact is absent — continuing with configured trusted identities
.
Finished in 0.01 seconds (0.00s async, 0.01s sync)
3 tests, 0 failures, 2 excluded
Running ExUnit with seed: 769764, max_cases: 8
Excluding tags: [:test]
Including tags: [location: {"test/commonplace/cli/snapshot_test.exs", 114}]

CX_SNAPMECH cwd="/home/jes/sol-snapshot-repro/wt/apps/commonplace_cli" configured="tmp/test_data" configured_read=%{compact: [], count: 4, ls: {:ok, ["node_id", "secrets", "commits", "commits.lock"]}, exists?: true} commit_store_pid=#PID<0.279.0> commit_store_state_shape={true, [:data_dir, :db, :invariant_dispatcher, :local_write_gate, :lock_ref, :name, :pending_imports, :queue_poller, :trust_side_store]} cubdb_pid=#PID<0.282.0> cubdb_state_shape=CubDB.State cubdb_data_dir="tmp/test_data/commits" cubdb_read=%{compact: [], count: 1, ls: {:ok, ["27.cub"]}, exists?: true}
06:05:42.772 [error] local node self-trust was not added: node signing public-key artifact is absent — continuing with configured trusted identities
06:05:42.777 [error] local node self-trust was not added: node signing public-key artifact is absent — continuing with configured trusted identities
06:05:42.783 [error] local node self-trust was not added: node signing public-key artifact is absent — continuing with configured trusted identities
06:05:42.797 [error] local node self-trust was not added: node signing public-key artifact is absent — continuing with configured trusted identities
.
Finished in 0.03 seconds (0.00s async, 0.03s sync)
3 tests, 0 failures, 2 excluded
Running ExUnit with seed: 803756, max_cases: 8
Excluding tags: [:test]
Including tags: [location: {"test/commonplace/cli/snapshot_test.exs", 114}]

CX_SNAPMECH cwd="/home/jes/sol-snapshot-repro/wt/apps/commonplace_cli" configured="tmp/test_data" configured_read=%{compact: [], count: 4, ls: {:ok, ["node_id", "secrets", "commits", "commits.lock"]}, exists?: true} commit_store_pid=#PID<0.279.0> commit_store_state_shape={true, [:data_dir, :db, :invariant_dispatcher, :local_write_gate, :lock_ref, :name, :pending_imports, :queue_poller, :trust_side_store]} cubdb_pid=#PID<0.282.0> cubdb_state_shape=CubDB.State cubdb_data_dir="tmp/test_data/commits" cubdb_read=%{compact: [], count: 1, ls: {:ok, ["27.cub"]}, exists?: true}
06:05:42.805 [error] local node self-trust was not added: node signing public-key artifact is absent — continuing with configured trusted identities
06:05:42.810 [error] local node self-trust was not added: node signing public-key artifact is absent — continuing with configured trusted identities
06:05:42.818 [error] local node self-trust was not added: node signing public-key artifact is absent — continuing with configured trusted identities
06:05:42.825 [error] local node self-trust was not added: node signing public-key artifact is absent — continuing with configured trusted identities
.
Finished in 0.02 seconds (0.00s async, 0.02s sync)
3 tests, 0 failures, 2 excluded
Running ExUnit with seed: 830831, max_cases: 8
Excluding tags: [:test]
Including tags: [location: {"test/commonplace/cli/snapshot_test.exs", 114}]

CX_SNAPMECH cwd="/home/jes/sol-snapshot-repro/wt/apps/commonplace_cli" configured="tmp/test_data" configured_read=%{compact: [], count: 4, ls: {:ok, ["node_id", "secrets", "commits", "commits.lock"]}, exists?: true} commit_store_pid=#PID<0.279.0> commit_store_state_shape={true, [:data_dir, :db, :invariant_dispatcher, :local_write_gate, :lock_ref, :name, :pending_imports, :queue_poller, :trust_side_store]} cubdb_pid=#PID<0.282.0> cubdb_state_shape=CubDB.State cubdb_data_dir="tmp/test_data/commits" cubdb_read=%{compact: [], count: 1, ls: {:ok, ["27.cub"]}, exists?: true}
06:05:42.833 [error] local node self-trust was not added: node signing public-key artifact is absent — continuing with configured trusted identities
06:05:42.838 [error] local node self-trust was not added: node signing public-key artifact is absent — continuing with configured trusted identities
06:05:42.841 [error] local node self-trust was not added: node signing public-key artifact is absent — continuing with configured trusted identities
06:05:42.852 [error] local node self-trust was not added: node signing public-key artifact is absent — continuing with configured trusted identities
.
Finished in 0.02 seconds (0.00s async, 0.02s sync)
3 tests, 0 failures, 2 excluded
Running ExUnit with seed: 860096, max_cases: 8
Excluding tags: [:test]
Including tags: [location: {"test/commonplace/cli/snapshot_test.exs", 114}]

CX_SNAPMECH cwd="/home/jes/sol-snapshot-repro/wt/apps/commonplace_cli" configured="tmp/test_data" configured_read=%{compact: [], count: 4, ls: {:ok, ["node_id", "secrets", "commits", "commits.lock"]}, exists?: true} commit_store_pid=#PID<0.279.0> commit_store_state_shape={true, [:data_dir, :db, :invariant_dispatcher, :local_write_gate, :lock_ref, :name, :pending_imports, :queue_poller, :trust_side_store]} cubdb_pid=#PID<0.282.0> cubdb_state_shape=CubDB.State cubdb_data_dir="tmp/test_data/commits" cubdb_read=%{compact: ["28.compact"], count: 2, ls: {:ok, ["27.cub", "28.compact"]}, exists?: true}
06:05:42.862 [error] local node self-trust was not added: node signing public-key artifact is absent — continuing with configured trusted identities
06:05:42.868 [error] local node self-trust was not added: node signing public-key artifact is absent — continuing with configured trusted identities
06:05:42.871 [error] local node self-trust was not added: node signing public-key artifact is absent — continuing with configured trusted identities
06:05:42.878 [error] local node self-trust was not added: node signing public-key artifact is absent — continuing with configured trusted identities
.
Finished in 0.02 seconds (0.00s async, 0.02s sync)
3 tests, 0 failures, 2 excluded
Running ExUnit with seed: 885686, max_cases: 8
Excluding tags: [:test]
Including tags: [location: {"test/commonplace/cli/snapshot_test.exs", 114}]

CX_SNAPMECH cwd="/home/jes/sol-snapshot-repro/wt/apps/commonplace_cli" configured="tmp/test_data" configured_read=%{compact: [], count: 4, ls: {:ok, ["node_id", "secrets", "commits", "commits.lock"]}, exists?: true} commit_store_pid=#PID<0.279.0> commit_store_state_shape={true, [:data_dir, :db, :invariant_dispatcher, :local_write_gate, :lock_ref, :name, :pending_imports, :queue_poller, :trust_side_store]} cubdb_pid=#PID<0.282.0> cubdb_state_shape=CubDB.State cubdb_data_dir="tmp/test_data/commits" cubdb_read=%{compact: ["28.compact"], count: 2, ls: {:ok, ["27.cub", "28.compact"]}, exists?: true}
06:05:42.887 [error] local node self-trust was not added: node signing public-key artifact is absent — continuing with configured trusted identities
06:05:42.891 [error] local node self-trust was not added: node signing public-key artifact is absent — continuing with configured trusted identities
06:05:42.895 [error] local node self-trust was not added: node signing public-key artifact is absent — continuing with configured trusted identities
06:05:42.910 [error] local node self-trust was not added: node signing public-key artifact is absent — continuing with configured trusted identities
.
Finished in 0.03 seconds (0.00s async, 0.03s sync)
3 tests, 0 failures, 2 excluded
Running ExUnit with seed: 917750, max_cases: 8
Excluding tags: [:test]
Including tags: [location: {"test/commonplace/cli/snapshot_test.exs", 114}]

CX_SNAPMECH cwd="/home/jes/sol-snapshot-repro/wt/apps/commonplace_cli" configured="tmp/test_data" configured_read=%{compact: [], count: 4, ls: {:ok, ["node_id", "secrets", "commits", "commits.lock"]}, exists?: true} commit_store_pid=#PID<0.279.0> commit_store_state_shape={true, [:data_dir, :db, :invariant_dispatcher, :local_write_gate, :lock_ref, :name, :pending_imports, :queue_poller, :trust_side_store]} cubdb_pid=#PID<0.282.0> cubdb_state_shape=CubDB.State cubdb_data_dir="tmp/test_data/commits" cubdb_read=%{compact: ["28.compact"], count: 2, ls: {:ok, ["27.cub", "28.compact"]}, exists?: true}
06:05:42.920 [error] local node self-trust was not added: node signing public-key artifact is absent — continuing with configured trusted identities
06:05:42.927 [error] local node self-trust was not added: node signing public-key artifact is absent — continuing with configured trusted identities
06:05:42.933 [error] local node self-trust was not added: node signing public-key artifact is absent — continuing with configured trusted identities
06:05:42.953 [error] local node self-trust was not added: node signing public-key artifact is absent — continuing with configured trusted identities
.
Finished in 0.04 seconds (0.00s async, 0.04s sync)
3 tests, 0 failures, 2 excluded
Running ExUnit with seed: 966359, max_cases: 8
Excluding tags: [:test]
Including tags: [location: {"test/commonplace/cli/snapshot_test.exs", 114}]

CX_SNAPMECH cwd="/home/jes/sol-snapshot-repro/wt/apps/commonplace_cli" configured="tmp/test_data" configured_read=%{compact: [], count: 4, ls: {:ok, ["node_id", "secrets", "commits", "commits.lock"]}, exists?: true} commit_store_pid=#PID<0.279.0> commit_store_state_shape={true, [:data_dir, :db, :invariant_dispatcher, :local_write_gate, :lock_ref, :name, :pending_imports, :queue_poller, :trust_side_store]} cubdb_pid=#PID<0.282.0> cubdb_state_shape=CubDB.State cubdb_data_dir="tmp/test_data/commits" cubdb_read=%{compact: ["28.compact"], count: 2, ls: {:ok, ["27.cub", "28.compact"]}, exists?: true}
06:05:42.969 [error] local node self-trust was not added: node signing public-key artifact is absent — continuing with configured trusted identities
06:05:42.981 [error] local node self-trust was not added: node signing public-key artifact is absent — continuing with configured trusted identities
06:05:42.989 [error] local node self-trust was not added: node signing public-key artifact is absent — continuing with configured trusted identities
06:05:43.000 [error] local node self-trust was not added: node signing public-key artifact is absent — continuing with configured trusted identities
.
Finished in 0.04 seconds (0.00s async, 0.04s sync)
3 tests, 0 failures, 2 excluded
Running ExUnit with seed: 7684, max_cases: 8
Excluding tags: [:test]
Including tags: [location: {"test/commonplace/cli/snapshot_test.exs", 114}]

CX_SNAPMECH cwd="/home/jes/sol-snapshot-repro/wt/apps/commonplace_cli" configured="tmp/test_data" configured_read=%{compact: [], count: 4, ls: {:ok, ["node_id", "secrets", "commits", "commits.lock"]}, exists?: true} commit_store_pid=#PID<0.279.0> commit_store_state_shape={true, [:data_dir, :db, :invariant_dispatcher, :local_write_gate, :lock_ref, :name, :pending_imports, :queue_poller, :trust_side_store]} cubdb_pid=#PID<0.282.0> cubdb_state_shape=CubDB.State cubdb_data_dir="tmp/test_data/commits" cubdb_read=%{compact: ["28.compact"], count: 2, ls: {:ok, ["27.cub", "28.compact"]}, exists?: true}
06:05:43.011 [error] local node self-trust was not added: node signing public-key artifact is absent — continuing with configured trusted identities
06:05:43.022 [error] local node self-trust was not added: node signing public-key artifact is absent — continuing with configured trusted identities
06:05:43.027 [error] local node self-trust was not added: node signing public-key artifact is absent — continuing with configured trusted identities
06:05:43.050 [error] local node self-trust was not added: node signing public-key artifact is absent — continuing with configured trusted identities
.
Finished in 0.04 seconds (0.00s async, 0.04s sync)
3 tests, 0 failures, 2 excluded
Running ExUnit with seed: 58817, max_cases: 8
Excluding tags: [:test]
Including tags: [location: {"test/commonplace/cli/snapshot_test.exs", 114}]

CX_SNAPMECH cwd="/home/jes/sol-snapshot-repro/wt/apps/commonplace_cli" configured="tmp/test_data" configured_read=%{compact: [], count: 4, ls: {:ok, ["node_id", "secrets", "commits", "commits.lock"]}, exists?: true} commit_store_pid=#PID<0.279.0> commit_store_state_shape={true, [:data_dir, :db, :invariant_dispatcher, :local_write_gate, :lock_ref, :name, :pending_imports, :queue_poller, :trust_side_store]} cubdb_pid=#PID<0.282.0> cubdb_state_shape=CubDB.State cubdb_data_dir="tmp/test_data/commits" cubdb_read=%{compact: ["28.compact"], count: 2, ls: {:ok, ["27.cub", "28.compact"]}, exists?: true}
06:05:43.061 [error] local node self-trust was not added: node signing public-key artifact is absent — continuing with configured trusted identities
06:05:43.069 [error] local node self-trust was not added: node signing public-key artifact is absent — continuing with configured trusted identities
06:05:43.081 [error] local node self-trust was not added: node signing public-key artifact is absent — continuing with configured trusted identities
06:05:43.096 [error] local node self-trust was not added: node signing public-key artifact is absent — continuing with configured trusted identities
.
Finished in 0.04 seconds (0.00s async, 0.04s sync)
3 tests, 0 failures, 2 excluded
Running ExUnit with seed: 107075, max_cases: 8
Excluding tags: [:test]
Including tags: [location: {"test/commonplace/cli/snapshot_test.exs", 114}]

CX_SNAPMECH cwd="/home/jes/sol-snapshot-repro/wt/apps/commonplace_cli" configured="tmp/test_data" configured_read=%{compact: [], count: 4, ls: {:ok, ["node_id", "secrets", "commits", "commits.lock"]}, exists?: true} commit_store_pid=#PID<0.279.0> commit_store_state_shape={true, [:data_dir, :db, :invariant_dispatcher, :local_write_gate, :lock_ref, :name, :pending_imports, :queue_poller, :trust_side_store]} cubdb_pid=#PID<0.282.0> cubdb_state_shape=CubDB.State cubdb_data_dir="tmp/test_data/commits" cubdb_read=%{compact: ["28.compact"], count: 2, ls: {:ok, ["27.cub", "28.compact"]}, exists?: true}
06:05:43.111 [error] local node self-trust was not added: node signing public-key artifact is absent — continuing with configured trusted identities
06:05:43.119 [error] local node self-trust was not added: node signing public-key artifact is absent — continuing with configured trusted identities
06:05:43.127 [error] local node self-trust was not added: node signing public-key artifact is absent — continuing with configured trusted identities
06:05:43.147 [error] local node self-trust was not added: node signing public-key artifact is absent — continuing with configured trusted identities
.
Finished in 0.04 seconds (0.00s async, 0.04s sync)
3 tests, 0 failures, 2 excluded
Running ExUnit with seed: 158847, max_cases: 8
Excluding tags: [:test]
Including tags: [location: {"test/commonplace/cli/snapshot_test.exs", 114}]

CX_SNAPMECH cwd="/home/jes/sol-snapshot-repro/wt/apps/commonplace_cli" configured="tmp/test_data" configured_read=%{compact: [], count: 4, ls: {:ok, ["node_id", "secrets", "commits", "commits.lock"]}, exists?: true} commit_store_pid=#PID<0.279.0> commit_store_state_shape={true, [:data_dir, :db, :invariant_dispatcher, :local_write_gate, :lock_ref, :name, :pending_imports, :queue_poller, :trust_side_store]} cubdb_pid=#PID<0.282.0> cubdb_state_shape=CubDB.State cubdb_data_dir="tmp/test_data/commits" cubdb_read=%{compact: ["28.compact"], count: 2, ls: {:ok, ["27.cub", "28.compact"]}, exists?: true}
06:05:43.164 [error] local node self-trust was not added: node signing public-key artifact is absent — continuing with configured trusted identities
06:05:43.170 [error] local node self-trust was not added: node signing public-key artifact is absent — continuing with configured trusted identities
06:05:43.175 [error] local node self-trust was not added: node signing public-key artifact is absent — continuing with configured trusted identities
06:05:43.187 [error] local node self-trust was not added: node signing public-key artifact is absent — continuing with configured trusted identities
.
Finished in 0.03 seconds (0.00s async, 0.03s sync)
3 tests, 0 failures, 2 excluded
Running ExUnit with seed: 200949, max_cases: 8
Excluding tags: [:test]
Including tags: [location: {"test/commonplace/cli/snapshot_test.exs", 114}]

CX_SNAPMECH cwd="/home/jes/sol-snapshot-repro/wt/apps/commonplace_cli" configured="tmp/test_data" configured_read=%{compact: [], count: 4, ls: {:ok, ["node_id", "secrets", "commits", "commits.lock"]}, exists?: true} commit_store_pid=#PID<0.279.0> commit_store_state_shape={true, [:data_dir, :db, :invariant_dispatcher, :local_write_gate, :lock_ref, :name, :pending_imports, :queue_poller, :trust_side_store]} cubdb_pid=#PID<0.282.0> cubdb_state_shape=CubDB.State cubdb_data_dir="tmp/test_data/commits" cubdb_read=%{compact: ["28.compact"], count: 2, ls: {:ok, ["27.cub", "28.compact"]}, exists?: true}
06:05:43.205 [error] local node self-trust was not added: node signing public-key artifact is absent — continuing with configured trusted identities
06:05:43.212 [error] local node self-trust was not added: node signing public-key artifact is absent — continuing with configured trusted identities
06:05:43.217 [error] local node self-trust was not added: node signing public-key artifact is absent — continuing with configured trusted identities
06:05:43.228 [error] local node self-trust was not added: node signing public-key artifact is absent — continuing with configured trusted identities
.
Finished in 0.03 seconds (0.00s async, 0.03s sync)
3 tests, 0 failures, 2 excluded
Running ExUnit with seed: 235386, max_cases: 8
Excluding tags: [:test]
Including tags: [location: {"test/commonplace/cli/snapshot_test.exs", 114}]

CX_SNAPMECH cwd="/home/jes/sol-snapshot-repro/wt/apps/commonplace_cli" configured="tmp/test_data" configured_read=%{compact: [], count: 4, ls: {:ok, ["node_id", "secrets", "commits", "commits.lock"]}, exists?: true} commit_store_pid=#PID<0.279.0> commit_store_state_shape={true, [:data_dir, :db, :invariant_dispatcher, :local_write_gate, :lock_ref, :name, :pending_imports, :queue_poller, :trust_side_store]} cubdb_pid=#PID<0.282.0> cubdb_state_shape=CubDB.State cubdb_data_dir="tmp/test_data/commits" cubdb_read=%{compact: ["28.compact"], count: 2, ls: {:ok, ["27.cub", "28.compact"]}, exists?: true}
06:05:43.236 [error] local node self-trust was not added: node signing public-key artifact is absent — continuing with configured trusted identities
06:05:43.244 [error] local node self-trust was not added: node signing public-key artifact is absent — continuing with configured trusted identities
06:05:43.251 [error] local node self-trust was not added: node signing public-key artifact is absent — continuing with configured trusted identities
06:05:43.264 [error] local node self-trust was not added: node signing public-key artifact is absent — continuing with configured trusted identities
.
Finished in 0.03 seconds (0.00s async, 0.03s sync)
3 tests, 0 failures, 2 excluded
Running ExUnit with seed: 272452, max_cases: 8
Excluding tags: [:test]
Including tags: [location: {"test/commonplace/cli/snapshot_test.exs", 114}]

CX_SNAPMECH cwd="/home/jes/sol-snapshot-repro/wt/apps/commonplace_cli" configured="tmp/test_data" configured_read=%{compact: [], count: 4, ls: {:ok, ["node_id", "secrets", "commits", "commits.lock"]}, exists?: true} commit_store_pid=#PID<0.279.0> commit_store_state_shape={true, [:data_dir, :db, :invariant_dispatcher, :local_write_gate, :lock_ref, :name, :pending_imports, :queue_poller, :trust_side_store]} cubdb_pid=#PID<0.282.0> cubdb_state_shape=CubDB.State cubdb_data_dir="tmp/test_data/commits" cubdb_read=%{compact: ["28.compact"], count: 2, ls: {:ok, ["27.cub", "28.compact"]}, exists?: true}
06:05:43.276 [error] local node self-trust was not added: node signing public-key artifact is absent — continuing with configured trusted identities
06:05:43.284 [error] local node self-trust was not added: node signing public-key artifact is absent — continuing with configured trusted identities
06:05:43.289 [error] local node self-trust was not added: node signing public-key artifact is absent — continuing with configured trusted identities
06:05:43.308 [error] local node self-trust was not added: node signing public-key artifact is absent — continuing with configured trusted identities
.
Finished in 0.05 seconds (0.00s async, 0.05s sync)
3 tests, 0 failures, 2 excluded
Running ExUnit with seed: 326256, max_cases: 8
Excluding tags: [:test]
Including tags: [location: {"test/commonplace/cli/snapshot_test.exs", 114}]

CX_SNAPMECH cwd="/home/jes/sol-snapshot-repro/wt/apps/commonplace_cli" configured="tmp/test_data" configured_read=%{compact: [], count: 4, ls: {:ok, ["node_id", "secrets", "commits", "commits.lock"]}, exists?: true} commit_store_pid=#PID<0.279.0> commit_store_state_shape={true, [:data_dir, :db, :invariant_dispatcher, :local_write_gate, :lock_ref, :name, :pending_imports, :queue_poller, :trust_side_store]} cubdb_pid=#PID<0.282.0> cubdb_state_shape=CubDB.State cubdb_data_dir="tmp/test_data/commits" cubdb_read=%{compact: ["28.compact"], count: 2, ls: {:ok, ["27.cub", "28.compact"]}, exists?: true}
06:05:43.333 [error] local node self-trust was not added: node signing public-key artifact is absent — continuing with configured trusted identities
06:05:43.344 [error] local node self-trust was not added: node signing public-key artifact is absent — continuing with configured trusted identities
06:05:43.348 [error] local node self-trust was not added: node signing public-key artifact is absent — continuing with configured trusted identities
06:05:43.362 [error] local node self-trust was not added: node signing public-key artifact is absent — continuing with configured trusted identities
.
Finished in 0.04 seconds (0.00s async, 0.04s sync)
3 tests, 0 failures, 2 excluded
Running ExUnit with seed: 372644, max_cases: 8
Excluding tags: [:test]
Including tags: [location: {"test/commonplace/cli/snapshot_test.exs", 114}]

CX_SNAPMECH cwd="/home/jes/sol-snapshot-repro/wt/apps/commonplace_cli" configured="tmp/test_data" configured_read=%{compact: [], count: 4, ls: {:ok, ["node_id", "secrets", "commits", "commits.lock"]}, exists?: true} commit_store_pid=#PID<0.279.0> commit_store_state_shape={true, [:data_dir, :db, :invariant_dispatcher, :local_write_gate, :lock_ref, :name, :pending_imports, :queue_poller, :trust_side_store]} cubdb_pid=#PID<0.282.0> cubdb_state_shape=CubDB.State cubdb_data_dir="tmp/test_data/commits" cubdb_read=%{compact: ["28.compact"], count: 2, ls: {:ok, ["27.cub", "28.compact"]}, exists?: true}
06:05:43.378 [error] local node self-trust was not added: node signing public-key artifact is absent — continuing with configured trusted identities
06:05:43.385 [error] local node self-trust was not added: node signing public-key artifact is absent — continuing with configured trusted identities
06:05:43.391 [error] local node self-trust was not added: node signing public-key artifact is absent — continuing with configured trusted identities
06:05:43.402 [error] local node self-trust was not added: node signing public-key artifact is absent — continuing with configured trusted identities
.
Finished in 0.03 seconds (0.00s async, 0.03s sync)
3 tests, 0 failures, 2 excluded
Running ExUnit with seed: 407703, max_cases: 8
Excluding tags: [:test]
Including tags: [location: {"test/commonplace/cli/snapshot_test.exs", 114}]

CX_SNAPMECH cwd="/home/jes/sol-snapshot-repro/wt/apps/commonplace_cli" configured="tmp/test_data" configured_read=%{compact: [], count: 4, ls: {:ok, ["node_id", "secrets", "commits", "commits.lock"]}, exists?: true} commit_store_pid=#PID<0.279.0> commit_store_state_shape={true, [:data_dir, :db, :invariant_dispatcher, :local_write_gate, :lock_ref, :name, :pending_imports, :queue_poller, :trust_side_store]} cubdb_pid=#PID<0.282.0> cubdb_state_shape=CubDB.State cubdb_data_dir="tmp/test_data/commits" cubdb_read=%{compact: ["28.compact"], count: 2, ls: {:ok, ["27.cub", "28.compact"]}, exists?: true}
06:05:43.409 [error] local node self-trust was not added: node signing public-key artifact is absent — continuing with configured trusted identities
06:05:43.418 [error] local node self-trust was not added: node signing public-key artifact is absent — continuing with configured trusted identities
06:05:43.422 [error] local node self-trust was not added: node signing public-key artifact is absent — continuing with configured trusted identities
06:05:43.434 [error] local node self-trust was not added: node signing public-key artifact is absent — continuing with configured trusted identities
.
Finished in 0.03 seconds (0.00s async, 0.03s sync)
3 tests, 0 failures, 2 excluded
Running ExUnit with seed: 444616, max_cases: 8
Excluding tags: [:test]
Including tags: [location: {"test/commonplace/cli/snapshot_test.exs", 114}]

CX_SNAPMECH cwd="/home/jes/sol-snapshot-repro/wt/apps/commonplace_cli" configured="tmp/test_data" configured_read=%{compact: [], count: 4, ls: {:ok, ["node_id", "secrets", "commits", "commits.lock"]}, exists?: true} commit_store_pid=#PID<0.279.0> commit_store_state_shape={true, [:data_dir, :db, :invariant_dispatcher, :local_write_gate, :lock_ref, :name, :pending_imports, :queue_poller, :trust_side_store]} cubdb_pid=#PID<0.282.0> cubdb_state_shape=CubDB.State cubdb_data_dir="tmp/test_data/commits" cubdb_read=%{compact: ["28.compact"], count: 2, ls: {:ok, ["27.cub", "28.compact"]}, exists?: true}
06:05:43.449 [error] local node self-trust was not added: node signing public-key artifact is absent — continuing with configured trusted identities
06:05:43.459 [error] local node self-trust was not added: node signing public-key artifact is absent — continuing with configured trusted identities
06:05:43.465 [error] local node self-trust was not added: node signing public-key artifact is absent — continuing with configured trusted identities
06:05:43.477 [error] local node self-trust was not added: node signing public-key artifact is absent — continuing with configured trusted identities
.
Finished in 0.04 seconds (0.00s async, 0.04s sync)
3 tests, 0 failures, 2 excluded
Running ExUnit with seed: 488882, max_cases: 8
Excluding tags: [:test]
Including tags: [location: {"test/commonplace/cli/snapshot_test.exs", 114}]

CX_SNAPMECH cwd="/home/jes/sol-snapshot-repro/wt/apps/commonplace_cli" configured="tmp/test_data" configured_read=%{compact: [], count: 4, ls: {:ok, ["node_id", "secrets", "commits", "commits.lock"]}, exists?: true} commit_store_pid=#PID<0.279.0> commit_store_state_shape={true, [:data_dir, :db, :invariant_dispatcher, :local_write_gate, :lock_ref, :name, :pending_imports, :queue_poller, :trust_side_store]} cubdb_pid=#PID<0.282.0> cubdb_state_shape=CubDB.State cubdb_data_dir="tmp/test_data/commits" cubdb_read=%{compact: ["28.compact"], count: 2, ls: {:ok, ["27.cub", "28.compact"]}, exists?: true}
06:05:43.493 [error] local node self-trust was not added: node signing public-key artifact is absent — continuing with configured trusted identities
06:05:43.502 [error] local node self-trust was not added: node signing public-key artifact is absent — continuing with configured trusted identities
06:05:43.513 [error] local node self-trust was not added: node signing public-key artifact is absent — continuing with configured trusted identities
06:05:43.520 [error] local node self-trust was not added: node signing public-key artifact is absent — continuing with configured trusted identities
.
Finished in 0.03 seconds (0.00s async, 0.03s sync)
3 tests, 0 failures, 2 excluded
Running ExUnit with seed: 529184, max_cases: 8
Excluding tags: [:test]
Including tags: [location: {"test/commonplace/cli/snapshot_test.exs", 114}]

CX_SNAPMECH cwd="/home/jes/sol-snapshot-repro/wt/apps/commonplace_cli" configured="tmp/test_data" configured_read=%{compact: [], count: 4, ls: {:ok, ["node_id", "secrets", "commits", "commits.lock"]}, exists?: true} commit_store_pid=#PID<0.279.0> commit_store_state_shape={true, [:data_dir, :db, :invariant_dispatcher, :local_write_gate, :lock_ref, :name, :pending_imports, :queue_poller, :trust_side_store]} cubdb_pid=#PID<0.282.0> cubdb_state_shape=CubDB.State cubdb_data_dir="tmp/test_data/commits" cubdb_read=%{compact: ["28.compact"], count: 2, ls: {:ok, ["27.cub", "28.compact"]}, exists?: true}
06:05:43.530 [error] local node self-trust was not added: node signing public-key artifact is absent — continuing with configured trusted identities
06:05:43.536 [error] local node self-trust was not added: node signing public-key artifact is absent — continuing with configured trusted identities
06:05:43.541 [error] local node self-trust was not added: node signing public-key artifact is absent — continuing with configured trusted identities
06:05:43.550 [error] local node self-trust was not added: node signing public-key artifact is absent — continuing with configured trusted identities
.
Finished in 0.03 seconds (0.00s async, 0.03s sync)
3 tests, 0 failures, 2 excluded
Running ExUnit with seed: 563779, max_cases: 8
Excluding tags: [:test]
Including tags: [location: {"test/commonplace/cli/snapshot_test.exs", 114}]

CX_SNAPMECH cwd="/home/jes/sol-snapshot-repro/wt/apps/commonplace_cli" configured="tmp/test_data" configured_read=%{compact: [], count: 4, ls: {:ok, ["node_id", "secrets", "commits", "commits.lock"]}, exists?: true} commit_store_pid=#PID<0.279.0> commit_store_state_shape={true, [:data_dir, :db, :invariant_dispatcher, :local_write_gate, :lock_ref, :name, :pending_imports, :queue_poller, :trust_side_store]} cubdb_pid=#PID<0.282.0> cubdb_state_shape=CubDB.State cubdb_data_dir="tmp/test_data/commits" cubdb_read=%{compact: [], count: 1, ls: {:ok, ["28.cub"]}, exists?: true}
06:05:43.565 [error] local node self-trust was not added: node signing public-key artifact is absent — continuing with configured trusted identities
06:05:43.571 [error] local node self-trust was not added: node signing public-key artifact is absent — continuing with configured trusted identities
06:05:43.574 [error] local node self-trust was not added: node signing public-key artifact is absent — continuing with configured trusted identities
06:05:43.583 [error] local node self-trust was not added: node signing public-key artifact is absent — continuing with configured trusted identities
.
Finished in 0.02 seconds (0.00s async, 0.02s sync)
3 tests, 0 failures, 2 excluded
Running ExUnit with seed: 589153, max_cases: 8
Excluding tags: [:test]
Including tags: [location: {"test/commonplace/cli/snapshot_test.exs", 114}]

CX_SNAPMECH cwd="/home/jes/sol-snapshot-repro/wt/apps/commonplace_cli" configured="tmp/test_data" configured_read=%{compact: [], count: 4, ls: {:ok, ["node_id", "secrets", "commits", "commits.lock"]}, exists?: true} commit_store_pid=#PID<0.279.0> commit_store_state_shape={true, [:data_dir, :db, :invariant_dispatcher, :local_write_gate, :lock_ref, :name, :pending_imports, :queue_poller, :trust_side_store]} cubdb_pid=#PID<0.282.0> cubdb_state_shape=CubDB.State cubdb_data_dir="tmp/test_data/commits" cubdb_read=%{compact: [], count: 1, ls: {:ok, ["28.cub"]}, exists?: true}
06:05:43.592 [error] local node self-trust was not added: node signing public-key artifact is absent — continuing with configured trusted identities
06:05:43.597 [error] local node self-trust was not added: node signing public-key artifact is absent — continuing with configured trusted identities
06:05:43.601 [error] local node self-trust was not added: node signing public-key artifact is absent — continuing with configured trusted identities
06:05:43.606 [error] local node self-trust was not added: node signing public-key artifact is absent — continuing with configured trusted identities
.
Finished in 0.02 seconds (0.00s async, 0.02s sync)
3 tests, 0 failures, 2 excluded
Running ExUnit with seed: 615023, max_cases: 8
Excluding tags: [:test]
Including tags: [location: {"test/commonplace/cli/snapshot_test.exs", 114}]

CX_SNAPMECH cwd="/home/jes/sol-snapshot-repro/wt/apps/commonplace_cli" configured="tmp/test_data" configured_read=%{compact: [], count: 4, ls: {:ok, ["node_id", "secrets", "commits", "commits.lock"]}, exists?: true} commit_store_pid=#PID<0.279.0> commit_store_state_shape={true, [:data_dir, :db, :invariant_dispatcher, :local_write_gate, :lock_ref, :name, :pending_imports, :queue_poller, :trust_side_store]} cubdb_pid=#PID<0.282.0> cubdb_state_shape=CubDB.State cubdb_data_dir="tmp/test_data/commits" cubdb_read=%{compact: [], count: 1, ls: {:ok, ["28.cub"]}, exists?: true}
06:05:43.618 [error] local node self-trust was not added: node signing public-key artifact is absent — continuing with configured trusted identities
06:05:43.622 [error] local node self-trust was not added: node signing public-key artifact is absent — continuing with configured trusted identities
06:05:43.627 [error] local node self-trust was not added: node signing public-key artifact is absent — continuing with configured trusted identities
06:05:43.637 [error] local node self-trust was not added: node signing public-key artifact is absent — continuing with configured trusted identities
.
Finished in 0.02 seconds (0.00s async, 0.02s sync)
3 tests, 0 failures, 2 excluded
Running ExUnit with seed: 645309, max_cases: 8
Excluding tags: [:test]
Including tags: [location: {"test/commonplace/cli/snapshot_test.exs", 114}]

CX_SNAPMECH cwd="/home/jes/sol-snapshot-repro/wt/apps/commonplace_cli" configured="tmp/test_data" configured_read=%{compact: [], count: 4, ls: {:ok, ["node_id", "secrets", "commits", "commits.lock"]}, exists?: true} commit_store_pid=#PID<0.279.0> commit_store_state_shape={true, [:data_dir, :db, :invariant_dispatcher, :local_write_gate, :lock_ref, :name, :pending_imports, :queue_poller, :trust_side_store]} cubdb_pid=#PID<0.282.0> cubdb_state_shape=CubDB.State cubdb_data_dir="tmp/test_data/commits" cubdb_read=%{compact: [], count: 1, ls: {:ok, ["28.cub"]}, exists?: true}
06:05:43.646 [error] local node self-trust was not added: node signing public-key artifact is absent — continuing with configured trusted identities
06:05:43.652 [error] local node self-trust was not added: node signing public-key artifact is absent — continuing with configured trusted identities
06:05:43.657 [error] local node self-trust was not added: node signing public-key artifact is absent — continuing with configured trusted identities
06:05:43.669 [error] local node self-trust was not added: node signing public-key artifact is absent — continuing with configured trusted identities
.
Finished in 0.02 seconds (0.00s async, 0.02s sync)
3 tests, 0 failures, 2 excluded
Running ExUnit with seed: 676120, max_cases: 8
Excluding tags: [:test]
Including tags: [location: {"test/commonplace/cli/snapshot_test.exs", 114}]

CX_SNAPMECH cwd="/home/jes/sol-snapshot-repro/wt/apps/commonplace_cli" configured="tmp/test_data" configured_read=%{compact: [], count: 4, ls: {:ok, ["node_id", "secrets", "commits", "commits.lock"]}, exists?: true} commit_store_pid=#PID<0.279.0> commit_store_state_shape={true, [:data_dir, :db, :invariant_dispatcher, :local_write_gate, :lock_ref, :name, :pending_imports, :queue_poller, :trust_side_store]} cubdb_pid=#PID<0.282.0> cubdb_state_shape=CubDB.State cubdb_data_dir="tmp/test_data/commits" cubdb_read=%{compact: [], count: 1, ls: {:ok, ["28.cub"]}, exists?: true}
06:05:43.678 [error] local node self-trust was not added: node signing public-key artifact is absent — continuing with configured trusted identities
06:05:43.682 [error] local node self-trust was not added: node signing public-key artifact is absent — continuing with configured trusted identities
06:05:43.687 [error] local node self-trust was not added: node signing public-key artifact is absent — continuing with configured trusted identities
06:05:43.698 [error] local node self-trust was not added: node signing public-key artifact is absent — continuing with configured trusted identities
.
Finished in 0.02 seconds (0.00s async, 0.02s sync)
3 tests, 0 failures, 2 excluded
Running ExUnit with seed: 704964, max_cases: 8
Excluding tags: [:test]
Including tags: [location: {"test/commonplace/cli/snapshot_test.exs", 114}]

CX_SNAPMECH cwd="/home/jes/sol-snapshot-repro/wt/apps/commonplace_cli" configured="tmp/test_data" configured_read=%{compact: [], count: 4, ls: {:ok, ["node_id", "secrets", "commits", "commits.lock"]}, exists?: true} commit_store_pid=#PID<0.279.0> commit_store_state_shape={true, [:data_dir, :db, :invariant_dispatcher, :local_write_gate, :lock_ref, :name, :pending_imports, :queue_poller, :trust_side_store]} cubdb_pid=#PID<0.282.0> cubdb_state_shape=CubDB.State cubdb_data_dir="tmp/test_data/commits" cubdb_read=%{compact: [], count: 1, ls: {:ok, ["28.cub"]}, exists?: true}
06:05:43.706 [error] local node self-trust was not added: node signing public-key artifact is absent — continuing with configured trusted identities
06:05:43.713 [error] local node self-trust was not added: node signing public-key artifact is absent — continuing with configured trusted identities
06:05:43.717 [error] local node self-trust was not added: node signing public-key artifact is absent — continuing with configured trusted identities
06:05:43.728 [error] local node self-trust was not added: node signing public-key artifact is absent — continuing with configured trusted identities
.
Finished in 0.03 seconds (0.00s async, 0.03s sync)
3 tests, 0 failures, 2 excluded
Running ExUnit with seed: 739937, max_cases: 8
Excluding tags: [:test]
Including tags: [location: {"test/commonplace/cli/snapshot_test.exs", 114}]

CX_SNAPMECH cwd="/home/jes/sol-snapshot-repro/wt/apps/commonplace_cli" configured="tmp/test_data" configured_read=%{compact: [], count: 4, ls: {:ok, ["node_id", "secrets", "commits", "commits.lock"]}, exists?: true} commit_store_pid=#PID<0.279.0> commit_store_state_shape={true, [:data_dir, :db, :invariant_dispatcher, :local_write_gate, :lock_ref, :name, :pending_imports, :queue_poller, :trust_side_store]} cubdb_pid=#PID<0.282.0> cubdb_state_shape=CubDB.State cubdb_data_dir="tmp/test_data/commits" cubdb_read=%{compact: [], count: 1, ls: {:ok, ["28.cub"]}, exists?: true}
06:05:43.741 [error] local node self-trust was not added: node signing public-key artifact is absent — continuing with configured trusted identities
06:05:43.750 [error] local node self-trust was not added: node signing public-key artifact is absent — continuing with configured trusted identities
06:05:43.753 [error] local node self-trust was not added: node signing public-key artifact is absent — continuing with configured trusted identities
06:05:43.760 [error] local node self-trust was not added: node signing public-key artifact is absent — continuing with configured trusted identities
.
Finished in 0.02 seconds (0.00s async, 0.02s sync)
3 tests, 0 failures, 2 excluded
Running ExUnit with seed: 768125, max_cases: 8
Excluding tags: [:test]
Including tags: [location: {"test/commonplace/cli/snapshot_test.exs", 114}]

06:05:43.770 [error] local node self-trust was not added: node signing public-key artifact is absent — continuing with configured trusted identities
CX_SNAPMECH cwd="/home/jes/sol-snapshot-repro/wt/apps/commonplace_cli" configured="tmp/test_data" configured_read=%{compact: [], count: 4, ls: {:ok, ["node_id", "secrets", "commits", "commits.lock"]}, exists?: true} commit_store_pid=#PID<0.279.0> commit_store_state_shape={true, [:data_dir, :db, :invariant_dispatcher, :local_write_gate, :lock_ref, :name, :pending_imports, :queue_poller, :trust_side_store]} cubdb_pid=#PID<0.282.0> cubdb_state_shape=CubDB.State cubdb_data_dir="tmp/test_data/commits" cubdb_read=%{compact: [], count: 1, ls: {:ok, ["28.cub"]}, exists?: true}
06:05:43.777 [error] local node self-trust was not added: node signing public-key artifact is absent — continuing with configured trusted identities
06:05:43.782 [error] local node self-trust was not added: node signing public-key artifact is absent — continuing with configured trusted identities
06:05:43.793 [error] local node self-trust was not added: node signing public-key artifact is absent — continuing with configured trusted identities
.
Finished in 0.02 seconds (0.00s async, 0.02s sync)
3 tests, 0 failures, 2 excluded
Running ExUnit with seed: 801333, max_cases: 8
Excluding tags: [:test]
Including tags: [location: {"test/commonplace/cli/snapshot_test.exs", 114}]

CX_SNAPMECH cwd="/home/jes/sol-snapshot-repro/wt/apps/commonplace_cli" configured="tmp/test_data" configured_read=%{compact: [], count: 4, ls: {:ok, ["node_id", "secrets", "commits", "commits.lock"]}, exists?: true} commit_store_pid=#PID<0.279.0> commit_store_state_shape={true, [:data_dir, :db, :invariant_dispatcher, :local_write_gate, :lock_ref, :name, :pending_imports, :queue_poller, :trust_side_store]} cubdb_pid=#PID<0.282.0> cubdb_state_shape=CubDB.State cubdb_data_dir="tmp/test_data/commits" cubdb_read=%{compact: [], count: 1, ls: {:ok, ["28.cub"]}, exists?: true}
06:05:43.805 [error] local node self-trust was not added: node signing public-key artifact is absent — continuing with configured trusted identities
06:05:43.812 [error] local node self-trust was not added: node signing public-key artifact is absent — continuing with configured trusted identities
06:05:43.820 [error] local node self-trust was not added: node signing public-key artifact is absent — continuing with configured trusted identities
06:05:43.825 [error] local node self-trust was not added: node signing public-key artifact is absent — continuing with configured trusted identities
.
Finished in 0.02 seconds (0.00s async, 0.02s sync)
3 tests, 0 failures, 2 excluded
Running ExUnit with seed: 830606, max_cases: 8
Excluding tags: [:test]
Including tags: [location: {"test/commonplace/cli/snapshot_test.exs", 114}]

CX_SNAPMECH cwd="/home/jes/sol-snapshot-repro/wt/apps/commonplace_cli" configured="tmp/test_data" configured_read=%{compact: [], count: 4, ls: {:ok, ["node_id", "secrets", "commits", "commits.lock"]}, exists?: true} commit_store_pid=#PID<0.279.0> commit_store_state_shape={true, [:data_dir, :db, :invariant_dispatcher, :local_write_gate, :lock_ref, :name, :pending_imports, :queue_poller, :trust_side_store]} cubdb_pid=#PID<0.282.0> cubdb_state_shape=CubDB.State cubdb_data_dir="tmp/test_data/commits" cubdb_read=%{compact: [], count: 1, ls: {:ok, ["28.cub"]}, exists?: true}
06:05:43.832 [error] local node self-trust was not added: node signing public-key artifact is absent — continuing with configured trusted identities
06:05:43.837 [error] local node self-trust was not added: node signing public-key artifact is absent — continuing with configured trusted identities
06:05:43.841 [error] local node self-trust was not added: node signing public-key artifact is absent — continuing with configured trusted identities
06:05:43.850 [error] local node self-trust was not added: node signing public-key artifact is absent — continuing with configured trusted identities
.
Finished in 0.03 seconds (0.00s async, 0.03s sync)
3 tests, 0 failures, 2 excluded
Running ExUnit with seed: 861809, max_cases: 8
Excluding tags: [:test]
Including tags: [location: {"test/commonplace/cli/snapshot_test.exs", 114}]

CX_SNAPMECH cwd="/home/jes/sol-snapshot-repro/wt/apps/commonplace_cli" configured="tmp/test_data" configured_read=%{compact: [], count: 4, ls: {:ok, ["node_id", "secrets", "commits", "commits.lock"]}, exists?: true} commit_store_pid=#PID<0.279.0> commit_store_state_shape={true, [:data_dir, :db, :invariant_dispatcher, :local_write_gate, :lock_ref, :name, :pending_imports, :queue_poller, :trust_side_store]} cubdb_pid=#PID<0.282.0> cubdb_state_shape=CubDB.State cubdb_data_dir="tmp/test_data/commits" cubdb_read=%{compact: [], count: 1, ls: {:ok, ["28.cub"]}, exists?: true}
06:05:43.863 [error] local node self-trust was not added: node signing public-key artifact is absent — continuing with configured trusted identities
06:05:43.868 [error] local node self-trust was not added: node signing public-key artifact is absent — continuing with configured trusted identities
06:05:43.873 [error] local node self-trust was not added: node signing public-key artifact is absent — continuing with configured trusted identities
06:05:43.881 [error] local node self-trust was not added: node signing public-key artifact is absent — continuing with configured trusted identities
.
Finished in 0.02 seconds (0.00s async, 0.02s sync)
3 tests, 0 failures, 2 excluded
Running ExUnit with seed: 886446, max_cases: 8
Excluding tags: [:test]
Including tags: [location: {"test/commonplace/cli/snapshot_test.exs", 114}]

CX_SNAPMECH cwd="/home/jes/sol-snapshot-repro/wt/apps/commonplace_cli" configured="tmp/test_data" configured_read=%{compact: [], count: 4, ls: {:ok, ["node_id", "secrets", "commits", "commits.lock"]}, exists?: true} commit_store_pid=#PID<0.279.0> commit_store_state_shape={true, [:data_dir, :db, :invariant_dispatcher, :local_write_gate, :lock_ref, :name, :pending_imports, :queue_poller, :trust_side_store]} cubdb_pid=#PID<0.282.0> cubdb_state_shape=CubDB.State cubdb_data_dir="tmp/test_data/commits" cubdb_read=%{compact: [], count: 1, ls: {:ok, ["28.cub"]}, exists?: true}
06:05:43.888 [error] local node self-trust was not added: node signing public-key artifact is absent — continuing with configured trusted identities
06:05:43.892 [error] local node self-trust was not added: node signing public-key artifact is absent — continuing with configured trusted identities
06:05:43.900 [error] local node self-trust was not added: node signing public-key artifact is absent — continuing with configured trusted identities
06:05:43.910 [error] local node self-trust was not added: node signing public-key artifact is absent — continuing with configured trusted identities
.
Finished in 0.02 seconds (0.00s async, 0.02s sync)
3 tests, 0 failures, 2 excluded
Running ExUnit with seed: 916161, max_cases: 8
Excluding tags: [:test]
Including tags: [location: {"test/commonplace/cli/snapshot_test.exs", 114}]

CX_SNAPMECH cwd="/home/jes/sol-snapshot-repro/wt/apps/commonplace_cli" configured="tmp/test_data" configured_read=%{compact: [], count: 4, ls: {:ok, ["node_id", "secrets", "commits", "commits.lock"]}, exists?: true} commit_store_pid=#PID<0.279.0> commit_store_state_shape={true, [:data_dir, :db, :invariant_dispatcher, :local_write_gate, :lock_ref, :name, :pending_imports, :queue_poller, :trust_side_store]} cubdb_pid=#PID<0.282.0> cubdb_state_shape=CubDB.State cubdb_data_dir="tmp/test_data/commits" cubdb_read=%{compact: [], count: 1, ls: {:ok, ["28.cub"]}, exists?: true}
06:05:43.917 [error] local node self-trust was not added: node signing public-key artifact is absent — continuing with configured trusted identities
06:05:43.921 [error] local node self-trust was not added: node signing public-key artifact is absent — continuing with configured trusted identities
06:05:43.924 [error] local node self-trust was not added: node signing public-key artifact is absent — continuing with configured trusted identities
06:05:43.930 [error] local node self-trust was not added: node signing public-key artifact is absent — continuing with configured trusted identities
.
Finished in 0.02 seconds (0.00s async, 0.02s sync)
3 tests, 0 failures, 2 excluded
Running ExUnit with seed: 936889, max_cases: 8
Excluding tags: [:test]
Including tags: [location: {"test/commonplace/cli/snapshot_test.exs", 114}]

CX_SNAPMECH cwd="/home/jes/sol-snapshot-repro/wt/apps/commonplace_cli" configured="tmp/test_data" configured_read=%{compact: [], count: 4, ls: {:ok, ["node_id", "secrets", "commits", "commits.lock"]}, exists?: true} commit_store_pid=#PID<0.279.0> commit_store_state_shape={true, [:data_dir, :db, :invariant_dispatcher, :local_write_gate, :lock_ref, :name, :pending_imports, :queue_poller, :trust_side_store]} cubdb_pid=#PID<0.282.0> cubdb_state_shape=CubDB.State cubdb_data_dir="tmp/test_data/commits" cubdb_read=%{compact: [], count: 1, ls: {:ok, ["28.cub"]}, exists?: true}
06:05:43.938 [error] local node self-trust was not added: node signing public-key artifact is absent — continuing with configured trusted identities
06:05:43.942 [error] local node self-trust was not added: node signing public-key artifact is absent — continuing with configured trusted identities
06:05:43.947 [error] local node self-trust was not added: node signing public-key artifact is absent — continuing with configured trusted identities
06:05:43.955 [error] local node self-trust was not added: node signing public-key artifact is absent — continuing with configured trusted identities
.
Finished in 0.02 seconds (0.00s async, 0.02s sync)
3 tests, 0 failures, 2 excluded
Running ExUnit with seed: 961815, max_cases: 8
Excluding tags: [:test]
Including tags: [location: {"test/commonplace/cli/snapshot_test.exs", 114}]

CX_SNAPMECH cwd="/home/jes/sol-snapshot-repro/wt/apps/commonplace_cli" configured="tmp/test_data" configured_read=%{compact: [], count: 4, ls: {:ok, ["node_id", "secrets", "commits", "commits.lock"]}, exists?: true} commit_store_pid=#PID<0.279.0> commit_store_state_shape={true, [:data_dir, :db, :invariant_dispatcher, :local_write_gate, :lock_ref, :name, :pending_imports, :queue_poller, :trust_side_store]} cubdb_pid=#PID<0.282.0> cubdb_state_shape=CubDB.State cubdb_data_dir="tmp/test_data/commits" cubdb_read=%{compact: [], count: 1, ls: {:ok, ["28.cub"]}, exists?: true}
06:05:43.963 [error] local node self-trust was not added: node signing public-key artifact is absent — continuing with configured trusted identities
06:05:43.967 [error] local node self-trust was not added: node signing public-key artifact is absent — continuing with configured trusted identities
06:05:43.970 [error] local node self-trust was not added: node signing public-key artifact is absent — continuing with configured trusted identities
06:05:43.985 [error] local node self-trust was not added: node signing public-key artifact is absent — continuing with configured trusted identities
.
Finished in 0.03 seconds (0.00s async, 0.03s sync)
3 tests, 0 failures, 2 excluded
Running ExUnit with seed: 996590, max_cases: 8
Excluding tags: [:test]
Including tags: [location: {"test/commonplace/cli/snapshot_test.exs", 114}]

CX_SNAPMECH cwd="/home/jes/sol-snapshot-repro/wt/apps/commonplace_cli" configured="tmp/test_data" configured_read=%{compact: [], count: 4, ls: {:ok, ["node_id", "secrets", "commits", "commits.lock"]}, exists?: true} commit_store_pid=#PID<0.279.0> commit_store_state_shape={true, [:data_dir, :db, :invariant_dispatcher, :local_write_gate, :lock_ref, :name, :pending_imports, :queue_poller, :trust_side_store]} cubdb_pid=#PID<0.282.0> cubdb_state_shape=CubDB.State cubdb_data_dir="tmp/test_data/commits" cubdb_read=%{compact: [], count: 1, ls: {:ok, ["28.cub"]}, exists?: true}
06:05:43.999 [error] local node self-trust was not added: node signing public-key artifact is absent — continuing with configured trusted identities
06:05:44.004 [error] local node self-trust was not added: node signing public-key artifact is absent — continuing with configured trusted identities
06:05:44.011 [error] local node self-trust was not added: node signing public-key artifact is absent — continuing with configured trusted identities
06:05:44.018 [error] local node self-trust was not added: node signing public-key artifact is absent — continuing with configured trusted identities
.
Finished in 0.02 seconds (0.00s async, 0.02s sync)
3 tests, 0 failures, 2 excluded
Running ExUnit with seed: 23331, max_cases: 8
Excluding tags: [:test]
Including tags: [location: {"test/commonplace/cli/snapshot_test.exs", 114}]

CX_SNAPMECH cwd="/home/jes/sol-snapshot-repro/wt/apps/commonplace_cli" configured="tmp/test_data" configured_read=%{compact: [], count: 4, ls: {:ok, ["node_id", "secrets", "commits", "commits.lock"]}, exists?: true} commit_store_pid=#PID<0.279.0> commit_store_state_shape={true, [:data_dir, :db, :invariant_dispatcher, :local_write_gate, :lock_ref, :name, :pending_imports, :queue_poller, :trust_side_store]} cubdb_pid=#PID<0.282.0> cubdb_state_shape=CubDB.State cubdb_data_dir="tmp/test_data/commits" cubdb_read=%{compact: [], count: 1, ls: {:ok, ["28.cub"]}, exists?: true}
06:05:44.026 [error] local node self-trust was not added: node signing public-key artifact is absent — continuing with configured trusted identities
06:05:44.029 [error] local node self-trust was not added: node signing public-key artifact is absent — continuing with configured trusted identities
06:05:44.037 [error] local node self-trust was not added: node signing public-key artifact is absent — continuing with configured trusted identities
06:05:44.042 [error] local node self-trust was not added: node signing public-key artifact is absent — continuing with configured trusted identities
.
Finished in 0.02 seconds (0.00s async, 0.02s sync)
3 tests, 0 failures, 2 excluded
Running ExUnit with seed: 46721, max_cases: 8
Excluding tags: [:test]
Including tags: [location: {"test/commonplace/cli/snapshot_test.exs", 114}]

CX_SNAPMECH cwd="/home/jes/sol-snapshot-repro/wt/apps/commonplace_cli" configured="tmp/test_data" configured_read=%{compact: [], count: 4, ls: {:ok, ["node_id", "secrets", "commits", "commits.lock"]}, exists?: true} commit_store_pid=#PID<0.279.0> commit_store_state_shape={true, [:data_dir, :db, :invariant_dispatcher, :local_write_gate, :lock_ref, :name, :pending_imports, :queue_poller, :trust_side_store]} cubdb_pid=#PID<0.282.0> cubdb_state_shape=CubDB.State cubdb_data_dir="tmp/test_data/commits" cubdb_read=%{compact: [], count: 1, ls: {:ok, ["28.cub"]}, exists?: true}
06:05:44.049 [error] local node self-trust was not added: node signing public-key artifact is absent — continuing with configured trusted identities
06:05:44.057 [error] local node self-trust was not added: node signing public-key artifact is absent — continuing with configured trusted identities
06:05:44.063 [error] local node self-trust was not added: node signing public-key artifact is absent — continuing with configured trusted identities
06:05:44.071 [error] local node self-trust was not added: node signing public-key artifact is absent — continuing with configured trusted identities
.
Finished in 0.02 seconds (0.00s async, 0.02s sync)
3 tests, 0 failures, 2 excluded
Running ExUnit with seed: 75644, max_cases: 8
Excluding tags: [:test]
Including tags: [location: {"test/commonplace/cli/snapshot_test.exs", 114}]

CX_SNAPMECH cwd="/home/jes/sol-snapshot-repro/wt/apps/commonplace_cli" configured="tmp/test_data" configured_read=%{compact: [], count: 4, ls: {:ok, ["node_id", "secrets", "commits", "commits.lock"]}, exists?: true} commit_store_pid=#PID<0.279.0> commit_store_state_shape={true, [:data_dir, :db, :invariant_dispatcher, :local_write_gate, :lock_ref, :name, :pending_imports, :queue_poller, :trust_side_store]} cubdb_pid=#PID<0.282.0> cubdb_state_shape=CubDB.State cubdb_data_dir="tmp/test_data/commits" cubdb_read=%{compact: [], count: 1, ls: {:ok, ["28.cub"]}, exists?: true}
06:05:44.077 [error] local node self-trust was not added: node signing public-key artifact is absent — continuing with configured trusted identities
06:05:44.082 [error] local node self-trust was not added: node signing public-key artifact is absent — continuing with configured trusted identities
06:05:44.086 [error] local node self-trust was not added: node signing public-key artifact is absent — continuing with configured trusted identities
06:05:44.093 [error] local node self-trust was not added: node signing public-key artifact is absent — continuing with configured trusted identities
.
Finished in 0.02 seconds (0.00s async, 0.02s sync)
3 tests, 0 failures, 2 excluded
Running ExUnit with seed: 103918, max_cases: 8
Excluding tags: [:test]
Including tags: [location: {"test/commonplace/cli/snapshot_test.exs", 114}]

CX_SNAPMECH cwd="/home/jes/sol-snapshot-repro/wt/apps/commonplace_cli" configured="tmp/test_data" configured_read=%{compact: [], count: 4, ls: {:ok, ["node_id", "secrets", "commits", "commits.lock"]}, exists?: true} commit_store_pid=#PID<0.279.0> commit_store_state_shape={true, [:data_dir, :db, :invariant_dispatcher, :local_write_gate, :lock_ref, :name, :pending_imports, :queue_poller, :trust_side_store]} cubdb_pid=#PID<0.282.0> cubdb_state_shape=CubDB.State cubdb_data_dir="tmp/test_data/commits" cubdb_read=%{compact: [], count: 1, ls: {:ok, ["28.cub"]}, exists?: true}
06:05:44.106 [error] local node self-trust was not added: node signing public-key artifact is absent — continuing with configured trusted identities
06:05:44.112 [error] local node self-trust was not added: node signing public-key artifact is absent — continuing with configured trusted identities
06:05:44.115 [error] local node self-trust was not added: node signing public-key artifact is absent — continuing with configured trusted identities
06:05:44.126 [error] local node self-trust was not added: node signing public-key artifact is absent — continuing with configured trusted identities
.
Finished in 0.02 seconds (0.00s async, 0.02s sync)
3 tests, 0 failures, 2 excluded
Running ExUnit with seed: 133578, max_cases: 8
Excluding tags: [:test]
Including tags: [location: {"test/commonplace/cli/snapshot_test.exs", 114}]

CX_SNAPMECH cwd="/home/jes/sol-snapshot-repro/wt/apps/commonplace_cli" configured="tmp/test_data" configured_read=%{compact: [], count: 4, ls: {:ok, ["node_id", "secrets", "commits", "commits.lock"]}, exists?: true} commit_store_pid=#PID<0.279.0> commit_store_state_shape={true, [:data_dir, :db, :invariant_dispatcher, :local_write_gate, :lock_ref, :name, :pending_imports, :queue_poller, :trust_side_store]} cubdb_pid=#PID<0.282.0> cubdb_state_shape=CubDB.State cubdb_data_dir="tmp/test_data/commits" cubdb_read=%{compact: [], count: 1, ls: {:ok, ["28.cub"]}, exists?: true}
06:05:44.137 [error] local node self-trust was not added: node signing public-key artifact is absent — continuing with configured trusted identities
06:05:44.141 [error] local node self-trust was not added: node signing public-key artifact is absent — continuing with configured trusted identities
06:05:44.146 [error] local node self-trust was not added: node signing public-key artifact is absent — continuing with configured trusted identities
06:05:44.156 [error] local node self-trust was not added: node signing public-key artifact is absent — continuing with configured trusted identities
.
Finished in 0.02 seconds (0.00s async, 0.02s sync)
3 tests, 0 failures, 2 excluded
Running ExUnit with seed: 162939, max_cases: 8
Excluding tags: [:test]
Including tags: [location: {"test/commonplace/cli/snapshot_test.exs", 114}]

CX_SNAPMECH cwd="/home/jes/sol-snapshot-repro/wt/apps/commonplace_cli" configured="tmp/test_data" configured_read=%{compact: [], count: 4, ls: {:ok, ["node_id", "secrets", "commits", "commits.lock"]}, exists?: true} commit_store_pid=#PID<0.279.0> commit_store_state_shape={true, [:data_dir, :db, :invariant_dispatcher, :local_write_gate, :lock_ref, :name, :pending_imports, :queue_poller, :trust_side_store]} cubdb_pid=#PID<0.282.0> cubdb_state_shape=CubDB.State cubdb_data_dir="tmp/test_data/commits" cubdb_read=%{compact: [], count: 1, ls: {:ok, ["28.cub"]}, exists?: true}
06:05:44.165 [error] local node self-trust was not added: node signing public-key artifact is absent — continuing with configured trusted identities
06:05:44.171 [error] local node self-trust was not added: node signing public-key artifact is absent — continuing with configured trusted identities
06:05:44.174 [error] local node self-trust was not added: node signing public-key artifact is absent — continuing with configured trusted identities
06:05:44.179 [error] local node self-trust was not added: node signing public-key artifact is absent — continuing with configured trusted identities
.
Finished in 0.01 seconds (0.00s async, 0.01s sync)
3 tests, 0 failures, 2 excluded
Running ExUnit with seed: 182921, max_cases: 8
Excluding tags: [:test]
Including tags: [location: {"test/commonplace/cli/snapshot_test.exs", 114}]

CX_SNAPMECH cwd="/home/jes/sol-snapshot-repro/wt/apps/commonplace_cli" configured="tmp/test_data" configured_read=%{compact: [], count: 4, ls: {:ok, ["node_id", "secrets", "commits", "commits.lock"]}, exists?: true} commit_store_pid=#PID<0.279.0> commit_store_state_shape={true, [:data_dir, :db, :invariant_dispatcher, :local_write_gate, :lock_ref, :name, :pending_imports, :queue_poller, :trust_side_store]} cubdb_pid=#PID<0.282.0> cubdb_state_shape=CubDB.State cubdb_data_dir="tmp/test_data/commits" cubdb_read=%{compact: [], count: 1, ls: {:ok, ["28.cub"]}, exists?: true}
06:05:44.184 [error] local node self-trust was not added: node signing public-key artifact is absent — continuing with configured trusted identities
06:05:44.188 [error] local node self-trust was not added: node signing public-key artifact is absent — continuing with configured trusted identities
06:05:44.191 [error] local node self-trust was not added: node signing public-key artifact is absent — continuing with configured trusted identities
06:05:44.195 [error] local node self-trust was not added: node signing public-key artifact is absent — continuing with configured trusted identities
.
Finished in 0.01 seconds (0.00s async, 0.01s sync)
3 tests, 0 failures, 2 excluded
Running ExUnit with seed: 199722, max_cases: 8
Excluding tags: [:test]
Including tags: [location: {"test/commonplace/cli/snapshot_test.exs", 114}]

CX_SNAPMECH cwd="/home/jes/sol-snapshot-repro/wt/apps/commonplace_cli" configured="tmp/test_data" configured_read=%{compact: [], count: 4, ls: {:ok, ["node_id", "secrets", "commits", "commits.lock"]}, exists?: true} commit_store_pid=#PID<0.279.0> commit_store_state_shape={true, [:data_dir, :db, :invariant_dispatcher, :local_write_gate, :lock_ref, :name, :pending_imports, :queue_poller, :trust_side_store]} cubdb_pid=#PID<0.282.0> cubdb_state_shape=CubDB.State cubdb_data_dir="tmp/test_data/commits" cubdb_read=%{compact: [], count: 1, ls: {:ok, ["28.cub"]}, exists?: true}
06:05:44.202 [error] local node self-trust was not added: node signing public-key artifact is absent — continuing with configured trusted identities
06:05:44.215 [error] local node self-trust was not added: node signing public-key artifact is absent — continuing with configured trusted identities
06:05:44.220 [error] local node self-trust was not added: node signing public-key artifact is absent — continuing with configured trusted identities
06:05:44.231 [error] local node self-trust was not added: node signing public-key artifact is absent — continuing with configured trusted identities
.
Finished in 0.03 seconds (0.00s async, 0.03s sync)
3 tests, 0 failures, 2 excluded
Running ExUnit with seed: 238609, max_cases: 8
Excluding tags: [:test]
Including tags: [location: {"test/commonplace/cli/snapshot_test.exs", 114}]

CX_SNAPMECH cwd="/home/jes/sol-snapshot-repro/wt/apps/commonplace_cli" configured="tmp/test_data" configured_read=%{compact: [], count: 4, ls: {:ok, ["node_id", "secrets", "commits", "commits.lock"]}, exists?: true} commit_store_pid=#PID<0.279.0> commit_store_state_shape={true, [:data_dir, :db, :invariant_dispatcher, :local_write_gate, :lock_ref, :name, :pending_imports, :queue_poller, :trust_side_store]} cubdb_pid=#PID<0.282.0> cubdb_state_shape=CubDB.State cubdb_data_dir="tmp/test_data/commits" cubdb_read=%{compact: [], count: 1, ls: {:ok, ["28.cub"]}, exists?: true}
06:05:44.241 [error] local node self-trust was not added: node signing public-key artifact is absent — continuing with configured trusted identities
06:05:44.247 [error] local node self-trust was not added: node signing public-key artifact is absent — continuing with configured trusted identities
06:05:44.250 [error] local node self-trust was not added: node signing public-key artifact is absent — continuing with configured trusted identities
06:05:44.256 [error] local node self-trust was not added: node signing public-key artifact is absent — continuing with configured trusted identities
.
Finished in 0.02 seconds (0.00s async, 0.02s sync)
3 tests, 0 failures, 2 excluded
Running ExUnit with seed: 260268, max_cases: 8
Excluding tags: [:test]
Including tags: [location: {"test/commonplace/cli/snapshot_test.exs", 114}]

CX_SNAPMECH cwd="/home/jes/sol-snapshot-repro/wt/apps/commonplace_cli" configured="tmp/test_data" configured_read=%{compact: [], count: 4, ls: {:ok, ["node_id", "secrets", "commits", "commits.lock"]}, exists?: true} commit_store_pid=#PID<0.279.0> commit_store_state_shape={true, [:data_dir, :db, :invariant_dispatcher, :local_write_gate, :lock_ref, :name, :pending_imports, :queue_poller, :trust_side_store]} cubdb_pid=#PID<0.282.0> cubdb_state_shape=CubDB.State cubdb_data_dir="tmp/test_data/commits" cubdb_read=%{compact: [], count: 1, ls: {:ok, ["28.cub"]}, exists?: true}
06:05:44.261 [error] local node self-trust was not added: node signing public-key artifact is absent — continuing with configured trusted identities
06:05:44.266 [error] local node self-trust was not added: node signing public-key artifact is absent — continuing with configured trusted identities
06:05:44.272 [error] local node self-trust was not added: node signing public-key artifact is absent — continuing with configured trusted identities
06:05:44.281 [error] local node self-trust was not added: node signing public-key artifact is absent — continuing with configured trusted identities
.
Finished in 0.02 seconds (0.00s async, 0.02s sync)
3 tests, 0 failures, 2 excluded
Running ExUnit with seed: 285247, max_cases: 8
Excluding tags: [:test]
Including tags: [location: {"test/commonplace/cli/snapshot_test.exs", 114}]

CX_SNAPMECH cwd="/home/jes/sol-snapshot-repro/wt/apps/commonplace_cli" configured="tmp/test_data" configured_read=%{compact: [], count: 4, ls: {:ok, ["node_id", "secrets", "commits", "commits.lock"]}, exists?: true} commit_store_pid=#PID<0.279.0> commit_store_state_shape={true, [:data_dir, :db, :invariant_dispatcher, :local_write_gate, :lock_ref, :name, :pending_imports, :queue_poller, :trust_side_store]} cubdb_pid=#PID<0.282.0> cubdb_state_shape=CubDB.State cubdb_data_dir="tmp/test_data/commits" cubdb_read=%{compact: [], count: 1, ls: {:ok, ["28.cub"]}, exists?: true}
06:05:44.286 [error] local node self-trust was not added: node signing public-key artifact is absent — continuing with configured trusted identities
06:05:44.290 [error] local node self-trust was not added: node signing public-key artifact is absent — continuing with configured trusted identities
06:05:44.293 [error] local node self-trust was not added: node signing public-key artifact is absent — continuing with configured trusted identities
06:05:44.298 [error] local node self-trust was not added: node signing public-key artifact is absent — continuing with configured trusted identities
.
Finished in 0.01 seconds (0.00s async, 0.01s sync)
3 tests, 0 failures, 2 excluded
Running ExUnit with seed: 302357, max_cases: 8
Excluding tags: [:test]
Including tags: [location: {"test/commonplace/cli/snapshot_test.exs", 114}]

CX_SNAPMECH cwd="/home/jes/sol-snapshot-repro/wt/apps/commonplace_cli" configured="tmp/test_data" configured_read=%{compact: [], count: 4, ls: {:ok, ["node_id", "secrets", "commits", "commits.lock"]}, exists?: true} commit_store_pid=#PID<0.279.0> commit_store_state_shape={true, [:data_dir, :db, :invariant_dispatcher, :local_write_gate, :lock_ref, :name, :pending_imports, :queue_poller, :trust_side_store]} cubdb_pid=#PID<0.282.0> cubdb_state_shape=CubDB.State cubdb_data_dir="tmp/test_data/commits" cubdb_read=%{compact: [], count: 1, ls: {:ok, ["28.cub"]}, exists?: true}
06:05:44.306 [error] local node self-trust was not added: node signing public-key artifact is absent — continuing with configured trusted identities
06:05:44.310 [error] local node self-trust was not added: node signing public-key artifact is absent — continuing with configured trusted identities
06:05:44.314 [error] local node self-trust was not added: node signing public-key artifact is absent — continuing with configured trusted identities
06:05:44.319 [error] local node self-trust was not added: node signing public-key artifact is absent — continuing with configured trusted identities
.
Finished in 0.02 seconds (0.00s async, 0.02s sync)
3 tests, 0 failures, 2 excluded
Running ExUnit with seed: 324217, max_cases: 8
Excluding tags: [:test]
Including tags: [location: {"test/commonplace/cli/snapshot_test.exs", 114}]

CX_SNAPMECH cwd="/home/jes/sol-snapshot-repro/wt/apps/commonplace_cli" configured="tmp/test_data" configured_read=%{compact: [], count: 4, ls: {:ok, ["node_id", "secrets", "commits", "commits.lock"]}, exists?: true} commit_store_pid=#PID<0.279.0> commit_store_state_shape={true, [:data_dir, :db, :invariant_dispatcher, :local_write_gate, :lock_ref, :name, :pending_imports, :queue_poller, :trust_side_store]} cubdb_pid=#PID<0.282.0> cubdb_state_shape=CubDB.State cubdb_data_dir="tmp/test_data/commits" cubdb_read=%{compact: [], count: 1, ls: {:ok, ["28.cub"]}, exists?: true}
06:05:44.325 [error] local node self-trust was not added: node signing public-key artifact is absent — continuing with configured trusted identities
06:05:44.330 [error] local node self-trust was not added: node signing public-key artifact is absent — continuing with configured trusted identities
06:05:44.333 [error] local node self-trust was not added: node signing public-key artifact is absent — continuing with configured trusted identities
06:05:44.341 [error] local node self-trust was not added: node signing public-key artifact is absent — continuing with configured trusted identities
.
Finished in 0.02 seconds (0.00s async, 0.02s sync)
3 tests, 0 failures, 2 excluded
Running ExUnit with seed: 345944, max_cases: 8
Excluding tags: [:test]
Including tags: [location: {"test/commonplace/cli/snapshot_test.exs", 114}]

CX_SNAPMECH cwd="/home/jes/sol-snapshot-repro/wt/apps/commonplace_cli" configured="tmp/test_data" configured_read=%{compact: [], count: 4, ls: {:ok, ["node_id", "secrets", "commits", "commits.lock"]}, exists?: true} commit_store_pid=#PID<0.279.0> commit_store_state_shape={true, [:data_dir, :db, :invariant_dispatcher, :local_write_gate, :lock_ref, :name, :pending_imports, :queue_poller, :trust_side_store]} cubdb_pid=#PID<0.282.0> cubdb_state_shape=CubDB.State cubdb_data_dir="tmp/test_data/commits" cubdb_read=%{compact: [], count: 1, ls: {:ok, ["28.cub"]}, exists?: true}
06:05:44.348 [error] local node self-trust was not added: node signing public-key artifact is absent — continuing with configured trusted identities
06:05:44.352 [error] local node self-trust was not added: node signing public-key artifact is absent — continuing with configured trusted identities
06:05:44.355 [error] local node self-trust was not added: node signing public-key artifact is absent — continuing with configured trusted identities
06:05:44.361 [error] local node self-trust was not added: node signing public-key artifact is absent — continuing with configured trusted identities
.
Finished in 0.01 seconds (0.00s async, 0.01s sync)
3 tests, 0 failures, 2 excluded
Running ExUnit with seed: 365047, max_cases: 8
Excluding tags: [:test]
Including tags: [location: {"test/commonplace/cli/snapshot_test.exs", 114}]

CX_SNAPMECH cwd="/home/jes/sol-snapshot-repro/wt/apps/commonplace_cli" configured="tmp/test_data" configured_read=%{compact: [], count: 4, ls: {:ok, ["node_id", "secrets", "commits", "commits.lock"]}, exists?: true} commit_store_pid=#PID<0.279.0> commit_store_state_shape={true, [:data_dir, :db, :invariant_dispatcher, :local_write_gate, :lock_ref, :name, :pending_imports, :queue_poller, :trust_side_store]} cubdb_pid=#PID<0.282.0> cubdb_state_shape=CubDB.State cubdb_data_dir="tmp/test_data/commits" cubdb_read=%{compact: [], count: 1, ls: {:ok, ["28.cub"]}, exists?: true}
06:05:44.366 [error] local node self-trust was not added: node signing public-key artifact is absent — continuing with configured trusted identities
06:05:44.369 [error] local node self-trust was not added: node signing public-key artifact is absent — continuing with configured trusted identities
06:05:44.371 [error] local node self-trust was not added: node signing public-key artifact is absent — continuing with configured trusted identities
06:05:44.376 [error] local node self-trust was not added: node signing public-key artifact is absent — continuing with configured trusted identities
.
Finished in 0.01 seconds (0.00s async, 0.01s sync)
3 tests, 0 failures, 2 excluded
Running ExUnit with seed: 379555, max_cases: 8
Excluding tags: [:test]
Including tags: [location: {"test/commonplace/cli/snapshot_test.exs", 114}]

CX_SNAPMECH cwd="/home/jes/sol-snapshot-repro/wt/apps/commonplace_cli" configured="tmp/test_data" configured_read=%{compact: [], count: 4, ls: {:ok, ["node_id", "secrets", "commits", "commits.lock"]}, exists?: true} commit_store_pid=#PID<0.279.0> commit_store_state_shape={true, [:data_dir, :db, :invariant_dispatcher, :local_write_gate, :lock_ref, :name, :pending_imports, :queue_poller, :trust_side_store]} cubdb_pid=#PID<0.282.0> cubdb_state_shape=CubDB.State cubdb_data_dir="tmp/test_data/commits" cubdb_read=%{compact: [], count: 1, ls: {:ok, ["28.cub"]}, exists?: true}
06:05:44.380 [error] local node self-trust was not added: node signing public-key artifact is absent — continuing with configured trusted identities
06:05:44.385 [error] local node self-trust was not added: node signing public-key artifact is absent — continuing with configured trusted identities
06:05:44.390 [error] local node self-trust was not added: node signing public-key artifact is absent — continuing with configured trusted identities
06:05:44.395 [error] local node self-trust was not added: node signing public-key artifact is absent — continuing with configured trusted identities
.
Finished in 0.02 seconds (0.00s async, 0.02s sync)
3 tests, 0 failures, 2 excluded
Running ExUnit with seed: 402835, max_cases: 8
Excluding tags: [:test]
Including tags: [location: {"test/commonplace/cli/snapshot_test.exs", 114}]

CX_SNAPMECH cwd="/home/jes/sol-snapshot-repro/wt/apps/commonplace_cli" configured="tmp/test_data" configured_read=%{compact: [], count: 4, ls: {:ok, ["node_id", "secrets", "commits", "commits.lock"]}, exists?: true} commit_store_pid=#PID<0.279.0> commit_store_state_shape={true, [:data_dir, :db, :invariant_dispatcher, :local_write_gate, :lock_ref, :name, :pending_imports, :queue_poller, :trust_side_store]} cubdb_pid=#PID<0.282.0> cubdb_state_shape=CubDB.State cubdb_data_dir="tmp/test_data/commits" cubdb_read=%{compact: [], count: 1, ls: {:ok, ["28.cub"]}, exists?: true}
06:05:44.405 [error] local node self-trust was not added: node signing public-key artifact is absent — continuing with configured trusted identities
06:05:44.413 [error] local node self-trust was not added: node signing public-key artifact is absent — continuing with configured trusted identities
06:05:44.417 [error] local node self-trust was not added: node signing public-key artifact is absent — continuing with configured trusted identities
06:05:44.422 [error] local node self-trust was not added: node signing public-key artifact is absent — continuing with configured trusted identities
.
Finished in 0.02 seconds (0.00s async, 0.02s sync)
3 tests, 0 failures, 2 excluded
Running ExUnit with seed: 426924, max_cases: 8
Excluding tags: [:test]
Including tags: [location: {"test/commonplace/cli/snapshot_test.exs", 114}]

CX_SNAPMECH cwd="/home/jes/sol-snapshot-repro/wt/apps/commonplace_cli" configured="tmp/test_data" configured_read=%{compact: [], count: 4, ls: {:ok, ["node_id", "secrets", "commits", "commits.lock"]}, exists?: true} commit_store_pid=#PID<0.279.0> commit_store_state_shape={true, [:data_dir, :db, :invariant_dispatcher, :local_write_gate, :lock_ref, :name, :pending_imports, :queue_poller, :trust_side_store]} cubdb_pid=#PID<0.282.0> cubdb_state_shape=CubDB.State cubdb_data_dir="tmp/test_data/commits" cubdb_read=%{compact: [], count: 1, ls: {:ok, ["28.cub"]}, exists?: true}
06:05:44.428 [error] local node self-trust was not added: node signing public-key artifact is absent — continuing with configured trusted identities
06:05:44.434 [error] local node self-trust was not added: node signing public-key artifact is absent — continuing with configured trusted identities
06:05:44.436 [error] local node self-trust was not added: node signing public-key artifact is absent — continuing with configured trusted identities
06:05:44.442 [error] local node self-trust was not added: node signing public-key artifact is absent — continuing with configured trusted identities
.
Finished in 0.02 seconds (0.00s async, 0.02s sync)
3 tests, 0 failures, 2 excluded
Running ExUnit with seed: 448045, max_cases: 8
Excluding tags: [:test]
Including tags: [location: {"test/commonplace/cli/snapshot_test.exs", 114}]

CX_SNAPMECH cwd="/home/jes/sol-snapshot-repro/wt/apps/commonplace_cli" configured="tmp/test_data" configured_read=%{compact: [], count: 4, ls: {:ok, ["node_id", "secrets", "commits", "commits.lock"]}, exists?: true} commit_store_pid=#PID<0.279.0> commit_store_state_shape={true, [:data_dir, :db, :invariant_dispatcher, :local_write_gate, :lock_ref, :name, :pending_imports, :queue_poller, :trust_side_store]} cubdb_pid=#PID<0.282.0> cubdb_state_shape=CubDB.State cubdb_data_dir="tmp/test_data/commits" cubdb_read=%{compact: [], count: 1, ls: {:ok, ["28.cub"]}, exists?: true}
06:05:44.449 [error] local node self-trust was not added: node signing public-key artifact is absent — continuing with configured trusted identities
06:05:44.455 [error] local node self-trust was not added: node signing public-key artifact is absent — continuing with configured trusted identities
06:05:44.458 [error] local node self-trust was not added: node signing public-key artifact is absent — continuing with configured trusted identities
06:05:44.467 [error] local node self-trust was not added: node signing public-key artifact is absent — continuing with configured trusted identities
.
Finished in 0.02 seconds (0.00s async, 0.02s sync)
3 tests, 0 failures, 2 excluded
Running ExUnit with seed: 475286, max_cases: 8
Excluding tags: [:test]
Including tags: [location: {"test/commonplace/cli/snapshot_test.exs", 114}]

CX_SNAPMECH cwd="/home/jes/sol-snapshot-repro/wt/apps/commonplace_cli" configured="tmp/test_data" configured_read=%{compact: [], count: 4, ls: {:ok, ["node_id", "secrets", "commits", "commits.lock"]}, exists?: true} commit_store_pid=#PID<0.279.0> commit_store_state_shape={true, [:data_dir, :db, :invariant_dispatcher, :local_write_gate, :lock_ref, :name, :pending_imports, :queue_poller, :trust_side_store]} cubdb_pid=#PID<0.282.0> cubdb_state_shape=CubDB.State cubdb_data_dir="tmp/test_data/commits" cubdb_read=%{compact: ["29.compact"], count: 2, ls: {:ok, ["28.cub", "29.compact"]}, exists?: true}
06:05:44.477 [error] local node self-trust was not added: node signing public-key artifact is absent — continuing with configured trusted identities
06:05:44.484 [error] local node self-trust was not added: node signing public-key artifact is absent — continuing with configured trusted identities
06:05:44.490 [error] local node self-trust was not added: node signing public-key artifact is absent — continuing with configured trusted identities
06:05:44.496 [error] local node self-trust was not added: node signing public-key artifact is absent — continuing with configured trusted identities
.
Finished in 0.02 seconds (0.00s async, 0.02s sync)
3 tests, 0 failures, 2 excluded
Running ExUnit with seed: 503502, max_cases: 8
Excluding tags: [:test]
Including tags: [location: {"test/commonplace/cli/snapshot_test.exs", 114}]

CX_SNAPMECH cwd="/home/jes/sol-snapshot-repro/wt/apps/commonplace_cli" configured="tmp/test_data" configured_read=%{compact: [], count: 4, ls: {:ok, ["node_id", "secrets", "commits", "commits.lock"]}, exists?: true} commit_store_pid=#PID<0.279.0> commit_store_state_shape={true, [:data_dir, :db, :invariant_dispatcher, :local_write_gate, :lock_ref, :name, :pending_imports, :queue_poller, :trust_side_store]} cubdb_pid=#PID<0.282.0> cubdb_state_shape=CubDB.State cubdb_data_dir="tmp/test_data/commits" cubdb_read=%{compact: ["29.compact"], count: 2, ls: {:ok, ["28.cub", "29.compact"]}, exists?: true}
06:05:44.505 [error] local node self-trust was not added: node signing public-key artifact is absent — continuing with configured trusted identities
06:05:44.511 [error] local node self-trust was not added: node signing public-key artifact is absent — continuing with configured trusted identities
06:05:44.519 [error] local node self-trust was not added: node signing public-key artifact is absent — continuing with configured trusted identities
06:05:44.530 [error] local node self-trust was not added: node signing public-key artifact is absent — continuing with configured trusted identities
.
Finished in 0.03 seconds (0.00s async, 0.03s sync)
3 tests, 0 failures, 2 excluded
Running ExUnit with seed: 537831, max_cases: 8
Excluding tags: [:test]
Including tags: [location: {"test/commonplace/cli/snapshot_test.exs", 114}]

CX_SNAPMECH cwd="/home/jes/sol-snapshot-repro/wt/apps/commonplace_cli" configured="tmp/test_data" configured_read=%{compact: [], count: 4, ls: {:ok, ["node_id", "secrets", "commits", "commits.lock"]}, exists?: true} commit_store_pid=#PID<0.279.0> commit_store_state_shape={true, [:data_dir, :db, :invariant_dispatcher, :local_write_gate, :lock_ref, :name, :pending_imports, :queue_poller, :trust_side_store]} cubdb_pid=#PID<0.282.0> cubdb_state_shape=CubDB.State cubdb_data_dir="tmp/test_data/commits" cubdb_read=%{compact: ["29.compact"], count: 2, ls: {:ok, ["28.cub", "29.compact"]}, exists?: true}
06:05:44.541 [error] local node self-trust was not added: node signing public-key artifact is absent — continuing with configured trusted identities
06:05:44.547 [error] local node self-trust was not added: node signing public-key artifact is absent — continuing with configured trusted identities
06:05:44.556 [error] local node self-trust was not added: node signing public-key artifact is absent — continuing with configured trusted identities
06:05:44.571 [error] local node self-trust was not added: node signing public-key artifact is absent — continuing with configured trusted identities
.
Finished in 0.04 seconds (0.00s async, 0.04s sync)
3 tests, 0 failures, 2 excluded
Running ExUnit with seed: 581583, max_cases: 8
Excluding tags: [:test]
Including tags: [location: {"test/commonplace/cli/snapshot_test.exs", 114}]

CX_SNAPMECH cwd="/home/jes/sol-snapshot-repro/wt/apps/commonplace_cli" configured="tmp/test_data" configured_read=%{compact: [], count: 4, ls: {:ok, ["node_id", "secrets", "commits", "commits.lock"]}, exists?: true} commit_store_pid=#PID<0.279.0> commit_store_state_shape={true, [:data_dir, :db, :invariant_dispatcher, :local_write_gate, :lock_ref, :name, :pending_imports, :queue_poller, :trust_side_store]} cubdb_pid=#PID<0.282.0> cubdb_state_shape=CubDB.State cubdb_data_dir="tmp/test_data/commits" cubdb_read=%{compact: ["29.compact"], count: 2, ls: {:ok, ["28.cub", "29.compact"]}, exists?: true}
06:05:44.584 [error] local node self-trust was not added: node signing public-key artifact is absent — continuing with configured trusted identities
06:05:44.591 [error] local node self-trust was not added: node signing public-key artifact is absent — continuing with configured trusted identities
06:05:44.600 [error] local node self-trust was not added: node signing public-key artifact is absent — continuing with configured trusted identities
06:05:44.617 [error] local node self-trust was not added: node signing public-key artifact is absent — continuing with configured trusted identities
.
Finished in 0.05 seconds (0.00s async, 0.05s sync)
3 tests, 0 failures, 2 excluded
Running ExUnit with seed: 635108, max_cases: 8
Excluding tags: [:test]
Including tags: [location: {"test/commonplace/cli/snapshot_test.exs", 114}]

CX_SNAPMECH cwd="/home/jes/sol-snapshot-repro/wt/apps/commonplace_cli" configured="tmp/test_data" configured_read=%{compact: [], count: 4, ls: {:ok, ["node_id", "secrets", "commits", "commits.lock"]}, exists?: true} commit_store_pid=#PID<0.279.0> commit_store_state_shape={true, [:data_dir, :db, :invariant_dispatcher, :local_write_gate, :lock_ref, :name, :pending_imports, :queue_poller, :trust_side_store]} cubdb_pid=#PID<0.282.0> cubdb_state_shape=CubDB.State cubdb_data_dir="tmp/test_data/commits" cubdb_read=%{compact: ["29.compact"], count: 2, ls: {:ok, ["28.cub", "29.compact"]}, exists?: true}
06:05:44.641 [error] local node self-trust was not added: node signing public-key artifact is absent — continuing with configured trusted identities
06:05:44.649 [error] local node self-trust was not added: node signing public-key artifact is absent — continuing with configured trusted identities
06:05:44.656 [error] local node self-trust was not added: node signing public-key artifact is absent — continuing with configured trusted identities
06:05:44.676 [error] local node self-trust was not added: node signing public-key artifact is absent — continuing with configured trusted identities
.
Finished in 0.04 seconds (0.00s async, 0.04s sync)
3 tests, 0 failures, 2 excluded
Running ExUnit with seed: 686175, max_cases: 8
Excluding tags: [:test]
Including tags: [location: {"test/commonplace/cli/snapshot_test.exs", 114}]

CX_SNAPMECH cwd="/home/jes/sol-snapshot-repro/wt/apps/commonplace_cli" configured="tmp/test_data" configured_read=%{compact: [], count: 4, ls: {:ok, ["node_id", "secrets", "commits", "commits.lock"]}, exists?: true} commit_store_pid=#PID<0.279.0> commit_store_state_shape={true, [:data_dir, :db, :invariant_dispatcher, :local_write_gate, :lock_ref, :name, :pending_imports, :queue_poller, :trust_side_store]} cubdb_pid=#PID<0.282.0> cubdb_state_shape=CubDB.State cubdb_data_dir="tmp/test_data/commits" cubdb_read=%{compact: ["29.compact"], count: 2, ls: {:ok, ["28.cub", "29.compact"]}, exists?: true}
06:05:44.693 [error] local node self-trust was not added: node signing public-key artifact is absent — continuing with configured trusted identities
06:05:44.703 [error] local node self-trust was not added: node signing public-key artifact is absent — continuing with configured trusted identities
06:05:44.709 [error] local node self-trust was not added: node signing public-key artifact is absent — continuing with configured trusted identities
06:05:44.730 [error] local node self-trust was not added: node signing public-key artifact is absent — continuing with configured trusted identities
.
Finished in 0.05 seconds (0.00s async, 0.05s sync)
3 tests, 0 failures, 2 excluded
Running ExUnit with seed: 738473, max_cases: 8
Excluding tags: [:test]
Including tags: [location: {"test/commonplace/cli/snapshot_test.exs", 114}]

CX_SNAPMECH cwd="/home/jes/sol-snapshot-repro/wt/apps/commonplace_cli" configured="tmp/test_data" configured_read=%{compact: [], count: 4, ls: {:ok, ["node_id", "secrets", "commits", "commits.lock"]}, exists?: true} commit_store_pid=#PID<0.279.0> commit_store_state_shape={true, [:data_dir, :db, :invariant_dispatcher, :local_write_gate, :lock_ref, :name, :pending_imports, :queue_poller, :trust_side_store]} cubdb_pid=#PID<0.282.0> cubdb_state_shape=CubDB.State cubdb_data_dir="tmp/test_data/commits" cubdb_read=%{compact: ["29.compact"], count: 2, ls: {:ok, ["28.cub", "29.compact"]}, exists?: true}
06:05:44.740 [error] local node self-trust was not added: node signing public-key artifact is absent — continuing with configured trusted identities
06:05:44.746 [error] local node self-trust was not added: node signing public-key artifact is absent — continuing with configured trusted identities
06:05:44.751 [error] local node self-trust was not added: node signing public-key artifact is absent — continuing with configured trusted identities
06:05:44.760 [error] local node self-trust was not added: node signing public-key artifact is absent — continuing with configured trusted identities
.
Finished in 0.02 seconds (0.00s async, 0.02s sync)
3 tests, 0 failures, 2 excluded
Running ExUnit with seed: 769284, max_cases: 8
Excluding tags: [:test]
Including tags: [location: {"test/commonplace/cli/snapshot_test.exs", 114}]

CX_SNAPMECH cwd="/home/jes/sol-snapshot-repro/wt/apps/commonplace_cli" configured="tmp/test_data" configured_read=%{compact: [], count: 4, ls: {:ok, ["node_id", "secrets", "commits", "commits.lock"]}, exists?: true} commit_store_pid=#PID<0.279.0> commit_store_state_shape={true, [:data_dir, :db, :invariant_dispatcher, :local_write_gate, :lock_ref, :name, :pending_imports, :queue_poller, :trust_side_store]} cubdb_pid=#PID<0.282.0> cubdb_state_shape=CubDB.State cubdb_data_dir="tmp/test_data/commits" cubdb_read=%{compact: ["29.compact"], count: 2, ls: {:ok, ["28.cub", "29.compact"]}, exists?: true}
06:05:44.775 [error] local node self-trust was not added: node signing public-key artifact is absent — continuing with configured trusted identities
06:05:44.790 [error] local node self-trust was not added: node signing public-key artifact is absent — continuing with configured trusted identities
06:05:44.798 [error] local node self-trust was not added: node signing public-key artifact is absent — continuing with configured trusted identities
06:05:44.811 [error] local node self-trust was not added: node signing public-key artifact is absent — continuing with configured trusted identities
.
Finished in 0.05 seconds (0.00s async, 0.05s sync)
3 tests, 0 failures, 2 excluded
Running ExUnit with seed: 823483, max_cases: 8
Excluding tags: [:test]
Including tags: [location: {"test/commonplace/cli/snapshot_test.exs", 114}]

CX_SNAPMECH cwd="/home/jes/sol-snapshot-repro/wt/apps/commonplace_cli" configured="tmp/test_data" configured_read=%{compact: [], count: 4, ls: {:ok, ["node_id", "secrets", "commits", "commits.lock"]}, exists?: true} commit_store_pid=#PID<0.279.0> commit_store_state_shape={true, [:data_dir, :db, :invariant_dispatcher, :local_write_gate, :lock_ref, :name, :pending_imports, :queue_poller, :trust_side_store]} cubdb_pid=#PID<0.282.0> cubdb_state_shape=CubDB.State cubdb_data_dir="tmp/test_data/commits" cubdb_read=%{compact: ["29.compact"], count: 2, ls: {:ok, ["28.cub", "29.compact"]}, exists?: true}
06:05:44.826 [error] local node self-trust was not added: node signing public-key artifact is absent — continuing with configured trusted identities
06:05:44.838 [error] local node self-trust was not added: node signing public-key artifact is absent — continuing with configured trusted identities
06:05:44.847 [error] local node self-trust was not added: node signing public-key artifact is absent — continuing with configured trusted identities
06:05:44.865 [error] local node self-trust was not added: node signing public-key artifact is absent — continuing with configured trusted identities
.
Finished in 0.04 seconds (0.00s async, 0.04s sync)
3 tests, 0 failures, 2 excluded
Running ExUnit with seed: 875092, max_cases: 8
Excluding tags: [:test]
Including tags: [location: {"test/commonplace/cli/snapshot_test.exs", 114}]

CX_SNAPMECH cwd="/home/jes/sol-snapshot-repro/wt/apps/commonplace_cli" configured="tmp/test_data" configured_read=%{compact: [], count: 4, ls: {:ok, ["node_id", "secrets", "commits", "commits.lock"]}, exists?: true} commit_store_pid=#PID<0.279.0> commit_store_state_shape={true, [:data_dir, :db, :invariant_dispatcher, :local_write_gate, :lock_ref, :name, :pending_imports, :queue_poller, :trust_side_store]} cubdb_pid=#PID<0.282.0> cubdb_state_shape=CubDB.State cubdb_data_dir="tmp/test_data/commits" cubdb_read=%{compact: ["29.compact"], count: 2, ls: {:ok, ["28.cub", "29.compact"]}, exists?: true}
06:05:44.879 [error] local node self-trust was not added: node signing public-key artifact is absent — continuing with configured trusted identities
06:05:44.885 [error] local node self-trust was not added: node signing public-key artifact is absent — continuing with configured trusted identities
06:05:44.892 [error] local node self-trust was not added: node signing public-key artifact is absent — continuing with configured trusted identities
06:05:44.908 [error] local node self-trust was not added: node signing public-key artifact is absent — continuing with configured trusted identities
.
Finished in 0.04 seconds (0.00s async, 0.04s sync)
3 tests, 0 failures, 2 excluded
Running ExUnit with seed: 921012, max_cases: 8
Excluding tags: [:test]
Including tags: [location: {"test/commonplace/cli/snapshot_test.exs", 114}]

CX_SNAPMECH cwd="/home/jes/sol-snapshot-repro/wt/apps/commonplace_cli" configured="tmp/test_data" configured_read=%{compact: [], count: 4, ls: {:ok, ["node_id", "secrets", "commits", "commits.lock"]}, exists?: true} commit_store_pid=#PID<0.279.0> commit_store_state_shape={true, [:data_dir, :db, :invariant_dispatcher, :local_write_gate, :lock_ref, :name, :pending_imports, :queue_poller, :trust_side_store]} cubdb_pid=#PID<0.282.0> cubdb_state_shape=CubDB.State cubdb_data_dir="tmp/test_data/commits" cubdb_read=%{compact: ["29.compact"], count: 2, ls: {:ok, ["28.cub", "29.compact"]}, exists?: true}
06:05:44.923 [error] local node self-trust was not added: node signing public-key artifact is absent — continuing with configured trusted identities
06:05:44.930 [error] local node self-trust was not added: node signing public-key artifact is absent — continuing with configured trusted identities
06:05:44.934 [error] local node self-trust was not added: node signing public-key artifact is absent — continuing with configured trusted identities
06:05:44.947 [error] local node self-trust was not added: node signing public-key artifact is absent — continuing with configured trusted identities
.
Finished in 0.03 seconds (0.00s async, 0.03s sync)
3 tests, 0 failures, 2 excluded
Running ExUnit with seed: 955947, max_cases: 8
Excluding tags: [:test]
Including tags: [location: {"test/commonplace/cli/snapshot_test.exs", 114}]

CX_SNAPMECH cwd="/home/jes/sol-snapshot-repro/wt/apps/commonplace_cli" configured="tmp/test_data" configured_read=%{compact: [], count: 4, ls: {:ok, ["node_id", "secrets", "commits", "commits.lock"]}, exists?: true} commit_store_pid=#PID<0.279.0> commit_store_state_shape={true, [:data_dir, :db, :invariant_dispatcher, :local_write_gate, :lock_ref, :name, :pending_imports, :queue_poller, :trust_side_store]} cubdb_pid=#PID<0.282.0> cubdb_state_shape=CubDB.State cubdb_data_dir="tmp/test_data/commits" cubdb_read=%{compact: ["29.compact"], count: 2, ls: {:ok, ["28.cub", "29.compact"]}, exists?: true}
06:05:44.958 [error] local node self-trust was not added: node signing public-key artifact is absent — continuing with configured trusted identities
06:05:44.964 [error] local node self-trust was not added: node signing public-key artifact is absent — continuing with configured trusted identities
06:05:44.968 [error] local node self-trust was not added: node signing public-key artifact is absent — continuing with configured trusted identities
06:05:44.980 [error] local node self-trust was not added: node signing public-key artifact is absent — continuing with configured trusted identities
.
Finished in 0.03 seconds (0.00s async, 0.03s sync)
3 tests, 0 failures, 2 excluded
Running ExUnit with seed: 989839, max_cases: 8
Excluding tags: [:test]
Including tags: [location: {"test/commonplace/cli/snapshot_test.exs", 114}]

CX_SNAPMECH cwd="/home/jes/sol-snapshot-repro/wt/apps/commonplace_cli" configured="tmp/test_data" configured_read=%{compact: [], count: 4, ls: {:ok, ["node_id", "secrets", "commits", "commits.lock"]}, exists?: true} commit_store_pid=#PID<0.279.0> commit_store_state_shape={true, [:data_dir, :db, :invariant_dispatcher, :local_write_gate, :lock_ref, :name, :pending_imports, :queue_poller, :trust_side_store]} cubdb_pid=#PID<0.282.0> cubdb_state_shape=CubDB.State cubdb_data_dir="tmp/test_data/commits" cubdb_read=%{compact: ["29.compact"], count: 2, ls: {:ok, ["28.cub", "29.compact"]}, exists?: true}
06:05:44.992 [error] local node self-trust was not added: node signing public-key artifact is absent — continuing with configured trusted identities
06:05:44.999 [error] local node self-trust was not added: node signing public-key artifact is absent — continuing with configured trusted identities
06:05:45.005 [error] local node self-trust was not added: node signing public-key artifact is absent — continuing with configured trusted identities
06:05:45.015 [error] local node self-trust was not added: node signing public-key artifact is absent — continuing with configured trusted identities
.
Finished in 0.03 seconds (0.00s async, 0.03s sync)
3 tests, 0 failures, 2 excluded
Running ExUnit with seed: 26154, max_cases: 8
Excluding tags: [:test]
Including tags: [location: {"test/commonplace/cli/snapshot_test.exs", 114}]

CX_SNAPMECH cwd="/home/jes/sol-snapshot-repro/wt/apps/commonplace_cli" configured="tmp/test_data" configured_read=%{compact: [], count: 4, ls: {:ok, ["node_id", "secrets", "commits", "commits.lock"]}, exists?: true} commit_store_pid=#PID<0.279.0> commit_store_state_shape={true, [:data_dir, :db, :invariant_dispatcher, :local_write_gate, :lock_ref, :name, :pending_imports, :queue_poller, :trust_side_store]} cubdb_pid=#PID<0.282.0> cubdb_state_shape=CubDB.State cubdb_data_dir="tmp/test_data/commits" cubdb_read=%{compact: ["29.compact"], count: 2, ls: {:ok, ["28.cub", "29.compact"]}, exists?: true}
06:05:45.029 [error] local node self-trust was not added: node signing public-key artifact is absent — continuing with configured trusted identities
06:05:45.040 [error] local node self-trust was not added: node signing public-key artifact is absent — continuing with configured trusted identities
06:05:45.046 [error] local node self-trust was not added: node signing public-key artifact is absent — continuing with configured trusted identities
06:05:45.068 [error] local node self-trust was not added: node signing public-key artifact is absent — continuing with configured trusted identities
.
Finished in 0.04 seconds (0.00s async, 0.04s sync)
3 tests, 0 failures, 2 excluded
Running ExUnit with seed: 76172, max_cases: 8
Excluding tags: [:test]
Including tags: [location: {"test/commonplace/cli/snapshot_test.exs", 114}]

CX_SNAPMECH cwd="/home/jes/sol-snapshot-repro/wt/apps/commonplace_cli" configured="tmp/test_data" configured_read=%{compact: [], count: 4, ls: {:ok, ["node_id", "secrets", "commits", "commits.lock"]}, exists?: true} commit_store_pid=#PID<0.279.0> commit_store_state_shape={true, [:data_dir, :db, :invariant_dispatcher, :local_write_gate, :lock_ref, :name, :pending_imports, :queue_poller, :trust_side_store]} cubdb_pid=#PID<0.282.0> cubdb_state_shape=CubDB.State cubdb_data_dir="tmp/test_data/commits" cubdb_read=%{compact: ["29.compact"], count: 2, ls: {:ok, ["28.cub", "29.compact"]}, exists?: true}
06:05:45.083 [error] local node self-trust was not added: node signing public-key artifact is absent — continuing with configured trusted identities
06:05:45.094 [error] local node self-trust was not added: node signing public-key artifact is absent — continuing with configured trusted identities
06:05:45.102 [error] local node self-trust was not added: node signing public-key artifact is absent — continuing with configured trusted identities
06:05:45.122 [error] local node self-trust was not added: node signing public-key artifact is absent — continuing with configured trusted identities
.
Finished in 0.05 seconds (0.00s async, 0.05s sync)
3 tests, 0 failures, 2 excluded
Running ExUnit with seed: 135218, max_cases: 8
Excluding tags: [:test]
Including tags: [location: {"test/commonplace/cli/snapshot_test.exs", 114}]

CX_SNAPMECH cwd="/home/jes/sol-snapshot-repro/wt/apps/commonplace_cli" configured="tmp/test_data" configured_read=%{compact: [], count: 4, ls: {:ok, ["node_id", "secrets", "commits", "commits.lock"]}, exists?: true} commit_store_pid=#PID<0.279.0> commit_store_state_shape={true, [:data_dir, :db, :invariant_dispatcher, :local_write_gate, :lock_ref, :name, :pending_imports, :queue_poller, :trust_side_store]} cubdb_pid=#PID<0.282.0> cubdb_state_shape=CubDB.State cubdb_data_dir="tmp/test_data/commits" cubdb_read=%{compact: ["29.compact"], count: 2, ls: {:ok, ["28.cub", "29.compact"]}, exists?: true}
06:05:45.138 [error] local node self-trust was not added: node signing public-key artifact is absent — continuing with configured trusted identities
06:05:45.145 [error] local node self-trust was not added: node signing public-key artifact is absent — continuing with configured trusted identities
06:05:45.153 [error] local node self-trust was not added: node signing public-key artifact is absent — continuing with configured trusted identities
06:05:45.168 [error] local node self-trust was not added: node signing public-key artifact is absent — continuing with configured trusted identities
.
Finished in 0.04 seconds (0.00s async, 0.04s sync)
3 tests, 0 failures, 2 excluded
Running ExUnit with seed: 181239, max_cases: 8
Excluding tags: [:test]
Including tags: [location: {"test/commonplace/cli/snapshot_test.exs", 114}]

CX_SNAPMECH cwd="/home/jes/sol-snapshot-repro/wt/apps/commonplace_cli" configured="tmp/test_data" configured_read=%{compact: [], count: 4, ls: {:ok, ["node_id", "secrets", "commits", "commits.lock"]}, exists?: true} commit_store_pid=#PID<0.279.0> commit_store_state_shape={true, [:data_dir, :db, :invariant_dispatcher, :local_write_gate, :lock_ref, :name, :pending_imports, :queue_poller, :trust_side_store]} cubdb_pid=#PID<0.282.0> cubdb_state_shape=CubDB.State cubdb_data_dir="tmp/test_data/commits" cubdb_read=%{compact: ["29.compact"], count: 2, ls: {:ok, ["28.cub", "29.compact"]}, exists?: true}
06:05:45.185 [error] local node self-trust was not added: node signing public-key artifact is absent — continuing with configured trusted identities
06:05:45.205 [error] local node self-trust was not added: node signing public-key artifact is absent — continuing with configured trusted identities
06:05:45.222 [error] local node self-trust was not added: node signing public-key artifact is absent — continuing with configured trusted identities
06:05:45.247 [error] local node self-trust was not added: node signing public-key artifact is absent — continuing with configured trusted identities
.
Finished in 0.07 seconds (0.00s async, 0.07s sync)
3 tests, 0 failures, 2 excluded
Running ExUnit with seed: 256362, max_cases: 8
Excluding tags: [:test]
Including tags: [location: {"test/commonplace/cli/snapshot_test.exs", 114}]

CX_SNAPMECH cwd="/home/jes/sol-snapshot-repro/wt/apps/commonplace_cli" configured="tmp/test_data" configured_read=%{compact: [], count: 4, ls: {:ok, ["node_id", "secrets", "commits", "commits.lock"]}, exists?: true} commit_store_pid=#PID<0.279.0> commit_store_state_shape={true, [:data_dir, :db, :invariant_dispatcher, :local_write_gate, :lock_ref, :name, :pending_imports, :queue_poller, :trust_side_store]} cubdb_pid=#PID<0.282.0> cubdb_state_shape=CubDB.State cubdb_data_dir="tmp/test_data/commits" cubdb_read=%{compact: ["29.compact"], count: 2, ls: {:ok, ["28.cub", "29.compact"]}, exists?: true}
06:05:45.262 [error] local node self-trust was not added: node signing public-key artifact is absent — continuing with configured trusted identities
06:05:45.272 [error] local node self-trust was not added: node signing public-key artifact is absent — continuing with configured trusted identities
06:05:45.278 [error] local node self-trust was not added: node signing public-key artifact is absent — continuing with configured trusted identities
06:05:45.289 [error] local node self-trust was not added: node signing public-key artifact is absent — continuing with configured trusted identities
.
Finished in 0.03 seconds (0.00s async, 0.03s sync)
3 tests, 0 failures, 2 excluded
Running ExUnit with seed: 298149, max_cases: 8
Excluding tags: [:test]
Including tags: [location: {"test/commonplace/cli/snapshot_test.exs", 114}]

CX_SNAPMECH cwd="/home/jes/sol-snapshot-repro/wt/apps/commonplace_cli" configured="tmp/test_data" configured_read=%{compact: [], count: 4, ls: {:ok, ["node_id", "secrets", "commits", "commits.lock"]}, exists?: true} commit_store_pid=#PID<0.279.0> commit_store_state_shape={true, [:data_dir, :db, :invariant_dispatcher, :local_write_gate, :lock_ref, :name, :pending_imports, :queue_poller, :trust_side_store]} cubdb_pid=#PID<0.282.0> cubdb_state_shape=CubDB.State cubdb_data_dir="tmp/test_data/commits" cubdb_read=%{compact: ["29.compact"], count: 2, ls: {:ok, ["28.cub", "29.compact"]}, exists?: true}
06:05:45.301 [error] local node self-trust was not added: node signing public-key artifact is absent — continuing with configured trusted identities
06:05:45.306 [error] local node self-trust was not added: node signing public-key artifact is absent — continuing with configured trusted identities
06:05:45.313 [error] local node self-trust was not added: node signing public-key artifact is absent — continuing with configured trusted identities
06:05:45.325 [error] local node self-trust was not added: node signing public-key artifact is absent — continuing with configured trusted identities
.
Finished in 0.03 seconds (0.00s async, 0.03s sync)
3 tests, 0 failures, 2 excluded
Running ExUnit with seed: 338971, max_cases: 8
Excluding tags: [:test]
Including tags: [location: {"test/commonplace/cli/snapshot_test.exs", 114}]

CX_SNAPMECH cwd="/home/jes/sol-snapshot-repro/wt/apps/commonplace_cli" configured="tmp/test_data" configured_read=%{compact: [], count: 4, ls: {:ok, ["node_id", "secrets", "commits", "commits.lock"]}, exists?: true} commit_store_pid=#PID<0.279.0> commit_store_state_shape={true, [:data_dir, :db, :invariant_dispatcher, :local_write_gate, :lock_ref, :name, :pending_imports, :queue_poller, :trust_side_store]} cubdb_pid=#PID<0.282.0> cubdb_state_shape=CubDB.State cubdb_data_dir="tmp/test_data/commits" cubdb_read=%{compact: ["29.compact"], count: 2, ls: {:ok, ["28.cub", "29.compact"]}, exists?: true}
06:05:45.342 [error] local node self-trust was not added: node signing public-key artifact is absent — continuing with configured trusted identities
06:05:45.351 [error] local node self-trust was not added: node signing public-key artifact is absent — continuing with configured trusted identities
06:05:45.360 [error] local node self-trust was not added: node signing public-key artifact is absent — continuing with configured trusted identities
06:05:45.374 [error] local node self-trust was not added: node signing public-key artifact is absent — continuing with configured trusted identities
.
Finished in 0.04 seconds (0.00s async, 0.04s sync)
3 tests, 0 failures, 2 excluded
Running ExUnit with seed: 381788, max_cases: 8
Excluding tags: [:test]
Including tags: [location: {"test/commonplace/cli/snapshot_test.exs", 114}]

CX_SNAPMECH cwd="/home/jes/sol-snapshot-repro/wt/apps/commonplace_cli" configured="tmp/test_data" configured_read=%{compact: [], count: 4, ls: {:ok, ["node_id", "secrets", "commits", "commits.lock"]}, exists?: true} commit_store_pid=#PID<0.279.0> commit_store_state_shape={true, [:data_dir, :db, :invariant_dispatcher, :local_write_gate, :lock_ref, :name, :pending_imports, :queue_poller, :trust_side_store]} cubdb_pid=#PID<0.282.0> cubdb_state_shape=CubDB.State cubdb_data_dir="tmp/test_data/commits" cubdb_read=%{compact: ["29.compact"], count: 2, ls: {:ok, ["28.cub", "29.compact"]}, exists?: true}
06:05:45.383 [error] local node self-trust was not added: node signing public-key artifact is absent — continuing with configured trusted identities
06:05:45.390 [error] local node self-trust was not added: node signing public-key artifact is absent — continuing with configured trusted identities
06:05:45.398 [error] local node self-trust was not added: node signing public-key artifact is absent — continuing with configured trusted identities
06:05:45.410 [error] local node self-trust was not added: node signing public-key artifact is absent — continuing with configured trusted identities
.
Finished in 0.03 seconds (0.00s async, 0.03s sync)
3 tests, 0 failures, 2 excluded
Running ExUnit with seed: 417596, max_cases: 8
Excluding tags: [:test]
Including tags: [location: {"test/commonplace/cli/snapshot_test.exs", 114}]

CX_SNAPMECH cwd="/home/jes/sol-snapshot-repro/wt/apps/commonplace_cli" configured="tmp/test_data" configured_read=%{compact: [], count: 4, ls: {:ok, ["node_id", "secrets", "commits", "commits.lock"]}, exists?: true} commit_store_pid=#PID<0.279.0> commit_store_state_shape={true, [:data_dir, :db, :invariant_dispatcher, :local_write_gate, :lock_ref, :name, :pending_imports, :queue_poller, :trust_side_store]} cubdb_pid=#PID<0.282.0> cubdb_state_shape=CubDB.State cubdb_data_dir="tmp/test_data/commits" cubdb_read=%{compact: ["29.compact"], count: 2, ls: {:ok, ["28.cub", "29.compact"]}, exists?: true}
06:05:45.420 [error] local node self-trust was not added: node signing public-key artifact is absent — continuing with configured trusted identities
06:05:45.426 [error] local node self-trust was not added: node signing public-key artifact is absent — continuing with configured trusted identities
06:05:45.429 [error] local node self-trust was not added: node signing public-key artifact is absent — continuing with configured trusted identities
06:05:45.436 [error] local node self-trust was not added: node signing public-key artifact is absent — continuing with configured trusted identities
.
Finished in 0.02 seconds (0.00s async, 0.02s sync)
3 tests, 0 failures, 2 excluded
Running ExUnit with seed: 445618, max_cases: 8
Excluding tags: [:test]
Including tags: [location: {"test/commonplace/cli/snapshot_test.exs", 114}]

CX_SNAPMECH cwd="/home/jes/sol-snapshot-repro/wt/apps/commonplace_cli" configured="tmp/test_data" configured_read=%{compact: [], count: 4, ls: {:ok, ["node_id", "secrets", "commits", "commits.lock"]}, exists?: true} commit_store_pid=#PID<0.279.0> commit_store_state_shape={true, [:data_dir, :db, :invariant_dispatcher, :local_write_gate, :lock_ref, :name, :pending_imports, :queue_poller, :trust_side_store]} cubdb_pid=#PID<0.282.0> cubdb_state_shape=CubDB.State cubdb_data_dir="tmp/test_data/commits" cubdb_read=%{compact: ["29.compact"], count: 2, ls: {:ok, ["28.cub", "29.compact"]}, exists?: true}
06:05:45.447 [error] local node self-trust was not added: node signing public-key artifact is absent — continuing with configured trusted identities
06:05:45.462 [error] local node self-trust was not added: node signing public-key artifact is absent — continuing with configured trusted identities
06:05:45.471 [error] local node self-trust was not added: node signing public-key artifact is absent — continuing with configured trusted identities
06:05:45.490 [error] local node self-trust was not added: node signing public-key artifact is absent — continuing with configured trusted identities
.
Finished in 0.05 seconds (0.00s async, 0.05s sync)
3 tests, 0 failures, 2 excluded
Running ExUnit with seed: 499952, max_cases: 8
Excluding tags: [:test]
Including tags: [location: {"test/commonplace/cli/snapshot_test.exs", 114}]

CX_SNAPMECH cwd="/home/jes/sol-snapshot-repro/wt/apps/commonplace_cli" configured="tmp/test_data" configured_read=%{compact: [], count: 4, ls: {:ok, ["node_id", "secrets", "commits", "commits.lock"]}, exists?: true} commit_store_pid=#PID<0.279.0> commit_store_state_shape={true, [:data_dir, :db, :invariant_dispatcher, :local_write_gate, :lock_ref, :name, :pending_imports, :queue_poller, :trust_side_store]} cubdb_pid=#PID<0.282.0> cubdb_state_shape=CubDB.State cubdb_data_dir="tmp/test_data/commits" cubdb_read=%{compact: ["29.compact"], count: 2, ls: {:ok, ["28.cub", "29.compact"]}, exists?: true}
06:05:45.502 [error] local node self-trust was not added: node signing public-key artifact is absent — continuing with configured trusted identities
06:05:45.512 [error] local node self-trust was not added: node signing public-key artifact is absent — continuing with configured trusted identities
06:05:45.522 [error] local node self-trust was not added: node signing public-key artifact is absent — continuing with configured trusted identities
06:05:45.537 [error] local node self-trust was not added: node signing public-key artifact is absent — continuing with configured trusted identities
.
Finished in 0.04 seconds (0.00s async, 0.04s sync)
3 tests, 0 failures, 2 excluded
Running ExUnit with seed: 546014, max_cases: 8
Excluding tags: [:test]
Including tags: [location: {"test/commonplace/cli/snapshot_test.exs", 114}]

CX_SNAPMECH cwd="/home/jes/sol-snapshot-repro/wt/apps/commonplace_cli" configured="tmp/test_data" configured_read=%{compact: [], count: 4, ls: {:ok, ["node_id", "secrets", "commits", "commits.lock"]}, exists?: true} commit_store_pid=#PID<0.279.0> commit_store_state_shape={true, [:data_dir, :db, :invariant_dispatcher, :local_write_gate, :lock_ref, :name, :pending_imports, :queue_poller, :trust_side_store]} cubdb_pid=#PID<0.282.0> cubdb_state_shape=CubDB.State cubdb_data_dir="tmp/test_data/commits" cubdb_read=%{compact: ["29.compact"], count: 2, ls: {:ok, ["28.cub", "29.compact"]}, exists?: true}
06:05:45.547 [error] local node self-trust was not added: node signing public-key artifact is absent — continuing with configured trusted identities
06:05:45.554 [error] local node self-trust was not added: node signing public-key artifact is absent — continuing with configured trusted identities
06:05:45.566 [error] local node self-trust was not added: node signing public-key artifact is absent — continuing with configured trusted identities
06:05:45.583 [error] local node self-trust was not added: node signing public-key artifact is absent — continuing with configured trusted identities
.
Finished in 0.04 seconds (0.00s async, 0.04s sync)
3 tests, 0 failures, 2 excluded
Running ExUnit with seed: 592913, max_cases: 8
Excluding tags: [:test]
Including tags: [location: {"test/commonplace/cli/snapshot_test.exs", 114}]

CX_SNAPMECH cwd="/home/jes/sol-snapshot-repro/wt/apps/commonplace_cli" configured="tmp/test_data" configured_read=%{compact: [], count: 4, ls: {:ok, ["node_id", "secrets", "commits", "commits.lock"]}, exists?: true} commit_store_pid=#PID<0.279.0> commit_store_state_shape={true, [:data_dir, :db, :invariant_dispatcher, :local_write_gate, :lock_ref, :name, :pending_imports, :queue_poller, :trust_side_store]} cubdb_pid=#PID<0.282.0> cubdb_state_shape=CubDB.State cubdb_data_dir="tmp/test_data/commits" cubdb_read=%{compact: ["29.compact"], count: 2, ls: {:ok, ["28.cub", "29.compact"]}, exists?: true}
06:05:45.595 [error] local node self-trust was not added: node signing public-key artifact is absent — continuing with configured trusted identities
06:05:45.600 [error] local node self-trust was not added: node signing public-key artifact is absent — continuing with configured trusted identities
06:05:45.607 [error] local node self-trust was not added: node signing public-key artifact is absent — continuing with configured trusted identities
06:05:45.630 [error] local node self-trust was not added: node signing public-key artifact is absent — continuing with configured trusted identities
.
Finished in 0.04 seconds (0.00s async, 0.04s sync)
3 tests, 0 failures, 2 excluded
Running ExUnit with seed: 638179, max_cases: 8
Excluding tags: [:test]
Including tags: [location: {"test/commonplace/cli/snapshot_test.exs", 114}]

CX_SNAPMECH cwd="/home/jes/sol-snapshot-repro/wt/apps/commonplace_cli" configured="tmp/test_data" configured_read=%{compact: [], count: 4, ls: {:ok, ["node_id", "secrets", "commits", "commits.lock"]}, exists?: true} commit_store_pid=#PID<0.279.0> commit_store_state_shape={true, [:data_dir, :db, :invariant_dispatcher, :local_write_gate, :lock_ref, :name, :pending_imports, :queue_poller, :trust_side_store]} cubdb_pid=#PID<0.282.0> cubdb_state_shape=CubDB.State cubdb_data_dir="tmp/test_data/commits" cubdb_read=%{compact: [], count: 1, ls: {:ok, ["29.cub"]}, exists?: true}
06:05:45.639 [error] local node self-trust was not added: node signing public-key artifact is absent — continuing with configured trusted identities
06:05:45.643 [error] local node self-trust was not added: node signing public-key artifact is absent — continuing with configured trusted identities
06:05:45.647 [error] local node self-trust was not added: node signing public-key artifact is absent — continuing with configured trusted identities
06:05:45.659 [error] local node self-trust was not added: node signing public-key artifact is absent — continuing with configured trusted identities
.
Finished in 0.02 seconds (0.00s async, 0.02s sync)
3 tests, 0 failures, 2 excluded
Running ExUnit with seed: 665263, max_cases: 8
Excluding tags: [:test]
Including tags: [location: {"test/commonplace/cli/snapshot_test.exs", 114}]

CX_SNAPMECH cwd="/home/jes/sol-snapshot-repro/wt/apps/commonplace_cli" configured="tmp/test_data" configured_read=%{compact: [], count: 4, ls: {:ok, ["node_id", "secrets", "commits", "commits.lock"]}, exists?: true} commit_store_pid=#PID<0.279.0> commit_store_state_shape={true, [:data_dir, :db, :invariant_dispatcher, :local_write_gate, :lock_ref, :name, :pending_imports, :queue_poller, :trust_side_store]} cubdb_pid=#PID<0.282.0> cubdb_state_shape=CubDB.State cubdb_data_dir="tmp/test_data/commits" cubdb_read=%{compact: [], count: 1, ls: {:ok, ["29.cub"]}, exists?: true}
06:05:45.676 [error] local node self-trust was not added: node signing public-key artifact is absent — continuing with configured trusted identities
06:05:45.680 [error] local node self-trust was not added: node signing public-key artifact is absent — continuing with configured trusted identities
06:05:45.684 [error] local node self-trust was not added: node signing public-key artifact is absent — continuing with configured trusted identities
06:05:45.691 [error] local node self-trust was not added: node signing public-key artifact is absent — continuing with configured trusted identities
.
Finished in 0.02 seconds (0.00s async, 0.02s sync)
3 tests, 0 failures, 2 excluded
Running ExUnit with seed: 695427, max_cases: 8
Excluding tags: [:test]
Including tags: [location: {"test/commonplace/cli/snapshot_test.exs", 114}]

CX_SNAPMECH cwd="/home/jes/sol-snapshot-repro/wt/apps/commonplace_cli" configured="tmp/test_data" configured_read=%{compact: [], count: 4, ls: {:ok, ["node_id", "secrets", "commits", "commits.lock"]}, exists?: true} commit_store_pid=#PID<0.279.0> commit_store_state_shape={true, [:data_dir, :db, :invariant_dispatcher, :local_write_gate, :lock_ref, :name, :pending_imports, :queue_poller, :trust_side_store]} cubdb_pid=#PID<0.282.0> cubdb_state_shape=CubDB.State cubdb_data_dir="tmp/test_data/commits" cubdb_read=%{compact: [], count: 1, ls: {:ok, ["29.cub"]}, exists?: true}
06:05:45.697 [error] local node self-trust was not added: node signing public-key artifact is absent — continuing with configured trusted identities
06:05:45.701 [error] local node self-trust was not added: node signing public-key artifact is absent — continuing with configured trusted identities
06:05:45.706 [error] local node self-trust was not added: node signing public-key artifact is absent — continuing with configured trusted identities
06:05:45.716 [error] local node self-trust was not added: node signing public-key artifact is absent — continuing with configured trusted identities
.
Finished in 0.02 seconds (0.00s async, 0.02s sync)
3 tests, 0 failures, 2 excluded
Running ExUnit with seed: 724617, max_cases: 8
Excluding tags: [:test]
Including tags: [location: {"test/commonplace/cli/snapshot_test.exs", 114}]

CX_SNAPMECH cwd="/home/jes/sol-snapshot-repro/wt/apps/commonplace_cli" configured="tmp/test_data" configured_read=%{compact: [], count: 4, ls: {:ok, ["node_id", "secrets", "commits", "commits.lock"]}, exists?: true} commit_store_pid=#PID<0.279.0> commit_store_state_shape={true, [:data_dir, :db, :invariant_dispatcher, :local_write_gate, :lock_ref, :name, :pending_imports, :queue_poller, :trust_side_store]} cubdb_pid=#PID<0.282.0> cubdb_state_shape=CubDB.State cubdb_data_dir="tmp/test_data/commits" cubdb_read=%{compact: [], count: 1, ls: {:ok, ["29.cub"]}, exists?: true}
06:05:45.727 [error] local node self-trust was not added: node signing public-key artifact is absent — continuing with configured trusted identities
06:05:45.732 [error] local node self-trust was not added: node signing public-key artifact is absent — continuing with configured trusted identities
06:05:45.737 [error] local node self-trust was not added: node signing public-key artifact is absent — continuing with configured trusted identities
06:05:45.748 [error] local node self-trust was not added: node signing public-key artifact is absent — continuing with configured trusted identities
.
Finished in 0.02 seconds (0.00s async, 0.02s sync)
3 tests, 0 failures, 2 excluded
Running ExUnit with seed: 754718, max_cases: 8
Excluding tags: [:test]
Including tags: [location: {"test/commonplace/cli/snapshot_test.exs", 114}]

CX_SNAPMECH cwd="/home/jes/sol-snapshot-repro/wt/apps/commonplace_cli" configured="tmp/test_data" configured_read=%{compact: [], count: 4, ls: {:ok, ["node_id", "secrets", "commits", "commits.lock"]}, exists?: true} commit_store_pid=#PID<0.279.0> commit_store_state_shape={true, [:data_dir, :db, :invariant_dispatcher, :local_write_gate, :lock_ref, :name, :pending_imports, :queue_poller, :trust_side_store]} cubdb_pid=#PID<0.282.0> cubdb_state_shape=CubDB.State cubdb_data_dir="tmp/test_data/commits" cubdb_read=%{compact: [], count: 1, ls: {:ok, ["29.cub"]}, exists?: true}
06:05:45.756 [error] local node self-trust was not added: node signing public-key artifact is absent — continuing with configured trusted identities
06:05:45.760 [error] local node self-trust was not added: node signing public-key artifact is absent — continuing with configured trusted identities
06:05:45.765 [error] local node self-trust was not added: node signing public-key artifact is absent — continuing with configured trusted identities
06:05:45.773 [error] local node self-trust was not added: node signing public-key artifact is absent — continuing with configured trusted identities
.
Finished in 0.02 seconds (0.00s async, 0.02s sync)
3 tests, 0 failures, 2 excluded
Running ExUnit with seed: 777081, max_cases: 8
Excluding tags: [:test]
Including tags: [location: {"test/commonplace/cli/snapshot_test.exs", 114}]

CX_SNAPMECH cwd="/home/jes/sol-snapshot-repro/wt/apps/commonplace_cli" configured="tmp/test_data" configured_read=%{compact: [], count: 4, ls: {:ok, ["node_id", "secrets", "commits", "commits.lock"]}, exists?: true} commit_store_pid=#PID<0.279.0> commit_store_state_shape={true, [:data_dir, :db, :invariant_dispatcher, :local_write_gate, :lock_ref, :name, :pending_imports, :queue_poller, :trust_side_store]} cubdb_pid=#PID<0.282.0> cubdb_state_shape=CubDB.State cubdb_data_dir="tmp/test_data/commits" cubdb_read=%{compact: [], count: 1, ls: {:ok, ["29.cub"]}, exists?: true}
06:05:45.778 [error] local node self-trust was not added: node signing public-key artifact is absent — continuing with configured trusted identities
06:05:45.781 [error] local node self-trust was not added: node signing public-key artifact is absent — continuing with configured trusted identities
06:05:45.784 [error] local node self-trust was not added: node signing public-key artifact is absent — continuing with configured trusted identities
06:05:45.791 [error] local node self-trust was not added: node signing public-key artifact is absent — continuing with configured trusted identities
.
Finished in 0.01 seconds (0.00s async, 0.01s sync)
3 tests, 0 failures, 2 excluded
Running ExUnit with seed: 798157, max_cases: 8
Excluding tags: [:test]
Including tags: [location: {"test/commonplace/cli/snapshot_test.exs", 114}]

CX_SNAPMECH cwd="/home/jes/sol-snapshot-repro/wt/apps/commonplace_cli" configured="tmp/test_data" configured_read=%{compact: [], count: 4, ls: {:ok, ["node_id", "secrets", "commits", "commits.lock"]}, exists?: true} commit_store_pid=#PID<0.279.0> commit_store_state_shape={true, [:data_dir, :db, :invariant_dispatcher, :local_write_gate, :lock_ref, :name, :pending_imports, :queue_poller, :trust_side_store]} cubdb_pid=#PID<0.282.0> cubdb_state_shape=CubDB.State cubdb_data_dir="tmp/test_data/commits" cubdb_read=%{compact: [], count: 1, ls: {:ok, ["29.cub"]}, exists?: true}
06:05:45.802 [error] local node self-trust was not added: node signing public-key artifact is absent — continuing with configured trusted identities
06:05:45.808 [error] local node self-trust was not added: node signing public-key artifact is absent — continuing with configured trusted identities
06:05:45.813 [error] local node self-trust was not added: node signing public-key artifact is absent — continuing with configured trusted identities
06:05:45.820 [error] local node self-trust was not added: node signing public-key artifact is absent — continuing with configured trusted identities
.
Finished in 0.02 seconds (0.00s async, 0.02s sync)
3 tests, 0 failures, 2 excluded
Running ExUnit with seed: 825092, max_cases: 8
Excluding tags: [:test]
Including tags: [location: {"test/commonplace/cli/snapshot_test.exs", 114}]

CX_SNAPMECH cwd="/home/jes/sol-snapshot-repro/wt/apps/commonplace_cli" configured="tmp/test_data" configured_read=%{compact: [], count: 4, ls: {:ok, ["node_id", "secrets", "commits", "commits.lock"]}, exists?: true} commit_store_pid=#PID<0.279.0> commit_store_state_shape={true, [:data_dir, :db, :invariant_dispatcher, :local_write_gate, :lock_ref, :name, :pending_imports, :queue_poller, :trust_side_store]} cubdb_pid=#PID<0.282.0> cubdb_state_shape=CubDB.State cubdb_data_dir="tmp/test_data/commits" cubdb_read=%{compact: [], count: 1, ls: {:ok, ["29.cub"]}, exists?: true}
06:05:45.827 [error] local node self-trust was not added: node signing public-key artifact is absent — continuing with configured trusted identities
06:05:45.835 [error] local node self-trust was not added: node signing public-key artifact is absent — continuing with configured trusted identities
06:05:45.839 [error] local node self-trust was not added: node signing public-key artifact is absent — continuing with configured trusted identities
06:05:45.847 [error] local node self-trust was not added: node signing public-key artifact is absent — continuing with configured trusted identities
.
Finished in 0.02 seconds (0.00s async, 0.02s sync)
3 tests, 0 failures, 2 excluded
Running ExUnit with seed: 850934, max_cases: 8
Excluding tags: [:test]
Including tags: [location: {"test/commonplace/cli/snapshot_test.exs", 114}]

CX_SNAPMECH cwd="/home/jes/sol-snapshot-repro/wt/apps/commonplace_cli" configured="tmp/test_data" configured_read=%{compact: [], count: 4, ls: {:ok, ["node_id", "secrets", "commits", "commits.lock"]}, exists?: true} commit_store_pid=#PID<0.279.0> commit_store_state_shape={true, [:data_dir, :db, :invariant_dispatcher, :local_write_gate, :lock_ref, :name, :pending_imports, :queue_poller, :trust_side_store]} cubdb_pid=#PID<0.282.0> cubdb_state_shape=CubDB.State cubdb_data_dir="tmp/test_data/commits" cubdb_read=%{compact: [], count: 1, ls: {:ok, ["29.cub"]}, exists?: true}
06:05:45.853 [error] local node self-trust was not added: node signing public-key artifact is absent — continuing with configured trusted identities
06:05:45.857 [error] local node self-trust was not added: node signing public-key artifact is absent — continuing with configured trusted identities
06:05:45.861 [error] local node self-trust was not added: node signing public-key artifact is absent — continuing with configured trusted identities
06:05:45.867 [error] local node self-trust was not added: node signing public-key artifact is absent — continuing with configured trusted identities
.
Finished in 0.01 seconds (0.00s async, 0.01s sync)
3 tests, 0 failures, 2 excluded
Running ExUnit with seed: 872339, max_cases: 8
Excluding tags: [:test]
Including tags: [location: {"test/commonplace/cli/snapshot_test.exs", 114}]

CX_SNAPMECH cwd="/home/jes/sol-snapshot-repro/wt/apps/commonplace_cli" configured="tmp/test_data" configured_read=%{compact: [], count: 4, ls: {:ok, ["node_id", "secrets", "commits", "commits.lock"]}, exists?: true} commit_store_pid=#PID<0.279.0> commit_store_state_shape={true, [:data_dir, :db, :invariant_dispatcher, :local_write_gate, :lock_ref, :name, :pending_imports, :queue_poller, :trust_side_store]} cubdb_pid=#PID<0.282.0> cubdb_state_shape=CubDB.State cubdb_data_dir="tmp/test_data/commits" cubdb_read=%{compact: [], count: 1, ls: {:ok, ["29.cub"]}, exists?: true}
06:05:45.873 [error] local node self-trust was not added: node signing public-key artifact is absent — continuing with configured trusted identities
06:05:45.877 [error] local node self-trust was not added: node signing public-key artifact is absent — continuing with configured trusted identities
06:05:45.882 [error] local node self-trust was not added: node signing public-key artifact is absent — continuing with configured trusted identities
06:05:45.886 [error] local node self-trust was not added: node signing public-key artifact is absent — continuing with configured trusted identities
.
Finished in 0.01 seconds (0.00s async, 0.01s sync)
3 tests, 0 failures, 2 excluded
Running ExUnit with seed: 891422, max_cases: 8
Excluding tags: [:test]
Including tags: [location: {"test/commonplace/cli/snapshot_test.exs", 114}]

CX_SNAPMECH cwd="/home/jes/sol-snapshot-repro/wt/apps/commonplace_cli" configured="tmp/test_data" configured_read=%{compact: [], count: 4, ls: {:ok, ["node_id", "secrets", "commits", "commits.lock"]}, exists?: true} commit_store_pid=#PID<0.279.0> commit_store_state_shape={true, [:data_dir, :db, :invariant_dispatcher, :local_write_gate, :lock_ref, :name, :pending_imports, :queue_poller, :trust_side_store]} cubdb_pid=#PID<0.282.0> cubdb_state_shape=CubDB.State cubdb_data_dir="tmp/test_data/commits" cubdb_read=%{compact: [], count: 1, ls: {:ok, ["29.cub"]}, exists?: true}
06:05:45.892 [error] local node self-trust was not added: node signing public-key artifact is absent — continuing with configured trusted identities
06:05:45.897 [error] local node self-trust was not added: node signing public-key artifact is absent — continuing with configured trusted identities
06:05:45.899 [error] local node self-trust was not added: node signing public-key artifact is absent — continuing with configured trusted identities
06:05:45.904 [error] local node self-trust was not added: node signing public-key artifact is absent — continuing with configured trusted identities
.
Finished in 0.01 seconds (0.00s async, 0.01s sync)
3 tests, 0 failures, 2 excluded
Running ExUnit with seed: 907629, max_cases: 8
Excluding tags: [:test]
Including tags: [location: {"test/commonplace/cli/snapshot_test.exs", 114}]

CX_SNAPMECH cwd="/home/jes/sol-snapshot-repro/wt/apps/commonplace_cli" configured="tmp/test_data" configured_read=%{compact: [], count: 4, ls: {:ok, ["node_id", "secrets", "commits", "commits.lock"]}, exists?: true} commit_store_pid=#PID<0.279.0> commit_store_state_shape={true, [:data_dir, :db, :invariant_dispatcher, :local_write_gate, :lock_ref, :name, :pending_imports, :queue_poller, :trust_side_store]} cubdb_pid=#PID<0.282.0> cubdb_state_shape=CubDB.State cubdb_data_dir="tmp/test_data/commits" cubdb_read=%{compact: [], count: 1, ls: {:ok, ["29.cub"]}, exists?: true}
06:05:45.908 [error] local node self-trust was not added: node signing public-key artifact is absent — continuing with configured trusted identities
06:05:45.912 [error] local node self-trust was not added: node signing public-key artifact is absent — continuing with configured trusted identities
06:05:45.915 [error] local node self-trust was not added: node signing public-key artifact is absent — continuing with configured trusted identities
06:05:45.921 [error] local node self-trust was not added: node signing public-key artifact is absent — continuing with configured trusted identities
.
Finished in 0.01 seconds (0.00s async, 0.01s sync)
3 tests, 0 failures, 2 excluded
Running ExUnit with seed: 925689, max_cases: 8
Excluding tags: [:test]
Including tags: [location: {"test/commonplace/cli/snapshot_test.exs", 114}]

CX_SNAPMECH cwd="/home/jes/sol-snapshot-repro/wt/apps/commonplace_cli" configured="tmp/test_data" configured_read=%{compact: [], count: 4, ls: {:ok, ["node_id", "secrets", "commits", "commits.lock"]}, exists?: true} commit_store_pid=#PID<0.279.0> commit_store_state_shape={true, [:data_dir, :db, :invariant_dispatcher, :local_write_gate, :lock_ref, :name, :pending_imports, :queue_poller, :trust_side_store]} cubdb_pid=#PID<0.282.0> cubdb_state_shape=CubDB.State cubdb_data_dir="tmp/test_data/commits" cubdb_read=%{compact: [], count: 1, ls: {:ok, ["29.cub"]}, exists?: true}
06:05:45.927 [error] local node self-trust was not added: node signing public-key artifact is absent — continuing with configured trusted identities
06:05:45.930 [error] local node self-trust was not added: node signing public-key artifact is absent — continuing with configured trusted identities
06:05:45.933 [error] local node self-trust was not added: node signing public-key artifact is absent — continuing with configured trusted identities
06:05:45.937 [error] local node self-trust was not added: node signing public-key artifact is absent — continuing with configured trusted identities
.
Finished in 0.01 seconds (0.00s async, 0.01s sync)
3 tests, 0 failures, 2 excluded
Running ExUnit with seed: 944535, max_cases: 8
Excluding tags: [:test]
Including tags: [location: {"test/commonplace/cli/snapshot_test.exs", 114}]

CX_SNAPMECH cwd="/home/jes/sol-snapshot-repro/wt/apps/commonplace_cli" configured="tmp/test_data" configured_read=%{compact: [], count: 4, ls: {:ok, ["node_id", "secrets", "commits", "commits.lock"]}, exists?: true} commit_store_pid=#PID<0.279.0> commit_store_state_shape={true, [:data_dir, :db, :invariant_dispatcher, :local_write_gate, :lock_ref, :name, :pending_imports, :queue_poller, :trust_side_store]} cubdb_pid=#PID<0.282.0> cubdb_state_shape=CubDB.State cubdb_data_dir="tmp/test_data/commits" cubdb_read=%{compact: [], count: 1, ls: {:ok, ["29.cub"]}, exists?: true}
06:05:45.946 [error] local node self-trust was not added: node signing public-key artifact is absent — continuing with configured trusted identities
06:05:45.951 [error] local node self-trust was not added: node signing public-key artifact is absent — continuing with configured trusted identities
06:05:45.955 [error] local node self-trust was not added: node signing public-key artifact is absent — continuing with configured trusted identities
06:05:45.960 [error] local node self-trust was not added: node signing public-key artifact is absent — continuing with configured trusted identities
.
Finished in 0.01 seconds (0.00s async, 0.01s sync)
3 tests, 0 failures, 2 excluded
Running ExUnit with seed: 965350, max_cases: 8
Excluding tags: [:test]
Including tags: [location: {"test/commonplace/cli/snapshot_test.exs", 114}]

CX_SNAPMECH cwd="/home/jes/sol-snapshot-repro/wt/apps/commonplace_cli" configured="tmp/test_data" configured_read=%{compact: [], count: 4, ls: {:ok, ["node_id", "secrets", "commits", "commits.lock"]}, exists?: true} commit_store_pid=#PID<0.279.0> commit_store_state_shape={true, [:data_dir, :db, :invariant_dispatcher, :local_write_gate, :lock_ref, :name, :pending_imports, :queue_poller, :trust_side_store]} cubdb_pid=#PID<0.282.0> cubdb_state_shape=CubDB.State cubdb_data_dir="tmp/test_data/commits" cubdb_read=%{compact: [], count: 1, ls: {:ok, ["29.cub"]}, exists?: true}
06:05:45.967 [error] local node self-trust was not added: node signing public-key artifact is absent — continuing with configured trusted identities
06:05:45.971 [error] local node self-trust was not added: node signing public-key artifact is absent — continuing with configured trusted identities
06:05:45.977 [error] local node self-trust was not added: node signing public-key artifact is absent — continuing with configured trusted identities
06:05:45.983 [error] local node self-trust was not added: node signing public-key artifact is absent — continuing with configured trusted identities
.
Finished in 0.02 seconds (0.00s async, 0.02s sync)
3 tests, 0 failures, 2 excluded
Running ExUnit with seed: 990313, max_cases: 8
Excluding tags: [:test]
Including tags: [location: {"test/commonplace/cli/snapshot_test.exs", 114}]

CX_SNAPMECH cwd="/home/jes/sol-snapshot-repro/wt/apps/commonplace_cli" configured="tmp/test_data" configured_read=%{compact: [], count: 4, ls: {:ok, ["node_id", "secrets", "commits", "commits.lock"]}, exists?: true} commit_store_pid=#PID<0.279.0> commit_store_state_shape={true, [:data_dir, :db, :invariant_dispatcher, :local_write_gate, :lock_ref, :name, :pending_imports, :queue_poller, :trust_side_store]} cubdb_pid=#PID<0.282.0> cubdb_state_shape=CubDB.State cubdb_data_dir="tmp/test_data/commits" cubdb_read=%{compact: [], count: 1, ls: {:ok, ["29.cub"]}, exists?: true}
06:05:45.992 [error] local node self-trust was not added: node signing public-key artifact is absent — continuing with configured trusted identities
06:05:45.997 [error] local node self-trust was not added: node signing public-key artifact is absent — continuing with configured trusted identities
06:05:46.000 [error] local node self-trust was not added: node signing public-key artifact is absent — continuing with configured trusted identities
06:05:46.010 [error] local node self-trust was not added: node signing public-key artifact is absent — continuing with configured trusted identities
.
Finished in 0.02 seconds (0.00s async, 0.02s sync)
3 tests, 0 failures, 2 excluded
Running ExUnit with seed: 19537, max_cases: 8
Excluding tags: [:test]
Including tags: [location: {"test/commonplace/cli/snapshot_test.exs", 114}]

CX_SNAPMECH cwd="/home/jes/sol-snapshot-repro/wt/apps/commonplace_cli" configured="tmp/test_data" configured_read=%{compact: [], count: 4, ls: {:ok, ["node_id", "secrets", "commits", "commits.lock"]}, exists?: true} commit_store_pid=#PID<0.279.0> commit_store_state_shape={true, [:data_dir, :db, :invariant_dispatcher, :local_write_gate, :lock_ref, :name, :pending_imports, :queue_poller, :trust_side_store]} cubdb_pid=#PID<0.282.0> cubdb_state_shape=CubDB.State cubdb_data_dir="tmp/test_data/commits" cubdb_read=%{compact: [], count: 1, ls: {:ok, ["29.cub"]}, exists?: true}
06:05:46.021 [error] local node self-trust was not added: node signing public-key artifact is absent — continuing with configured trusted identities
06:05:46.026 [error] local node self-trust was not added: node signing public-key artifact is absent — continuing with configured trusted identities
06:05:46.029 [error] local node self-trust was not added: node signing public-key artifact is absent — continuing with configured trusted identities
06:05:46.035 [error] local node self-trust was not added: node signing public-key artifact is absent — continuing with configured trusted identities
.
Finished in 0.01 seconds (0.00s async, 0.01s sync)
3 tests, 0 failures, 2 excluded
Running ExUnit with seed: 39526, max_cases: 8
Excluding tags: [:test]
Including tags: [location: {"test/commonplace/cli/snapshot_test.exs", 114}]

CX_SNAPMECH cwd="/home/jes/sol-snapshot-repro/wt/apps/commonplace_cli" configured="tmp/test_data" configured_read=%{compact: [], count: 4, ls: {:ok, ["node_id", "secrets", "commits", "commits.lock"]}, exists?: true} commit_store_pid=#PID<0.279.0> commit_store_state_shape={true, [:data_dir, :db, :invariant_dispatcher, :local_write_gate, :lock_ref, :name, :pending_imports, :queue_poller, :trust_side_store]} cubdb_pid=#PID<0.282.0> cubdb_state_shape=CubDB.State cubdb_data_dir="tmp/test_data/commits" cubdb_read=%{compact: [], count: 1, ls: {:ok, ["29.cub"]}, exists?: true}
06:05:46.041 [error] local node self-trust was not added: node signing public-key artifact is absent — continuing with configured trusted identities
06:05:46.049 [error] local node self-trust was not added: node signing public-key artifact is absent — continuing with configured trusted identities
06:05:46.056 [error] local node self-trust was not added: node signing public-key artifact is absent — continuing with configured trusted identities
06:05:46.068 [error] local node self-trust was not added: node signing public-key artifact is absent — continuing with configured trusted identities
.
Finished in 0.03 seconds (0.00s async, 0.03s sync)
3 tests, 0 failures, 2 excluded
Running ExUnit with seed: 75353, max_cases: 8
Excluding tags: [:test]
Including tags: [location: {"test/commonplace/cli/snapshot_test.exs", 114}]

CX_SNAPMECH cwd="/home/jes/sol-snapshot-repro/wt/apps/commonplace_cli" configured="tmp/test_data" configured_read=%{compact: [], count: 4, ls: {:ok, ["node_id", "secrets", "commits", "commits.lock"]}, exists?: true} commit_store_pid=#PID<0.279.0> commit_store_state_shape={true, [:data_dir, :db, :invariant_dispatcher, :local_write_gate, :lock_ref, :name, :pending_imports, :queue_poller, :trust_side_store]} cubdb_pid=#PID<0.282.0> cubdb_state_shape=CubDB.State cubdb_data_dir="tmp/test_data/commits" cubdb_read=%{compact: [], count: 1, ls: {:ok, ["29.cub"]}, exists?: true}
06:05:46.078 [error] local node self-trust was not added: node signing public-key artifact is absent — continuing with configured trusted identities
06:05:46.085 [error] local node self-trust was not added: node signing public-key artifact is absent — continuing with configured trusted identities
06:05:46.090 [error] local node self-trust was not added: node signing public-key artifact is absent — continuing with configured trusted identities
06:05:46.111 [error] local node self-trust was not added: node signing public-key artifact is absent — continuing with configured trusted identities
.
Finished in 0.04 seconds (0.00s async, 0.04s sync)
3 tests, 0 failures, 2 excluded
Running ExUnit with seed: 117330, max_cases: 8
Excluding tags: [:test]
Including tags: [location: {"test/commonplace/cli/snapshot_test.exs", 114}]

CX_SNAPMECH cwd="/home/jes/sol-snapshot-repro/wt/apps/commonplace_cli" configured="tmp/test_data" configured_read=%{compact: [], count: 4, ls: {:ok, ["node_id", "secrets", "commits", "commits.lock"]}, exists?: true} commit_store_pid=#PID<0.279.0> commit_store_state_shape={true, [:data_dir, :db, :invariant_dispatcher, :local_write_gate, :lock_ref, :name, :pending_imports, :queue_poller, :trust_side_store]} cubdb_pid=#PID<0.282.0> cubdb_state_shape=CubDB.State cubdb_data_dir="tmp/test_data/commits" cubdb_read=%{compact: [], count: 1, ls: {:ok, ["29.cub"]}, exists?: true}
06:05:46.119 [error] local node self-trust was not added: node signing public-key artifact is absent — continuing with configured trusted identities
06:05:46.127 [error] local node self-trust was not added: node signing public-key artifact is absent — continuing with configured trusted identities
06:05:46.135 [error] local node self-trust was not added: node signing public-key artifact is absent — continuing with configured trusted identities
06:05:46.142 [error] local node self-trust was not added: node signing public-key artifact is absent — continuing with configured trusted identities
.
Finished in 0.03 seconds (0.00s async, 0.03s sync)
3 tests, 0 failures, 2 excluded
Running ExUnit with seed: 153802, max_cases: 8
Excluding tags: [:test]
Including tags: [location: {"test/commonplace/cli/snapshot_test.exs", 114}]

CX_SNAPMECH cwd="/home/jes/sol-snapshot-repro/wt/apps/commonplace_cli" configured="tmp/test_data" configured_read=%{compact: [], count: 4, ls: {:ok, ["node_id", "secrets", "commits", "commits.lock"]}, exists?: true} commit_store_pid=#PID<0.279.0> commit_store_state_shape={true, [:data_dir, :db, :invariant_dispatcher, :local_write_gate, :lock_ref, :name, :pending_imports, :queue_poller, :trust_side_store]} cubdb_pid=#PID<0.282.0> cubdb_state_shape=CubDB.State cubdb_data_dir="tmp/test_data/commits" cubdb_read=%{compact: [], count: 1, ls: {:ok, ["29.cub"]}, exists?: true}
06:05:46.159 [error] local node self-trust was not added: node signing public-key artifact is absent — continuing with configured trusted identities
06:05:46.165 [error] local node self-trust was not added: node signing public-key artifact is absent — continuing with configured trusted identities
06:05:46.173 [error] local node self-trust was not added: node signing public-key artifact is absent — continuing with configured trusted identities
06:05:46.187 [error] local node self-trust was not added: node signing public-key artifact is absent — continuing with configured trusted identities
.
Finished in 0.03 seconds (0.00s async, 0.03s sync)
3 tests, 0 failures, 2 excluded
Running ExUnit with seed: 196664, max_cases: 8
Excluding tags: [:test]
Including tags: [location: {"test/commonplace/cli/snapshot_test.exs", 114}]

CX_SNAPMECH cwd="/home/jes/sol-snapshot-repro/wt/apps/commonplace_cli" configured="tmp/test_data" configured_read=%{compact: [], count: 4, ls: {:ok, ["node_id", "secrets", "commits", "commits.lock"]}, exists?: true} commit_store_pid=#PID<0.279.0> commit_store_state_shape={true, [:data_dir, :db, :invariant_dispatcher, :local_write_gate, :lock_ref, :name, :pending_imports, :queue_poller, :trust_side_store]} cubdb_pid=#PID<0.282.0> cubdb_state_shape=CubDB.State cubdb_data_dir="tmp/test_data/commits" cubdb_read=%{compact: [], count: 1, ls: {:ok, ["29.cub"]}, exists?: true}
06:05:46.202 [error] local node self-trust was not added: node signing public-key artifact is absent — continuing with configured trusted identities
06:05:46.211 [error] local node self-trust was not added: node signing public-key artifact is absent — continuing with configured trusted identities
06:05:46.223 [error] local node self-trust was not added: node signing public-key artifact is absent — continuing with configured trusted identities
06:05:46.233 [error] local node self-trust was not added: node signing public-key artifact is absent — continuing with configured trusted identities
.
Finished in 0.04 seconds (0.00s async, 0.04s sync)
3 tests, 0 failures, 2 excluded
Running ExUnit with seed: 241197, max_cases: 8
Excluding tags: [:test]
Including tags: [location: {"test/commonplace/cli/snapshot_test.exs", 114}]

CX_SNAPMECH cwd="/home/jes/sol-snapshot-repro/wt/apps/commonplace_cli" configured="tmp/test_data" configured_read=%{compact: [], count: 4, ls: {:ok, ["node_id", "secrets", "commits", "commits.lock"]}, exists?: true} commit_store_pid=#PID<0.279.0> commit_store_state_shape={true, [:data_dir, :db, :invariant_dispatcher, :local_write_gate, :lock_ref, :name, :pending_imports, :queue_poller, :trust_side_store]} cubdb_pid=#PID<0.282.0> cubdb_state_shape=CubDB.State cubdb_data_dir="tmp/test_data/commits" cubdb_read=%{compact: [], count: 1, ls: {:ok, ["29.cub"]}, exists?: true}
06:05:46.246 [error] local node self-trust was not added: node signing public-key artifact is absent — continuing with configured trusted identities
06:05:46.251 [error] local node self-trust was not added: node signing public-key artifact is absent — continuing with configured trusted identities
06:05:46.257 [error] local node self-trust was not added: node signing public-key artifact is absent — continuing with configured trusted identities
06:05:46.264 [error] local node self-trust was not added: node signing public-key artifact is absent — continuing with configured trusted identities
.
Finished in 0.02 seconds (0.00s async, 0.02s sync)
3 tests, 0 failures, 2 excluded
Running ExUnit with seed: 273418, max_cases: 8
Excluding tags: [:test]
Including tags: [location: {"test/commonplace/cli/snapshot_test.exs", 114}]

06:05:46.277 [error] local node self-trust was not added: node signing public-key artifact is absent — continuing with configured trusted identities
CX_SNAPMECH cwd="/home/jes/sol-snapshot-repro/wt/apps/commonplace_cli" configured="tmp/test_data" configured_read=%{compact: [], count: 4, ls: {:ok, ["node_id", "secrets", "commits", "commits.lock"]}, exists?: true} commit_store_pid=#PID<0.279.0> commit_store_state_shape={true, [:data_dir, :db, :invariant_dispatcher, :local_write_gate, :lock_ref, :name, :pending_imports, :queue_poller, :trust_side_store]} cubdb_pid=#PID<0.282.0> cubdb_state_shape=CubDB.State cubdb_data_dir="tmp/test_data/commits" cubdb_read=%{compact: [], count: 1, ls: {:ok, ["29.cub"]}, exists?: true}
06:05:46.285 [error] local node self-trust was not added: node signing public-key artifact is absent — continuing with configured trusted identities
06:05:46.290 [error] local node self-trust was not added: node signing public-key artifact is absent — continuing with configured trusted identities
06:05:46.299 [error] local node self-trust was not added: node signing public-key artifact is absent — continuing with configured trusted identities
.
Finished in 0.03 seconds (0.00s async, 0.03s sync)
3 tests, 0 failures, 2 excluded
Running ExUnit with seed: 308035, max_cases: 8
Excluding tags: [:test]
Including tags: [location: {"test/commonplace/cli/snapshot_test.exs", 114}]

CX_SNAPMECH cwd="/home/jes/sol-snapshot-repro/wt/apps/commonplace_cli" configured="tmp/test_data" configured_read=%{compact: [], count: 4, ls: {:ok, ["node_id", "secrets", "commits", "commits.lock"]}, exists?: true} commit_store_pid=#PID<0.279.0> commit_store_state_shape={true, [:data_dir, :db, :invariant_dispatcher, :local_write_gate, :lock_ref, :name, :pending_imports, :queue_poller, :trust_side_store]} cubdb_pid=#PID<0.282.0> cubdb_state_shape=CubDB.State cubdb_data_dir="tmp/test_data/commits" cubdb_read=%{compact: [], count: 1, ls: {:ok, ["29.cub"]}, exists?: true}
06:05:46.310 [error] local node self-trust was not added: node signing public-key artifact is absent — continuing with configured trusted identities
06:05:46.317 [error] local node self-trust was not added: node signing public-key artifact is absent — continuing with configured trusted identities
06:05:46.321 [error] local node self-trust was not added: node signing public-key artifact is absent — continuing with configured trusted identities
06:05:46.328 [error] local node self-trust was not added: node signing public-key artifact is absent — continuing with configured trusted identities
.
Finished in 0.02 seconds (0.00s async, 0.02s sync)
3 tests, 0 failures, 2 excluded
Running ExUnit with seed: 333452, max_cases: 8
Excluding tags: [:test]
Including tags: [location: {"test/commonplace/cli/snapshot_test.exs", 114}]

CX_SNAPMECH cwd="/home/jes/sol-snapshot-repro/wt/apps/commonplace_cli" configured="tmp/test_data" configured_read=%{compact: [], count: 4, ls: {:ok, ["node_id", "secrets", "commits", "commits.lock"]}, exists?: true} commit_store_pid=#PID<0.279.0> commit_store_state_shape={true, [:data_dir, :db, :invariant_dispatcher, :local_write_gate, :lock_ref, :name, :pending_imports, :queue_poller, :trust_side_store]} cubdb_pid=#PID<0.282.0> cubdb_state_shape=CubDB.State cubdb_data_dir="tmp/test_data/commits" cubdb_read=%{compact: [], count: 1, ls: {:ok, ["29.cub"]}, exists?: true}
06:05:46.336 [error] local node self-trust was not added: node signing public-key artifact is absent — continuing with configured trusted identities
06:05:46.341 [error] local node self-trust was not added: node signing public-key artifact is absent — continuing with configured trusted identities
06:05:46.344 [error] local node self-trust was not added: node signing public-key artifact is absent — continuing with configured trusted identities
06:05:46.353 [error] local node self-trust was not added: node signing public-key artifact is absent — continuing with configured trusted identities
.
Finished in 0.02 seconds (0.00s async, 0.02s sync)
3 tests, 0 failures, 2 excluded
Running ExUnit with seed: 360459, max_cases: 8
Excluding tags: [:test]
Including tags: [location: {"test/commonplace/cli/snapshot_test.exs", 114}]

CX_SNAPMECH cwd="/home/jes/sol-snapshot-repro/wt/apps/commonplace_cli" configured="tmp/test_data" configured_read=%{compact: [], count: 4, ls: {:ok, ["node_id", "secrets", "commits", "commits.lock"]}, exists?: true} commit_store_pid=#PID<0.279.0> commit_store_state_shape={true, [:data_dir, :db, :invariant_dispatcher, :local_write_gate, :lock_ref, :name, :pending_imports, :queue_poller, :trust_side_store]} cubdb_pid=#PID<0.282.0> cubdb_state_shape=CubDB.State cubdb_data_dir="tmp/test_data/commits" cubdb_read=%{compact: [], count: 1, ls: {:ok, ["29.cub"]}, exists?: true}
06:05:46.364 [error] local node self-trust was not added: node signing public-key artifact is absent — continuing with configured trusted identities
06:05:46.371 [error] local node self-trust was not added: node signing public-key artifact is absent — continuing with configured trusted identities
06:05:46.375 [error] local node self-trust was not added: node signing public-key artifact is absent — continuing with configured trusted identities
06:05:46.383 [error] local node self-trust was not added: node signing public-key artifact is absent — continuing with configured trusted identities
.
Finished in 0.02 seconds (0.00s async, 0.02s sync)
3 tests, 0 failures, 2 excluded
Running ExUnit with seed: 389077, max_cases: 8
Excluding tags: [:test]
Including tags: [location: {"test/commonplace/cli/snapshot_test.exs", 114}]

CX_SNAPMECH cwd="/home/jes/sol-snapshot-repro/wt/apps/commonplace_cli" configured="tmp/test_data" configured_read=%{compact: [], count: 4, ls: {:ok, ["node_id", "secrets", "commits", "commits.lock"]}, exists?: true} commit_store_pid=#PID<0.279.0> commit_store_state_shape={true, [:data_dir, :db, :invariant_dispatcher, :local_write_gate, :lock_ref, :name, :pending_imports, :queue_poller, :trust_side_store]} cubdb_pid=#PID<0.282.0> cubdb_state_shape=CubDB.State cubdb_data_dir="tmp/test_data/commits" cubdb_read=%{compact: [], count: 1, ls: {:ok, ["29.cub"]}, exists?: true}
06:05:46.391 [error] local node self-trust was not added: node signing public-key artifact is absent — continuing with configured trusted identities
06:05:46.395 [error] local node self-trust was not added: node signing public-key artifact is absent — continuing with configured trusted identities
06:05:46.399 [error] local node self-trust was not added: node signing public-key artifact is absent — continuing with configured trusted identities
06:05:46.405 [error] local node self-trust was not added: node signing public-key artifact is absent — continuing with configured trusted identities
.
Finished in 0.02 seconds (0.00s async, 0.02s sync)
3 tests, 0 failures, 2 excluded
Running ExUnit with seed: 411951, max_cases: 8
Excluding tags: [:test]
Including tags: [location: {"test/commonplace/cli/snapshot_test.exs", 114}]

CX_SNAPMECH cwd="/home/jes/sol-snapshot-repro/wt/apps/commonplace_cli" configured="tmp/test_data" configured_read=%{compact: [], count: 4, ls: {:ok, ["node_id", "secrets", "commits", "commits.lock"]}, exists?: true} commit_store_pid=#PID<0.279.0> commit_store_state_shape={true, [:data_dir, :db, :invariant_dispatcher, :local_write_gate, :lock_ref, :name, :pending_imports, :queue_poller, :trust_side_store]} cubdb_pid=#PID<0.282.0> cubdb_state_shape=CubDB.State cubdb_data_dir="tmp/test_data/commits" cubdb_read=%{compact: [], count: 1, ls: {:ok, ["29.cub"]}, exists?: true}
06:05:46.413 [error] local node self-trust was not added: node signing public-key artifact is absent — continuing with configured trusted identities
06:05:46.419 [error] local node self-trust was not added: node signing public-key artifact is absent — continuing with configured trusted identities
06:05:46.423 [error] local node self-trust was not added: node signing public-key artifact is absent — continuing with configured trusted identities
06:05:46.435 [error] local node self-trust was not added: node signing public-key artifact is absent — continuing with configured trusted identities
.
Finished in 0.03 seconds (0.00s async, 0.03s sync)
3 tests, 0 failures, 2 excluded
Running ExUnit with seed: 446100, max_cases: 8
Excluding tags: [:test]
Including tags: [location: {"test/commonplace/cli/snapshot_test.exs", 114}]

CX_SNAPMECH cwd="/home/jes/sol-snapshot-repro/wt/apps/commonplace_cli" configured="tmp/test_data" configured_read=%{compact: [], count: 4, ls: {:ok, ["node_id", "secrets", "commits", "commits.lock"]}, exists?: true} commit_store_pid=#PID<0.279.0> commit_store_state_shape={true, [:data_dir, :db, :invariant_dispatcher, :local_write_gate, :lock_ref, :name, :pending_imports, :queue_poller, :trust_side_store]} cubdb_pid=#PID<0.282.0> cubdb_state_shape=CubDB.State cubdb_data_dir="tmp/test_data/commits" cubdb_read=%{compact: [], count: 1, ls: {:ok, ["29.cub"]}, exists?: true}
06:05:46.448 [error] local node self-trust was not added: node signing public-key artifact is absent — continuing with configured trusted identities
06:05:46.453 [error] local node self-trust was not added: node signing public-key artifact is absent — continuing with configured trusted identities
06:05:46.461 [error] local node self-trust was not added: node signing public-key artifact is absent — continuing with configured trusted identities
06:05:46.472 [error] local node self-trust was not added: node signing public-key artifact is absent — continuing with configured trusted identities
.
Finished in 0.03 seconds (0.00s async, 0.03s sync)
3 tests, 0 failures, 2 excluded
Running ExUnit with seed: 479538, max_cases: 8
Excluding tags: [:test]
Including tags: [location: {"test/commonplace/cli/snapshot_test.exs", 114}]

CX_SNAPMECH cwd="/home/jes/sol-snapshot-repro/wt/apps/commonplace_cli" configured="tmp/test_data" configured_read=%{compact: [], count: 4, ls: {:ok, ["node_id", "secrets", "commits", "commits.lock"]}, exists?: true} commit_store_pid=#PID<0.279.0> commit_store_state_shape={true, [:data_dir, :db, :invariant_dispatcher, :local_write_gate, :lock_ref, :name, :pending_imports, :queue_poller, :trust_side_store]} cubdb_pid=#PID<0.282.0> cubdb_state_shape=CubDB.State cubdb_data_dir="tmp/test_data/commits" cubdb_read=%{compact: [], count: 1, ls: {:ok, ["29.cub"]}, exists?: true}
06:05:46.481 [error] local node self-trust was not added: node signing public-key artifact is absent — continuing with configured trusted identities
06:05:46.486 [error] local node self-trust was not added: node signing public-key artifact is absent — continuing with configured trusted identities
06:05:46.490 [error] local node self-trust was not added: node signing public-key artifact is absent — continuing with configured trusted identities
06:05:46.498 [error] local node self-trust was not added: node signing public-key artifact is absent — continuing with configured trusted identities
.
Finished in 0.02 seconds (0.00s async, 0.02s sync)
3 tests, 0 failures, 2 excluded
