==> commonplace
make: Nothing to be done for 'all'.
==> commonplace_cli
Running ExUnit with seed: 981204, max_cases: 8
Excluding tags: [:test]
Including tags: [location: {"test/commonplace/cli/snapshot_test.exs", 114}]

CX_SNAPMECH cwd="/home/jes/sol-snapshot-repro/wt/apps/commonplace_cli" configured="tmp/test_data" configured_read=%{compact: [], count: 4, ls: {:ok, ["node_id", "secrets", "commits", "commits.lock"]}, exists?: true} commit_store_pid=#PID<0.279.0> commit_store_state_shape={true, [:data_dir, :db, :invariant_dispatcher, :local_write_gate, :lock_ref, :name, :pending_imports, :queue_poller, :trust_side_store]} cubdb_pid=#PID<0.282.0> cubdb_state_shape=CubDB.State cubdb_data_dir="tmp/test_data/commits" cubdb_read=%{compact: [], count: 1, ls: {:ok, ["29.cub"]}, exists?: true}
06:06:02.281 [error] local node self-trust was not added: node signing public-key artifact is absent — continuing with configured trusted identities
06:06:02.312 [error] local node self-trust was not added: node signing public-key artifact is absent — continuing with configured trusted identities
06:06:02.318 [error] local node self-trust was not added: node signing public-key artifact is absent — continuing with configured trusted identities
06:06:02.349 [error] local node self-trust was not added: node signing public-key artifact is absent — continuing with configured trusted identities
.
Finished in 0.3 seconds (0.00s async, 0.3s sync)
3 tests, 0 failures, 2 excluded
Running ExUnit with seed: 357312, max_cases: 8
Excluding tags: [:test]
Including tags: [location: {"test/commonplace/cli/snapshot_test.exs", 114}]

CX_SNAPMECH cwd="/home/jes/sol-snapshot-repro/wt/apps/commonplace_cli" configured="tmp/test_data" configured_read=%{compact: [], count: 4, ls: {:ok, ["node_id", "secrets", "commits", "commits.lock"]}, exists?: true} commit_store_pid=#PID<0.279.0> commit_store_state_shape={true, [:data_dir, :db, :invariant_dispatcher, :local_write_gate, :lock_ref, :name, :pending_imports, :queue_poller, :trust_side_store]} cubdb_pid=#PID<0.282.0> cubdb_state_shape=CubDB.State cubdb_data_dir="tmp/test_data/commits" cubdb_read=%{compact: ["2A.compact"], count: 2, ls: {:ok, ["2A.compact", "29.cub"]}, exists?: true}
06:06:02.359 [error] local node self-trust was not added: node signing public-key artifact is absent — continuing with configured trusted identities
06:06:02.365 [error] local node self-trust was not added: node signing public-key artifact is absent — continuing with configured trusted identities
06:06:02.370 [error] local node self-trust was not added: node signing public-key artifact is absent — continuing with configured trusted identities
06:06:02.377 [error] local node self-trust was not added: node signing public-key artifact is absent — continuing with configured trusted identities
.
Finished in 0.02 seconds (0.00s async, 0.02s sync)
3 tests, 0 failures, 2 excluded
Running ExUnit with seed: 384616, max_cases: 8
Excluding tags: [:test]
Including tags: [location: {"test/commonplace/cli/snapshot_test.exs", 114}]

CX_SNAPMECH cwd="/home/jes/sol-snapshot-repro/wt/apps/commonplace_cli" configured="tmp/test_data" configured_read=%{compact: [], count: 4, ls: {:ok, ["node_id", "secrets", "commits", "commits.lock"]}, exists?: true} commit_store_pid=#PID<0.279.0> commit_store_state_shape={true, [:data_dir, :db, :invariant_dispatcher, :local_write_gate, :lock_ref, :name, :pending_imports, :queue_poller, :trust_side_store]} cubdb_pid=#PID<0.282.0> cubdb_state_shape=CubDB.State cubdb_data_dir="tmp/test_data/commits" cubdb_read=%{compact: ["2A.compact"], count: 2, ls: {:ok, ["2A.compact", "29.cub"]}, exists?: true}
06:06:02.387 [error] local node self-trust was not added: node signing public-key artifact is absent — continuing with configured trusted identities
06:06:02.393 [error] local node self-trust was not added: node signing public-key artifact is absent — continuing with configured trusted identities
06:06:02.399 [error] local node self-trust was not added: node signing public-key artifact is absent — continuing with configured trusted identities
06:06:02.406 [error] local node self-trust was not added: node signing public-key artifact is absent — continuing with configured trusted identities
.
Finished in 0.02 seconds (0.00s async, 0.02s sync)
3 tests, 0 failures, 2 excluded
Running ExUnit with seed: 412897, max_cases: 8
Excluding tags: [:test]
Including tags: [location: {"test/commonplace/cli/snapshot_test.exs", 114}]

CX_SNAPMECH cwd="/home/jes/sol-snapshot-repro/wt/apps/commonplace_cli" configured="tmp/test_data" configured_read=%{compact: [], count: 4, ls: {:ok, ["node_id", "secrets", "commits", "commits.lock"]}, exists?: true} commit_store_pid=#PID<0.279.0> commit_store_state_shape={true, [:data_dir, :db, :invariant_dispatcher, :local_write_gate, :lock_ref, :name, :pending_imports, :queue_poller, :trust_side_store]} cubdb_pid=#PID<0.282.0> cubdb_state_shape=CubDB.State cubdb_data_dir="tmp/test_data/commits" cubdb_read=%{compact: ["2A.compact"], count: 2, ls: {:ok, ["2A.compact", "29.cub"]}, exists?: true}
06:06:02.415 [error] local node self-trust was not added: node signing public-key artifact is absent — continuing with configured trusted identities
06:06:02.419 [error] local node self-trust was not added: node signing public-key artifact is absent — continuing with configured trusted identities
06:06:02.424 [error] local node self-trust was not added: node signing public-key artifact is absent — continuing with configured trusted identities
06:06:02.434 [error] local node self-trust was not added: node signing public-key artifact is absent — continuing with configured trusted identities
.
Finished in 0.02 seconds (0.00s async, 0.02s sync)
3 tests, 0 failures, 2 excluded
Running ExUnit with seed: 440259, max_cases: 8
Excluding tags: [:test]
Including tags: [location: {"test/commonplace/cli/snapshot_test.exs", 114}]

CX_SNAPMECH cwd="/home/jes/sol-snapshot-repro/wt/apps/commonplace_cli" configured="tmp/test_data" configured_read=%{compact: [], count: 4, ls: {:ok, ["node_id", "secrets", "commits", "commits.lock"]}, exists?: true} commit_store_pid=#PID<0.279.0> commit_store_state_shape={true, [:data_dir, :db, :invariant_dispatcher, :local_write_gate, :lock_ref, :name, :pending_imports, :queue_poller, :trust_side_store]} cubdb_pid=#PID<0.282.0> cubdb_state_shape=CubDB.State cubdb_data_dir="tmp/test_data/commits" cubdb_read=%{compact: ["2A.compact"], count: 2, ls: {:ok, ["2A.compact", "29.cub"]}, exists?: true}
06:06:02.442 [error] local node self-trust was not added: node signing public-key artifact is absent — continuing with configured trusted identities
06:06:02.449 [error] local node self-trust was not added: node signing public-key artifact is absent — continuing with configured trusted identities
06:06:02.455 [error] local node self-trust was not added: node signing public-key artifact is absent — continuing with configured trusted identities
06:06:02.465 [error] local node self-trust was not added: node signing public-key artifact is absent — continuing with configured trusted identities
.
Finished in 0.03 seconds (0.00s async, 0.03s sync)
3 tests, 0 failures, 2 excluded
Running ExUnit with seed: 472414, max_cases: 8
Excluding tags: [:test]
Including tags: [location: {"test/commonplace/cli/snapshot_test.exs", 114}]

CX_SNAPMECH cwd="/home/jes/sol-snapshot-repro/wt/apps/commonplace_cli" configured="tmp/test_data" configured_read=%{compact: [], count: 4, ls: {:ok, ["node_id", "secrets", "commits", "commits.lock"]}, exists?: true} commit_store_pid=#PID<0.279.0> commit_store_state_shape={true, [:data_dir, :db, :invariant_dispatcher, :local_write_gate, :lock_ref, :name, :pending_imports, :queue_poller, :trust_side_store]} cubdb_pid=#PID<0.282.0> cubdb_state_shape=CubDB.State cubdb_data_dir="tmp/test_data/commits" cubdb_read=%{compact: ["2A.compact"], count: 2, ls: {:ok, ["2A.compact", "29.cub"]}, exists?: true}
06:06:02.474 [error] local node self-trust was not added: node signing public-key artifact is absent — continuing with configured trusted identities
06:06:02.478 [error] local node self-trust was not added: node signing public-key artifact is absent — continuing with configured trusted identities
06:06:02.483 [error] local node self-trust was not added: node signing public-key artifact is absent — continuing with configured trusted identities
06:06:02.494 [error] local node self-trust was not added: node signing public-key artifact is absent — continuing with configured trusted identities
.
Finished in 0.03 seconds (0.00s async, 0.03s sync)
3 tests, 0 failures, 2 excluded
Running ExUnit with seed: 508788, max_cases: 8
Excluding tags: [:test]
Including tags: [location: {"test/commonplace/cli/snapshot_test.exs", 114}]

CX_SNAPMECH cwd="/home/jes/sol-snapshot-repro/wt/apps/commonplace_cli" configured="tmp/test_data" configured_read=%{compact: [], count: 4, ls: {:ok, ["node_id", "secrets", "commits", "commits.lock"]}, exists?: true} commit_store_pid=#PID<0.279.0> commit_store_state_shape={true, [:data_dir, :db, :invariant_dispatcher, :local_write_gate, :lock_ref, :name, :pending_imports, :queue_poller, :trust_side_store]} cubdb_pid=#PID<0.282.0> cubdb_state_shape=CubDB.State cubdb_data_dir="tmp/test_data/commits" cubdb_read=%{compact: [], count: 1, ls: {:ok, ["2A.cub"]}, exists?: true}
06:06:02.511 [error] local node self-trust was not added: node signing public-key artifact is absent — continuing with configured trusted identities
06:06:02.516 [error] local node self-trust was not added: node signing public-key artifact is absent — continuing with configured trusted identities
06:06:02.521 [error] local node self-trust was not added: node signing public-key artifact is absent — continuing with configured trusted identities
06:06:02.528 [error] local node self-trust was not added: node signing public-key artifact is absent — continuing with configured trusted identities
.
Finished in 0.02 seconds (0.00s async, 0.02s sync)
3 tests, 0 failures, 2 excluded
Running ExUnit with seed: 533995, max_cases: 8
Excluding tags: [:test]
Including tags: [location: {"test/commonplace/cli/snapshot_test.exs", 114}]

CX_SNAPMECH cwd="/home/jes/sol-snapshot-repro/wt/apps/commonplace_cli" configured="tmp/test_data" configured_read=%{compact: [], count: 4, ls: {:ok, ["node_id", "secrets", "commits", "commits.lock"]}, exists?: true} commit_store_pid=#PID<0.279.0> commit_store_state_shape={true, [:data_dir, :db, :invariant_dispatcher, :local_write_gate, :lock_ref, :name, :pending_imports, :queue_poller, :trust_side_store]} cubdb_pid=#PID<0.282.0> cubdb_state_shape=CubDB.State cubdb_data_dir="tmp/test_data/commits" cubdb_read=%{compact: [], count: 1, ls: {:ok, ["2A.cub"]}, exists?: true}
06:06:02.535 [error] local node self-trust was not added: node signing public-key artifact is absent — continuing with configured trusted identities
06:06:02.539 [error] local node self-trust was not added: node signing public-key artifact is absent — continuing with configured trusted identities
06:06:02.543 [error] local node self-trust was not added: node signing public-key artifact is absent — continuing with configured trusted identities
06:06:02.554 [error] local node self-trust was not added: node signing public-key artifact is absent — continuing with configured trusted identities
.
Finished in 0.02 seconds (0.00s async, 0.02s sync)
3 tests, 0 failures, 2 excluded
Running ExUnit with seed: 560444, max_cases: 8
Excluding tags: [:test]
Including tags: [location: {"test/commonplace/cli/snapshot_test.exs", 114}]

CX_SNAPMECH cwd="/home/jes/sol-snapshot-repro/wt/apps/commonplace_cli" configured="tmp/test_data" configured_read=%{compact: [], count: 4, ls: {:ok, ["node_id", "secrets", "commits", "commits.lock"]}, exists?: true} commit_store_pid=#PID<0.279.0> commit_store_state_shape={true, [:data_dir, :db, :invariant_dispatcher, :local_write_gate, :lock_ref, :name, :pending_imports, :queue_poller, :trust_side_store]} cubdb_pid=#PID<0.282.0> cubdb_state_shape=CubDB.State cubdb_data_dir="tmp/test_data/commits" cubdb_read=%{compact: [], count: 1, ls: {:ok, ["2A.cub"]}, exists?: true}
06:06:02.563 [error] local node self-trust was not added: node signing public-key artifact is absent — continuing with configured trusted identities
06:06:02.576 [error] local node self-trust was not added: node signing public-key artifact is absent — continuing with configured trusted identities
06:06:02.588 [error] local node self-trust was not added: node signing public-key artifact is absent — continuing with configured trusted identities
06:06:02.597 [error] local node self-trust was not added: node signing public-key artifact is absent — continuing with configured trusted identities
.
Finished in 0.04 seconds (0.00s async, 0.04s sync)
3 tests, 0 failures, 2 excluded
Running ExUnit with seed: 603357, max_cases: 8
Excluding tags: [:test]
Including tags: [location: {"test/commonplace/cli/snapshot_test.exs", 114}]

CX_SNAPMECH cwd="/home/jes/sol-snapshot-repro/wt/apps/commonplace_cli" configured="tmp/test_data" configured_read=%{compact: [], count: 4, ls: {:ok, ["node_id", "secrets", "commits", "commits.lock"]}, exists?: true} commit_store_pid=#PID<0.279.0> commit_store_state_shape={true, [:data_dir, :db, :invariant_dispatcher, :local_write_gate, :lock_ref, :name, :pending_imports, :queue_poller, :trust_side_store]} cubdb_pid=#PID<0.282.0> cubdb_state_shape=CubDB.State cubdb_data_dir="tmp/test_data/commits" cubdb_read=%{compact: [], count: 1, ls: {:ok, ["2A.cub"]}, exists?: true}
06:06:02.605 [error] local node self-trust was not added: node signing public-key artifact is absent — continuing with configured trusted identities
06:06:02.615 [error] local node self-trust was not added: node signing public-key artifact is absent — continuing with configured trusted identities
06:06:02.619 [error] local node self-trust was not added: node signing public-key artifact is absent — continuing with configured trusted identities
06:06:02.631 [error] local node self-trust was not added: node signing public-key artifact is absent — continuing with configured trusted identities
.
Finished in 0.03 seconds (0.00s async, 0.03s sync)
3 tests, 0 failures, 2 excluded
Running ExUnit with seed: 636231, max_cases: 8
Excluding tags: [:test]
Including tags: [location: {"test/commonplace/cli/snapshot_test.exs", 114}]

CX_SNAPMECH cwd="/home/jes/sol-snapshot-repro/wt/apps/commonplace_cli" configured="tmp/test_data" configured_read=%{compact: [], count: 4, ls: {:ok, ["node_id", "secrets", "commits", "commits.lock"]}, exists?: true} commit_store_pid=#PID<0.279.0> commit_store_state_shape={true, [:data_dir, :db, :invariant_dispatcher, :local_write_gate, :lock_ref, :name, :pending_imports, :queue_poller, :trust_side_store]} cubdb_pid=#PID<0.282.0> cubdb_state_shape=CubDB.State cubdb_data_dir="tmp/test_data/commits" cubdb_read=%{compact: [], count: 1, ls: {:ok, ["2A.cub"]}, exists?: true}
06:06:02.638 [error] local node self-trust was not added: node signing public-key artifact is absent — continuing with configured trusted identities
06:06:02.658 [error] local node self-trust was not added: node signing public-key artifact is absent — continuing with configured trusted identities
06:06:02.662 [error] local node self-trust was not added: node signing public-key artifact is absent — continuing with configured trusted identities
06:06:02.672 [error] local node self-trust was not added: node signing public-key artifact is absent — continuing with configured trusted identities
.
Finished in 0.03 seconds (0.00s async, 0.03s sync)
3 tests, 0 failures, 2 excluded
Running ExUnit with seed: 678161, max_cases: 8
Excluding tags: [:test]
Including tags: [location: {"test/commonplace/cli/snapshot_test.exs", 114}]

CX_SNAPMECH cwd="/home/jes/sol-snapshot-repro/wt/apps/commonplace_cli" configured="tmp/test_data" configured_read=%{compact: [], count: 4, ls: {:ok, ["node_id", "secrets", "commits", "commits.lock"]}, exists?: true} commit_store_pid=#PID<0.279.0> commit_store_state_shape={true, [:data_dir, :db, :invariant_dispatcher, :local_write_gate, :lock_ref, :name, :pending_imports, :queue_poller, :trust_side_store]} cubdb_pid=#PID<0.282.0> cubdb_state_shape=CubDB.State cubdb_data_dir="tmp/test_data/commits" cubdb_read=%{compact: [], count: 1, ls: {:ok, ["2A.cub"]}, exists?: true}
06:06:02.685 [error] local node self-trust was not added: node signing public-key artifact is absent — continuing with configured trusted identities
06:06:02.691 [error] local node self-trust was not added: node signing public-key artifact is absent — continuing with configured trusted identities
06:06:02.699 [error] local node self-trust was not added: node signing public-key artifact is absent — continuing with configured trusted identities
06:06:02.706 [error] local node self-trust was not added: node signing public-key artifact is absent — continuing with configured trusted identities
.
Finished in 0.03 seconds (0.00s async, 0.03s sync)
3 tests, 0 failures, 2 excluded
Running ExUnit with seed: 711546, max_cases: 8
Excluding tags: [:test]
Including tags: [location: {"test/commonplace/cli/snapshot_test.exs", 114}]

CX_SNAPMECH cwd="/home/jes/sol-snapshot-repro/wt/apps/commonplace_cli" configured="tmp/test_data" configured_read=%{compact: [], count: 4, ls: {:ok, ["node_id", "secrets", "commits", "commits.lock"]}, exists?: true} commit_store_pid=#PID<0.279.0> commit_store_state_shape={true, [:data_dir, :db, :invariant_dispatcher, :local_write_gate, :lock_ref, :name, :pending_imports, :queue_poller, :trust_side_store]} cubdb_pid=#PID<0.282.0> cubdb_state_shape=CubDB.State cubdb_data_dir="tmp/test_data/commits" cubdb_read=%{compact: [], count: 1, ls: {:ok, ["2A.cub"]}, exists?: true}
06:06:02.713 [error] local node self-trust was not added: node signing public-key artifact is absent — continuing with configured trusted identities
06:06:02.719 [error] local node self-trust was not added: node signing public-key artifact is absent — continuing with configured trusted identities
06:06:02.722 [error] local node self-trust was not added: node signing public-key artifact is absent — continuing with configured trusted identities
06:06:02.728 [error] local node self-trust was not added: node signing public-key artifact is absent — continuing with configured trusted identities
.
Finished in 0.02 seconds (0.00s async, 0.02s sync)
3 tests, 0 failures, 2 excluded
Running ExUnit with seed: 734137, max_cases: 8
Excluding tags: [:test]
Including tags: [location: {"test/commonplace/cli/snapshot_test.exs", 114}]

CX_SNAPMECH cwd="/home/jes/sol-snapshot-repro/wt/apps/commonplace_cli" configured="tmp/test_data" configured_read=%{compact: [], count: 4, ls: {:ok, ["node_id", "secrets", "commits", "commits.lock"]}, exists?: true} commit_store_pid=#PID<0.279.0> commit_store_state_shape={true, [:data_dir, :db, :invariant_dispatcher, :local_write_gate, :lock_ref, :name, :pending_imports, :queue_poller, :trust_side_store]} cubdb_pid=#PID<0.282.0> cubdb_state_shape=CubDB.State cubdb_data_dir="tmp/test_data/commits" cubdb_read=%{compact: [], count: 1, ls: {:ok, ["2A.cub"]}, exists?: true}
06:06:02.735 [error] local node self-trust was not added: node signing public-key artifact is absent — continuing with configured trusted identities
06:06:02.740 [error] local node self-trust was not added: node signing public-key artifact is absent — continuing with configured trusted identities
06:06:02.747 [error] local node self-trust was not added: node signing public-key artifact is absent — continuing with configured trusted identities
06:06:02.763 [error] local node self-trust was not added: node signing public-key artifact is absent — continuing with configured trusted identities
.
Finished in 0.03 seconds (0.00s async, 0.03s sync)
3 tests, 0 failures, 2 excluded
Running ExUnit with seed: 768865, max_cases: 8
Excluding tags: [:test]
Including tags: [location: {"test/commonplace/cli/snapshot_test.exs", 114}]

CX_SNAPMECH cwd="/home/jes/sol-snapshot-repro/wt/apps/commonplace_cli" configured="tmp/test_data" configured_read=%{compact: [], count: 4, ls: {:ok, ["node_id", "secrets", "commits", "commits.lock"]}, exists?: true} commit_store_pid=#PID<0.279.0> commit_store_state_shape={true, [:data_dir, :db, :invariant_dispatcher, :local_write_gate, :lock_ref, :name, :pending_imports, :queue_poller, :trust_side_store]} cubdb_pid=#PID<0.282.0> cubdb_state_shape=CubDB.State cubdb_data_dir="tmp/test_data/commits" cubdb_read=%{compact: [], count: 1, ls: {:ok, ["2A.cub"]}, exists?: true}
06:06:02.771 [error] local node self-trust was not added: node signing public-key artifact is absent — continuing with configured trusted identities
06:06:02.777 [error] local node self-trust was not added: node signing public-key artifact is absent — continuing with configured trusted identities
06:06:02.783 [error] local node self-trust was not added: node signing public-key artifact is absent — continuing with configured trusted identities
06:06:02.798 [error] local node self-trust was not added: node signing public-key artifact is absent — continuing with configured trusted identities
.
Finished in 0.03 seconds (0.00s async, 0.03s sync)
3 tests, 0 failures, 2 excluded
Running ExUnit with seed: 806536, max_cases: 8
Excluding tags: [:test]
Including tags: [location: {"test/commonplace/cli/snapshot_test.exs", 114}]

CX_SNAPMECH cwd="/home/jes/sol-snapshot-repro/wt/apps/commonplace_cli" configured="tmp/test_data" configured_read=%{compact: [], count: 4, ls: {:ok, ["node_id", "secrets", "commits", "commits.lock"]}, exists?: true} commit_store_pid=#PID<0.279.0> commit_store_state_shape={true, [:data_dir, :db, :invariant_dispatcher, :local_write_gate, :lock_ref, :name, :pending_imports, :queue_poller, :trust_side_store]} cubdb_pid=#PID<0.282.0> cubdb_state_shape=CubDB.State cubdb_data_dir="tmp/test_data/commits" cubdb_read=%{compact: ["2B.compact"], count: 2, ls: {:ok, ["2B.compact", "2A.cub"]}, exists?: true}
06:06:02.811 [error] local node self-trust was not added: node signing public-key artifact is absent — continuing with configured trusted identities
06:06:02.819 [error] local node self-trust was not added: node signing public-key artifact is absent — continuing with configured trusted identities
06:06:02.829 [error] local node self-trust was not added: node signing public-key artifact is absent — continuing with configured trusted identities
06:06:02.853 [error] local node self-trust was not added: node signing public-key artifact is absent — continuing with configured trusted identities
.
Finished in 0.05 seconds (0.00s async, 0.05s sync)
3 tests, 0 failures, 2 excluded
Running ExUnit with seed: 865752, max_cases: 8
Excluding tags: [:test]
Including tags: [location: {"test/commonplace/cli/snapshot_test.exs", 114}]

CX_SNAPMECH cwd="/home/jes/sol-snapshot-repro/wt/apps/commonplace_cli" configured="tmp/test_data" configured_read=%{compact: [], count: 4, ls: {:ok, ["node_id", "secrets", "commits", "commits.lock"]}, exists?: true} commit_store_pid=#PID<0.279.0> commit_store_state_shape={true, [:data_dir, :db, :invariant_dispatcher, :local_write_gate, :lock_ref, :name, :pending_imports, :queue_poller, :trust_side_store]} cubdb_pid=#PID<0.282.0> cubdb_state_shape=CubDB.State cubdb_data_dir="tmp/test_data/commits" cubdb_read=%{compact: ["2B.compact"], count: 2, ls: {:ok, ["2B.compact", "2A.cub"]}, exists?: true}
06:06:02.867 [error] local node self-trust was not added: node signing public-key artifact is absent — continuing with configured trusted identities
06:06:02.874 [error] local node self-trust was not added: node signing public-key artifact is absent — continuing with configured trusted identities
06:06:02.879 [error] local node self-trust was not added: node signing public-key artifact is absent — continuing with configured trusted identities
06:06:02.887 [error] local node self-trust was not added: node signing public-key artifact is absent — continuing with configured trusted identities
.
Finished in 0.02 seconds (0.00s async, 0.02s sync)
3 tests, 0 failures, 2 excluded
Running ExUnit with seed: 894625, max_cases: 8
Excluding tags: [:test]
Including tags: [location: {"test/commonplace/cli/snapshot_test.exs", 114}]

CX_SNAPMECH cwd="/home/jes/sol-snapshot-repro/wt/apps/commonplace_cli" configured="tmp/test_data" configured_read=%{compact: [], count: 4, ls: {:ok, ["node_id", "secrets", "commits", "commits.lock"]}, exists?: true} commit_store_pid=#PID<0.279.0> commit_store_state_shape={true, [:data_dir, :db, :invariant_dispatcher, :local_write_gate, :lock_ref, :name, :pending_imports, :queue_poller, :trust_side_store]} cubdb_pid=#PID<0.282.0> cubdb_state_shape=CubDB.State cubdb_data_dir="tmp/test_data/commits" cubdb_read=%{compact: ["2B.compact"], count: 2, ls: {:ok, ["2B.compact", "2A.cub"]}, exists?: true}
06:06:02.896 [error] local node self-trust was not added: node signing public-key artifact is absent — continuing with configured trusted identities
06:06:02.900 [error] local node self-trust was not added: node signing public-key artifact is absent — continuing with configured trusted identities
06:06:02.903 [error] local node self-trust was not added: node signing public-key artifact is absent — continuing with configured trusted identities
06:06:02.912 [error] local node self-trust was not added: node signing public-key artifact is absent — continuing with configured trusted identities
.
Finished in 0.02 seconds (0.00s async, 0.02s sync)
3 tests, 0 failures, 2 excluded
Running ExUnit with seed: 919684, max_cases: 8
Excluding tags: [:test]
Including tags: [location: {"test/commonplace/cli/snapshot_test.exs", 114}]

CX_SNAPMECH cwd="/home/jes/sol-snapshot-repro/wt/apps/commonplace_cli" configured="tmp/test_data" configured_read=%{compact: [], count: 4, ls: {:ok, ["node_id", "secrets", "commits", "commits.lock"]}, exists?: true} commit_store_pid=#PID<0.279.0> commit_store_state_shape={true, [:data_dir, :db, :invariant_dispatcher, :local_write_gate, :lock_ref, :name, :pending_imports, :queue_poller, :trust_side_store]} cubdb_pid=#PID<0.282.0> cubdb_state_shape=CubDB.State cubdb_data_dir="tmp/test_data/commits" cubdb_read=%{compact: ["2B.compact"], count: 2, ls: {:ok, ["2B.compact", "2A.cub"]}, exists?: true}
06:06:02.922 [error] local node self-trust was not added: node signing public-key artifact is absent — continuing with configured trusted identities
06:06:02.931 [error] local node self-trust was not added: node signing public-key artifact is absent — continuing with configured trusted identities
06:06:02.938 [error] local node self-trust was not added: node signing public-key artifact is absent — continuing with configured trusted identities
06:06:02.947 [error] local node self-trust was not added: node signing public-key artifact is absent — continuing with configured trusted identities
.
Finished in 0.03 seconds (0.00s async, 0.03s sync)
3 tests, 0 failures, 2 excluded
Running ExUnit with seed: 953611, max_cases: 8
Excluding tags: [:test]
Including tags: [location: {"test/commonplace/cli/snapshot_test.exs", 114}]

CX_SNAPMECH cwd="/home/jes/sol-snapshot-repro/wt/apps/commonplace_cli" configured="tmp/test_data" configured_read=%{compact: [], count: 4, ls: {:ok, ["node_id", "secrets", "commits", "commits.lock"]}, exists?: true} commit_store_pid=#PID<0.279.0> commit_store_state_shape={true, [:data_dir, :db, :invariant_dispatcher, :local_write_gate, :lock_ref, :name, :pending_imports, :queue_poller, :trust_side_store]} cubdb_pid=#PID<0.282.0> cubdb_state_shape=CubDB.State cubdb_data_dir="tmp/test_data/commits" cubdb_read=%{compact: ["2B.compact"], count: 2, ls: {:ok, ["2B.compact", "2A.cub"]}, exists?: true}
06:06:02.956 [error] local node self-trust was not added: node signing public-key artifact is absent — continuing with configured trusted identities
06:06:02.965 [error] local node self-trust was not added: node signing public-key artifact is absent — continuing with configured trusted identities
06:06:02.974 [error] local node self-trust was not added: node signing public-key artifact is absent — continuing with configured trusted identities
06:06:02.991 [error] local node self-trust was not added: node signing public-key artifact is absent — continuing with configured trusted identities
.
Finished in 0.04 seconds (0.00s async, 0.04s sync)
3 tests, 0 failures, 2 excluded
Running ExUnit with seed: 391, max_cases: 8
Excluding tags: [:test]
Including tags: [location: {"test/commonplace/cli/snapshot_test.exs", 114}]

CX_SNAPMECH cwd="/home/jes/sol-snapshot-repro/wt/apps/commonplace_cli" configured="tmp/test_data" configured_read=%{compact: [], count: 4, ls: {:ok, ["node_id", "secrets", "commits", "commits.lock"]}, exists?: true} commit_store_pid=#PID<0.279.0> commit_store_state_shape={true, [:data_dir, :db, :invariant_dispatcher, :local_write_gate, :lock_ref, :name, :pending_imports, :queue_poller, :trust_side_store]} cubdb_pid=#PID<0.282.0> cubdb_state_shape=CubDB.State cubdb_data_dir="tmp/test_data/commits" cubdb_read=%{compact: ["2B.compact"], count: 2, ls: {:ok, ["2B.compact", "2A.cub"]}, exists?: true}
06:06:03.002 [error] local node self-trust was not added: node signing public-key artifact is absent — continuing with configured trusted identities
06:06:03.008 [error] local node self-trust was not added: node signing public-key artifact is absent — continuing with configured trusted identities
06:06:03.015 [error] local node self-trust was not added: node signing public-key artifact is absent — continuing with configured trusted identities
06:06:03.025 [error] local node self-trust was not added: node signing public-key artifact is absent — continuing with configured trusted identities
.
Finished in 0.03 seconds (0.00s async, 0.03s sync)
3 tests, 0 failures, 2 excluded
Running ExUnit with seed: 33975, max_cases: 8
Excluding tags: [:test]
Including tags: [location: {"test/commonplace/cli/snapshot_test.exs", 114}]

CX_SNAPMECH cwd="/home/jes/sol-snapshot-repro/wt/apps/commonplace_cli" configured="tmp/test_data" configured_read=%{compact: [], count: 4, ls: {:ok, ["node_id", "secrets", "commits", "commits.lock"]}, exists?: true} commit_store_pid=#PID<0.279.0> commit_store_state_shape={true, [:data_dir, :db, :invariant_dispatcher, :local_write_gate, :lock_ref, :name, :pending_imports, :queue_poller, :trust_side_store]} cubdb_pid=#PID<0.282.0> cubdb_state_shape=CubDB.State cubdb_data_dir="tmp/test_data/commits" cubdb_read=%{compact: ["2B.compact"], count: 2, ls: {:ok, ["2B.compact", "2A.cub"]}, exists?: true}
06:06:03.038 [error] local node self-trust was not added: node signing public-key artifact is absent — continuing with configured trusted identities
06:06:03.050 [error] local node self-trust was not added: node signing public-key artifact is absent — continuing with configured trusted identities
06:06:03.055 [error] local node self-trust was not added: node signing public-key artifact is absent — continuing with configured trusted identities
06:06:03.078 [error] local node self-trust was not added: node signing public-key artifact is absent — continuing with configured trusted identities
.
Finished in 0.05 seconds (0.00s async, 0.05s sync)
3 tests, 0 failures, 2 excluded
Running ExUnit with seed: 86067, max_cases: 8
Excluding tags: [:test]
Including tags: [location: {"test/commonplace/cli/snapshot_test.exs", 114}]

CX_SNAPMECH cwd="/home/jes/sol-snapshot-repro/wt/apps/commonplace_cli" configured="tmp/test_data" configured_read=%{compact: [], count: 4, ls: {:ok, ["node_id", "secrets", "commits", "commits.lock"]}, exists?: true} commit_store_pid=#PID<0.279.0> commit_store_state_shape={true, [:data_dir, :db, :invariant_dispatcher, :local_write_gate, :lock_ref, :name, :pending_imports, :queue_poller, :trust_side_store]} cubdb_pid=#PID<0.282.0> cubdb_state_shape=CubDB.State cubdb_data_dir="tmp/test_data/commits" cubdb_read=%{compact: [], count: 1, ls: {:ok, ["2B.cub"]}, exists?: true}
06:06:03.089 [error] local node self-trust was not added: node signing public-key artifact is absent — continuing with configured trusted identities
06:06:03.095 [error] local node self-trust was not added: node signing public-key artifact is absent — continuing with configured trusted identities
06:06:03.099 [error] local node self-trust was not added: node signing public-key artifact is absent — continuing with configured trusted identities
06:06:03.106 [error] local node self-trust was not added: node signing public-key artifact is absent — continuing with configured trusted identities
.
Finished in 0.02 seconds (0.00s async, 0.02s sync)
3 tests, 0 failures, 2 excluded
Running ExUnit with seed: 111593, max_cases: 8
Excluding tags: [:test]
Including tags: [location: {"test/commonplace/cli/snapshot_test.exs", 114}]

CX_SNAPMECH cwd="/home/jes/sol-snapshot-repro/wt/apps/commonplace_cli" configured="tmp/test_data" configured_read=%{compact: [], count: 4, ls: {:ok, ["node_id", "secrets", "commits", "commits.lock"]}, exists?: true} commit_store_pid=#PID<0.279.0> commit_store_state_shape={true, [:data_dir, :db, :invariant_dispatcher, :local_write_gate, :lock_ref, :name, :pending_imports, :queue_poller, :trust_side_store]} cubdb_pid=#PID<0.282.0> cubdb_state_shape=CubDB.State cubdb_data_dir="tmp/test_data/commits" cubdb_read=%{compact: [], count: 1, ls: {:ok, ["2B.cub"]}, exists?: true}
06:06:03.114 [error] local node self-trust was not added: node signing public-key artifact is absent — continuing with configured trusted identities
06:06:03.119 [error] local node self-trust was not added: node signing public-key artifact is absent — continuing with configured trusted identities
06:06:03.123 [error] local node self-trust was not added: node signing public-key artifact is absent — continuing with configured trusted identities
06:06:03.128 [error] local node self-trust was not added: node signing public-key artifact is absent — continuing with configured trusted identities
.
Finished in 0.01 seconds (0.00s async, 0.01s sync)
3 tests, 0 failures, 2 excluded
Running ExUnit with seed: 132798, max_cases: 8
Excluding tags: [:test]
Including tags: [location: {"test/commonplace/cli/snapshot_test.exs", 114}]

CX_SNAPMECH cwd="/home/jes/sol-snapshot-repro/wt/apps/commonplace_cli" configured="tmp/test_data" configured_read=%{compact: [], count: 4, ls: {:ok, ["node_id", "secrets", "commits", "commits.lock"]}, exists?: true} commit_store_pid=#PID<0.279.0> commit_store_state_shape={true, [:data_dir, :db, :invariant_dispatcher, :local_write_gate, :lock_ref, :name, :pending_imports, :queue_poller, :trust_side_store]} cubdb_pid=#PID<0.282.0> cubdb_state_shape=CubDB.State cubdb_data_dir="tmp/test_data/commits" cubdb_read=%{compact: [], count: 1, ls: {:ok, ["2B.cub"]}, exists?: true}
06:06:03.134 [error] local node self-trust was not added: node signing public-key artifact is absent — continuing with configured trusted identities
06:06:03.139 [error] local node self-trust was not added: node signing public-key artifact is absent — continuing with configured trusted identities
06:06:03.142 [error] local node self-trust was not added: node signing public-key artifact is absent — continuing with configured trusted identities
06:06:03.149 [error] local node self-trust was not added: node signing public-key artifact is absent — continuing with configured trusted identities
.
Finished in 0.02 seconds (0.00s async, 0.02s sync)
3 tests, 0 failures, 2 excluded
Running ExUnit with seed: 154731, max_cases: 8
Excluding tags: [:test]
Including tags: [location: {"test/commonplace/cli/snapshot_test.exs", 114}]

CX_SNAPMECH cwd="/home/jes/sol-snapshot-repro/wt/apps/commonplace_cli" configured="tmp/test_data" configured_read=%{compact: [], count: 4, ls: {:ok, ["node_id", "secrets", "commits", "commits.lock"]}, exists?: true} commit_store_pid=#PID<0.279.0> commit_store_state_shape={true, [:data_dir, :db, :invariant_dispatcher, :local_write_gate, :lock_ref, :name, :pending_imports, :queue_poller, :trust_side_store]} cubdb_pid=#PID<0.282.0> cubdb_state_shape=CubDB.State cubdb_data_dir="tmp/test_data/commits" cubdb_read=%{compact: [], count: 1, ls: {:ok, ["2B.cub"]}, exists?: true}
06:06:03.156 [error] local node self-trust was not added: node signing public-key artifact is absent — continuing with configured trusted identities
06:06:03.161 [error] local node self-trust was not added: node signing public-key artifact is absent — continuing with configured trusted identities
06:06:03.166 [error] local node self-trust was not added: node signing public-key artifact is absent — continuing with configured trusted identities
06:06:03.178 [error] local node self-trust was not added: node signing public-key artifact is absent — continuing with configured trusted identities
.
Finished in 0.02 seconds (0.00s async, 0.02s sync)
3 tests, 0 failures, 2 excluded
Running ExUnit with seed: 184920, max_cases: 8
Excluding tags: [:test]
Including tags: [location: {"test/commonplace/cli/snapshot_test.exs", 114}]

CX_SNAPMECH cwd="/home/jes/sol-snapshot-repro/wt/apps/commonplace_cli" configured="tmp/test_data" configured_read=%{compact: [], count: 4, ls: {:ok, ["node_id", "secrets", "commits", "commits.lock"]}, exists?: true} commit_store_pid=#PID<0.279.0> commit_store_state_shape={true, [:data_dir, :db, :invariant_dispatcher, :local_write_gate, :lock_ref, :name, :pending_imports, :queue_poller, :trust_side_store]} cubdb_pid=#PID<0.282.0> cubdb_state_shape=CubDB.State cubdb_data_dir="tmp/test_data/commits" cubdb_read=%{compact: [], count: 1, ls: {:ok, ["2B.cub"]}, exists?: true}
06:06:03.186 [error] local node self-trust was not added: node signing public-key artifact is absent — continuing with configured trusted identities
06:06:03.191 [error] local node self-trust was not added: node signing public-key artifact is absent — continuing with configured trusted identities
06:06:03.196 [error] local node self-trust was not added: node signing public-key artifact is absent — continuing with configured trusted identities
06:06:03.207 [error] local node self-trust was not added: node signing public-key artifact is absent — continuing with configured trusted identities
.
Finished in 0.02 seconds (0.00s async, 0.02s sync)
3 tests, 0 failures, 2 excluded
Running ExUnit with seed: 215568, max_cases: 8
Excluding tags: [:test]
Including tags: [location: {"test/commonplace/cli/snapshot_test.exs", 114}]

CX_SNAPMECH cwd="/home/jes/sol-snapshot-repro/wt/apps/commonplace_cli" configured="tmp/test_data" configured_read=%{compact: [], count: 4, ls: {:ok, ["node_id", "secrets", "commits", "commits.lock"]}, exists?: true} commit_store_pid=#PID<0.279.0> commit_store_state_shape={true, [:data_dir, :db, :invariant_dispatcher, :local_write_gate, :lock_ref, :name, :pending_imports, :queue_poller, :trust_side_store]} cubdb_pid=#PID<0.282.0> cubdb_state_shape=CubDB.State cubdb_data_dir="tmp/test_data/commits" cubdb_read=%{compact: [], count: 1, ls: {:ok, ["2B.cub"]}, exists?: true}
06:06:03.217 [error] local node self-trust was not added: node signing public-key artifact is absent — continuing with configured trusted identities
06:06:03.222 [error] local node self-trust was not added: node signing public-key artifact is absent — continuing with configured trusted identities
06:06:03.226 [error] local node self-trust was not added: node signing public-key artifact is absent — continuing with configured trusted identities
06:06:03.235 [error] local node self-trust was not added: node signing public-key artifact is absent — continuing with configured trusted identities
.
Finished in 0.02 seconds (0.00s async, 0.02s sync)
3 tests, 0 failures, 2 excluded
Running ExUnit with seed: 239364, max_cases: 8
Excluding tags: [:test]
Including tags: [location: {"test/commonplace/cli/snapshot_test.exs", 114}]

CX_SNAPMECH cwd="/home/jes/sol-snapshot-repro/wt/apps/commonplace_cli" configured="tmp/test_data" configured_read=%{compact: [], count: 4, ls: {:ok, ["node_id", "secrets", "commits", "commits.lock"]}, exists?: true} commit_store_pid=#PID<0.279.0> commit_store_state_shape={true, [:data_dir, :db, :invariant_dispatcher, :local_write_gate, :lock_ref, :name, :pending_imports, :queue_poller, :trust_side_store]} cubdb_pid=#PID<0.282.0> cubdb_state_shape=CubDB.State cubdb_data_dir="tmp/test_data/commits" cubdb_read=%{compact: [], count: 1, ls: {:ok, ["2B.cub"]}, exists?: true}
06:06:03.241 [error] local node self-trust was not added: node signing public-key artifact is absent — continuing with configured trusted identities
06:06:03.244 [error] local node self-trust was not added: node signing public-key artifact is absent — continuing with configured trusted identities
06:06:03.247 [error] local node self-trust was not added: node signing public-key artifact is absent — continuing with configured trusted identities
06:06:03.252 [error] local node self-trust was not added: node signing public-key artifact is absent — continuing with configured trusted identities
.
Finished in 0.01 seconds (0.00s async, 0.01s sync)
3 tests, 0 failures, 2 excluded
Running ExUnit with seed: 257295, max_cases: 8
Excluding tags: [:test]
Including tags: [location: {"test/commonplace/cli/snapshot_test.exs", 114}]

CX_SNAPMECH cwd="/home/jes/sol-snapshot-repro/wt/apps/commonplace_cli" configured="tmp/test_data" configured_read=%{compact: [], count: 4, ls: {:ok, ["node_id", "secrets", "commits", "commits.lock"]}, exists?: true} commit_store_pid=#PID<0.279.0> commit_store_state_shape={true, [:data_dir, :db, :invariant_dispatcher, :local_write_gate, :lock_ref, :name, :pending_imports, :queue_poller, :trust_side_store]} cubdb_pid=#PID<0.282.0> cubdb_state_shape=CubDB.State cubdb_data_dir="tmp/test_data/commits" cubdb_read=%{compact: [], count: 1, ls: {:ok, ["2B.cub"]}, exists?: true}
06:06:03.258 [error] local node self-trust was not added: node signing public-key artifact is absent — continuing with configured trusted identities
06:06:03.263 [error] local node self-trust was not added: node signing public-key artifact is absent — continuing with configured trusted identities
06:06:03.266 [error] local node self-trust was not added: node signing public-key artifact is absent — continuing with configured trusted identities
06:06:03.271 [error] local node self-trust was not added: node signing public-key artifact is absent — continuing with configured trusted identities
.
Finished in 0.01 seconds (0.00s async, 0.01s sync)
3 tests, 0 failures, 2 excluded
Running ExUnit with seed: 276624, max_cases: 8
Excluding tags: [:test]
Including tags: [location: {"test/commonplace/cli/snapshot_test.exs", 114}]

CX_SNAPMECH cwd="/home/jes/sol-snapshot-repro/wt/apps/commonplace_cli" configured="tmp/test_data" configured_read=%{compact: [], count: 4, ls: {:ok, ["node_id", "secrets", "commits", "commits.lock"]}, exists?: true} commit_store_pid=#PID<0.279.0> commit_store_state_shape={true, [:data_dir, :db, :invariant_dispatcher, :local_write_gate, :lock_ref, :name, :pending_imports, :queue_poller, :trust_side_store]} cubdb_pid=#PID<0.282.0> cubdb_state_shape=CubDB.State cubdb_data_dir="tmp/test_data/commits" cubdb_read=%{compact: [], count: 1, ls: {:ok, ["2B.cub"]}, exists?: true}
06:06:03.277 [error] local node self-trust was not added: node signing public-key artifact is absent — continuing with configured trusted identities
06:06:03.282 [error] local node self-trust was not added: node signing public-key artifact is absent — continuing with configured trusted identities
06:06:03.286 [error] local node self-trust was not added: node signing public-key artifact is absent — continuing with configured trusted identities
06:06:03.296 [error] local node self-trust was not added: node signing public-key artifact is absent — continuing with configured trusted identities
.
Finished in 0.02 seconds (0.00s async, 0.02s sync)
3 tests, 0 failures, 2 excluded
Running ExUnit with seed: 302554, max_cases: 8
Excluding tags: [:test]
Including tags: [location: {"test/commonplace/cli/snapshot_test.exs", 114}]

CX_SNAPMECH cwd="/home/jes/sol-snapshot-repro/wt/apps/commonplace_cli" configured="tmp/test_data" configured_read=%{compact: [], count: 4, ls: {:ok, ["node_id", "secrets", "commits", "commits.lock"]}, exists?: true} commit_store_pid=#PID<0.279.0> commit_store_state_shape={true, [:data_dir, :db, :invariant_dispatcher, :local_write_gate, :lock_ref, :name, :pending_imports, :queue_poller, :trust_side_store]} cubdb_pid=#PID<0.282.0> cubdb_state_shape=CubDB.State cubdb_data_dir="tmp/test_data/commits" cubdb_read=%{compact: [], count: 1, ls: {:ok, ["2B.cub"]}, exists?: true}
06:06:03.304 [error] local node self-trust was not added: node signing public-key artifact is absent — continuing with configured trusted identities
06:06:03.307 [error] local node self-trust was not added: node signing public-key artifact is absent — continuing with configured trusted identities
06:06:03.311 [error] local node self-trust was not added: node signing public-key artifact is absent — continuing with configured trusted identities
06:06:03.317 [error] local node self-trust was not added: node signing public-key artifact is absent — continuing with configured trusted identities
.
Finished in 0.01 seconds (0.00s async, 0.01s sync)
3 tests, 0 failures, 2 excluded
Running ExUnit with seed: 321890, max_cases: 8
Excluding tags: [:test]
Including tags: [location: {"test/commonplace/cli/snapshot_test.exs", 114}]

CX_SNAPMECH cwd="/home/jes/sol-snapshot-repro/wt/apps/commonplace_cli" configured="tmp/test_data" configured_read=%{compact: [], count: 4, ls: {:ok, ["node_id", "secrets", "commits", "commits.lock"]}, exists?: true} commit_store_pid=#PID<0.279.0> commit_store_state_shape={true, [:data_dir, :db, :invariant_dispatcher, :local_write_gate, :lock_ref, :name, :pending_imports, :queue_poller, :trust_side_store]} cubdb_pid=#PID<0.282.0> cubdb_state_shape=CubDB.State cubdb_data_dir="tmp/test_data/commits" cubdb_read=%{compact: [], count: 1, ls: {:ok, ["2B.cub"]}, exists?: true}
06:06:03.323 [error] local node self-trust was not added: node signing public-key artifact is absent — continuing with configured trusted identities
06:06:03.327 [error] local node self-trust was not added: node signing public-key artifact is absent — continuing with configured trusted identities
06:06:03.329 [error] local node self-trust was not added: node signing public-key artifact is absent — continuing with configured trusted identities
06:06:03.335 [error] local node self-trust was not added: node signing public-key artifact is absent — continuing with configured trusted identities
.
Finished in 0.01 seconds (0.00s async, 0.01s sync)
3 tests, 0 failures, 2 excluded
Running ExUnit with seed: 339210, max_cases: 8
Excluding tags: [:test]
Including tags: [location: {"test/commonplace/cli/snapshot_test.exs", 114}]

CX_SNAPMECH cwd="/home/jes/sol-snapshot-repro/wt/apps/commonplace_cli" configured="tmp/test_data" configured_read=%{compact: [], count: 4, ls: {:ok, ["node_id", "secrets", "commits", "commits.lock"]}, exists?: true} commit_store_pid=#PID<0.279.0> commit_store_state_shape={true, [:data_dir, :db, :invariant_dispatcher, :local_write_gate, :lock_ref, :name, :pending_imports, :queue_poller, :trust_side_store]} cubdb_pid=#PID<0.282.0> cubdb_state_shape=CubDB.State cubdb_data_dir="tmp/test_data/commits" cubdb_read=%{compact: [], count: 1, ls: {:ok, ["2B.cub"]}, exists?: true}
06:06:03.340 [error] local node self-trust was not added: node signing public-key artifact is absent — continuing with configured trusted identities
06:06:03.345 [error] local node self-trust was not added: node signing public-key artifact is absent — continuing with configured trusted identities
06:06:03.347 [error] local node self-trust was not added: node signing public-key artifact is absent — continuing with configured trusted identities
06:06:03.352 [error] local node self-trust was not added: node signing public-key artifact is absent — continuing with configured trusted identities
.
Finished in 0.01 seconds (0.00s async, 0.01s sync)
3 tests, 0 failures, 2 excluded
Running ExUnit with seed: 357312, max_cases: 8
Excluding tags: [:test]
Including tags: [location: {"test/commonplace/cli/snapshot_test.exs", 114}]

CX_SNAPMECH cwd="/home/jes/sol-snapshot-repro/wt/apps/commonplace_cli" configured="tmp/test_data" configured_read=%{compact: [], count: 4, ls: {:ok, ["node_id", "secrets", "commits", "commits.lock"]}, exists?: true} commit_store_pid=#PID<0.279.0> commit_store_state_shape={true, [:data_dir, :db, :invariant_dispatcher, :local_write_gate, :lock_ref, :name, :pending_imports, :queue_poller, :trust_side_store]} cubdb_pid=#PID<0.282.0> cubdb_state_shape=CubDB.State cubdb_data_dir="tmp/test_data/commits" cubdb_read=%{compact: [], count: 1, ls: {:ok, ["2B.cub"]}, exists?: true}
06:06:03.360 [error] local node self-trust was not added: node signing public-key artifact is absent — continuing with configured trusted identities
06:06:03.363 [error] local node self-trust was not added: node signing public-key artifact is absent — continuing with configured trusted identities
06:06:03.366 [error] local node self-trust was not added: node signing public-key artifact is absent — continuing with configured trusted identities
06:06:03.371 [error] local node self-trust was not added: node signing public-key artifact is absent — continuing with configured trusted identities
.
Finished in 0.01 seconds (0.00s async, 0.01s sync)
3 tests, 0 failures, 2 excluded
Running ExUnit with seed: 375661, max_cases: 8
Excluding tags: [:test]
Including tags: [location: {"test/commonplace/cli/snapshot_test.exs", 114}]

CX_SNAPMECH cwd="/home/jes/sol-snapshot-repro/wt/apps/commonplace_cli" configured="tmp/test_data" configured_read=%{compact: [], count: 4, ls: {:ok, ["node_id", "secrets", "commits", "commits.lock"]}, exists?: true} commit_store_pid=#PID<0.279.0> commit_store_state_shape={true, [:data_dir, :db, :invariant_dispatcher, :local_write_gate, :lock_ref, :name, :pending_imports, :queue_poller, :trust_side_store]} cubdb_pid=#PID<0.282.0> cubdb_state_shape=CubDB.State cubdb_data_dir="tmp/test_data/commits" cubdb_read=%{compact: [], count: 1, ls: {:ok, ["2B.cub"]}, exists?: true}
06:06:03.376 [error] local node self-trust was not added: node signing public-key artifact is absent — continuing with configured trusted identities
06:06:03.381 [error] local node self-trust was not added: node signing public-key artifact is absent — continuing with configured trusted identities
06:06:03.385 [error] local node self-trust was not added: node signing public-key artifact is absent — continuing with configured trusted identities
06:06:03.392 [error] local node self-trust was not added: node signing public-key artifact is absent — continuing with configured trusted identities
.
Finished in 0.02 seconds (0.00s async, 0.02s sync)
3 tests, 0 failures, 2 excluded
Running ExUnit with seed: 399400, max_cases: 8
Excluding tags: [:test]
Including tags: [location: {"test/commonplace/cli/snapshot_test.exs", 114}]

CX_SNAPMECH cwd="/home/jes/sol-snapshot-repro/wt/apps/commonplace_cli" configured="tmp/test_data" configured_read=%{compact: [], count: 4, ls: {:ok, ["node_id", "secrets", "commits", "commits.lock"]}, exists?: true} commit_store_pid=#PID<0.279.0> commit_store_state_shape={true, [:data_dir, :db, :invariant_dispatcher, :local_write_gate, :lock_ref, :name, :pending_imports, :queue_poller, :trust_side_store]} cubdb_pid=#PID<0.282.0> cubdb_state_shape=CubDB.State cubdb_data_dir="tmp/test_data/commits" cubdb_read=%{compact: ["2C.compact"], count: 2, ls: {:ok, ["2C.compact", "2B.cub"]}, exists?: true}
06:06:03.402 [error] local node self-trust was not added: node signing public-key artifact is absent — continuing with configured trusted identities
06:06:03.409 [error] local node self-trust was not added: node signing public-key artifact is absent — continuing with configured trusted identities
06:06:03.416 [error] local node self-trust was not added: node signing public-key artifact is absent — continuing with configured trusted identities
06:06:03.425 [error] local node self-trust was not added: node signing public-key artifact is absent — continuing with configured trusted identities
.
Finished in 0.02 seconds (0.00s async, 0.02s sync)
3 tests, 0 failures, 2 excluded
Running ExUnit with seed: 431911, max_cases: 8
Excluding tags: [:test]
Including tags: [location: {"test/commonplace/cli/snapshot_test.exs", 114}]

CX_SNAPMECH cwd="/home/jes/sol-snapshot-repro/wt/apps/commonplace_cli" configured="tmp/test_data" configured_read=%{compact: [], count: 4, ls: {:ok, ["node_id", "secrets", "commits", "commits.lock"]}, exists?: true} commit_store_pid=#PID<0.279.0> commit_store_state_shape={true, [:data_dir, :db, :invariant_dispatcher, :local_write_gate, :lock_ref, :name, :pending_imports, :queue_poller, :trust_side_store]} cubdb_pid=#PID<0.282.0> cubdb_state_shape=CubDB.State cubdb_data_dir="tmp/test_data/commits" cubdb_read=%{compact: ["2C.compact"], count: 2, ls: {:ok, ["2C.compact", "2B.cub"]}, exists?: true}
06:06:03.436 [error] local node self-trust was not added: node signing public-key artifact is absent — continuing with configured trusted identities
06:06:03.442 [error] local node self-trust was not added: node signing public-key artifact is absent — continuing with configured trusted identities
06:06:03.447 [error] local node self-trust was not added: node signing public-key artifact is absent — continuing with configured trusted identities
06:06:03.459 [error] local node self-trust was not added: node signing public-key artifact is absent — continuing with configured trusted identities
.
Finished in 0.03 seconds (0.00s async, 0.03s sync)
3 tests, 0 failures, 2 excluded
Running ExUnit with seed: 468780, max_cases: 8
Excluding tags: [:test]
Including tags: [location: {"test/commonplace/cli/snapshot_test.exs", 114}]

CX_SNAPMECH cwd="/home/jes/sol-snapshot-repro/wt/apps/commonplace_cli" configured="tmp/test_data" configured_read=%{compact: [], count: 4, ls: {:ok, ["node_id", "secrets", "commits", "commits.lock"]}, exists?: true} commit_store_pid=#PID<0.279.0> commit_store_state_shape={true, [:data_dir, :db, :invariant_dispatcher, :local_write_gate, :lock_ref, :name, :pending_imports, :queue_poller, :trust_side_store]} cubdb_pid=#PID<0.282.0> cubdb_state_shape=CubDB.State cubdb_data_dir="tmp/test_data/commits" cubdb_read=%{compact: ["2C.compact"], count: 2, ls: {:ok, ["2C.compact", "2B.cub"]}, exists?: true}
06:06:03.471 [error] local node self-trust was not added: node signing public-key artifact is absent — continuing with configured trusted identities
06:06:03.479 [error] local node self-trust was not added: node signing public-key artifact is absent — continuing with configured trusted identities
06:06:03.484 [error] local node self-trust was not added: node signing public-key artifact is absent — continuing with configured trusted identities
06:06:03.496 [error] local node self-trust was not added: node signing public-key artifact is absent — continuing with configured trusted identities
.
Finished in 0.04 seconds (0.00s async, 0.04s sync)
3 tests, 0 failures, 2 excluded
Running ExUnit with seed: 514211, max_cases: 8
Excluding tags: [:test]
Including tags: [location: {"test/commonplace/cli/snapshot_test.exs", 114}]

CX_SNAPMECH cwd="/home/jes/sol-snapshot-repro/wt/apps/commonplace_cli" configured="tmp/test_data" configured_read=%{compact: [], count: 4, ls: {:ok, ["node_id", "secrets", "commits", "commits.lock"]}, exists?: true} commit_store_pid=#PID<0.279.0> commit_store_state_shape={true, [:data_dir, :db, :invariant_dispatcher, :local_write_gate, :lock_ref, :name, :pending_imports, :queue_poller, :trust_side_store]} cubdb_pid=#PID<0.282.0> cubdb_state_shape=CubDB.State cubdb_data_dir="tmp/test_data/commits" cubdb_read=%{compact: ["2C.compact"], count: 2, ls: {:ok, ["2C.compact", "2B.cub"]}, exists?: true}
06:06:03.517 [error] local node self-trust was not added: node signing public-key artifact is absent — continuing with configured trusted identities
06:06:03.527 [error] local node self-trust was not added: node signing public-key artifact is absent — continuing with configured trusted identities
06:06:03.546 [error] local node self-trust was not added: node signing public-key artifact is absent — continuing with configured trusted identities
06:06:03.564 [error] local node self-trust was not added: node signing public-key artifact is absent — continuing with configured trusted identities
.
Finished in 0.05 seconds (0.00s async, 0.05s sync)
3 tests, 0 failures, 2 excluded
Running ExUnit with seed: 573656, max_cases: 8
Excluding tags: [:test]
Including tags: [location: {"test/commonplace/cli/snapshot_test.exs", 114}]

CX_SNAPMECH cwd="/home/jes/sol-snapshot-repro/wt/apps/commonplace_cli" configured="tmp/test_data" configured_read=%{compact: [], count: 4, ls: {:ok, ["node_id", "secrets", "commits", "commits.lock"]}, exists?: true} commit_store_pid=#PID<0.279.0> commit_store_state_shape={true, [:data_dir, :db, :invariant_dispatcher, :local_write_gate, :lock_ref, :name, :pending_imports, :queue_poller, :trust_side_store]} cubdb_pid=#PID<0.282.0> cubdb_state_shape=CubDB.State cubdb_data_dir="tmp/test_data/commits" cubdb_read=%{compact: ["2C.compact"], count: 2, ls: {:ok, ["2C.compact", "2B.cub"]}, exists?: true}
06:06:03.575 [error] local node self-trust was not added: node signing public-key artifact is absent — continuing with configured trusted identities
06:06:03.580 [error] local node self-trust was not added: node signing public-key artifact is absent — continuing with configured trusted identities
06:06:03.586 [error] local node self-trust was not added: node signing public-key artifact is absent — continuing with configured trusted identities
06:06:03.596 [error] local node self-trust was not added: node signing public-key artifact is absent — continuing with configured trusted identities
.
Finished in 0.02 seconds (0.00s async, 0.02s sync)
3 tests, 0 failures, 2 excluded
Running ExUnit with seed: 603298, max_cases: 8
Excluding tags: [:test]
Including tags: [location: {"test/commonplace/cli/snapshot_test.exs", 114}]

CX_SNAPMECH cwd="/home/jes/sol-snapshot-repro/wt/apps/commonplace_cli" configured="tmp/test_data" configured_read=%{compact: [], count: 4, ls: {:ok, ["node_id", "secrets", "commits", "commits.lock"]}, exists?: true} commit_store_pid=#PID<0.279.0> commit_store_state_shape={true, [:data_dir, :db, :invariant_dispatcher, :local_write_gate, :lock_ref, :name, :pending_imports, :queue_poller, :trust_side_store]} cubdb_pid=#PID<0.282.0> cubdb_state_shape=CubDB.State cubdb_data_dir="tmp/test_data/commits" cubdb_read=%{compact: ["2C.compact"], count: 2, ls: {:ok, ["2C.compact", "2B.cub"]}, exists?: true}
06:06:03.605 [error] local node self-trust was not added: node signing public-key artifact is absent — continuing with configured trusted identities
06:06:03.611 [error] local node self-trust was not added: node signing public-key artifact is absent — continuing with configured trusted identities
06:06:03.617 [error] local node self-trust was not added: node signing public-key artifact is absent — continuing with configured trusted identities
06:06:03.628 [error] local node self-trust was not added: node signing public-key artifact is absent — continuing with configured trusted identities
.
Finished in 0.03 seconds (0.00s async, 0.03s sync)
3 tests, 0 failures, 2 excluded
Running ExUnit with seed: 635934, max_cases: 8
Excluding tags: [:test]
Including tags: [location: {"test/commonplace/cli/snapshot_test.exs", 114}]

CX_SNAPMECH cwd="/home/jes/sol-snapshot-repro/wt/apps/commonplace_cli" configured="tmp/test_data" configured_read=%{compact: [], count: 4, ls: {:ok, ["node_id", "secrets", "commits", "commits.lock"]}, exists?: true} commit_store_pid=#PID<0.279.0> commit_store_state_shape={true, [:data_dir, :db, :invariant_dispatcher, :local_write_gate, :lock_ref, :name, :pending_imports, :queue_poller, :trust_side_store]} cubdb_pid=#PID<0.282.0> cubdb_state_shape=CubDB.State cubdb_data_dir="tmp/test_data/commits" cubdb_read=%{compact: ["2C.compact"], count: 2, ls: {:ok, ["2C.compact", "2B.cub"]}, exists?: true}
06:06:03.638 [error] local node self-trust was not added: node signing public-key artifact is absent — continuing with configured trusted identities
06:06:03.651 [error] local node self-trust was not added: node signing public-key artifact is absent — continuing with configured trusted identities
06:06:03.656 [error] local node self-trust was not added: node signing public-key artifact is absent — continuing with configured trusted identities
06:06:03.667 [error] local node self-trust was not added: node signing public-key artifact is absent — continuing with configured trusted identities
.
Finished in 0.03 seconds (0.00s async, 0.03s sync)
3 tests, 0 failures, 2 excluded
Running ExUnit with seed: 674753, max_cases: 8
Excluding tags: [:test]
Including tags: [location: {"test/commonplace/cli/snapshot_test.exs", 114}]

CX_SNAPMECH cwd="/home/jes/sol-snapshot-repro/wt/apps/commonplace_cli" configured="tmp/test_data" configured_read=%{compact: [], count: 4, ls: {:ok, ["node_id", "secrets", "commits", "commits.lock"]}, exists?: true} commit_store_pid=#PID<0.279.0> commit_store_state_shape={true, [:data_dir, :db, :invariant_dispatcher, :local_write_gate, :lock_ref, :name, :pending_imports, :queue_poller, :trust_side_store]} cubdb_pid=#PID<0.282.0> cubdb_state_shape=CubDB.State cubdb_data_dir="tmp/test_data/commits" cubdb_read=%{compact: ["2C.compact"], count: 2, ls: {:ok, ["2C.compact", "2B.cub"]}, exists?: true}
06:06:03.677 [error] local node self-trust was not added: node signing public-key artifact is absent — continuing with configured trusted identities
06:06:03.684 [error] local node self-trust was not added: node signing public-key artifact is absent — continuing with configured trusted identities
06:06:03.691 [error] local node self-trust was not added: node signing public-key artifact is absent — continuing with configured trusted identities
06:06:03.701 [error] local node self-trust was not added: node signing public-key artifact is absent — continuing with configured trusted identities
.
Finished in 0.03 seconds (0.00s async, 0.03s sync)
3 tests, 0 failures, 2 excluded
Running ExUnit with seed: 708327, max_cases: 8
Excluding tags: [:test]
Including tags: [location: {"test/commonplace/cli/snapshot_test.exs", 114}]

CX_SNAPMECH cwd="/home/jes/sol-snapshot-repro/wt/apps/commonplace_cli" configured="tmp/test_data" configured_read=%{compact: [], count: 4, ls: {:ok, ["node_id", "secrets", "commits", "commits.lock"]}, exists?: true} commit_store_pid=#PID<0.279.0> commit_store_state_shape={true, [:data_dir, :db, :invariant_dispatcher, :local_write_gate, :lock_ref, :name, :pending_imports, :queue_poller, :trust_side_store]} cubdb_pid=#PID<0.282.0> cubdb_state_shape=CubDB.State cubdb_data_dir="tmp/test_data/commits" cubdb_read=%{compact: ["2C.compact"], count: 2, ls: {:ok, ["2C.compact", "2B.cub"]}, exists?: true}
06:06:03.710 [error] local node self-trust was not added: node signing public-key artifact is absent — continuing with configured trusted identities
06:06:03.720 [error] local node self-trust was not added: node signing public-key artifact is absent — continuing with configured trusted identities
06:06:03.725 [error] local node self-trust was not added: node signing public-key artifact is absent — continuing with configured trusted identities
06:06:03.743 [error] local node self-trust was not added: node signing public-key artifact is absent — continuing with configured trusted identities
.
Finished in 0.04 seconds (0.00s async, 0.04s sync)
3 tests, 0 failures, 2 excluded
Running ExUnit with seed: 750545, max_cases: 8
Excluding tags: [:test]
Including tags: [location: {"test/commonplace/cli/snapshot_test.exs", 114}]

CX_SNAPMECH cwd="/home/jes/sol-snapshot-repro/wt/apps/commonplace_cli" configured="tmp/test_data" configured_read=%{compact: [], count: 4, ls: {:ok, ["node_id", "secrets", "commits", "commits.lock"]}, exists?: true} commit_store_pid=#PID<0.279.0> commit_store_state_shape={true, [:data_dir, :db, :invariant_dispatcher, :local_write_gate, :lock_ref, :name, :pending_imports, :queue_poller, :trust_side_store]} cubdb_pid=#PID<0.282.0> cubdb_state_shape=CubDB.State cubdb_data_dir="tmp/test_data/commits" cubdb_read=%{compact: [], count: 1, ls: {:ok, ["2C.cub"]}, exists?: true}
06:06:03.753 [error] local node self-trust was not added: node signing public-key artifact is absent — continuing with configured trusted identities
06:06:03.762 [error] local node self-trust was not added: node signing public-key artifact is absent — continuing with configured trusted identities
06:06:03.770 [error] local node self-trust was not added: node signing public-key artifact is absent — continuing with configured trusted identities
06:06:03.782 [error] local node self-trust was not added: node signing public-key artifact is absent — continuing with configured trusted identities
.
Finished in 0.03 seconds (0.00s async, 0.03s sync)
3 tests, 0 failures, 2 excluded
Running ExUnit with seed: 788515, max_cases: 8
Excluding tags: [:test]
Including tags: [location: {"test/commonplace/cli/snapshot_test.exs", 114}]

CX_SNAPMECH cwd="/home/jes/sol-snapshot-repro/wt/apps/commonplace_cli" configured="tmp/test_data" configured_read=%{compact: [], count: 4, ls: {:ok, ["node_id", "secrets", "commits", "commits.lock"]}, exists?: true} commit_store_pid=#PID<0.279.0> commit_store_state_shape={true, [:data_dir, :db, :invariant_dispatcher, :local_write_gate, :lock_ref, :name, :pending_imports, :queue_poller, :trust_side_store]} cubdb_pid=#PID<0.282.0> cubdb_state_shape=CubDB.State cubdb_data_dir="tmp/test_data/commits" cubdb_read=%{compact: [], count: 1, ls: {:ok, ["2C.cub"]}, exists?: true}
06:06:03.791 [error] local node self-trust was not added: node signing public-key artifact is absent — continuing with configured trusted identities
06:06:03.798 [error] local node self-trust was not added: node signing public-key artifact is absent — continuing with configured trusted identities
06:06:03.802 [error] local node self-trust was not added: node signing public-key artifact is absent — continuing with configured trusted identities
06:06:03.809 [error] local node self-trust was not added: node signing public-key artifact is absent — continuing with configured trusted identities
.
Finished in 0.02 seconds (0.00s async, 0.02s sync)
3 tests, 0 failures, 2 excluded
Running ExUnit with seed: 815389, max_cases: 8
Excluding tags: [:test]
Including tags: [location: {"test/commonplace/cli/snapshot_test.exs", 114}]

CX_SNAPMECH cwd="/home/jes/sol-snapshot-repro/wt/apps/commonplace_cli" configured="tmp/test_data" configured_read=%{compact: [], count: 4, ls: {:ok, ["node_id", "secrets", "commits", "commits.lock"]}, exists?: true} commit_store_pid=#PID<0.279.0> commit_store_state_shape={true, [:data_dir, :db, :invariant_dispatcher, :local_write_gate, :lock_ref, :name, :pending_imports, :queue_poller, :trust_side_store]} cubdb_pid=#PID<0.282.0> cubdb_state_shape=CubDB.State cubdb_data_dir="tmp/test_data/commits" cubdb_read=%{compact: [], count: 1, ls: {:ok, ["2C.cub"]}, exists?: true}
06:06:03.817 [error] local node self-trust was not added: node signing public-key artifact is absent — continuing with configured trusted identities
06:06:03.823 [error] local node self-trust was not added: node signing public-key artifact is absent — continuing with configured trusted identities
06:06:03.835 [error] local node self-trust was not added: node signing public-key artifact is absent — continuing with configured trusted identities
06:06:03.842 [error] local node self-trust was not added: node signing public-key artifact is absent — continuing with configured trusted identities
.
Finished in 0.02 seconds (0.00s async, 0.02s sync)
3 tests, 0 failures, 2 excluded
Running ExUnit with seed: 845984, max_cases: 8
Excluding tags: [:test]
Including tags: [location: {"test/commonplace/cli/snapshot_test.exs", 114}]

CX_SNAPMECH cwd="/home/jes/sol-snapshot-repro/wt/apps/commonplace_cli" configured="tmp/test_data" configured_read=%{compact: [], count: 4, ls: {:ok, ["node_id", "secrets", "commits", "commits.lock"]}, exists?: true} commit_store_pid=#PID<0.279.0> commit_store_state_shape={true, [:data_dir, :db, :invariant_dispatcher, :local_write_gate, :lock_ref, :name, :pending_imports, :queue_poller, :trust_side_store]} cubdb_pid=#PID<0.282.0> cubdb_state_shape=CubDB.State cubdb_data_dir="tmp/test_data/commits" cubdb_read=%{compact: [], count: 1, ls: {:ok, ["2C.cub"]}, exists?: true}
06:06:03.848 [error] local node self-trust was not added: node signing public-key artifact is absent — continuing with configured trusted identities
06:06:03.851 [error] local node self-trust was not added: node signing public-key artifact is absent — continuing with configured trusted identities
06:06:03.855 [error] local node self-trust was not added: node signing public-key artifact is absent — continuing with configured trusted identities
06:06:03.860 [error] local node self-trust was not added: node signing public-key artifact is absent — continuing with configured trusted identities
.
Finished in 0.01 seconds (0.00s async, 0.01s sync)
3 tests, 0 failures, 2 excluded
Running ExUnit with seed: 864517, max_cases: 8
Excluding tags: [:test]
Including tags: [location: {"test/commonplace/cli/snapshot_test.exs", 114}]

CX_SNAPMECH cwd="/home/jes/sol-snapshot-repro/wt/apps/commonplace_cli" configured="tmp/test_data" configured_read=%{compact: [], count: 4, ls: {:ok, ["node_id", "secrets", "commits", "commits.lock"]}, exists?: true} commit_store_pid=#PID<0.279.0> commit_store_state_shape={true, [:data_dir, :db, :invariant_dispatcher, :local_write_gate, :lock_ref, :name, :pending_imports, :queue_poller, :trust_side_store]} cubdb_pid=#PID<0.282.0> cubdb_state_shape=CubDB.State cubdb_data_dir="tmp/test_data/commits" cubdb_read=%{compact: [], count: 1, ls: {:ok, ["2C.cub"]}, exists?: true}
06:06:03.866 [error] local node self-trust was not added: node signing public-key artifact is absent — continuing with configured trusted identities
06:06:03.870 [error] local node self-trust was not added: node signing public-key artifact is absent — continuing with configured trusted identities
06:06:03.872 [error] local node self-trust was not added: node signing public-key artifact is absent — continuing with configured trusted identities
06:06:03.877 [error] local node self-trust was not added: node signing public-key artifact is absent — continuing with configured trusted identities
.
Finished in 0.01 seconds (0.00s async, 0.01s sync)
3 tests, 0 failures, 2 excluded
Running ExUnit with seed: 881998, max_cases: 8
Excluding tags: [:test]
Including tags: [location: {"test/commonplace/cli/snapshot_test.exs", 114}]

CX_SNAPMECH cwd="/home/jes/sol-snapshot-repro/wt/apps/commonplace_cli" configured="tmp/test_data" configured_read=%{compact: [], count: 4, ls: {:ok, ["node_id", "secrets", "commits", "commits.lock"]}, exists?: true} commit_store_pid=#PID<0.279.0> commit_store_state_shape={true, [:data_dir, :db, :invariant_dispatcher, :local_write_gate, :lock_ref, :name, :pending_imports, :queue_poller, :trust_side_store]} cubdb_pid=#PID<0.282.0> cubdb_state_shape=CubDB.State cubdb_data_dir="tmp/test_data/commits" cubdb_read=%{compact: [], count: 1, ls: {:ok, ["2C.cub"]}, exists?: true}
06:06:03.884 [error] local node self-trust was not added: node signing public-key artifact is absent — continuing with configured trusted identities
06:06:03.888 [error] local node self-trust was not added: node signing public-key artifact is absent — continuing with configured trusted identities
06:06:03.891 [error] local node self-trust was not added: node signing public-key artifact is absent — continuing with configured trusted identities
06:06:03.899 [error] local node self-trust was not added: node signing public-key artifact is absent — continuing with configured trusted identities
.
Finished in 0.02 seconds (0.00s async, 0.02s sync)
3 tests, 0 failures, 2 excluded
Running ExUnit with seed: 906174, max_cases: 8
Excluding tags: [:test]
Including tags: [location: {"test/commonplace/cli/snapshot_test.exs", 114}]

CX_SNAPMECH cwd="/home/jes/sol-snapshot-repro/wt/apps/commonplace_cli" configured="tmp/test_data" configured_read=%{compact: [], count: 4, ls: {:ok, ["node_id", "secrets", "commits", "commits.lock"]}, exists?: true} commit_store_pid=#PID<0.279.0> commit_store_state_shape={true, [:data_dir, :db, :invariant_dispatcher, :local_write_gate, :lock_ref, :name, :pending_imports, :queue_poller, :trust_side_store]} cubdb_pid=#PID<0.282.0> cubdb_state_shape=CubDB.State cubdb_data_dir="tmp/test_data/commits" cubdb_read=%{compact: [], count: 1, ls: {:ok, ["2C.cub"]}, exists?: true}
06:06:03.907 [error] local node self-trust was not added: node signing public-key artifact is absent — continuing with configured trusted identities
06:06:03.911 [error] local node self-trust was not added: node signing public-key artifact is absent — continuing with configured trusted identities
06:06:03.914 [error] local node self-trust was not added: node signing public-key artifact is absent — continuing with configured trusted identities
06:06:03.918 [error] local node self-trust was not added: node signing public-key artifact is absent — continuing with configured trusted identities
.
Finished in 0.01 seconds (0.00s async, 0.01s sync)
3 tests, 0 failures, 2 excluded
Running ExUnit with seed: 923909, max_cases: 8
Excluding tags: [:test]
Including tags: [location: {"test/commonplace/cli/snapshot_test.exs", 114}]

CX_SNAPMECH cwd="/home/jes/sol-snapshot-repro/wt/apps/commonplace_cli" configured="tmp/test_data" configured_read=%{compact: [], count: 4, ls: {:ok, ["node_id", "secrets", "commits", "commits.lock"]}, exists?: true} commit_store_pid=#PID<0.279.0> commit_store_state_shape={true, [:data_dir, :db, :invariant_dispatcher, :local_write_gate, :lock_ref, :name, :pending_imports, :queue_poller, :trust_side_store]} cubdb_pid=#PID<0.282.0> cubdb_state_shape=CubDB.State cubdb_data_dir="tmp/test_data/commits" cubdb_read=%{compact: [], count: 1, ls: {:ok, ["2C.cub"]}, exists?: true}
06:06:03.925 [error] local node self-trust was not added: node signing public-key artifact is absent — continuing with configured trusted identities
06:06:03.931 [error] local node self-trust was not added: node signing public-key artifact is absent — continuing with configured trusted identities
06:06:03.934 [error] local node self-trust was not added: node signing public-key artifact is absent — continuing with configured trusted identities
06:06:03.940 [error] local node self-trust was not added: node signing public-key artifact is absent — continuing with configured trusted identities
.
Finished in 0.02 seconds (0.00s async, 0.02s sync)
3 tests, 0 failures, 2 excluded
Running ExUnit with seed: 945384, max_cases: 8
Excluding tags: [:test]
Including tags: [location: {"test/commonplace/cli/snapshot_test.exs", 114}]

CX_SNAPMECH cwd="/home/jes/sol-snapshot-repro/wt/apps/commonplace_cli" configured="tmp/test_data" configured_read=%{compact: [], count: 4, ls: {:ok, ["node_id", "secrets", "commits", "commits.lock"]}, exists?: true} commit_store_pid=#PID<0.279.0> commit_store_state_shape={true, [:data_dir, :db, :invariant_dispatcher, :local_write_gate, :lock_ref, :name, :pending_imports, :queue_poller, :trust_side_store]} cubdb_pid=#PID<0.282.0> cubdb_state_shape=CubDB.State cubdb_data_dir="tmp/test_data/commits" cubdb_read=%{compact: [], count: 1, ls: {:ok, ["2C.cub"]}, exists?: true}
06:06:03.946 [error] local node self-trust was not added: node signing public-key artifact is absent — continuing with configured trusted identities
06:06:03.951 [error] local node self-trust was not added: node signing public-key artifact is absent — continuing with configured trusted identities
06:06:03.954 [error] local node self-trust was not added: node signing public-key artifact is absent — continuing with configured trusted identities
06:06:03.960 [error] local node self-trust was not added: node signing public-key artifact is absent — continuing with configured trusted identities
.
Finished in 0.01 seconds (0.00s async, 0.01s sync)
3 tests, 0 failures, 2 excluded
Running ExUnit with seed: 964672, max_cases: 8
Excluding tags: [:test]
Including tags: [location: {"test/commonplace/cli/snapshot_test.exs", 114}]

CX_SNAPMECH cwd="/home/jes/sol-snapshot-repro/wt/apps/commonplace_cli" configured="tmp/test_data" configured_read=%{compact: [], count: 4, ls: {:ok, ["node_id", "secrets", "commits", "commits.lock"]}, exists?: true} commit_store_pid=#PID<0.279.0> commit_store_state_shape={true, [:data_dir, :db, :invariant_dispatcher, :local_write_gate, :lock_ref, :name, :pending_imports, :queue_poller, :trust_side_store]} cubdb_pid=#PID<0.282.0> cubdb_state_shape=CubDB.State cubdb_data_dir="tmp/test_data/commits" cubdb_read=%{compact: [], count: 1, ls: {:ok, ["2C.cub"]}, exists?: true}
06:06:03.966 [error] local node self-trust was not added: node signing public-key artifact is absent — continuing with configured trusted identities
06:06:03.969 [error] local node self-trust was not added: node signing public-key artifact is absent — continuing with configured trusted identities
06:06:03.973 [error] local node self-trust was not added: node signing public-key artifact is absent — continuing with configured trusted identities
06:06:03.981 [error] local node self-trust was not added: node signing public-key artifact is absent — continuing with configured trusted identities
.
Finished in 0.02 seconds (0.00s async, 0.02s sync)
3 tests, 0 failures, 2 excluded
Running ExUnit with seed: 985690, max_cases: 8
Excluding tags: [:test]
Including tags: [location: {"test/commonplace/cli/snapshot_test.exs", 114}]

CX_SNAPMECH cwd="/home/jes/sol-snapshot-repro/wt/apps/commonplace_cli" configured="tmp/test_data" configured_read=%{compact: [], count: 4, ls: {:ok, ["node_id", "secrets", "commits", "commits.lock"]}, exists?: true} commit_store_pid=#PID<0.279.0> commit_store_state_shape={true, [:data_dir, :db, :invariant_dispatcher, :local_write_gate, :lock_ref, :name, :pending_imports, :queue_poller, :trust_side_store]} cubdb_pid=#PID<0.282.0> cubdb_state_shape=CubDB.State cubdb_data_dir="tmp/test_data/commits" cubdb_read=%{compact: [], count: 1, ls: {:ok, ["2C.cub"]}, exists?: true}
06:06:03.987 [error] local node self-trust was not added: node signing public-key artifact is absent — continuing with configured trusted identities
06:06:03.991 [error] local node self-trust was not added: node signing public-key artifact is absent — continuing with configured trusted identities
06:06:03.995 [error] local node self-trust was not added: node signing public-key artifact is absent — continuing with configured trusted identities
06:06:04.001 [error] local node self-trust was not added: node signing public-key artifact is absent — continuing with configured trusted identities
.
Finished in 0.02 seconds (0.00s async, 0.02s sync)
3 tests, 0 failures, 2 excluded
Running ExUnit with seed: 6894, max_cases: 8
Excluding tags: [:test]
Including tags: [location: {"test/commonplace/cli/snapshot_test.exs", 114}]

CX_SNAPMECH cwd="/home/jes/sol-snapshot-repro/wt/apps/commonplace_cli" configured="tmp/test_data" configured_read=%{compact: [], count: 4, ls: {:ok, ["node_id", "secrets", "commits", "commits.lock"]}, exists?: true} commit_store_pid=#PID<0.279.0> commit_store_state_shape={true, [:data_dir, :db, :invariant_dispatcher, :local_write_gate, :lock_ref, :name, :pending_imports, :queue_poller, :trust_side_store]} cubdb_pid=#PID<0.282.0> cubdb_state_shape=CubDB.State cubdb_data_dir="tmp/test_data/commits" cubdb_read=%{compact: [], count: 1, ls: {:ok, ["2C.cub"]}, exists?: true}
06:06:04.008 [error] local node self-trust was not added: node signing public-key artifact is absent — continuing with configured trusted identities
06:06:04.013 [error] local node self-trust was not added: node signing public-key artifact is absent — continuing with configured trusted identities
06:06:04.017 [error] local node self-trust was not added: node signing public-key artifact is absent — continuing with configured trusted identities
06:06:04.024 [error] local node self-trust was not added: node signing public-key artifact is absent — continuing with configured trusted identities
.
Finished in 0.02 seconds (0.00s async, 0.02s sync)
3 tests, 0 failures, 2 excluded
Running ExUnit with seed: 29006, max_cases: 8
Excluding tags: [:test]
Including tags: [location: {"test/commonplace/cli/snapshot_test.exs", 114}]

CX_SNAPMECH cwd="/home/jes/sol-snapshot-repro/wt/apps/commonplace_cli" configured="tmp/test_data" configured_read=%{compact: [], count: 4, ls: {:ok, ["node_id", "secrets", "commits", "commits.lock"]}, exists?: true} commit_store_pid=#PID<0.279.0> commit_store_state_shape={true, [:data_dir, :db, :invariant_dispatcher, :local_write_gate, :lock_ref, :name, :pending_imports, :queue_poller, :trust_side_store]} cubdb_pid=#PID<0.282.0> cubdb_state_shape=CubDB.State cubdb_data_dir="tmp/test_data/commits" cubdb_read=%{compact: [], count: 1, ls: {:ok, ["2C.cub"]}, exists?: true}
06:06:04.030 [error] local node self-trust was not added: node signing public-key artifact is absent — continuing with configured trusted identities
06:06:04.038 [error] local node self-trust was not added: node signing public-key artifact is absent — continuing with configured trusted identities
06:06:04.045 [error] local node self-trust was not added: node signing public-key artifact is absent — continuing with configured trusted identities
06:06:04.055 [error] local node self-trust was not added: node signing public-key artifact is absent — continuing with configured trusted identities
.
Finished in 0.03 seconds (0.00s async, 0.03s sync)
3 tests, 0 failures, 2 excluded
Running ExUnit with seed: 62559, max_cases: 8
Excluding tags: [:test]
Including tags: [location: {"test/commonplace/cli/snapshot_test.exs", 114}]

CX_SNAPMECH cwd="/home/jes/sol-snapshot-repro/wt/apps/commonplace_cli" configured="tmp/test_data" configured_read=%{compact: [], count: 4, ls: {:ok, ["node_id", "secrets", "commits", "commits.lock"]}, exists?: true} commit_store_pid=#PID<0.279.0> commit_store_state_shape={true, [:data_dir, :db, :invariant_dispatcher, :local_write_gate, :lock_ref, :name, :pending_imports, :queue_poller, :trust_side_store]} cubdb_pid=#PID<0.282.0> cubdb_state_shape=CubDB.State cubdb_data_dir="tmp/test_data/commits" cubdb_read=%{compact: [], count: 1, ls: {:ok, ["2C.cub"]}, exists?: true}
06:06:04.064 [error] local node self-trust was not added: node signing public-key artifact is absent — continuing with configured trusted identities
06:06:04.068 [error] local node self-trust was not added: node signing public-key artifact is absent — continuing with configured trusted identities
06:06:04.071 [error] local node self-trust was not added: node signing public-key artifact is absent — continuing with configured trusted identities
06:06:04.081 [error] local node self-trust was not added: node signing public-key artifact is absent — continuing with configured trusted identities
.
Finished in 0.02 seconds (0.00s async, 0.02s sync)
3 tests, 0 failures, 2 excluded
Running ExUnit with seed: 87431, max_cases: 8
Excluding tags: [:test]
Including tags: [location: {"test/commonplace/cli/snapshot_test.exs", 114}]

CX_SNAPMECH cwd="/home/jes/sol-snapshot-repro/wt/apps/commonplace_cli" configured="tmp/test_data" configured_read=%{compact: [], count: 4, ls: {:ok, ["node_id", "secrets", "commits", "commits.lock"]}, exists?: true} commit_store_pid=#PID<0.279.0> commit_store_state_shape={true, [:data_dir, :db, :invariant_dispatcher, :local_write_gate, :lock_ref, :name, :pending_imports, :queue_poller, :trust_side_store]} cubdb_pid=#PID<0.282.0> cubdb_state_shape=CubDB.State cubdb_data_dir="tmp/test_data/commits" cubdb_read=%{compact: [], count: 1, ls: {:ok, ["2C.cub"]}, exists?: true}
06:06:04.089 [error] local node self-trust was not added: node signing public-key artifact is absent — continuing with configured trusted identities
06:06:04.094 [error] local node self-trust was not added: node signing public-key artifact is absent — continuing with configured trusted identities
06:06:04.097 [error] local node self-trust was not added: node signing public-key artifact is absent — continuing with configured trusted identities
06:06:04.103 [error] local node self-trust was not added: node signing public-key artifact is absent — continuing with configured trusted identities
.
Finished in 0.01 seconds (0.00s async, 0.01s sync)
3 tests, 0 failures, 2 excluded
Running ExUnit with seed: 107823, max_cases: 8
Excluding tags: [:test]
Including tags: [location: {"test/commonplace/cli/snapshot_test.exs", 114}]

CX_SNAPMECH cwd="/home/jes/sol-snapshot-repro/wt/apps/commonplace_cli" configured="tmp/test_data" configured_read=%{compact: [], count: 4, ls: {:ok, ["node_id", "secrets", "commits", "commits.lock"]}, exists?: true} commit_store_pid=#PID<0.279.0> commit_store_state_shape={true, [:data_dir, :db, :invariant_dispatcher, :local_write_gate, :lock_ref, :name, :pending_imports, :queue_poller, :trust_side_store]} cubdb_pid=#PID<0.282.0> cubdb_state_shape=CubDB.State cubdb_data_dir="tmp/test_data/commits" cubdb_read=%{compact: [], count: 1, ls: {:ok, ["2C.cub"]}, exists?: true}
06:06:04.109 [error] local node self-trust was not added: node signing public-key artifact is absent — continuing with configured trusted identities
06:06:04.113 [error] local node self-trust was not added: node signing public-key artifact is absent — continuing with configured trusted identities
06:06:04.117 [error] local node self-trust was not added: node signing public-key artifact is absent — continuing with configured trusted identities
06:06:04.123 [error] local node self-trust was not added: node signing public-key artifact is absent — continuing with configured trusted identities
.
Finished in 0.01 seconds (0.00s async, 0.01s sync)
3 tests, 0 failures, 2 excluded
Running ExUnit with seed: 127872, max_cases: 8
Excluding tags: [:test]
Including tags: [location: {"test/commonplace/cli/snapshot_test.exs", 114}]

CX_SNAPMECH cwd="/home/jes/sol-snapshot-repro/wt/apps/commonplace_cli" configured="tmp/test_data" configured_read=%{compact: [], count: 4, ls: {:ok, ["node_id", "secrets", "commits", "commits.lock"]}, exists?: true} commit_store_pid=#PID<0.279.0> commit_store_state_shape={true, [:data_dir, :db, :invariant_dispatcher, :local_write_gate, :lock_ref, :name, :pending_imports, :queue_poller, :trust_side_store]} cubdb_pid=#PID<0.282.0> cubdb_state_shape=CubDB.State cubdb_data_dir="tmp/test_data/commits" cubdb_read=%{compact: [], count: 1, ls: {:ok, ["2C.cub"]}, exists?: true}
06:06:04.129 [error] local node self-trust was not added: node signing public-key artifact is absent — continuing with configured trusted identities
06:06:04.134 [error] local node self-trust was not added: node signing public-key artifact is absent — continuing with configured trusted identities
06:06:04.140 [error] local node self-trust was not added: node signing public-key artifact is absent — continuing with configured trusted identities
06:06:04.151 [error] local node self-trust was not added: node signing public-key artifact is absent — continuing with configured trusted identities
.
Finished in 0.02 seconds (0.00s async, 0.02s sync)
3 tests, 0 failures, 2 excluded
Running ExUnit with seed: 157641, max_cases: 8
Excluding tags: [:test]
Including tags: [location: {"test/commonplace/cli/snapshot_test.exs", 114}]

CX_SNAPMECH cwd="/home/jes/sol-snapshot-repro/wt/apps/commonplace_cli" configured="tmp/test_data" configured_read=%{compact: [], count: 4, ls: {:ok, ["node_id", "secrets", "commits", "commits.lock"]}, exists?: true} commit_store_pid=#PID<0.279.0> commit_store_state_shape={true, [:data_dir, :db, :invariant_dispatcher, :local_write_gate, :lock_ref, :name, :pending_imports, :queue_poller, :trust_side_store]} cubdb_pid=#PID<0.282.0> cubdb_state_shape=CubDB.State cubdb_data_dir="tmp/test_data/commits" cubdb_read=%{compact: [], count: 1, ls: {:ok, ["2C.cub"]}, exists?: true}
06:06:04.159 [error] local node self-trust was not added: node signing public-key artifact is absent — continuing with configured trusted identities
06:06:04.165 [error] local node self-trust was not added: node signing public-key artifact is absent — continuing with configured trusted identities
06:06:04.168 [error] local node self-trust was not added: node signing public-key artifact is absent — continuing with configured trusted identities
06:06:04.174 [error] local node self-trust was not added: node signing public-key artifact is absent — continuing with configured trusted identities
.
Finished in 0.02 seconds (0.00s async, 0.02s sync)
3 tests, 0 failures, 2 excluded
Running ExUnit with seed: 179978, max_cases: 8
Excluding tags: [:test]
Including tags: [location: {"test/commonplace/cli/snapshot_test.exs", 114}]

CX_SNAPMECH cwd="/home/jes/sol-snapshot-repro/wt/apps/commonplace_cli" configured="tmp/test_data" configured_read=%{compact: [], count: 4, ls: {:ok, ["node_id", "secrets", "commits", "commits.lock"]}, exists?: true} commit_store_pid=#PID<0.279.0> commit_store_state_shape={true, [:data_dir, :db, :invariant_dispatcher, :local_write_gate, :lock_ref, :name, :pending_imports, :queue_poller, :trust_side_store]} cubdb_pid=#PID<0.282.0> cubdb_state_shape=CubDB.State cubdb_data_dir="tmp/test_data/commits" cubdb_read=%{compact: [], count: 1, ls: {:ok, ["2C.cub"]}, exists?: true}
06:06:04.181 [error] local node self-trust was not added: node signing public-key artifact is absent — continuing with configured trusted identities
06:06:04.187 [error] local node self-trust was not added: node signing public-key artifact is absent — continuing with configured trusted identities
06:06:04.191 [error] local node self-trust was not added: node signing public-key artifact is absent — continuing with configured trusted identities
06:06:04.200 [error] local node self-trust was not added: node signing public-key artifact is absent — continuing with configured trusted identities
.
Finished in 0.02 seconds (0.00s async, 0.02s sync)
3 tests, 0 failures, 2 excluded
Running ExUnit with seed: 206023, max_cases: 8
Excluding tags: [:test]
Including tags: [location: {"test/commonplace/cli/snapshot_test.exs", 114}]

CX_SNAPMECH cwd="/home/jes/sol-snapshot-repro/wt/apps/commonplace_cli" configured="tmp/test_data" configured_read=%{compact: [], count: 4, ls: {:ok, ["node_id", "secrets", "commits", "commits.lock"]}, exists?: true} commit_store_pid=#PID<0.279.0> commit_store_state_shape={true, [:data_dir, :db, :invariant_dispatcher, :local_write_gate, :lock_ref, :name, :pending_imports, :queue_poller, :trust_side_store]} cubdb_pid=#PID<0.282.0> cubdb_state_shape=CubDB.State cubdb_data_dir="tmp/test_data/commits" cubdb_read=%{compact: [], count: 1, ls: {:ok, ["2C.cub"]}, exists?: true}
06:06:04.207 [error] local node self-trust was not added: node signing public-key artifact is absent — continuing with configured trusted identities
06:06:04.212 [error] local node self-trust was not added: node signing public-key artifact is absent — continuing with configured trusted identities
06:06:04.224 [error] local node self-trust was not added: node signing public-key artifact is absent — continuing with configured trusted identities
06:06:04.231 [error] local node self-trust was not added: node signing public-key artifact is absent — continuing with configured trusted identities
.
Finished in 0.02 seconds (0.00s async, 0.02s sync)
3 tests, 0 failures, 2 excluded
Running ExUnit with seed: 236730, max_cases: 8
Excluding tags: [:test]
Including tags: [location: {"test/commonplace/cli/snapshot_test.exs", 114}]

CX_SNAPMECH cwd="/home/jes/sol-snapshot-repro/wt/apps/commonplace_cli" configured="tmp/test_data" configured_read=%{compact: [], count: 4, ls: {:ok, ["node_id", "secrets", "commits", "commits.lock"]}, exists?: true} commit_store_pid=#PID<0.279.0> commit_store_state_shape={true, [:data_dir, :db, :invariant_dispatcher, :local_write_gate, :lock_ref, :name, :pending_imports, :queue_poller, :trust_side_store]} cubdb_pid=#PID<0.282.0> cubdb_state_shape=CubDB.State cubdb_data_dir="tmp/test_data/commits" cubdb_read=%{compact: ["2D.compact"], count: 2, ls: {:ok, ["2D.compact", "2C.cub"]}, exists?: true}
06:06:04.238 [error] local node self-trust was not added: node signing public-key artifact is absent — continuing with configured trusted identities
06:06:04.244 [error] local node self-trust was not added: node signing public-key artifact is absent — continuing with configured trusted identities
06:06:04.249 [error] local node self-trust was not added: node signing public-key artifact is absent — continuing with configured trusted identities
06:06:04.258 [error] local node self-trust was not added: node signing public-key artifact is absent — continuing with configured trusted identities
.
Finished in 0.02 seconds (0.00s async, 0.02s sync)
3 tests, 0 failures, 2 excluded
Running ExUnit with seed: 263483, max_cases: 8
Excluding tags: [:test]
Including tags: [location: {"test/commonplace/cli/snapshot_test.exs", 114}]

CX_SNAPMECH cwd="/home/jes/sol-snapshot-repro/wt/apps/commonplace_cli" configured="tmp/test_data" configured_read=%{compact: [], count: 4, ls: {:ok, ["node_id", "secrets", "commits", "commits.lock"]}, exists?: true} commit_store_pid=#PID<0.279.0> commit_store_state_shape={true, [:data_dir, :db, :invariant_dispatcher, :local_write_gate, :lock_ref, :name, :pending_imports, :queue_poller, :trust_side_store]} cubdb_pid=#PID<0.282.0> cubdb_state_shape=CubDB.State cubdb_data_dir="tmp/test_data/commits" cubdb_read=%{compact: ["2D.compact"], count: 2, ls: {:ok, ["2D.compact", "2C.cub"]}, exists?: true}
06:06:04.264 [error] local node self-trust was not added: node signing public-key artifact is absent — continuing with configured trusted identities
06:06:04.268 [error] local node self-trust was not added: node signing public-key artifact is absent — continuing with configured trusted identities
06:06:04.272 [error] local node self-trust was not added: node signing public-key artifact is absent — continuing with configured trusted identities
06:06:04.280 [error] local node self-trust was not added: node signing public-key artifact is absent — continuing with configured trusted identities
.
Finished in 0.02 seconds (0.00s async, 0.02s sync)
3 tests, 0 failures, 2 excluded
Running ExUnit with seed: 289043, max_cases: 8
Excluding tags: [:test]
Including tags: [location: {"test/commonplace/cli/snapshot_test.exs", 114}]

CX_SNAPMECH cwd="/home/jes/sol-snapshot-repro/wt/apps/commonplace_cli" configured="tmp/test_data" configured_read=%{compact: [], count: 4, ls: {:ok, ["node_id", "secrets", "commits", "commits.lock"]}, exists?: true} commit_store_pid=#PID<0.279.0> commit_store_state_shape={true, [:data_dir, :db, :invariant_dispatcher, :local_write_gate, :lock_ref, :name, :pending_imports, :queue_poller, :trust_side_store]} cubdb_pid=#PID<0.282.0> cubdb_state_shape=CubDB.State cubdb_data_dir="tmp/test_data/commits" cubdb_read=%{compact: ["2D.compact"], count: 2, ls: {:ok, ["2D.compact", "2C.cub"]}, exists?: true}
06:06:04.290 [error] local node self-trust was not added: node signing public-key artifact is absent — continuing with configured trusted identities
06:06:04.295 [error] local node self-trust was not added: node signing public-key artifact is absent — continuing with configured trusted identities
06:06:04.303 [error] local node self-trust was not added: node signing public-key artifact is absent — continuing with configured trusted identities
06:06:04.311 [error] local node self-trust was not added: node signing public-key artifact is absent — continuing with configured trusted identities
.
Finished in 0.03 seconds (0.00s async, 0.03s sync)
3 tests, 0 failures, 2 excluded
Running ExUnit with seed: 323143, max_cases: 8
Excluding tags: [:test]
Including tags: [location: {"test/commonplace/cli/snapshot_test.exs", 114}]

CX_SNAPMECH cwd="/home/jes/sol-snapshot-repro/wt/apps/commonplace_cli" configured="tmp/test_data" configured_read=%{compact: [], count: 4, ls: {:ok, ["node_id", "secrets", "commits", "commits.lock"]}, exists?: true} commit_store_pid=#PID<0.279.0> commit_store_state_shape={true, [:data_dir, :db, :invariant_dispatcher, :local_write_gate, :lock_ref, :name, :pending_imports, :queue_poller, :trust_side_store]} cubdb_pid=#PID<0.282.0> cubdb_state_shape=CubDB.State cubdb_data_dir="tmp/test_data/commits" cubdb_read=%{compact: ["2D.compact"], count: 2, ls: {:ok, ["2D.compact", "2C.cub"]}, exists?: true}
06:06:04.325 [error] local node self-trust was not added: node signing public-key artifact is absent — continuing with configured trusted identities
06:06:04.333 [error] local node self-trust was not added: node signing public-key artifact is absent — continuing with configured trusted identities
06:06:04.338 [error] local node self-trust was not added: node signing public-key artifact is absent — continuing with configured trusted identities
06:06:04.351 [error] local node self-trust was not added: node signing public-key artifact is absent — continuing with configured trusted identities
.
Finished in 0.03 seconds (0.00s async, 0.03s sync)
3 tests, 0 failures, 2 excluded
Running ExUnit with seed: 362704, max_cases: 8
Excluding tags: [:test]
Including tags: [location: {"test/commonplace/cli/snapshot_test.exs", 114}]

CX_SNAPMECH cwd="/home/jes/sol-snapshot-repro/wt/apps/commonplace_cli" configured="tmp/test_data" configured_read=%{compact: [], count: 4, ls: {:ok, ["node_id", "secrets", "commits", "commits.lock"]}, exists?: true} commit_store_pid=#PID<0.279.0> commit_store_state_shape={true, [:data_dir, :db, :invariant_dispatcher, :local_write_gate, :lock_ref, :name, :pending_imports, :queue_poller, :trust_side_store]} cubdb_pid=#PID<0.282.0> cubdb_state_shape=CubDB.State cubdb_data_dir="tmp/test_data/commits" cubdb_read=%{compact: ["2D.compact"], count: 2, ls: {:ok, ["2D.compact", "2C.cub"]}, exists?: true}
06:06:04.364 [error] local node self-trust was not added: node signing public-key artifact is absent — continuing with configured trusted identities
06:06:04.381 [error] local node self-trust was not added: node signing public-key artifact is absent — continuing with configured trusted identities
06:06:04.390 [error] local node self-trust was not added: node signing public-key artifact is absent — continuing with configured trusted identities
06:06:04.403 [error] local node self-trust was not added: node signing public-key artifact is absent — continuing with configured trusted identities
.
Finished in 0.04 seconds (0.00s async, 0.04s sync)
3 tests, 0 failures, 2 excluded
Running ExUnit with seed: 410151, max_cases: 8
Excluding tags: [:test]
Including tags: [location: {"test/commonplace/cli/snapshot_test.exs", 114}]

CX_SNAPMECH cwd="/home/jes/sol-snapshot-repro/wt/apps/commonplace_cli" configured="tmp/test_data" configured_read=%{compact: [], count: 4, ls: {:ok, ["node_id", "secrets", "commits", "commits.lock"]}, exists?: true} commit_store_pid=#PID<0.279.0> commit_store_state_shape={true, [:data_dir, :db, :invariant_dispatcher, :local_write_gate, :lock_ref, :name, :pending_imports, :queue_poller, :trust_side_store]} cubdb_pid=#PID<0.282.0> cubdb_state_shape=CubDB.State cubdb_data_dir="tmp/test_data/commits" cubdb_read=%{compact: ["2D.compact"], count: 2, ls: {:ok, ["2D.compact", "2C.cub"]}, exists?: true}
06:06:04.411 [error] local node self-trust was not added: node signing public-key artifact is absent — continuing with configured trusted identities
06:06:04.421 [error] local node self-trust was not added: node signing public-key artifact is absent — continuing with configured trusted identities
06:06:04.428 [error] local node self-trust was not added: node signing public-key artifact is absent — continuing with configured trusted identities
06:06:04.439 [error] local node self-trust was not added: node signing public-key artifact is absent — continuing with configured trusted identities
.
Finished in 0.03 seconds (0.00s async, 0.03s sync)
3 tests, 0 failures, 2 excluded
Running ExUnit with seed: 445476, max_cases: 8
Excluding tags: [:test]
Including tags: [location: {"test/commonplace/cli/snapshot_test.exs", 114}]

CX_SNAPMECH cwd="/home/jes/sol-snapshot-repro/wt/apps/commonplace_cli" configured="tmp/test_data" configured_read=%{compact: [], count: 4, ls: {:ok, ["node_id", "secrets", "commits", "commits.lock"]}, exists?: true} commit_store_pid=#PID<0.279.0> commit_store_state_shape={true, [:data_dir, :db, :invariant_dispatcher, :local_write_gate, :lock_ref, :name, :pending_imports, :queue_poller, :trust_side_store]} cubdb_pid=#PID<0.282.0> cubdb_state_shape=CubDB.State cubdb_data_dir="tmp/test_data/commits" cubdb_read=%{compact: ["2D.compact"], count: 2, ls: {:ok, ["2D.compact", "2C.cub"]}, exists?: true}
06:06:04.447 [error] local node self-trust was not added: node signing public-key artifact is absent — continuing with configured trusted identities
06:06:04.454 [error] local node self-trust was not added: node signing public-key artifact is absent — continuing with configured trusted identities
06:06:04.460 [error] local node self-trust was not added: node signing public-key artifact is absent — continuing with configured trusted identities
06:06:04.472 [error] local node self-trust was not added: node signing public-key artifact is absent — continuing with configured trusted identities
.
Finished in 0.03 seconds (0.00s async, 0.03s sync)
3 tests, 0 failures, 2 excluded
Running ExUnit with seed: 482595, max_cases: 8
Excluding tags: [:test]
Including tags: [location: {"test/commonplace/cli/snapshot_test.exs", 114}]

CX_SNAPMECH cwd="/home/jes/sol-snapshot-repro/wt/apps/commonplace_cli" configured="tmp/test_data" configured_read=%{compact: [], count: 4, ls: {:ok, ["node_id", "secrets", "commits", "commits.lock"]}, exists?: true} commit_store_pid=#PID<0.279.0> commit_store_state_shape={true, [:data_dir, :db, :invariant_dispatcher, :local_write_gate, :lock_ref, :name, :pending_imports, :queue_poller, :trust_side_store]} cubdb_pid=#PID<0.282.0> cubdb_state_shape=CubDB.State cubdb_data_dir="tmp/test_data/commits" cubdb_read=%{compact: ["2D.compact"], count: 2, ls: {:ok, ["2D.compact", "2C.cub"]}, exists?: true}
06:06:04.487 [error] local node self-trust was not added: node signing public-key artifact is absent — continuing with configured trusted identities
06:06:04.493 [error] local node self-trust was not added: node signing public-key artifact is absent — continuing with configured trusted identities
06:06:04.497 [error] local node self-trust was not added: node signing public-key artifact is absent — continuing with configured trusted identities
06:06:04.505 [error] local node self-trust was not added: node signing public-key artifact is absent — continuing with configured trusted identities
.
Finished in 0.02 seconds (0.00s async, 0.02s sync)
3 tests, 0 failures, 2 excluded
Running ExUnit with seed: 512193, max_cases: 8
Excluding tags: [:test]
Including tags: [location: {"test/commonplace/cli/snapshot_test.exs", 114}]

CX_SNAPMECH cwd="/home/jes/sol-snapshot-repro/wt/apps/commonplace_cli" configured="tmp/test_data" configured_read=%{compact: [], count: 4, ls: {:ok, ["node_id", "secrets", "commits", "commits.lock"]}, exists?: true} commit_store_pid=#PID<0.279.0> commit_store_state_shape={true, [:data_dir, :db, :invariant_dispatcher, :local_write_gate, :lock_ref, :name, :pending_imports, :queue_poller, :trust_side_store]} cubdb_pid=#PID<0.282.0> cubdb_state_shape=CubDB.State cubdb_data_dir="tmp/test_data/commits" cubdb_read=%{compact: ["2D.compact"], count: 2, ls: {:ok, ["2D.compact", "2C.cub"]}, exists?: true}
06:06:04.513 [error] local node self-trust was not added: node signing public-key artifact is absent — continuing with configured trusted identities
06:06:04.518 [error] local node self-trust was not added: node signing public-key artifact is absent — continuing with configured trusted identities
06:06:04.522 [error] local node self-trust was not added: node signing public-key artifact is absent — continuing with configured trusted identities
06:06:04.532 [error] local node self-trust was not added: node signing public-key artifact is absent — continuing with configured trusted identities
.
Finished in 0.02 seconds (0.00s async, 0.02s sync)
3 tests, 0 failures, 2 excluded
Running ExUnit with seed: 542726, max_cases: 8
Excluding tags: [:test]
Including tags: [location: {"test/commonplace/cli/snapshot_test.exs", 114}]

CX_SNAPMECH cwd="/home/jes/sol-snapshot-repro/wt/apps/commonplace_cli" configured="tmp/test_data" configured_read=%{compact: [], count: 4, ls: {:ok, ["node_id", "secrets", "commits", "commits.lock"]}, exists?: true} commit_store_pid=#PID<0.279.0> commit_store_state_shape={true, [:data_dir, :db, :invariant_dispatcher, :local_write_gate, :lock_ref, :name, :pending_imports, :queue_poller, :trust_side_store]} cubdb_pid=#PID<0.282.0> cubdb_state_shape=CubDB.State cubdb_data_dir="tmp/test_data/commits" cubdb_read=%{compact: ["2D.compact"], count: 2, ls: {:ok, ["2D.compact", "2C.cub"]}, exists?: true}
06:06:04.546 [error] local node self-trust was not added: node signing public-key artifact is absent — continuing with configured trusted identities
06:06:04.551 [error] local node self-trust was not added: node signing public-key artifact is absent — continuing with configured trusted identities
06:06:04.555 [error] local node self-trust was not added: node signing public-key artifact is absent — continuing with configured trusted identities
06:06:04.567 [error] local node self-trust was not added: node signing public-key artifact is absent — continuing with configured trusted identities
.
Finished in 0.03 seconds (0.00s async, 0.03s sync)
3 tests, 0 failures, 2 excluded
Running ExUnit with seed: 580463, max_cases: 8
Excluding tags: [:test]
Including tags: [location: {"test/commonplace/cli/snapshot_test.exs", 114}]

CX_SNAPMECH cwd="/home/jes/sol-snapshot-repro/wt/apps/commonplace_cli" configured="tmp/test_data" configured_read=%{compact: [], count: 4, ls: {:ok, ["node_id", "secrets", "commits", "commits.lock"]}, exists?: true} commit_store_pid=#PID<0.279.0> commit_store_state_shape={true, [:data_dir, :db, :invariant_dispatcher, :local_write_gate, :lock_ref, :name, :pending_imports, :queue_poller, :trust_side_store]} cubdb_pid=#PID<0.282.0> cubdb_state_shape=CubDB.State cubdb_data_dir="tmp/test_data/commits" cubdb_read=%{compact: ["2D.compact"], count: 2, ls: {:ok, ["2D.compact", "2C.cub"]}, exists?: true}
06:06:04.583 [error] local node self-trust was not added: node signing public-key artifact is absent — continuing with configured trusted identities
06:06:04.590 [error] local node self-trust was not added: node signing public-key artifact is absent — continuing with configured trusted identities
06:06:04.594 [error] local node self-trust was not added: node signing public-key artifact is absent — continuing with configured trusted identities
06:06:04.617 [error] local node self-trust was not added: node signing public-key artifact is absent — continuing with configured trusted identities
.
Finished in 0.04 seconds (0.00s async, 0.04s sync)
3 tests, 0 failures, 2 excluded
Running ExUnit with seed: 627279, max_cases: 8
Excluding tags: [:test]
Including tags: [location: {"test/commonplace/cli/snapshot_test.exs", 114}]

CX_SNAPMECH cwd="/home/jes/sol-snapshot-repro/wt/apps/commonplace_cli" configured="tmp/test_data" configured_read=%{compact: [], count: 4, ls: {:ok, ["node_id", "secrets", "commits", "commits.lock"]}, exists?: true} commit_store_pid=#PID<0.279.0> commit_store_state_shape={true, [:data_dir, :db, :invariant_dispatcher, :local_write_gate, :lock_ref, :name, :pending_imports, :queue_poller, :trust_side_store]} cubdb_pid=#PID<0.282.0> cubdb_state_shape=CubDB.State cubdb_data_dir="tmp/test_data/commits" cubdb_read=%{compact: ["2D.compact"], count: 2, ls: {:ok, ["2D.compact", "2C.cub"]}, exists?: true}
06:06:04.629 [error] local node self-trust was not added: node signing public-key artifact is absent — continuing with configured trusted identities
06:06:04.633 [error] local node self-trust was not added: node signing public-key artifact is absent — continuing with configured trusted identities
06:06:04.637 [error] local node self-trust was not added: node signing public-key artifact is absent — continuing with configured trusted identities
06:06:04.645 [error] local node self-trust was not added: node signing public-key artifact is absent — continuing with configured trusted identities
.
Finished in 0.02 seconds (0.00s async, 0.02s sync)
3 tests, 0 failures, 2 excluded
Running ExUnit with seed: 650866, max_cases: 8
Excluding tags: [:test]
Including tags: [location: {"test/commonplace/cli/snapshot_test.exs", 114}]

CX_SNAPMECH cwd="/home/jes/sol-snapshot-repro/wt/apps/commonplace_cli" configured="tmp/test_data" configured_read=%{compact: [], count: 4, ls: {:ok, ["node_id", "secrets", "commits", "commits.lock"]}, exists?: true} commit_store_pid=#PID<0.279.0> commit_store_state_shape={true, [:data_dir, :db, :invariant_dispatcher, :local_write_gate, :lock_ref, :name, :pending_imports, :queue_poller, :trust_side_store]} cubdb_pid=#PID<0.282.0> cubdb_state_shape=CubDB.State cubdb_data_dir="tmp/test_data/commits" cubdb_read=%{compact: ["2D.compact"], count: 2, ls: {:ok, ["2D.compact", "2C.cub"]}, exists?: true}
06:06:04.652 [error] local node self-trust was not added: node signing public-key artifact is absent — continuing with configured trusted identities
06:06:04.657 [error] local node self-trust was not added: node signing public-key artifact is absent — continuing with configured trusted identities
06:06:04.663 [error] local node self-trust was not added: node signing public-key artifact is absent — continuing with configured trusted identities
06:06:04.684 [error] local node self-trust was not added: node signing public-key artifact is absent — continuing with configured trusted identities
.
Finished in 0.03 seconds (0.00s async, 0.03s sync)
3 tests, 0 failures, 2 excluded
Running ExUnit with seed: 690527, max_cases: 8
Excluding tags: [:test]
Including tags: [location: {"test/commonplace/cli/snapshot_test.exs", 114}]

CX_SNAPMECH cwd="/home/jes/sol-snapshot-repro/wt/apps/commonplace_cli" configured="tmp/test_data" configured_read=%{compact: [], count: 4, ls: {:ok, ["node_id", "secrets", "commits", "commits.lock"]}, exists?: true} commit_store_pid=#PID<0.279.0> commit_store_state_shape={true, [:data_dir, :db, :invariant_dispatcher, :local_write_gate, :lock_ref, :name, :pending_imports, :queue_poller, :trust_side_store]} cubdb_pid=#PID<0.282.0> cubdb_state_shape=CubDB.State cubdb_data_dir="tmp/test_data/commits" cubdb_read=%{compact: [], count: 1, ls: {:ok, ["2D.cub"]}, exists?: true}
06:06:04.692 [error] local node self-trust was not added: node signing public-key artifact is absent — continuing with configured trusted identities
06:06:04.695 [error] local node self-trust was not added: node signing public-key artifact is absent — continuing with configured trusted identities
06:06:04.698 [error] local node self-trust was not added: node signing public-key artifact is absent — continuing with configured trusted identities
06:06:04.703 [error] local node self-trust was not added: node signing public-key artifact is absent — continuing with configured trusted identities
.
Finished in 0.01 seconds (0.00s async, 0.01s sync)
3 tests, 0 failures, 2 excluded
Running ExUnit with seed: 707103, max_cases: 8
Excluding tags: [:test]
Including tags: [location: {"test/commonplace/cli/snapshot_test.exs", 114}]

CX_SNAPMECH cwd="/home/jes/sol-snapshot-repro/wt/apps/commonplace_cli" configured="tmp/test_data" configured_read=%{compact: [], count: 4, ls: {:ok, ["node_id", "secrets", "commits", "commits.lock"]}, exists?: true} commit_store_pid=#PID<0.279.0> commit_store_state_shape={true, [:data_dir, :db, :invariant_dispatcher, :local_write_gate, :lock_ref, :name, :pending_imports, :queue_poller, :trust_side_store]} cubdb_pid=#PID<0.282.0> cubdb_state_shape=CubDB.State cubdb_data_dir="tmp/test_data/commits" cubdb_read=%{compact: [], count: 1, ls: {:ok, ["2D.cub"]}, exists?: true}
06:06:04.708 [error] local node self-trust was not added: node signing public-key artifact is absent — continuing with configured trusted identities
06:06:04.712 [error] local node self-trust was not added: node signing public-key artifact is absent — continuing with configured trusted identities
06:06:04.715 [error] local node self-trust was not added: node signing public-key artifact is absent — continuing with configured trusted identities
06:06:04.720 [error] local node self-trust was not added: node signing public-key artifact is absent — continuing with configured trusted identities
.
Finished in 0.01 seconds (0.00s async, 0.01s sync)
3 tests, 0 failures, 2 excluded
Running ExUnit with seed: 725037, max_cases: 8
Excluding tags: [:test]
Including tags: [location: {"test/commonplace/cli/snapshot_test.exs", 114}]

CX_SNAPMECH cwd="/home/jes/sol-snapshot-repro/wt/apps/commonplace_cli" configured="tmp/test_data" configured_read=%{compact: [], count: 4, ls: {:ok, ["node_id", "secrets", "commits", "commits.lock"]}, exists?: true} commit_store_pid=#PID<0.279.0> commit_store_state_shape={true, [:data_dir, :db, :invariant_dispatcher, :local_write_gate, :lock_ref, :name, :pending_imports, :queue_poller, :trust_side_store]} cubdb_pid=#PID<0.282.0> cubdb_state_shape=CubDB.State cubdb_data_dir="tmp/test_data/commits" cubdb_read=%{compact: [], count: 1, ls: {:ok, ["2D.cub"]}, exists?: true}
06:06:04.726 [error] local node self-trust was not added: node signing public-key artifact is absent — continuing with configured trusted identities
06:06:04.730 [error] local node self-trust was not added: node signing public-key artifact is absent — continuing with configured trusted identities
06:06:04.732 [error] local node self-trust was not added: node signing public-key artifact is absent — continuing with configured trusted identities
06:06:04.741 [error] local node self-trust was not added: node signing public-key artifact is absent — continuing with configured trusted identities
.
Finished in 0.02 seconds (0.00s async, 0.02s sync)
3 tests, 0 failures, 2 excluded
Running ExUnit with seed: 745973, max_cases: 8
Excluding tags: [:test]
Including tags: [location: {"test/commonplace/cli/snapshot_test.exs", 114}]

CX_SNAPMECH cwd="/home/jes/sol-snapshot-repro/wt/apps/commonplace_cli" configured="tmp/test_data" configured_read=%{compact: [], count: 4, ls: {:ok, ["node_id", "secrets", "commits", "commits.lock"]}, exists?: true} commit_store_pid=#PID<0.279.0> commit_store_state_shape={true, [:data_dir, :db, :invariant_dispatcher, :local_write_gate, :lock_ref, :name, :pending_imports, :queue_poller, :trust_side_store]} cubdb_pid=#PID<0.282.0> cubdb_state_shape=CubDB.State cubdb_data_dir="tmp/test_data/commits" cubdb_read=%{compact: [], count: 1, ls: {:ok, ["2D.cub"]}, exists?: true}
06:06:04.747 [error] local node self-trust was not added: node signing public-key artifact is absent — continuing with configured trusted identities
06:06:04.751 [error] local node self-trust was not added: node signing public-key artifact is absent — continuing with configured trusted identities
06:06:04.754 [error] local node self-trust was not added: node signing public-key artifact is absent — continuing with configured trusted identities
06:06:04.758 [error] local node self-trust was not added: node signing public-key artifact is absent — continuing with configured trusted identities
.
Finished in 0.01 seconds (0.00s async, 0.01s sync)
3 tests, 0 failures, 2 excluded
Running ExUnit with seed: 762955, max_cases: 8
Excluding tags: [:test]
Including tags: [location: {"test/commonplace/cli/snapshot_test.exs", 114}]

CX_SNAPMECH cwd="/home/jes/sol-snapshot-repro/wt/apps/commonplace_cli" configured="tmp/test_data" configured_read=%{compact: [], count: 4, ls: {:ok, ["node_id", "secrets", "commits", "commits.lock"]}, exists?: true} commit_store_pid=#PID<0.279.0> commit_store_state_shape={true, [:data_dir, :db, :invariant_dispatcher, :local_write_gate, :lock_ref, :name, :pending_imports, :queue_poller, :trust_side_store]} cubdb_pid=#PID<0.282.0> cubdb_state_shape=CubDB.State cubdb_data_dir="tmp/test_data/commits" cubdb_read=%{compact: [], count: 1, ls: {:ok, ["2D.cub"]}, exists?: true}
06:06:04.764 [error] local node self-trust was not added: node signing public-key artifact is absent — continuing with configured trusted identities
06:06:04.767 [error] local node self-trust was not added: node signing public-key artifact is absent — continuing with configured trusted identities
06:06:04.770 [error] local node self-trust was not added: node signing public-key artifact is absent — continuing with configured trusted identities
06:06:04.777 [error] local node self-trust was not added: node signing public-key artifact is absent — continuing with configured trusted identities
.
Finished in 0.01 seconds (0.00s async, 0.01s sync)
3 tests, 0 failures, 2 excluded
Running ExUnit with seed: 783714, max_cases: 8
Excluding tags: [:test]
Including tags: [location: {"test/commonplace/cli/snapshot_test.exs", 114}]

CX_SNAPMECH cwd="/home/jes/sol-snapshot-repro/wt/apps/commonplace_cli" configured="tmp/test_data" configured_read=%{compact: [], count: 4, ls: {:ok, ["node_id", "secrets", "commits", "commits.lock"]}, exists?: true} commit_store_pid=#PID<0.279.0> commit_store_state_shape={true, [:data_dir, :db, :invariant_dispatcher, :local_write_gate, :lock_ref, :name, :pending_imports, :queue_poller, :trust_side_store]} cubdb_pid=#PID<0.282.0> cubdb_state_shape=CubDB.State cubdb_data_dir="tmp/test_data/commits" cubdb_read=%{compact: [], count: 1, ls: {:ok, ["2D.cub"]}, exists?: true}
06:06:04.785 [error] local node self-trust was not added: node signing public-key artifact is absent — continuing with configured trusted identities
06:06:04.789 [error] local node self-trust was not added: node signing public-key artifact is absent — continuing with configured trusted identities
06:06:04.792 [error] local node self-trust was not added: node signing public-key artifact is absent — continuing with configured trusted identities
06:06:04.796 [error] local node self-trust was not added: node signing public-key artifact is absent — continuing with configured trusted identities
.
Finished in 0.01 seconds (0.00s async, 0.01s sync)
3 tests, 0 failures, 2 excluded
Running ExUnit with seed: 800467, max_cases: 8
Excluding tags: [:test]
Including tags: [location: {"test/commonplace/cli/snapshot_test.exs", 114}]

CX_SNAPMECH cwd="/home/jes/sol-snapshot-repro/wt/apps/commonplace_cli" configured="tmp/test_data" configured_read=%{compact: [], count: 4, ls: {:ok, ["node_id", "secrets", "commits", "commits.lock"]}, exists?: true} commit_store_pid=#PID<0.279.0> commit_store_state_shape={true, [:data_dir, :db, :invariant_dispatcher, :local_write_gate, :lock_ref, :name, :pending_imports, :queue_poller, :trust_side_store]} cubdb_pid=#PID<0.282.0> cubdb_state_shape=CubDB.State cubdb_data_dir="tmp/test_data/commits" cubdb_read=%{compact: [], count: 1, ls: {:ok, ["2D.cub"]}, exists?: true}
06:06:04.801 [error] local node self-trust was not added: node signing public-key artifact is absent — continuing with configured trusted identities
06:06:04.804 [error] local node self-trust was not added: node signing public-key artifact is absent — continuing with configured trusted identities
06:06:04.808 [error] local node self-trust was not added: node signing public-key artifact is absent — continuing with configured trusted identities
06:06:04.813 [error] local node self-trust was not added: node signing public-key artifact is absent — continuing with configured trusted identities
.
Finished in 0.01 seconds (0.00s async, 0.01s sync)
3 tests, 0 failures, 2 excluded
Running ExUnit with seed: 816809, max_cases: 8
Excluding tags: [:test]
Including tags: [location: {"test/commonplace/cli/snapshot_test.exs", 114}]

CX_SNAPMECH cwd="/home/jes/sol-snapshot-repro/wt/apps/commonplace_cli" configured="tmp/test_data" configured_read=%{compact: [], count: 4, ls: {:ok, ["node_id", "secrets", "commits", "commits.lock"]}, exists?: true} commit_store_pid=#PID<0.279.0> commit_store_state_shape={true, [:data_dir, :db, :invariant_dispatcher, :local_write_gate, :lock_ref, :name, :pending_imports, :queue_poller, :trust_side_store]} cubdb_pid=#PID<0.282.0> cubdb_state_shape=CubDB.State cubdb_data_dir="tmp/test_data/commits" cubdb_read=%{compact: [], count: 1, ls: {:ok, ["2D.cub"]}, exists?: true}
06:06:04.817 [error] local node self-trust was not added: node signing public-key artifact is absent — continuing with configured trusted identities
06:06:04.821 [error] local node self-trust was not added: node signing public-key artifact is absent — continuing with configured trusted identities
06:06:04.823 [error] local node self-trust was not added: node signing public-key artifact is absent — continuing with configured trusted identities
06:06:04.827 [error] local node self-trust was not added: node signing public-key artifact is absent — continuing with configured trusted identities
.
Finished in 0.01 seconds (0.00s async, 0.01s sync)
3 tests, 0 failures, 2 excluded
Running ExUnit with seed: 831681, max_cases: 8
Excluding tags: [:test]
Including tags: [location: {"test/commonplace/cli/snapshot_test.exs", 114}]

CX_SNAPMECH cwd="/home/jes/sol-snapshot-repro/wt/apps/commonplace_cli" configured="tmp/test_data" configured_read=%{compact: [], count: 4, ls: {:ok, ["node_id", "secrets", "commits", "commits.lock"]}, exists?: true} commit_store_pid=#PID<0.279.0> commit_store_state_shape={true, [:data_dir, :db, :invariant_dispatcher, :local_write_gate, :lock_ref, :name, :pending_imports, :queue_poller, :trust_side_store]} cubdb_pid=#PID<0.282.0> cubdb_state_shape=CubDB.State cubdb_data_dir="tmp/test_data/commits" cubdb_read=%{compact: [], count: 1, ls: {:ok, ["2D.cub"]}, exists?: true}
06:06:04.834 [error] local node self-trust was not added: node signing public-key artifact is absent — continuing with configured trusted identities
06:06:04.840 [error] local node self-trust was not added: node signing public-key artifact is absent — continuing with configured trusted identities
06:06:04.847 [error] local node self-trust was not added: node signing public-key artifact is absent — continuing with configured trusted identities
06:06:04.855 [error] local node self-trust was not added: node signing public-key artifact is absent — continuing with configured trusted identities
.
Finished in 0.02 seconds (0.00s async, 0.02s sync)
3 tests, 0 failures, 2 excluded
Running ExUnit with seed: 859152, max_cases: 8
Excluding tags: [:test]
Including tags: [location: {"test/commonplace/cli/snapshot_test.exs", 114}]

CX_SNAPMECH cwd="/home/jes/sol-snapshot-repro/wt/apps/commonplace_cli" configured="tmp/test_data" configured_read=%{compact: [], count: 4, ls: {:ok, ["node_id", "secrets", "commits", "commits.lock"]}, exists?: true} commit_store_pid=#PID<0.279.0> commit_store_state_shape={true, [:data_dir, :db, :invariant_dispatcher, :local_write_gate, :lock_ref, :name, :pending_imports, :queue_poller, :trust_side_store]} cubdb_pid=#PID<0.282.0> cubdb_state_shape=CubDB.State cubdb_data_dir="tmp/test_data/commits" cubdb_read=%{compact: [], count: 1, ls: {:ok, ["2D.cub"]}, exists?: true}
06:06:04.862 [error] local node self-trust was not added: node signing public-key artifact is absent — continuing with configured trusted identities
06:06:04.865 [error] local node self-trust was not added: node signing public-key artifact is absent — continuing with configured trusted identities
06:06:04.869 [error] local node self-trust was not added: node signing public-key artifact is absent — continuing with configured trusted identities
06:06:04.880 [error] local node self-trust was not added: node signing public-key artifact is absent — continuing with configured trusted identities
.
Finished in 0.02 seconds (0.00s async, 0.02s sync)
3 tests, 0 failures, 2 excluded
Running ExUnit with seed: 888747, max_cases: 8
Excluding tags: [:test]
Including tags: [location: {"test/commonplace/cli/snapshot_test.exs", 114}]

CX_SNAPMECH cwd="/home/jes/sol-snapshot-repro/wt/apps/commonplace_cli" configured="tmp/test_data" configured_read=%{compact: [], count: 4, ls: {:ok, ["node_id", "secrets", "commits", "commits.lock"]}, exists?: true} commit_store_pid=#PID<0.279.0> commit_store_state_shape={true, [:data_dir, :db, :invariant_dispatcher, :local_write_gate, :lock_ref, :name, :pending_imports, :queue_poller, :trust_side_store]} cubdb_pid=#PID<0.282.0> cubdb_state_shape=CubDB.State cubdb_data_dir="tmp/test_data/commits" cubdb_read=%{compact: [], count: 1, ls: {:ok, ["2D.cub"]}, exists?: true}
06:06:04.890 [error] local node self-trust was not added: node signing public-key artifact is absent — continuing with configured trusted identities
06:06:04.894 [error] local node self-trust was not added: node signing public-key artifact is absent — continuing with configured trusted identities
06:06:04.897 [error] local node self-trust was not added: node signing public-key artifact is absent — continuing with configured trusted identities
06:06:04.904 [error] local node self-trust was not added: node signing public-key artifact is absent — continuing with configured trusted identities
.
Finished in 0.01 seconds (0.00s async, 0.01s sync)
3 tests, 0 failures, 2 excluded
Running ExUnit with seed: 908080, max_cases: 8
Excluding tags: [:test]
Including tags: [location: {"test/commonplace/cli/snapshot_test.exs", 114}]

CX_SNAPMECH cwd="/home/jes/sol-snapshot-repro/wt/apps/commonplace_cli" configured="tmp/test_data" configured_read=%{compact: [], count: 4, ls: {:ok, ["node_id", "secrets", "commits", "commits.lock"]}, exists?: true} commit_store_pid=#PID<0.279.0> commit_store_state_shape={true, [:data_dir, :db, :invariant_dispatcher, :local_write_gate, :lock_ref, :name, :pending_imports, :queue_poller, :trust_side_store]} cubdb_pid=#PID<0.282.0> cubdb_state_shape=CubDB.State cubdb_data_dir="tmp/test_data/commits" cubdb_read=%{compact: [], count: 1, ls: {:ok, ["2D.cub"]}, exists?: true}
06:06:04.909 [error] local node self-trust was not added: node signing public-key artifact is absent — continuing with configured trusted identities
06:06:04.913 [error] local node self-trust was not added: node signing public-key artifact is absent — continuing with configured trusted identities
06:06:04.916 [error] local node self-trust was not added: node signing public-key artifact is absent — continuing with configured trusted identities
06:06:04.920 [error] local node self-trust was not added: node signing public-key artifact is absent — continuing with configured trusted identities
.
Finished in 0.01 seconds (0.00s async, 0.01s sync)
3 tests, 0 failures, 2 excluded
Running ExUnit with seed: 923819, max_cases: 8
Excluding tags: [:test]
Including tags: [location: {"test/commonplace/cli/snapshot_test.exs", 114}]

CX_SNAPMECH cwd="/home/jes/sol-snapshot-repro/wt/apps/commonplace_cli" configured="tmp/test_data" configured_read=%{compact: [], count: 4, ls: {:ok, ["node_id", "secrets", "commits", "commits.lock"]}, exists?: true} commit_store_pid=#PID<0.279.0> commit_store_state_shape={true, [:data_dir, :db, :invariant_dispatcher, :local_write_gate, :lock_ref, :name, :pending_imports, :queue_poller, :trust_side_store]} cubdb_pid=#PID<0.282.0> cubdb_state_shape=CubDB.State cubdb_data_dir="tmp/test_data/commits" cubdb_read=%{compact: [], count: 1, ls: {:ok, ["2D.cub"]}, exists?: true}
06:06:04.925 [error] local node self-trust was not added: node signing public-key artifact is absent — continuing with configured trusted identities
06:06:04.928 [error] local node self-trust was not added: node signing public-key artifact is absent — continuing with configured trusted identities
06:06:04.931 [error] local node self-trust was not added: node signing public-key artifact is absent — continuing with configured trusted identities
06:06:04.936 [error] local node self-trust was not added: node signing public-key artifact is absent — continuing with configured trusted identities
.
Finished in 0.01 seconds (0.00s async, 0.01s sync)
3 tests, 0 failures, 2 excluded
Running ExUnit with seed: 942084, max_cases: 8
Excluding tags: [:test]
Including tags: [location: {"test/commonplace/cli/snapshot_test.exs", 114}]

CX_SNAPMECH cwd="/home/jes/sol-snapshot-repro/wt/apps/commonplace_cli" configured="tmp/test_data" configured_read=%{compact: [], count: 4, ls: {:ok, ["node_id", "secrets", "commits", "commits.lock"]}, exists?: true} commit_store_pid=#PID<0.279.0> commit_store_state_shape={true, [:data_dir, :db, :invariant_dispatcher, :local_write_gate, :lock_ref, :name, :pending_imports, :queue_poller, :trust_side_store]} cubdb_pid=#PID<0.282.0> cubdb_state_shape=CubDB.State cubdb_data_dir="tmp/test_data/commits" cubdb_read=%{compact: [], count: 1, ls: {:ok, ["2D.cub"]}, exists?: true}
06:06:04.944 [error] local node self-trust was not added: node signing public-key artifact is absent — continuing with configured trusted identities
06:06:04.947 [error] local node self-trust was not added: node signing public-key artifact is absent — continuing with configured trusted identities
06:06:04.951 [error] local node self-trust was not added: node signing public-key artifact is absent — continuing with configured trusted identities
06:06:04.957 [error] local node self-trust was not added: node signing public-key artifact is absent — continuing with configured trusted identities
.
Finished in 0.01 seconds (0.00s async, 0.01s sync)
3 tests, 0 failures, 2 excluded
Running ExUnit with seed: 963261, max_cases: 8
Excluding tags: [:test]
Including tags: [location: {"test/commonplace/cli/snapshot_test.exs", 114}]

CX_SNAPMECH cwd="/home/jes/sol-snapshot-repro/wt/apps/commonplace_cli" configured="tmp/test_data" configured_read=%{compact: [], count: 4, ls: {:ok, ["node_id", "secrets", "commits", "commits.lock"]}, exists?: true} commit_store_pid=#PID<0.279.0> commit_store_state_shape={true, [:data_dir, :db, :invariant_dispatcher, :local_write_gate, :lock_ref, :name, :pending_imports, :queue_poller, :trust_side_store]} cubdb_pid=#PID<0.282.0> cubdb_state_shape=CubDB.State cubdb_data_dir="tmp/test_data/commits" cubdb_read=%{compact: [], count: 1, ls: {:ok, ["2D.cub"]}, exists?: true}
06:06:04.966 [error] local node self-trust was not added: node signing public-key artifact is absent — continuing with configured trusted identities
06:06:04.969 [error] local node self-trust was not added: node signing public-key artifact is absent — continuing with configured trusted identities
06:06:04.972 [error] local node self-trust was not added: node signing public-key artifact is absent — continuing with configured trusted identities
06:06:04.979 [error] local node self-trust was not added: node signing public-key artifact is absent — continuing with configured trusted identities
.
Finished in 0.01 seconds (0.00s async, 0.01s sync)
3 tests, 0 failures, 2 excluded
Running ExUnit with seed: 982791, max_cases: 8
Excluding tags: [:test]
Including tags: [location: {"test/commonplace/cli/snapshot_test.exs", 114}]

CX_SNAPMECH cwd="/home/jes/sol-snapshot-repro/wt/apps/commonplace_cli" configured="tmp/test_data" configured_read=%{compact: [], count: 4, ls: {:ok, ["node_id", "secrets", "commits", "commits.lock"]}, exists?: true} commit_store_pid=#PID<0.279.0> commit_store_state_shape={true, [:data_dir, :db, :invariant_dispatcher, :local_write_gate, :lock_ref, :name, :pending_imports, :queue_poller, :trust_side_store]} cubdb_pid=#PID<0.282.0> cubdb_state_shape=CubDB.State cubdb_data_dir="tmp/test_data/commits" cubdb_read=%{compact: [], count: 1, ls: {:ok, ["2D.cub"]}, exists?: true}
06:06:04.984 [error] local node self-trust was not added: node signing public-key artifact is absent — continuing with configured trusted identities
06:06:04.989 [error] local node self-trust was not added: node signing public-key artifact is absent — continuing with configured trusted identities
06:06:04.993 [error] local node self-trust was not added: node signing public-key artifact is absent — continuing with configured trusted identities
06:06:04.998 [error] local node self-trust was not added: node signing public-key artifact is absent — continuing with configured trusted identities
.
Finished in 0.01 seconds (0.00s async, 0.01s sync)
3 tests, 0 failures, 2 excluded
Running ExUnit with seed: 2674, max_cases: 8
Excluding tags: [:test]
Including tags: [location: {"test/commonplace/cli/snapshot_test.exs", 114}]

CX_SNAPMECH cwd="/home/jes/sol-snapshot-repro/wt/apps/commonplace_cli" configured="tmp/test_data" configured_read=%{compact: [], count: 4, ls: {:ok, ["node_id", "secrets", "commits", "commits.lock"]}, exists?: true} commit_store_pid=#PID<0.279.0> commit_store_state_shape={true, [:data_dir, :db, :invariant_dispatcher, :local_write_gate, :lock_ref, :name, :pending_imports, :queue_poller, :trust_side_store]} cubdb_pid=#PID<0.282.0> cubdb_state_shape=CubDB.State cubdb_data_dir="tmp/test_data/commits" cubdb_read=%{compact: [], count: 1, ls: {:ok, ["2D.cub"]}, exists?: true}
06:06:05.004 [error] local node self-trust was not added: node signing public-key artifact is absent — continuing with configured trusted identities
06:06:05.008 [error] local node self-trust was not added: node signing public-key artifact is absent — continuing with configured trusted identities
06:06:05.011 [error] local node self-trust was not added: node signing public-key artifact is absent — continuing with configured trusted identities
06:06:05.017 [error] local node self-trust was not added: node signing public-key artifact is absent — continuing with configured trusted identities
.
Finished in 0.01 seconds (0.00s async, 0.01s sync)
3 tests, 0 failures, 2 excluded
Running ExUnit with seed: 22435, max_cases: 8
Excluding tags: [:test]
Including tags: [location: {"test/commonplace/cli/snapshot_test.exs", 114}]

CX_SNAPMECH cwd="/home/jes/sol-snapshot-repro/wt/apps/commonplace_cli" configured="tmp/test_data" configured_read=%{compact: [], count: 4, ls: {:ok, ["node_id", "secrets", "commits", "commits.lock"]}, exists?: true} commit_store_pid=#PID<0.279.0> commit_store_state_shape={true, [:data_dir, :db, :invariant_dispatcher, :local_write_gate, :lock_ref, :name, :pending_imports, :queue_poller, :trust_side_store]} cubdb_pid=#PID<0.282.0> cubdb_state_shape=CubDB.State cubdb_data_dir="tmp/test_data/commits" cubdb_read=%{compact: [], count: 1, ls: {:ok, ["2D.cub"]}, exists?: true}
06:06:05.024 [error] local node self-trust was not added: node signing public-key artifact is absent — continuing with configured trusted identities
06:06:05.028 [error] local node self-trust was not added: node signing public-key artifact is absent — continuing with configured trusted identities
06:06:05.032 [error] local node self-trust was not added: node signing public-key artifact is absent — continuing with configured trusted identities
06:06:05.038 [error] local node self-trust was not added: node signing public-key artifact is absent — continuing with configured trusted identities
.
Finished in 0.01 seconds (0.00s async, 0.01s sync)
3 tests, 0 failures, 2 excluded
Running ExUnit with seed: 42247, max_cases: 8
Excluding tags: [:test]
Including tags: [location: {"test/commonplace/cli/snapshot_test.exs", 114}]

CX_SNAPMECH cwd="/home/jes/sol-snapshot-repro/wt/apps/commonplace_cli" configured="tmp/test_data" configured_read=%{compact: [], count: 4, ls: {:ok, ["node_id", "secrets", "commits", "commits.lock"]}, exists?: true} commit_store_pid=#PID<0.279.0> commit_store_state_shape={true, [:data_dir, :db, :invariant_dispatcher, :local_write_gate, :lock_ref, :name, :pending_imports, :queue_poller, :trust_side_store]} cubdb_pid=#PID<0.282.0> cubdb_state_shape=CubDB.State cubdb_data_dir="tmp/test_data/commits" cubdb_read=%{compact: [], count: 1, ls: {:ok, ["2D.cub"]}, exists?: true}
06:06:05.047 [error] local node self-trust was not added: node signing public-key artifact is absent — continuing with configured trusted identities
06:06:05.053 [error] local node self-trust was not added: node signing public-key artifact is absent — continuing with configured trusted identities
06:06:05.057 [error] local node self-trust was not added: node signing public-key artifact is absent — continuing with configured trusted identities
06:06:05.062 [error] local node self-trust was not added: node signing public-key artifact is absent — continuing with configured trusted identities
.
Finished in 0.02 seconds (0.00s async, 0.02s sync)
3 tests, 0 failures, 2 excluded
Running ExUnit with seed: 65980, max_cases: 8
Excluding tags: [:test]
Including tags: [location: {"test/commonplace/cli/snapshot_test.exs", 114}]

CX_SNAPMECH cwd="/home/jes/sol-snapshot-repro/wt/apps/commonplace_cli" configured="tmp/test_data" configured_read=%{compact: [], count: 4, ls: {:ok, ["node_id", "secrets", "commits", "commits.lock"]}, exists?: true} commit_store_pid=#PID<0.279.0> commit_store_state_shape={true, [:data_dir, :db, :invariant_dispatcher, :local_write_gate, :lock_ref, :name, :pending_imports, :queue_poller, :trust_side_store]} cubdb_pid=#PID<0.282.0> cubdb_state_shape=CubDB.State cubdb_data_dir="tmp/test_data/commits" cubdb_read=%{compact: [], count: 1, ls: {:ok, ["2D.cub"]}, exists?: true}
06:06:05.066 [error] local node self-trust was not added: node signing public-key artifact is absent — continuing with configured trusted identities
06:06:05.070 [error] local node self-trust was not added: node signing public-key artifact is absent — continuing with configured trusted identities
06:06:05.074 [error] local node self-trust was not added: node signing public-key artifact is absent — continuing with configured trusted identities
06:06:05.079 [error] local node self-trust was not added: node signing public-key artifact is absent — continuing with configured trusted identities
.
Finished in 0.01 seconds (0.00s async, 0.01s sync)
3 tests, 0 failures, 2 excluded
Running ExUnit with seed: 83395, max_cases: 8
Excluding tags: [:test]
Including tags: [location: {"test/commonplace/cli/snapshot_test.exs", 114}]

CX_SNAPMECH cwd="/home/jes/sol-snapshot-repro/wt/apps/commonplace_cli" configured="tmp/test_data" configured_read=%{compact: [], count: 4, ls: {:ok, ["node_id", "secrets", "commits", "commits.lock"]}, exists?: true} commit_store_pid=#PID<0.279.0> commit_store_state_shape={true, [:data_dir, :db, :invariant_dispatcher, :local_write_gate, :lock_ref, :name, :pending_imports, :queue_poller, :trust_side_store]} cubdb_pid=#PID<0.282.0> cubdb_state_shape=CubDB.State cubdb_data_dir="tmp/test_data/commits" cubdb_read=%{compact: [], count: 1, ls: {:ok, ["2D.cub"]}, exists?: true}
06:06:05.084 [error] local node self-trust was not added: node signing public-key artifact is absent — continuing with configured trusted identities
06:06:05.087 [error] local node self-trust was not added: node signing public-key artifact is absent — continuing with configured trusted identities
06:06:05.090 [error] local node self-trust was not added: node signing public-key artifact is absent — continuing with configured trusted identities
06:06:05.100 [error] local node self-trust was not added: node signing public-key artifact is absent — continuing with configured trusted identities
.
Finished in 0.02 seconds (0.00s async, 0.02s sync)
3 tests, 0 failures, 2 excluded
Running ExUnit with seed: 105093, max_cases: 8
Excluding tags: [:test]
Including tags: [location: {"test/commonplace/cli/snapshot_test.exs", 114}]

CX_SNAPMECH cwd="/home/jes/sol-snapshot-repro/wt/apps/commonplace_cli" configured="tmp/test_data" configured_read=%{compact: [], count: 4, ls: {:ok, ["node_id", "secrets", "commits", "commits.lock"]}, exists?: true} commit_store_pid=#PID<0.279.0> commit_store_state_shape={true, [:data_dir, :db, :invariant_dispatcher, :local_write_gate, :lock_ref, :name, :pending_imports, :queue_poller, :trust_side_store]} cubdb_pid=#PID<0.282.0> cubdb_state_shape=CubDB.State cubdb_data_dir="tmp/test_data/commits" cubdb_read=%{compact: [], count: 1, ls: {:ok, ["2D.cub"]}, exists?: true}
06:06:05.106 [error] local node self-trust was not added: node signing public-key artifact is absent — continuing with configured trusted identities
06:06:05.112 [error] local node self-trust was not added: node signing public-key artifact is absent — continuing with configured trusted identities
06:06:05.115 [error] local node self-trust was not added: node signing public-key artifact is absent — continuing with configured trusted identities
06:06:05.119 [error] local node self-trust was not added: node signing public-key artifact is absent — continuing with configured trusted identities
.
Finished in 0.01 seconds (0.00s async, 0.01s sync)
3 tests, 0 failures, 2 excluded
Running ExUnit with seed: 124149, max_cases: 8
Excluding tags: [:test]
Including tags: [location: {"test/commonplace/cli/snapshot_test.exs", 114}]

CX_SNAPMECH cwd="/home/jes/sol-snapshot-repro/wt/apps/commonplace_cli" configured="tmp/test_data" configured_read=%{compact: [], count: 4, ls: {:ok, ["node_id", "secrets", "commits", "commits.lock"]}, exists?: true} commit_store_pid=#PID<0.279.0> commit_store_state_shape={true, [:data_dir, :db, :invariant_dispatcher, :local_write_gate, :lock_ref, :name, :pending_imports, :queue_poller, :trust_side_store]} cubdb_pid=#PID<0.282.0> cubdb_state_shape=CubDB.State cubdb_data_dir="tmp/test_data/commits" cubdb_read=%{compact: [], count: 1, ls: {:ok, ["2D.cub"]}, exists?: true}
06:06:05.125 [error] local node self-trust was not added: node signing public-key artifact is absent — continuing with configured trusted identities
06:06:05.131 [error] local node self-trust was not added: node signing public-key artifact is absent — continuing with configured trusted identities
06:06:05.135 [error] local node self-trust was not added: node signing public-key artifact is absent — continuing with configured trusted identities
06:06:05.139 [error] local node self-trust was not added: node signing public-key artifact is absent — continuing with configured trusted identities
.
Finished in 0.01 seconds (0.00s async, 0.01s sync)
3 tests, 0 failures, 2 excluded
Running ExUnit with seed: 144810, max_cases: 8
Excluding tags: [:test]
Including tags: [location: {"test/commonplace/cli/snapshot_test.exs", 114}]

CX_SNAPMECH cwd="/home/jes/sol-snapshot-repro/wt/apps/commonplace_cli" configured="tmp/test_data" configured_read=%{compact: [], count: 4, ls: {:ok, ["node_id", "secrets", "commits", "commits.lock"]}, exists?: true} commit_store_pid=#PID<0.279.0> commit_store_state_shape={true, [:data_dir, :db, :invariant_dispatcher, :local_write_gate, :lock_ref, :name, :pending_imports, :queue_poller, :trust_side_store]} cubdb_pid=#PID<0.282.0> cubdb_state_shape=CubDB.State cubdb_data_dir="tmp/test_data/commits" cubdb_read=%{compact: [], count: 1, ls: {:ok, ["2D.cub"]}, exists?: true}
06:06:05.145 [error] local node self-trust was not added: node signing public-key artifact is absent — continuing with configured trusted identities
06:06:05.150 [error] local node self-trust was not added: node signing public-key artifact is absent — continuing with configured trusted identities
06:06:05.153 [error] local node self-trust was not added: node signing public-key artifact is absent — continuing with configured trusted identities
06:06:05.159 [error] local node self-trust was not added: node signing public-key artifact is absent — continuing with configured trusted identities
.
Finished in 0.01 seconds (0.00s async, 0.01s sync)
3 tests, 0 failures, 2 excluded
Running ExUnit with seed: 164354, max_cases: 8
Excluding tags: [:test]
Including tags: [location: {"test/commonplace/cli/snapshot_test.exs", 114}]

CX_SNAPMECH cwd="/home/jes/sol-snapshot-repro/wt/apps/commonplace_cli" configured="tmp/test_data" configured_read=%{compact: [], count: 4, ls: {:ok, ["node_id", "secrets", "commits", "commits.lock"]}, exists?: true} commit_store_pid=#PID<0.279.0> commit_store_state_shape={true, [:data_dir, :db, :invariant_dispatcher, :local_write_gate, :lock_ref, :name, :pending_imports, :queue_poller, :trust_side_store]} cubdb_pid=#PID<0.282.0> cubdb_state_shape=CubDB.State cubdb_data_dir="tmp/test_data/commits" cubdb_read=%{compact: [], count: 1, ls: {:ok, ["2D.cub"]}, exists?: true}
06:06:05.166 [error] local node self-trust was not added: node signing public-key artifact is absent — continuing with configured trusted identities
06:06:05.169 [error] local node self-trust was not added: node signing public-key artifact is absent — continuing with configured trusted identities
06:06:05.172 [error] local node self-trust was not added: node signing public-key artifact is absent — continuing with configured trusted identities
06:06:05.177 [error] local node self-trust was not added: node signing public-key artifact is absent — continuing with configured trusted identities
.
Finished in 0.01 seconds (0.00s async, 0.01s sync)
3 tests, 0 failures, 2 excluded
Running ExUnit with seed: 181234, max_cases: 8
Excluding tags: [:test]
Including tags: [location: {"test/commonplace/cli/snapshot_test.exs", 114}]

CX_SNAPMECH cwd="/home/jes/sol-snapshot-repro/wt/apps/commonplace_cli" configured="tmp/test_data" configured_read=%{compact: [], count: 4, ls: {:ok, ["node_id", "secrets", "commits", "commits.lock"]}, exists?: true} commit_store_pid=#PID<0.279.0> commit_store_state_shape={true, [:data_dir, :db, :invariant_dispatcher, :local_write_gate, :lock_ref, :name, :pending_imports, :queue_poller, :trust_side_store]} cubdb_pid=#PID<0.282.0> cubdb_state_shape=CubDB.State cubdb_data_dir="tmp/test_data/commits" cubdb_read=%{compact: [], count: 1, ls: {:ok, ["2D.cub"]}, exists?: true}
06:06:05.182 [error] local node self-trust was not added: node signing public-key artifact is absent — continuing with configured trusted identities
06:06:05.187 [error] local node self-trust was not added: node signing public-key artifact is absent — continuing with configured trusted identities
06:06:05.189 [error] local node self-trust was not added: node signing public-key artifact is absent — continuing with configured trusted identities
06:06:05.195 [error] local node self-trust was not added: node signing public-key artifact is absent — continuing with configured trusted identities
.
Finished in 0.01 seconds (0.00s async, 0.01s sync)
3 tests, 0 failures, 2 excluded
Running ExUnit with seed: 199652, max_cases: 8
Excluding tags: [:test]
Including tags: [location: {"test/commonplace/cli/snapshot_test.exs", 114}]

CX_SNAPMECH cwd="/home/jes/sol-snapshot-repro/wt/apps/commonplace_cli" configured="tmp/test_data" configured_read=%{compact: [], count: 4, ls: {:ok, ["node_id", "secrets", "commits", "commits.lock"]}, exists?: true} commit_store_pid=#PID<0.279.0> commit_store_state_shape={true, [:data_dir, :db, :invariant_dispatcher, :local_write_gate, :lock_ref, :name, :pending_imports, :queue_poller, :trust_side_store]} cubdb_pid=#PID<0.282.0> cubdb_state_shape=CubDB.State cubdb_data_dir="tmp/test_data/commits" cubdb_read=%{compact: [], count: 1, ls: {:ok, ["2D.cub"]}, exists?: true}
06:06:05.202 [error] local node self-trust was not added: node signing public-key artifact is absent — continuing with configured trusted identities
06:06:05.206 [error] local node self-trust was not added: node signing public-key artifact is absent — continuing with configured trusted identities
06:06:05.209 [error] local node self-trust was not added: node signing public-key artifact is absent — continuing with configured trusted identities
06:06:05.217 [error] local node self-trust was not added: node signing public-key artifact is absent — continuing with configured trusted identities
.
Finished in 0.02 seconds (0.00s async, 0.02s sync)
3 tests, 0 failures, 2 excluded
Running ExUnit with seed: 222775, max_cases: 8
Excluding tags: [:test]
Including tags: [location: {"test/commonplace/cli/snapshot_test.exs", 114}]

CX_SNAPMECH cwd="/home/jes/sol-snapshot-repro/wt/apps/commonplace_cli" configured="tmp/test_data" configured_read=%{compact: [], count: 4, ls: {:ok, ["node_id", "secrets", "commits", "commits.lock"]}, exists?: true} commit_store_pid=#PID<0.279.0> commit_store_state_shape={true, [:data_dir, :db, :invariant_dispatcher, :local_write_gate, :lock_ref, :name, :pending_imports, :queue_poller, :trust_side_store]} cubdb_pid=#PID<0.282.0> cubdb_state_shape=CubDB.State cubdb_data_dir="tmp/test_data/commits" cubdb_read=%{compact: [], count: 1, ls: {:ok, ["2D.cub"]}, exists?: true}
06:06:05.223 [error] local node self-trust was not added: node signing public-key artifact is absent — continuing with configured trusted identities
06:06:05.228 [error] local node self-trust was not added: node signing public-key artifact is absent — continuing with configured trusted identities
06:06:05.233 [error] local node self-trust was not added: node signing public-key artifact is absent — continuing with configured trusted identities
06:06:05.239 [error] local node self-trust was not added: node signing public-key artifact is absent — continuing with configured trusted identities
.
Finished in 0.02 seconds (0.00s async, 0.02s sync)
3 tests, 0 failures, 2 excluded
Running ExUnit with seed: 243914, max_cases: 8
Excluding tags: [:test]
Including tags: [location: {"test/commonplace/cli/snapshot_test.exs", 114}]

CX_SNAPMECH cwd="/home/jes/sol-snapshot-repro/wt/apps/commonplace_cli" configured="tmp/test_data" configured_read=%{compact: [], count: 4, ls: {:ok, ["node_id", "secrets", "commits", "commits.lock"]}, exists?: true} commit_store_pid=#PID<0.279.0> commit_store_state_shape={true, [:data_dir, :db, :invariant_dispatcher, :local_write_gate, :lock_ref, :name, :pending_imports, :queue_poller, :trust_side_store]} cubdb_pid=#PID<0.282.0> cubdb_state_shape=CubDB.State cubdb_data_dir="tmp/test_data/commits" cubdb_read=%{compact: [], count: 1, ls: {:ok, ["2D.cub"]}, exists?: true}
06:06:05.245 [error] local node self-trust was not added: node signing public-key artifact is absent — continuing with configured trusted identities
06:06:05.249 [error] local node self-trust was not added: node signing public-key artifact is absent — continuing with configured trusted identities
06:06:05.252 [error] local node self-trust was not added: node signing public-key artifact is absent — continuing with configured trusted identities
06:06:05.257 [error] local node self-trust was not added: node signing public-key artifact is absent — continuing with configured trusted identities
.
Finished in 0.01 seconds (0.00s async, 0.01s sync)
3 tests, 0 failures, 2 excluded
Running ExUnit with seed: 264516, max_cases: 8
Excluding tags: [:test]
Including tags: [location: {"test/commonplace/cli/snapshot_test.exs", 114}]

CX_SNAPMECH cwd="/home/jes/sol-snapshot-repro/wt/apps/commonplace_cli" configured="tmp/test_data" configured_read=%{compact: [], count: 4, ls: {:ok, ["node_id", "secrets", "commits", "commits.lock"]}, exists?: true} commit_store_pid=#PID<0.279.0> commit_store_state_shape={true, [:data_dir, :db, :invariant_dispatcher, :local_write_gate, :lock_ref, :name, :pending_imports, :queue_poller, :trust_side_store]} cubdb_pid=#PID<0.282.0> cubdb_state_shape=CubDB.State cubdb_data_dir="tmp/test_data/commits" cubdb_read=%{compact: ["2E.compact"], count: 2, ls: {:ok, ["2D.cub", "2E.compact"]}, exists?: true}
06:06:05.266 [error] local node self-trust was not added: node signing public-key artifact is absent — continuing with configured trusted identities
06:06:05.270 [error] local node self-trust was not added: node signing public-key artifact is absent — continuing with configured trusted identities
06:06:05.277 [error] local node self-trust was not added: node signing public-key artifact is absent — continuing with configured trusted identities
06:06:05.289 [error] local node self-trust was not added: node signing public-key artifact is absent — continuing with configured trusted identities
.
Finished in 0.03 seconds (0.00s async, 0.03s sync)
3 tests, 0 failures, 2 excluded
Running ExUnit with seed: 301039, max_cases: 8
Excluding tags: [:test]
Including tags: [location: {"test/commonplace/cli/snapshot_test.exs", 114}]

CX_SNAPMECH cwd="/home/jes/sol-snapshot-repro/wt/apps/commonplace_cli" configured="tmp/test_data" configured_read=%{compact: [], count: 4, ls: {:ok, ["node_id", "secrets", "commits", "commits.lock"]}, exists?: true} commit_store_pid=#PID<0.279.0> commit_store_state_shape={true, [:data_dir, :db, :invariant_dispatcher, :local_write_gate, :lock_ref, :name, :pending_imports, :queue_poller, :trust_side_store]} cubdb_pid=#PID<0.282.0> cubdb_state_shape=CubDB.State cubdb_data_dir="tmp/test_data/commits" cubdb_read=%{compact: ["2E.compact"], count: 2, ls: {:ok, ["2D.cub", "2E.compact"]}, exists?: true}
06:06:05.303 [error] local node self-trust was not added: node signing public-key artifact is absent — continuing with configured trusted identities
06:06:05.308 [error] local node self-trust was not added: node signing public-key artifact is absent — continuing with configured trusted identities
06:06:05.313 [error] local node self-trust was not added: node signing public-key artifact is absent — continuing with configured trusted identities
06:06:05.324 [error] local node self-trust was not added: node signing public-key artifact is absent — continuing with configured trusted identities
.
Finished in 0.02 seconds (0.00s async, 0.02s sync)
3 tests, 0 failures, 2 excluded
Running ExUnit with seed: 330993, max_cases: 8
Excluding tags: [:test]
Including tags: [location: {"test/commonplace/cli/snapshot_test.exs", 114}]

CX_SNAPMECH cwd="/home/jes/sol-snapshot-repro/wt/apps/commonplace_cli" configured="tmp/test_data" configured_read=%{compact: [], count: 4, ls: {:ok, ["node_id", "secrets", "commits", "commits.lock"]}, exists?: true} commit_store_pid=#PID<0.279.0> commit_store_state_shape={true, [:data_dir, :db, :invariant_dispatcher, :local_write_gate, :lock_ref, :name, :pending_imports, :queue_poller, :trust_side_store]} cubdb_pid=#PID<0.282.0> cubdb_state_shape=CubDB.State cubdb_data_dir="tmp/test_data/commits" cubdb_read=%{compact: ["2E.compact"], count: 2, ls: {:ok, ["2D.cub", "2E.compact"]}, exists?: true}
06:06:05.336 [error] local node self-trust was not added: node signing public-key artifact is absent — continuing with configured trusted identities
06:06:05.340 [error] local node self-trust was not added: node signing public-key artifact is absent — continuing with configured trusted identities
06:06:05.345 [error] local node self-trust was not added: node signing public-key artifact is absent — continuing with configured trusted identities
06:06:05.354 [error] local node self-trust was not added: node signing public-key artifact is absent — continuing with configured trusted identities
.
Finished in 0.02 seconds (0.00s async, 0.02s sync)
3 tests, 0 failures, 2 excluded
Running ExUnit with seed: 360439, max_cases: 8
Excluding tags: [:test]
Including tags: [location: {"test/commonplace/cli/snapshot_test.exs", 114}]

CX_SNAPMECH cwd="/home/jes/sol-snapshot-repro/wt/apps/commonplace_cli" configured="tmp/test_data" configured_read=%{compact: [], count: 4, ls: {:ok, ["node_id", "secrets", "commits", "commits.lock"]}, exists?: true} commit_store_pid=#PID<0.279.0> commit_store_state_shape={true, [:data_dir, :db, :invariant_dispatcher, :local_write_gate, :lock_ref, :name, :pending_imports, :queue_poller, :trust_side_store]} cubdb_pid=#PID<0.282.0> cubdb_state_shape=CubDB.State cubdb_data_dir="tmp/test_data/commits" cubdb_read=%{compact: ["2E.compact"], count: 2, ls: {:ok, ["2D.cub", "2E.compact"]}, exists?: true}
06:06:05.361 [error] local node self-trust was not added: node signing public-key artifact is absent — continuing with configured trusted identities
06:06:05.367 [error] local node self-trust was not added: node signing public-key artifact is absent — continuing with configured trusted identities
06:06:05.371 [error] local node self-trust was not added: node signing public-key artifact is absent — continuing with configured trusted identities
06:06:05.378 [error] local node self-trust was not added: node signing public-key artifact is absent — continuing with configured trusted identities
.
Finished in 0.02 seconds (0.00s async, 0.02s sync)
3 tests, 0 failures, 2 excluded
Running ExUnit with seed: 383912, max_cases: 8
Excluding tags: [:test]
Including tags: [location: {"test/commonplace/cli/snapshot_test.exs", 114}]

CX_SNAPMECH cwd="/home/jes/sol-snapshot-repro/wt/apps/commonplace_cli" configured="tmp/test_data" configured_read=%{compact: [], count: 4, ls: {:ok, ["node_id", "secrets", "commits", "commits.lock"]}, exists?: true} commit_store_pid=#PID<0.279.0> commit_store_state_shape={true, [:data_dir, :db, :invariant_dispatcher, :local_write_gate, :lock_ref, :name, :pending_imports, :queue_poller, :trust_side_store]} cubdb_pid=#PID<0.282.0> cubdb_state_shape=CubDB.State cubdb_data_dir="tmp/test_data/commits" cubdb_read=%{compact: ["2E.compact"], count: 2, ls: {:ok, ["2D.cub", "2E.compact"]}, exists?: true}
06:06:05.385 [error] local node self-trust was not added: node signing public-key artifact is absent — continuing with configured trusted identities
06:06:05.391 [error] local node self-trust was not added: node signing public-key artifact is absent — continuing with configured trusted identities
06:06:05.398 [error] local node self-trust was not added: node signing public-key artifact is absent — continuing with configured trusted identities
06:06:05.407 [error] local node self-trust was not added: node signing public-key artifact is absent — continuing with configured trusted identities
.
Finished in 0.02 seconds (0.00s async, 0.02s sync)
3 tests, 0 failures, 2 excluded
Running ExUnit with seed: 413540, max_cases: 8
Excluding tags: [:test]
Including tags: [location: {"test/commonplace/cli/snapshot_test.exs", 114}]

CX_SNAPMECH cwd="/home/jes/sol-snapshot-repro/wt/apps/commonplace_cli" configured="tmp/test_data" configured_read=%{compact: [], count: 4, ls: {:ok, ["node_id", "secrets", "commits", "commits.lock"]}, exists?: true} commit_store_pid=#PID<0.279.0> commit_store_state_shape={true, [:data_dir, :db, :invariant_dispatcher, :local_write_gate, :lock_ref, :name, :pending_imports, :queue_poller, :trust_side_store]} cubdb_pid=#PID<0.282.0> cubdb_state_shape=CubDB.State cubdb_data_dir="tmp/test_data/commits" cubdb_read=%{compact: ["2E.compact"], count: 2, ls: {:ok, ["2D.cub", "2E.compact"]}, exists?: true}
06:06:05.415 [error] local node self-trust was not added: node signing public-key artifact is absent — continuing with configured trusted identities
06:06:05.422 [error] local node self-trust was not added: node signing public-key artifact is absent — continuing with configured trusted identities
06:06:05.427 [error] local node self-trust was not added: node signing public-key artifact is absent — continuing with configured trusted identities
06:06:05.437 [error] local node self-trust was not added: node signing public-key artifact is absent — continuing with configured trusted identities
.
Finished in 0.03 seconds (0.00s async, 0.03s sync)
3 tests, 0 failures, 2 excluded
Running ExUnit with seed: 446443, max_cases: 8
Excluding tags: [:test]
Including tags: [location: {"test/commonplace/cli/snapshot_test.exs", 114}]

CX_SNAPMECH cwd="/home/jes/sol-snapshot-repro/wt/apps/commonplace_cli" configured="tmp/test_data" configured_read=%{compact: [], count: 4, ls: {:ok, ["node_id", "secrets", "commits", "commits.lock"]}, exists?: true} commit_store_pid=#PID<0.279.0> commit_store_state_shape={true, [:data_dir, :db, :invariant_dispatcher, :local_write_gate, :lock_ref, :name, :pending_imports, :queue_poller, :trust_side_store]} cubdb_pid=#PID<0.282.0> cubdb_state_shape=CubDB.State cubdb_data_dir="tmp/test_data/commits" cubdb_read=%{compact: ["2E.compact"], count: 2, ls: {:ok, ["2D.cub", "2E.compact"]}, exists?: true}
06:06:05.448 [error] local node self-trust was not added: node signing public-key artifact is absent — continuing with configured trusted identities
06:06:05.462 [error] local node self-trust was not added: node signing public-key artifact is absent — continuing with configured trusted identities
06:06:05.468 [error] local node self-trust was not added: node signing public-key artifact is absent — continuing with configured trusted identities
06:06:05.477 [error] local node self-trust was not added: node signing public-key artifact is absent — continuing with configured trusted identities
.
Finished in 0.03 seconds (0.00s async, 0.03s sync)
3 tests, 0 failures, 2 excluded
Running ExUnit with seed: 482923, max_cases: 8
Excluding tags: [:test]
Including tags: [location: {"test/commonplace/cli/snapshot_test.exs", 114}]

CX_SNAPMECH cwd="/home/jes/sol-snapshot-repro/wt/apps/commonplace_cli" configured="tmp/test_data" configured_read=%{compact: [], count: 4, ls: {:ok, ["node_id", "secrets", "commits", "commits.lock"]}, exists?: true} commit_store_pid=#PID<0.279.0> commit_store_state_shape={true, [:data_dir, :db, :invariant_dispatcher, :local_write_gate, :lock_ref, :name, :pending_imports, :queue_poller, :trust_side_store]} cubdb_pid=#PID<0.282.0> cubdb_state_shape=CubDB.State cubdb_data_dir="tmp/test_data/commits" cubdb_read=%{compact: ["2E.compact"], count: 2, ls: {:ok, ["2D.cub", "2E.compact"]}, exists?: true}
06:06:05.485 [error] local node self-trust was not added: node signing public-key artifact is absent — continuing with configured trusted identities
06:06:05.492 [error] local node self-trust was not added: node signing public-key artifact is absent — continuing with configured trusted identities
06:06:05.499 [error] local node self-trust was not added: node signing public-key artifact is absent — continuing with configured trusted identities
06:06:05.516 [error] local node self-trust was not added: node signing public-key artifact is absent — continuing with configured trusted identities
.
Finished in 0.04 seconds (0.00s async, 0.04s sync)
3 tests, 0 failures, 2 excluded
Running ExUnit with seed: 525056, max_cases: 8
Excluding tags: [:test]
Including tags: [location: {"test/commonplace/cli/snapshot_test.exs", 114}]

CX_SNAPMECH cwd="/home/jes/sol-snapshot-repro/wt/apps/commonplace_cli" configured="tmp/test_data" configured_read=%{compact: [], count: 4, ls: {:ok, ["node_id", "secrets", "commits", "commits.lock"]}, exists?: true} commit_store_pid=#PID<0.279.0> commit_store_state_shape={true, [:data_dir, :db, :invariant_dispatcher, :local_write_gate, :lock_ref, :name, :pending_imports, :queue_poller, :trust_side_store]} cubdb_pid=#PID<0.282.0> cubdb_state_shape=CubDB.State cubdb_data_dir="tmp/test_data/commits" cubdb_read=%{compact: ["2E.compact"], count: 2, ls: {:ok, ["2D.cub", "2E.compact"]}, exists?: true}
06:06:05.527 [error] local node self-trust was not added: node signing public-key artifact is absent — continuing with configured trusted identities
06:06:05.533 [error] local node self-trust was not added: node signing public-key artifact is absent — continuing with configured trusted identities
06:06:05.536 [error] local node self-trust was not added: node signing public-key artifact is absent — continuing with configured trusted identities
06:06:05.543 [error] local node self-trust was not added: node signing public-key artifact is absent — continuing with configured trusted identities
.
Finished in 0.02 seconds (0.00s async, 0.02s sync)
3 tests, 0 failures, 2 excluded
Running ExUnit with seed: 549289, max_cases: 8
Excluding tags: [:test]
Including tags: [location: {"test/commonplace/cli/snapshot_test.exs", 114}]

CX_SNAPMECH cwd="/home/jes/sol-snapshot-repro/wt/apps/commonplace_cli" configured="tmp/test_data" configured_read=%{compact: [], count: 4, ls: {:ok, ["node_id", "secrets", "commits", "commits.lock"]}, exists?: true} commit_store_pid=#PID<0.279.0> commit_store_state_shape={true, [:data_dir, :db, :invariant_dispatcher, :local_write_gate, :lock_ref, :name, :pending_imports, :queue_poller, :trust_side_store]} cubdb_pid=#PID<0.282.0> cubdb_state_shape=CubDB.State cubdb_data_dir="tmp/test_data/commits" cubdb_read=%{compact: ["2E.compact"], count: 2, ls: {:ok, ["2D.cub", "2E.compact"]}, exists?: true}
06:06:05.551 [error] local node self-trust was not added: node signing public-key artifact is absent — continuing with configured trusted identities
06:06:05.556 [error] local node self-trust was not added: node signing public-key artifact is absent — continuing with configured trusted identities
06:06:05.560 [error] local node self-trust was not added: node signing public-key artifact is absent — continuing with configured trusted identities
06:06:05.570 [error] local node self-trust was not added: node signing public-key artifact is absent — continuing with configured trusted identities
.
Finished in 0.02 seconds (0.00s async, 0.02s sync)
3 tests, 0 failures, 2 excluded
Running ExUnit with seed: 576014, max_cases: 8
Excluding tags: [:test]
Including tags: [location: {"test/commonplace/cli/snapshot_test.exs", 114}]

CX_SNAPMECH cwd="/home/jes/sol-snapshot-repro/wt/apps/commonplace_cli" configured="tmp/test_data" configured_read=%{compact: [], count: 4, ls: {:ok, ["node_id", "secrets", "commits", "commits.lock"]}, exists?: true} commit_store_pid=#PID<0.279.0> commit_store_state_shape={true, [:data_dir, :db, :invariant_dispatcher, :local_write_gate, :lock_ref, :name, :pending_imports, :queue_poller, :trust_side_store]} cubdb_pid=#PID<0.282.0> cubdb_state_shape=CubDB.State cubdb_data_dir="tmp/test_data/commits" cubdb_read=%{compact: ["2E.compact"], count: 2, ls: {:ok, ["2D.cub", "2E.compact"]}, exists?: true}
06:06:05.578 [error] local node self-trust was not added: node signing public-key artifact is absent — continuing with configured trusted identities
06:06:05.583 [error] local node self-trust was not added: node signing public-key artifact is absent — continuing with configured trusted identities
06:06:05.588 [error] local node self-trust was not added: node signing public-key artifact is absent — continuing with configured trusted identities
06:06:05.600 [error] local node self-trust was not added: node signing public-key artifact is absent — continuing with configured trusted identities
.
Finished in 0.02 seconds (0.00s async, 0.02s sync)
3 tests, 0 failures, 2 excluded
Running ExUnit with seed: 606675, max_cases: 8
Excluding tags: [:test]
Including tags: [location: {"test/commonplace/cli/snapshot_test.exs", 114}]

CX_SNAPMECH cwd="/home/jes/sol-snapshot-repro/wt/apps/commonplace_cli" configured="tmp/test_data" configured_read=%{compact: [], count: 4, ls: {:ok, ["node_id", "secrets", "commits", "commits.lock"]}, exists?: true} commit_store_pid=#PID<0.279.0> commit_store_state_shape={true, [:data_dir, :db, :invariant_dispatcher, :local_write_gate, :lock_ref, :name, :pending_imports, :queue_poller, :trust_side_store]} cubdb_pid=#PID<0.282.0> cubdb_state_shape=CubDB.State cubdb_data_dir="tmp/test_data/commits" cubdb_read=%{compact: ["2E.compact"], count: 2, ls: {:ok, ["2D.cub", "2E.compact"]}, exists?: true}
06:06:05.609 [error] local node self-trust was not added: node signing public-key artifact is absent — continuing with configured trusted identities
06:06:05.614 [error] local node self-trust was not added: node signing public-key artifact is absent — continuing with configured trusted identities
06:06:05.617 [error] local node self-trust was not added: node signing public-key artifact is absent — continuing with configured trusted identities
06:06:05.625 [error] local node self-trust was not added: node signing public-key artifact is absent — continuing with configured trusted identities
.
Finished in 0.02 seconds (0.00s async, 0.02s sync)
3 tests, 0 failures, 2 excluded
Running ExUnit with seed: 631984, max_cases: 8
Excluding tags: [:test]
Including tags: [location: {"test/commonplace/cli/snapshot_test.exs", 114}]

CX_SNAPMECH cwd="/home/jes/sol-snapshot-repro/wt/apps/commonplace_cli" configured="tmp/test_data" configured_read=%{compact: [], count: 4, ls: {:ok, ["node_id", "secrets", "commits", "commits.lock"]}, exists?: true} commit_store_pid=#PID<0.279.0> commit_store_state_shape={true, [:data_dir, :db, :invariant_dispatcher, :local_write_gate, :lock_ref, :name, :pending_imports, :queue_poller, :trust_side_store]} cubdb_pid=#PID<0.282.0> cubdb_state_shape=CubDB.State cubdb_data_dir="tmp/test_data/commits" cubdb_read=%{compact: ["2E.compact"], count: 2, ls: {:ok, ["2D.cub", "2E.compact"]}, exists?: true}
06:06:05.634 [error] local node self-trust was not added: node signing public-key artifact is absent — continuing with configured trusted identities
06:06:05.639 [error] local node self-trust was not added: node signing public-key artifact is absent — continuing with configured trusted identities
06:06:05.644 [error] local node self-trust was not added: node signing public-key artifact is absent — continuing with configured trusted identities
06:06:05.652 [error] local node self-trust was not added: node signing public-key artifact is absent — continuing with configured trusted identities
.
Finished in 0.02 seconds (0.00s async, 0.02s sync)
3 tests, 0 failures, 2 excluded
Running ExUnit with seed: 657805, max_cases: 8
Excluding tags: [:test]
Including tags: [location: {"test/commonplace/cli/snapshot_test.exs", 114}]

CX_SNAPMECH cwd="/home/jes/sol-snapshot-repro/wt/apps/commonplace_cli" configured="tmp/test_data" configured_read=%{compact: [], count: 4, ls: {:ok, ["node_id", "secrets", "commits", "commits.lock"]}, exists?: true} commit_store_pid=#PID<0.279.0> commit_store_state_shape={true, [:data_dir, :db, :invariant_dispatcher, :local_write_gate, :lock_ref, :name, :pending_imports, :queue_poller, :trust_side_store]} cubdb_pid=#PID<0.282.0> cubdb_state_shape=CubDB.State cubdb_data_dir="tmp/test_data/commits" cubdb_read=%{compact: ["2E.compact"], count: 2, ls: {:ok, ["2D.cub", "2E.compact"]}, exists?: true}
06:06:05.659 [error] local node self-trust was not added: node signing public-key artifact is absent — continuing with configured trusted identities
06:06:05.664 [error] local node self-trust was not added: node signing public-key artifact is absent — continuing with configured trusted identities
06:06:05.668 [error] local node self-trust was not added: node signing public-key artifact is absent — continuing with configured trusted identities
06:06:05.680 [error] local node self-trust was not added: node signing public-key artifact is absent — continuing with configured trusted identities
.
Finished in 0.02 seconds (0.00s async, 0.02s sync)
3 tests, 0 failures, 2 excluded
Running ExUnit with seed: 688675, max_cases: 8
Excluding tags: [:test]
Including tags: [location: {"test/commonplace/cli/snapshot_test.exs", 114}]

CX_SNAPMECH cwd="/home/jes/sol-snapshot-repro/wt/apps/commonplace_cli" configured="tmp/test_data" configured_read=%{compact: [], count: 4, ls: {:ok, ["node_id", "secrets", "commits", "commits.lock"]}, exists?: true} commit_store_pid=#PID<0.279.0> commit_store_state_shape={true, [:data_dir, :db, :invariant_dispatcher, :local_write_gate, :lock_ref, :name, :pending_imports, :queue_poller, :trust_side_store]} cubdb_pid=#PID<0.282.0> cubdb_state_shape=CubDB.State cubdb_data_dir="tmp/test_data/commits" cubdb_read=%{compact: ["2E.compact"], count: 2, ls: {:ok, ["2D.cub", "2E.compact"]}, exists?: true}
06:06:05.693 [error] local node self-trust was not added: node signing public-key artifact is absent — continuing with configured trusted identities
06:06:05.697 [error] local node self-trust was not added: node signing public-key artifact is absent — continuing with configured trusted identities
06:06:05.703 [error] local node self-trust was not added: node signing public-key artifact is absent — continuing with configured trusted identities
06:06:05.716 [error] local node self-trust was not added: node signing public-key artifact is absent — continuing with configured trusted identities
.
Finished in 0.03 seconds (0.00s async, 0.03s sync)
3 tests, 0 failures, 2 excluded
Running ExUnit with seed: 725423, max_cases: 8
Excluding tags: [:test]
Including tags: [location: {"test/commonplace/cli/snapshot_test.exs", 114}]

CX_SNAPMECH cwd="/home/jes/sol-snapshot-repro/wt/apps/commonplace_cli" configured="tmp/test_data" configured_read=%{compact: [], count: 4, ls: {:ok, ["node_id", "secrets", "commits", "commits.lock"]}, exists?: true} commit_store_pid=#PID<0.279.0> commit_store_state_shape={true, [:data_dir, :db, :invariant_dispatcher, :local_write_gate, :lock_ref, :name, :pending_imports, :queue_poller, :trust_side_store]} cubdb_pid=#PID<0.282.0> cubdb_state_shape=CubDB.State cubdb_data_dir="tmp/test_data/commits" cubdb_read=%{compact: ["2E.compact"], count: 2, ls: {:ok, ["2D.cub", "2E.compact"]}, exists?: true}
06:06:05.730 [error] local node self-trust was not added: node signing public-key artifact is absent — continuing with configured trusted identities
06:06:05.737 [error] local node self-trust was not added: node signing public-key artifact is absent — continuing with configured trusted identities
06:06:05.741 [error] local node self-trust was not added: node signing public-key artifact is absent — continuing with configured trusted identities
06:06:05.749 [error] local node self-trust was not added: node signing public-key artifact is absent — continuing with configured trusted identities
.
Finished in 0.02 seconds (0.00s async, 0.02s sync)
3 tests, 0 failures, 2 excluded
Running ExUnit with seed: 756273, max_cases: 8
Excluding tags: [:test]
Including tags: [location: {"test/commonplace/cli/snapshot_test.exs", 114}]

CX_SNAPMECH cwd="/home/jes/sol-snapshot-repro/wt/apps/commonplace_cli" configured="tmp/test_data" configured_read=%{compact: [], count: 4, ls: {:ok, ["node_id", "secrets", "commits", "commits.lock"]}, exists?: true} commit_store_pid=#PID<0.279.0> commit_store_state_shape={true, [:data_dir, :db, :invariant_dispatcher, :local_write_gate, :lock_ref, :name, :pending_imports, :queue_poller, :trust_side_store]} cubdb_pid=#PID<0.282.0> cubdb_state_shape=CubDB.State cubdb_data_dir="tmp/test_data/commits" cubdb_read=%{compact: ["2E.compact"], count: 2, ls: {:ok, ["2D.cub", "2E.compact"]}, exists?: true}
06:06:05.760 [error] local node self-trust was not added: node signing public-key artifact is absent — continuing with configured trusted identities
06:06:05.766 [error] local node self-trust was not added: node signing public-key artifact is absent — continuing with configured trusted identities
06:06:05.772 [error] local node self-trust was not added: node signing public-key artifact is absent — continuing with configured trusted identities
06:06:05.782 [error] local node self-trust was not added: node signing public-key artifact is absent — continuing with configured trusted identities
.
Finished in 0.03 seconds (0.00s async, 0.03s sync)
3 tests, 0 failures, 2 excluded
Running ExUnit with seed: 790334, max_cases: 8
Excluding tags: [:test]
Including tags: [location: {"test/commonplace/cli/snapshot_test.exs", 114}]

CX_SNAPMECH cwd="/home/jes/sol-snapshot-repro/wt/apps/commonplace_cli" configured="tmp/test_data" configured_read=%{compact: [], count: 4, ls: {:ok, ["node_id", "secrets", "commits", "commits.lock"]}, exists?: true} commit_store_pid=#PID<0.279.0> commit_store_state_shape={true, [:data_dir, :db, :invariant_dispatcher, :local_write_gate, :lock_ref, :name, :pending_imports, :queue_poller, :trust_side_store]} cubdb_pid=#PID<0.282.0> cubdb_state_shape=CubDB.State cubdb_data_dir="tmp/test_data/commits" cubdb_read=%{compact: ["2E.compact"], count: 2, ls: {:ok, ["2D.cub", "2E.compact"]}, exists?: true}
06:06:05.793 [error] local node self-trust was not added: node signing public-key artifact is absent — continuing with configured trusted identities
06:06:05.799 [error] local node self-trust was not added: node signing public-key artifact is absent — continuing with configured trusted identities
06:06:05.806 [error] local node self-trust was not added: node signing public-key artifact is absent — continuing with configured trusted identities
06:06:05.815 [error] local node self-trust was not added: node signing public-key artifact is absent — continuing with configured trusted identities
.
Finished in 0.02 seconds (0.00s async, 0.02s sync)
3 tests, 0 failures, 2 excluded
Running ExUnit with seed: 820538, max_cases: 8
Excluding tags: [:test]
Including tags: [location: {"test/commonplace/cli/snapshot_test.exs", 114}]

CX_SNAPMECH cwd="/home/jes/sol-snapshot-repro/wt/apps/commonplace_cli" configured="tmp/test_data" configured_read=%{compact: [], count: 4, ls: {:ok, ["node_id", "secrets", "commits", "commits.lock"]}, exists?: true} commit_store_pid=#PID<0.279.0> commit_store_state_shape={true, [:data_dir, :db, :invariant_dispatcher, :local_write_gate, :lock_ref, :name, :pending_imports, :queue_poller, :trust_side_store]} cubdb_pid=#PID<0.282.0> cubdb_state_shape=CubDB.State cubdb_data_dir="tmp/test_data/commits" cubdb_read=%{compact: ["2E.compact"], count: 2, ls: {:ok, ["2D.cub", "2E.compact"]}, exists?: true}
06:06:05.822 [error] local node self-trust was not added: node signing public-key artifact is absent — continuing with configured trusted identities
06:06:05.826 [error] local node self-trust was not added: node signing public-key artifact is absent — continuing with configured trusted identities
06:06:05.831 [error] local node self-trust was not added: node signing public-key artifact is absent — continuing with configured trusted identities
06:06:05.852 [error] local node self-trust was not added: node signing public-key artifact is absent — continuing with configured trusted identities
.
Finished in 0.03 seconds (0.00s async, 0.03s sync)
3 tests, 0 failures, 2 excluded
Running ExUnit with seed: 859619, max_cases: 8
Excluding tags: [:test]
Including tags: [location: {"test/commonplace/cli/snapshot_test.exs", 114}]

CX_SNAPMECH cwd="/home/jes/sol-snapshot-repro/wt/apps/commonplace_cli" configured="tmp/test_data" configured_read=%{compact: [], count: 4, ls: {:ok, ["node_id", "secrets", "commits", "commits.lock"]}, exists?: true} commit_store_pid=#PID<0.279.0> commit_store_state_shape={true, [:data_dir, :db, :invariant_dispatcher, :local_write_gate, :lock_ref, :name, :pending_imports, :queue_poller, :trust_side_store]} cubdb_pid=#PID<0.282.0> cubdb_state_shape=CubDB.State cubdb_data_dir="tmp/test_data/commits" cubdb_read=%{compact: [], count: 1, ls: {:ok, ["2E.cub"]}, exists?: true}
06:06:05.862 [error] local node self-trust was not added: node signing public-key artifact is absent — continuing with configured trusted identities
06:06:05.866 [error] local node self-trust was not added: node signing public-key artifact is absent — continuing with configured trusted identities
06:06:05.869 [error] local node self-trust was not added: node signing public-key artifact is absent — continuing with configured trusted identities
06:06:05.878 [error] local node self-trust was not added: node signing public-key artifact is absent — continuing with configured trusted identities
.
Finished in 0.02 seconds (0.00s async, 0.02s sync)
3 tests, 0 failures, 2 excluded
Running ExUnit with seed: 882912, max_cases: 8
Excluding tags: [:test]
Including tags: [location: {"test/commonplace/cli/snapshot_test.exs", 114}]

CX_SNAPMECH cwd="/home/jes/sol-snapshot-repro/wt/apps/commonplace_cli" configured="tmp/test_data" configured_read=%{compact: [], count: 4, ls: {:ok, ["node_id", "secrets", "commits", "commits.lock"]}, exists?: true} commit_store_pid=#PID<0.279.0> commit_store_state_shape={true, [:data_dir, :db, :invariant_dispatcher, :local_write_gate, :lock_ref, :name, :pending_imports, :queue_poller, :trust_side_store]} cubdb_pid=#PID<0.282.0> cubdb_state_shape=CubDB.State cubdb_data_dir="tmp/test_data/commits" cubdb_read=%{compact: [], count: 1, ls: {:ok, ["2E.cub"]}, exists?: true}
06:06:05.884 [error] local node self-trust was not added: node signing public-key artifact is absent — continuing with configured trusted identities
06:06:05.888 [error] local node self-trust was not added: node signing public-key artifact is absent — continuing with configured trusted identities
06:06:05.892 [error] local node self-trust was not added: node signing public-key artifact is absent — continuing with configured trusted identities
06:06:05.897 [error] local node self-trust was not added: node signing public-key artifact is absent — continuing with configured trusted identities
.
Finished in 0.01 seconds (0.00s async, 0.01s sync)
3 tests, 0 failures, 2 excluded
Running ExUnit with seed: 903188, max_cases: 8
Excluding tags: [:test]
Including tags: [location: {"test/commonplace/cli/snapshot_test.exs", 114}]

CX_SNAPMECH cwd="/home/jes/sol-snapshot-repro/wt/apps/commonplace_cli" configured="tmp/test_data" configured_read=%{compact: [], count: 4, ls: {:ok, ["node_id", "secrets", "commits", "commits.lock"]}, exists?: true} commit_store_pid=#PID<0.279.0> commit_store_state_shape={true, [:data_dir, :db, :invariant_dispatcher, :local_write_gate, :lock_ref, :name, :pending_imports, :queue_poller, :trust_side_store]} cubdb_pid=#PID<0.282.0> cubdb_state_shape=CubDB.State cubdb_data_dir="tmp/test_data/commits" cubdb_read=%{compact: [], count: 1, ls: {:ok, ["2E.cub"]}, exists?: true}
06:06:05.907 [error] local node self-trust was not added: node signing public-key artifact is absent — continuing with configured trusted identities
06:06:05.912 [error] local node self-trust was not added: node signing public-key artifact is absent — continuing with configured trusted identities
06:06:05.916 [error] local node self-trust was not added: node signing public-key artifact is absent — continuing with configured trusted identities
06:06:05.924 [error] local node self-trust was not added: node signing public-key artifact is absent — continuing with configured trusted identities
.
Finished in 0.02 seconds (0.00s async, 0.02s sync)
3 tests, 0 failures, 2 excluded
Running ExUnit with seed: 930472, max_cases: 8
Excluding tags: [:test]
Including tags: [location: {"test/commonplace/cli/snapshot_test.exs", 114}]

CX_SNAPMECH cwd="/home/jes/sol-snapshot-repro/wt/apps/commonplace_cli" configured="tmp/test_data" configured_read=%{compact: [], count: 4, ls: {:ok, ["node_id", "secrets", "commits", "commits.lock"]}, exists?: true} commit_store_pid=#PID<0.279.0> commit_store_state_shape={true, [:data_dir, :db, :invariant_dispatcher, :local_write_gate, :lock_ref, :name, :pending_imports, :queue_poller, :trust_side_store]} cubdb_pid=#PID<0.282.0> cubdb_state_shape=CubDB.State cubdb_data_dir="tmp/test_data/commits" cubdb_read=%{compact: [], count: 1, ls: {:ok, ["2E.cub"]}, exists?: true}
06:06:05.932 [error] local node self-trust was not added: node signing public-key artifact is absent — continuing with configured trusted identities
06:06:05.936 [error] local node self-trust was not added: node signing public-key artifact is absent — continuing with configured trusted identities
06:06:05.946 [error] local node self-trust was not added: node signing public-key artifact is absent — continuing with configured trusted identities
06:06:05.955 [error] local node self-trust was not added: node signing public-key artifact is absent — continuing with configured trusted identities
.
Finished in 0.02 seconds (0.00s async, 0.02s sync)
3 tests, 0 failures, 2 excluded
Running ExUnit with seed: 962750, max_cases: 8
Excluding tags: [:test]
Including tags: [location: {"test/commonplace/cli/snapshot_test.exs", 114}]

CX_SNAPMECH cwd="/home/jes/sol-snapshot-repro/wt/apps/commonplace_cli" configured="tmp/test_data" configured_read=%{compact: [], count: 4, ls: {:ok, ["node_id", "secrets", "commits", "commits.lock"]}, exists?: true} commit_store_pid=#PID<0.279.0> commit_store_state_shape={true, [:data_dir, :db, :invariant_dispatcher, :local_write_gate, :lock_ref, :name, :pending_imports, :queue_poller, :trust_side_store]} cubdb_pid=#PID<0.282.0> cubdb_state_shape=CubDB.State cubdb_data_dir="tmp/test_data/commits" cubdb_read=%{compact: [], count: 1, ls: {:ok, ["2E.cub"]}, exists?: true}
06:06:05.966 [error] local node self-trust was not added: node signing public-key artifact is absent — continuing with configured trusted identities
06:06:05.975 [error] local node self-trust was not added: node signing public-key artifact is absent — continuing with configured trusted identities
06:06:05.983 [error] local node self-trust was not added: node signing public-key artifact is absent — continuing with configured trusted identities
06:06:05.996 [error] local node self-trust was not added: node signing public-key artifact is absent — continuing with configured trusted identities
.
Finished in 0.03 seconds (0.00s async, 0.03s sync)
3 tests, 0 failures, 2 excluded
Running ExUnit with seed: 3387, max_cases: 8
Excluding tags: [:test]
Including tags: [location: {"test/commonplace/cli/snapshot_test.exs", 114}]

06:06:06.005 [error] local node self-trust was not added: node signing public-key artifact is absent — continuing with configured trusted identities
CX_SNAPMECH cwd="/home/jes/sol-snapshot-repro/wt/apps/commonplace_cli" configured="tmp/test_data" configured_read=%{compact: [], count: 4, ls: {:ok, ["node_id", "secrets", "commits", "commits.lock"]}, exists?: true} commit_store_pid=#PID<0.279.0> commit_store_state_shape={true, [:data_dir, :db, :invariant_dispatcher, :local_write_gate, :lock_ref, :name, :pending_imports, :queue_poller, :trust_side_store]} cubdb_pid=#PID<0.282.0> cubdb_state_shape=CubDB.State cubdb_data_dir="tmp/test_data/commits" cubdb_read=%{compact: [], count: 1, ls: {:ok, ["2E.cub"]}, exists?: true}
06:06:06.010 [error] local node self-trust was not added: node signing public-key artifact is absent — continuing with configured trusted identities
06:06:06.015 [error] local node self-trust was not added: node signing public-key artifact is absent — continuing with configured trusted identities
06:06:06.022 [error] local node self-trust was not added: node signing public-key artifact is absent — continuing with configured trusted identities
.
Finished in 0.02 seconds (0.00s async, 0.02s sync)
3 tests, 0 failures, 2 excluded
Running ExUnit with seed: 28186, max_cases: 8
Excluding tags: [:test]
Including tags: [location: {"test/commonplace/cli/snapshot_test.exs", 114}]

CX_SNAPMECH cwd="/home/jes/sol-snapshot-repro/wt/apps/commonplace_cli" configured="tmp/test_data" configured_read=%{compact: [], count: 4, ls: {:ok, ["node_id", "secrets", "commits", "commits.lock"]}, exists?: true} commit_store_pid=#PID<0.279.0> commit_store_state_shape={true, [:data_dir, :db, :invariant_dispatcher, :local_write_gate, :lock_ref, :name, :pending_imports, :queue_poller, :trust_side_store]} cubdb_pid=#PID<0.282.0> cubdb_state_shape=CubDB.State cubdb_data_dir="tmp/test_data/commits" cubdb_read=%{compact: [], count: 1, ls: {:ok, ["2E.cub"]}, exists?: true}
06:06:06.029 [error] local node self-trust was not added: node signing public-key artifact is absent — continuing with configured trusted identities
06:06:06.034 [error] local node self-trust was not added: node signing public-key artifact is absent — continuing with configured trusted identities
06:06:06.038 [error] local node self-trust was not added: node signing public-key artifact is absent — continuing with configured trusted identities
06:06:06.046 [error] local node self-trust was not added: node signing public-key artifact is absent — continuing with configured trusted identities
.
Finished in 0.03 seconds (0.00s async, 0.03s sync)
3 tests, 0 failures, 2 excluded
Running ExUnit with seed: 59507, max_cases: 8
Excluding tags: [:test]
Including tags: [location: {"test/commonplace/cli/snapshot_test.exs", 114}]

CX_SNAPMECH cwd="/home/jes/sol-snapshot-repro/wt/apps/commonplace_cli" configured="tmp/test_data" configured_read=%{compact: [], count: 4, ls: {:ok, ["node_id", "secrets", "commits", "commits.lock"]}, exists?: true} commit_store_pid=#PID<0.279.0> commit_store_state_shape={true, [:data_dir, :db, :invariant_dispatcher, :local_write_gate, :lock_ref, :name, :pending_imports, :queue_poller, :trust_side_store]} cubdb_pid=#PID<0.282.0> cubdb_state_shape=CubDB.State cubdb_data_dir="tmp/test_data/commits" cubdb_read=%{compact: [], count: 1, ls: {:ok, ["2E.cub"]}, exists?: true}
06:06:06.061 [error] local node self-trust was not added: node signing public-key artifact is absent — continuing with configured trusted identities
06:06:06.066 [error] local node self-trust was not added: node signing public-key artifact is absent — continuing with configured trusted identities
06:06:06.070 [error] local node self-trust was not added: node signing public-key artifact is absent — continuing with configured trusted identities
06:06:06.076 [error] local node self-trust was not added: node signing public-key artifact is absent — continuing with configured trusted identities
.
Finished in 0.01 seconds (0.00s async, 0.01s sync)
3 tests, 0 failures, 2 excluded
Running ExUnit with seed: 80094, max_cases: 8
Excluding tags: [:test]
Including tags: [location: {"test/commonplace/cli/snapshot_test.exs", 114}]

CX_SNAPMECH cwd="/home/jes/sol-snapshot-repro/wt/apps/commonplace_cli" configured="tmp/test_data" configured_read=%{compact: [], count: 4, ls: {:ok, ["node_id", "secrets", "commits", "commits.lock"]}, exists?: true} commit_store_pid=#PID<0.279.0> commit_store_state_shape={true, [:data_dir, :db, :invariant_dispatcher, :local_write_gate, :lock_ref, :name, :pending_imports, :queue_poller, :trust_side_store]} cubdb_pid=#PID<0.282.0> cubdb_state_shape=CubDB.State cubdb_data_dir="tmp/test_data/commits" cubdb_read=%{compact: [], count: 1, ls: {:ok, ["2E.cub"]}, exists?: true}
06:06:06.081 [error] local node self-trust was not added: node signing public-key artifact is absent — continuing with configured trusted identities
06:06:06.085 [error] local node self-trust was not added: node signing public-key artifact is absent — continuing with configured trusted identities
06:06:06.089 [error] local node self-trust was not added: node signing public-key artifact is absent — continuing with configured trusted identities
06:06:06.094 [error] local node self-trust was not added: node signing public-key artifact is absent — continuing with configured trusted identities
.
Finished in 0.01 seconds (0.00s async, 0.01s sync)
3 tests, 0 failures, 2 excluded
Running ExUnit with seed: 99616, max_cases: 8
Excluding tags: [:test]
Including tags: [location: {"test/commonplace/cli/snapshot_test.exs", 114}]

06:06:06.100 [error] local node self-trust was not added: node signing public-key artifact is absent — continuing with configured trusted identities
CX_SNAPMECH cwd="/home/jes/sol-snapshot-repro/wt/apps/commonplace_cli" configured="tmp/test_data" configured_read=%{compact: [], count: 4, ls: {:ok, ["node_id", "secrets", "commits", "commits.lock"]}, exists?: true} commit_store_pid=#PID<0.279.0> commit_store_state_shape={true, [:data_dir, :db, :invariant_dispatcher, :local_write_gate, :lock_ref, :name, :pending_imports, :queue_poller, :trust_side_store]} cubdb_pid=#PID<0.282.0> cubdb_state_shape=CubDB.State cubdb_data_dir="tmp/test_data/commits" cubdb_read=%{compact: [], count: 1, ls: {:ok, ["2E.cub"]}, exists?: true}
06:06:06.105 [error] local node self-trust was not added: node signing public-key artifact is absent — continuing with configured trusted identities
06:06:06.107 [error] local node self-trust was not added: node signing public-key artifact is absent — continuing with configured trusted identities
06:06:06.113 [error] local node self-trust was not added: node signing public-key artifact is absent — continuing with configured trusted identities
.
Finished in 0.01 seconds (0.00s async, 0.01s sync)
3 tests, 0 failures, 2 excluded
Running ExUnit with seed: 118708, max_cases: 8
Excluding tags: [:test]
Including tags: [location: {"test/commonplace/cli/snapshot_test.exs", 114}]

CX_SNAPMECH cwd="/home/jes/sol-snapshot-repro/wt/apps/commonplace_cli" configured="tmp/test_data" configured_read=%{compact: [], count: 4, ls: {:ok, ["node_id", "secrets", "commits", "commits.lock"]}, exists?: true} commit_store_pid=#PID<0.279.0> commit_store_state_shape={true, [:data_dir, :db, :invariant_dispatcher, :local_write_gate, :lock_ref, :name, :pending_imports, :queue_poller, :trust_side_store]} cubdb_pid=#PID<0.282.0> cubdb_state_shape=CubDB.State cubdb_data_dir="tmp/test_data/commits" cubdb_read=%{compact: [], count: 1, ls: {:ok, ["2E.cub"]}, exists?: true}
06:06:06.120 [error] local node self-trust was not added: node signing public-key artifact is absent — continuing with configured trusted identities
06:06:06.122 [error] local node self-trust was not added: node signing public-key artifact is absent — continuing with configured trusted identities
06:06:06.126 [error] local node self-trust was not added: node signing public-key artifact is absent — continuing with configured trusted identities
06:06:06.131 [error] local node self-trust was not added: node signing public-key artifact is absent — continuing with configured trusted identities
.
Finished in 0.01 seconds (0.00s async, 0.01s sync)
3 tests, 0 failures, 2 excluded
Running ExUnit with seed: 134724, max_cases: 8
Excluding tags: [:test]
Including tags: [location: {"test/commonplace/cli/snapshot_test.exs", 114}]

CX_SNAPMECH cwd="/home/jes/sol-snapshot-repro/wt/apps/commonplace_cli" configured="tmp/test_data" configured_read=%{compact: [], count: 4, ls: {:ok, ["node_id", "secrets", "commits", "commits.lock"]}, exists?: true} commit_store_pid=#PID<0.279.0> commit_store_state_shape={true, [:data_dir, :db, :invariant_dispatcher, :local_write_gate, :lock_ref, :name, :pending_imports, :queue_poller, :trust_side_store]} cubdb_pid=#PID<0.282.0> cubdb_state_shape=CubDB.State cubdb_data_dir="tmp/test_data/commits" cubdb_read=%{compact: [], count: 1, ls: {:ok, ["2E.cub"]}, exists?: true}
06:06:06.135 [error] local node self-trust was not added: node signing public-key artifact is absent — continuing with configured trusted identities
06:06:06.139 [error] local node self-trust was not added: node signing public-key artifact is absent — continuing with configured trusted identities
06:06:06.142 [error] local node self-trust was not added: node signing public-key artifact is absent — continuing with configured trusted identities
06:06:06.146 [error] local node self-trust was not added: node signing public-key artifact is absent — continuing with configured trusted identities
.
Finished in 0.01 seconds (0.00s async, 0.01s sync)
3 tests, 0 failures, 2 excluded
Running ExUnit with seed: 150070, max_cases: 8
Excluding tags: [:test]
Including tags: [location: {"test/commonplace/cli/snapshot_test.exs", 114}]

CX_SNAPMECH cwd="/home/jes/sol-snapshot-repro/wt/apps/commonplace_cli" configured="tmp/test_data" configured_read=%{compact: [], count: 4, ls: {:ok, ["node_id", "secrets", "commits", "commits.lock"]}, exists?: true} commit_store_pid=#PID<0.279.0> commit_store_state_shape={true, [:data_dir, :db, :invariant_dispatcher, :local_write_gate, :lock_ref, :name, :pending_imports, :queue_poller, :trust_side_store]} cubdb_pid=#PID<0.282.0> cubdb_state_shape=CubDB.State cubdb_data_dir="tmp/test_data/commits" cubdb_read=%{compact: [], count: 1, ls: {:ok, ["2E.cub"]}, exists?: true}
06:06:06.150 [error] local node self-trust was not added: node signing public-key artifact is absent — continuing with configured trusted identities
06:06:06.159 [error] local node self-trust was not added: node signing public-key artifact is absent — continuing with configured trusted identities
06:06:06.164 [error] local node self-trust was not added: node signing public-key artifact is absent — continuing with configured trusted identities
06:06:06.168 [error] local node self-trust was not added: node signing public-key artifact is absent — continuing with configured trusted identities
.
Finished in 0.02 seconds (0.00s async, 0.02s sync)
3 tests, 0 failures, 2 excluded
Running ExUnit with seed: 172475, max_cases: 8
Excluding tags: [:test]
Including tags: [location: {"test/commonplace/cli/snapshot_test.exs", 114}]

CX_SNAPMECH cwd="/home/jes/sol-snapshot-repro/wt/apps/commonplace_cli" configured="tmp/test_data" configured_read=%{compact: [], count: 4, ls: {:ok, ["node_id", "secrets", "commits", "commits.lock"]}, exists?: true} commit_store_pid=#PID<0.279.0> commit_store_state_shape={true, [:data_dir, :db, :invariant_dispatcher, :local_write_gate, :lock_ref, :name, :pending_imports, :queue_poller, :trust_side_store]} cubdb_pid=#PID<0.282.0> cubdb_state_shape=CubDB.State cubdb_data_dir="tmp/test_data/commits" cubdb_read=%{compact: [], count: 1, ls: {:ok, ["2E.cub"]}, exists?: true}
06:06:06.173 [error] local node self-trust was not added: node signing public-key artifact is absent — continuing with configured trusted identities
06:06:06.177 [error] local node self-trust was not added: node signing public-key artifact is absent — continuing with configured trusted identities
06:06:06.180 [error] local node self-trust was not added: node signing public-key artifact is absent — continuing with configured trusted identities
06:06:06.184 [error] local node self-trust was not added: node signing public-key artifact is absent — continuing with configured trusted identities
.
Finished in 0.01 seconds (0.00s async, 0.01s sync)
3 tests, 0 failures, 2 excluded
Running ExUnit with seed: 187839, max_cases: 8
Excluding tags: [:test]
Including tags: [location: {"test/commonplace/cli/snapshot_test.exs", 114}]

CX_SNAPMECH cwd="/home/jes/sol-snapshot-repro/wt/apps/commonplace_cli" configured="tmp/test_data" configured_read=%{compact: [], count: 4, ls: {:ok, ["node_id", "secrets", "commits", "commits.lock"]}, exists?: true} commit_store_pid=#PID<0.279.0> commit_store_state_shape={true, [:data_dir, :db, :invariant_dispatcher, :local_write_gate, :lock_ref, :name, :pending_imports, :queue_poller, :trust_side_store]} cubdb_pid=#PID<0.282.0> cubdb_state_shape=CubDB.State cubdb_data_dir="tmp/test_data/commits" cubdb_read=%{compact: [], count: 1, ls: {:ok, ["2E.cub"]}, exists?: true}
06:06:06.188 [error] local node self-trust was not added: node signing public-key artifact is absent — continuing with configured trusted identities
06:06:06.192 [error] local node self-trust was not added: node signing public-key artifact is absent — continuing with configured trusted identities
06:06:06.194 [error] local node self-trust was not added: node signing public-key artifact is absent — continuing with configured trusted identities
06:06:06.201 [error] local node self-trust was not added: node signing public-key artifact is absent — continuing with configured trusted identities
.
Finished in 0.01 seconds (0.00s async, 0.01s sync)
3 tests, 0 failures, 2 excluded
Running ExUnit with seed: 207563, max_cases: 8
Excluding tags: [:test]
Including tags: [location: {"test/commonplace/cli/snapshot_test.exs", 114}]

CX_SNAPMECH cwd="/home/jes/sol-snapshot-repro/wt/apps/commonplace_cli" configured="tmp/test_data" configured_read=%{compact: [], count: 4, ls: {:ok, ["node_id", "secrets", "commits", "commits.lock"]}, exists?: true} commit_store_pid=#PID<0.279.0> commit_store_state_shape={true, [:data_dir, :db, :invariant_dispatcher, :local_write_gate, :lock_ref, :name, :pending_imports, :queue_poller, :trust_side_store]} cubdb_pid=#PID<0.282.0> cubdb_state_shape=CubDB.State cubdb_data_dir="tmp/test_data/commits" cubdb_read=%{compact: [], count: 1, ls: {:ok, ["2E.cub"]}, exists?: true}
06:06:06.209 [error] local node self-trust was not added: node signing public-key artifact is absent — continuing with configured trusted identities
06:06:06.216 [error] local node self-trust was not added: node signing public-key artifact is absent — continuing with configured trusted identities
06:06:06.219 [error] local node self-trust was not added: node signing public-key artifact is absent — continuing with configured trusted identities
06:06:06.226 [error] local node self-trust was not added: node signing public-key artifact is absent — continuing with configured trusted identities
.
Finished in 0.03 seconds (0.00s async, 0.03s sync)
3 tests, 0 failures, 2 excluded
Running ExUnit with seed: 242933, max_cases: 8
Excluding tags: [:test]
Including tags: [location: {"test/commonplace/cli/snapshot_test.exs", 114}]

CX_SNAPMECH cwd="/home/jes/sol-snapshot-repro/wt/apps/commonplace_cli" configured="tmp/test_data" configured_read=%{compact: [], count: 4, ls: {:ok, ["node_id", "secrets", "commits", "commits.lock"]}, exists?: true} commit_store_pid=#PID<0.279.0> commit_store_state_shape={true, [:data_dir, :db, :invariant_dispatcher, :local_write_gate, :lock_ref, :name, :pending_imports, :queue_poller, :trust_side_store]} cubdb_pid=#PID<0.282.0> cubdb_state_shape=CubDB.State cubdb_data_dir="tmp/test_data/commits" cubdb_read=%{compact: [], count: 1, ls: {:ok, ["2E.cub"]}, exists?: true}
06:06:06.244 [error] local node self-trust was not added: node signing public-key artifact is absent — continuing with configured trusted identities
06:06:06.248 [error] local node self-trust was not added: node signing public-key artifact is absent — continuing with configured trusted identities
06:06:06.252 [error] local node self-trust was not added: node signing public-key artifact is absent — continuing with configured trusted identities
06:06:06.258 [error] local node self-trust was not added: node signing public-key artifact is absent — continuing with configured trusted identities
.
Finished in 0.02 seconds (0.00s async, 0.02s sync)
3 tests, 0 failures, 2 excluded
Running ExUnit with seed: 267956, max_cases: 8
Excluding tags: [:test]
Including tags: [location: {"test/commonplace/cli/snapshot_test.exs", 114}]

CX_SNAPMECH cwd="/home/jes/sol-snapshot-repro/wt/apps/commonplace_cli" configured="tmp/test_data" configured_read=%{compact: [], count: 4, ls: {:ok, ["node_id", "secrets", "commits", "commits.lock"]}, exists?: true} commit_store_pid=#PID<0.279.0> commit_store_state_shape={true, [:data_dir, :db, :invariant_dispatcher, :local_write_gate, :lock_ref, :name, :pending_imports, :queue_poller, :trust_side_store]} cubdb_pid=#PID<0.282.0> cubdb_state_shape=CubDB.State cubdb_data_dir="tmp/test_data/commits" cubdb_read=%{compact: [], count: 1, ls: {:ok, ["2E.cub"]}, exists?: true}
06:06:06.269 [error] local node self-trust was not added: node signing public-key artifact is absent — continuing with configured trusted identities
06:06:06.276 [error] local node self-trust was not added: node signing public-key artifact is absent — continuing with configured trusted identities
06:06:06.279 [error] local node self-trust was not added: node signing public-key artifact is absent — continuing with configured trusted identities
06:06:06.285 [error] local node self-trust was not added: node signing public-key artifact is absent — continuing with configured trusted identities
.
Finished in 0.03 seconds (0.00s async, 0.03s sync)
3 tests, 0 failures, 2 excluded
Running ExUnit with seed: 303556, max_cases: 8
Excluding tags: [:test]
Including tags: [location: {"test/commonplace/cli/snapshot_test.exs", 114}]

CX_SNAPMECH cwd="/home/jes/sol-snapshot-repro/wt/apps/commonplace_cli" configured="tmp/test_data" configured_read=%{compact: [], count: 4, ls: {:ok, ["node_id", "secrets", "commits", "commits.lock"]}, exists?: true} commit_store_pid=#PID<0.279.0> commit_store_state_shape={true, [:data_dir, :db, :invariant_dispatcher, :local_write_gate, :lock_ref, :name, :pending_imports, :queue_poller, :trust_side_store]} cubdb_pid=#PID<0.282.0> cubdb_state_shape=CubDB.State cubdb_data_dir="tmp/test_data/commits" cubdb_read=%{compact: [], count: 1, ls: {:ok, ["2E.cub"]}, exists?: true}
06:06:06.306 [error] local node self-trust was not added: node signing public-key artifact is absent — continuing with configured trusted identities
06:06:06.311 [error] local node self-trust was not added: node signing public-key artifact is absent — continuing with configured trusted identities
06:06:06.315 [error] local node self-trust was not added: node signing public-key artifact is absent — continuing with configured trusted identities
06:06:06.322 [error] local node self-trust was not added: node signing public-key artifact is absent — continuing with configured trusted identities
.
Finished in 0.02 seconds (0.00s async, 0.02s sync)
3 tests, 0 failures, 2 excluded
Running ExUnit with seed: 330390, max_cases: 8
Excluding tags: [:test]
Including tags: [location: {"test/commonplace/cli/snapshot_test.exs", 114}]

CX_SNAPMECH cwd="/home/jes/sol-snapshot-repro/wt/apps/commonplace_cli" configured="tmp/test_data" configured_read=%{compact: [], count: 4, ls: {:ok, ["node_id", "secrets", "commits", "commits.lock"]}, exists?: true} commit_store_pid=#PID<0.279.0> commit_store_state_shape={true, [:data_dir, :db, :invariant_dispatcher, :local_write_gate, :lock_ref, :name, :pending_imports, :queue_poller, :trust_side_store]} cubdb_pid=#PID<0.282.0> cubdb_state_shape=CubDB.State cubdb_data_dir="tmp/test_data/commits" cubdb_read=%{compact: [], count: 1, ls: {:ok, ["2E.cub"]}, exists?: true}
06:06:06.332 [error] local node self-trust was not added: node signing public-key artifact is absent — continuing with configured trusted identities
06:06:06.335 [error] local node self-trust was not added: node signing public-key artifact is absent — continuing with configured trusted identities
06:06:06.339 [error] local node self-trust was not added: node signing public-key artifact is absent — continuing with configured trusted identities
06:06:06.346 [error] local node self-trust was not added: node signing public-key artifact is absent — continuing with configured trusted identities
.
Finished in 0.02 seconds (0.00s async, 0.02s sync)
3 tests, 0 failures, 2 excluded
Running ExUnit with seed: 351426, max_cases: 8
Excluding tags: [:test]
Including tags: [location: {"test/commonplace/cli/snapshot_test.exs", 114}]

CX_SNAPMECH cwd="/home/jes/sol-snapshot-repro/wt/apps/commonplace_cli" configured="tmp/test_data" configured_read=%{compact: [], count: 4, ls: {:ok, ["node_id", "secrets", "commits", "commits.lock"]}, exists?: true} commit_store_pid=#PID<0.279.0> commit_store_state_shape={true, [:data_dir, :db, :invariant_dispatcher, :local_write_gate, :lock_ref, :name, :pending_imports, :queue_poller, :trust_side_store]} cubdb_pid=#PID<0.282.0> cubdb_state_shape=CubDB.State cubdb_data_dir="tmp/test_data/commits" cubdb_read=%{compact: [], count: 1, ls: {:ok, ["2E.cub"]}, exists?: true}
06:06:06.352 [error] local node self-trust was not added: node signing public-key artifact is absent — continuing with configured trusted identities
06:06:06.358 [error] local node self-trust was not added: node signing public-key artifact is absent — continuing with configured trusted identities
06:06:06.361 [error] local node self-trust was not added: node signing public-key artifact is absent — continuing with configured trusted identities
06:06:06.368 [error] local node self-trust was not added: node signing public-key artifact is absent — continuing with configured trusted identities
.
Finished in 0.02 seconds (0.00s async, 0.02s sync)
3 tests, 0 failures, 2 excluded
Running ExUnit with seed: 375431, max_cases: 8
Excluding tags: [:test]
Including tags: [location: {"test/commonplace/cli/snapshot_test.exs", 114}]

CX_SNAPMECH cwd="/home/jes/sol-snapshot-repro/wt/apps/commonplace_cli" configured="tmp/test_data" configured_read=%{compact: [], count: 4, ls: {:ok, ["node_id", "secrets", "commits", "commits.lock"]}, exists?: true} commit_store_pid=#PID<0.279.0> commit_store_state_shape={true, [:data_dir, :db, :invariant_dispatcher, :local_write_gate, :lock_ref, :name, :pending_imports, :queue_poller, :trust_side_store]} cubdb_pid=#PID<0.282.0> cubdb_state_shape=CubDB.State cubdb_data_dir="tmp/test_data/commits" cubdb_read=%{compact: [], count: 1, ls: {:ok, ["2E.cub"]}, exists?: true}
06:06:06.376 [error] local node self-trust was not added: node signing public-key artifact is absent — continuing with configured trusted identities
06:06:06.381 [error] local node self-trust was not added: node signing public-key artifact is absent — continuing with configured trusted identities
06:06:06.384 [error] local node self-trust was not added: node signing public-key artifact is absent — continuing with configured trusted identities
06:06:06.391 [error] local node self-trust was not added: node signing public-key artifact is absent — continuing with configured trusted identities
.
Finished in 0.01 seconds (0.00s async, 0.01s sync)
3 tests, 0 failures, 2 excluded
Running ExUnit with seed: 395281, max_cases: 8
Excluding tags: [:test]
Including tags: [location: {"test/commonplace/cli/snapshot_test.exs", 114}]

CX_SNAPMECH cwd="/home/jes/sol-snapshot-repro/wt/apps/commonplace_cli" configured="tmp/test_data" configured_read=%{compact: [], count: 4, ls: {:ok, ["node_id", "secrets", "commits", "commits.lock"]}, exists?: true} commit_store_pid=#PID<0.279.0> commit_store_state_shape={true, [:data_dir, :db, :invariant_dispatcher, :local_write_gate, :lock_ref, :name, :pending_imports, :queue_poller, :trust_side_store]} cubdb_pid=#PID<0.282.0> cubdb_state_shape=CubDB.State cubdb_data_dir="tmp/test_data/commits" cubdb_read=%{compact: [], count: 1, ls: {:ok, ["2E.cub"]}, exists?: true}
06:06:06.396 [error] local node self-trust was not added: node signing public-key artifact is absent — continuing with configured trusted identities
06:06:06.400 [error] local node self-trust was not added: node signing public-key artifact is absent — continuing with configured trusted identities
06:06:06.404 [error] local node self-trust was not added: node signing public-key artifact is absent — continuing with configured trusted identities
06:06:06.412 [error] local node self-trust was not added: node signing public-key artifact is absent — continuing with configured trusted identities
.
Finished in 0.02 seconds (0.00s async, 0.02s sync)
3 tests, 0 failures, 2 excluded
Running ExUnit with seed: 417117, max_cases: 8
Excluding tags: [:test]
Including tags: [location: {"test/commonplace/cli/snapshot_test.exs", 114}]

CX_SNAPMECH cwd="/home/jes/sol-snapshot-repro/wt/apps/commonplace_cli" configured="tmp/test_data" configured_read=%{compact: [], count: 4, ls: {:ok, ["node_id", "secrets", "commits", "commits.lock"]}, exists?: true} commit_store_pid=#PID<0.279.0> commit_store_state_shape={true, [:data_dir, :db, :invariant_dispatcher, :local_write_gate, :lock_ref, :name, :pending_imports, :queue_poller, :trust_side_store]} cubdb_pid=#PID<0.282.0> cubdb_state_shape=CubDB.State cubdb_data_dir="tmp/test_data/commits" cubdb_read=%{compact: [], count: 1, ls: {:ok, ["2E.cub"]}, exists?: true}
06:06:06.419 [error] local node self-trust was not added: node signing public-key artifact is absent — continuing with configured trusted identities
06:06:06.423 [error] local node self-trust was not added: node signing public-key artifact is absent — continuing with configured trusted identities
06:06:06.426 [error] local node self-trust was not added: node signing public-key artifact is absent — continuing with configured trusted identities
06:06:06.432 [error] local node self-trust was not added: node signing public-key artifact is absent — continuing with configured trusted identities
.
Finished in 0.01 seconds (0.00s async, 0.01s sync)
3 tests, 0 failures, 2 excluded
Running ExUnit with seed: 436770, max_cases: 8
Excluding tags: [:test]
Including tags: [location: {"test/commonplace/cli/snapshot_test.exs", 114}]

CX_SNAPMECH cwd="/home/jes/sol-snapshot-repro/wt/apps/commonplace_cli" configured="tmp/test_data" configured_read=%{compact: [], count: 4, ls: {:ok, ["node_id", "secrets", "commits", "commits.lock"]}, exists?: true} commit_store_pid=#PID<0.279.0> commit_store_state_shape={true, [:data_dir, :db, :invariant_dispatcher, :local_write_gate, :lock_ref, :name, :pending_imports, :queue_poller, :trust_side_store]} cubdb_pid=#PID<0.282.0> cubdb_state_shape=CubDB.State cubdb_data_dir="tmp/test_data/commits" cubdb_read=%{compact: [], count: 1, ls: {:ok, ["2E.cub"]}, exists?: true}
06:06:06.438 [error] local node self-trust was not added: node signing public-key artifact is absent — continuing with configured trusted identities
06:06:06.442 [error] local node self-trust was not added: node signing public-key artifact is absent — continuing with configured trusted identities
06:06:06.446 [error] local node self-trust was not added: node signing public-key artifact is absent — continuing with configured trusted identities
06:06:06.453 [error] local node self-trust was not added: node signing public-key artifact is absent — continuing with configured trusted identities
.
Finished in 0.02 seconds (0.00s async, 0.02s sync)
3 tests, 0 failures, 2 excluded
Running ExUnit with seed: 458638, max_cases: 8
Excluding tags: [:test]
Including tags: [location: {"test/commonplace/cli/snapshot_test.exs", 114}]

CX_SNAPMECH cwd="/home/jes/sol-snapshot-repro/wt/apps/commonplace_cli" configured="tmp/test_data" configured_read=%{compact: [], count: 4, ls: {:ok, ["node_id", "secrets", "commits", "commits.lock"]}, exists?: true} commit_store_pid=#PID<0.279.0> commit_store_state_shape={true, [:data_dir, :db, :invariant_dispatcher, :local_write_gate, :lock_ref, :name, :pending_imports, :queue_poller, :trust_side_store]} cubdb_pid=#PID<0.282.0> cubdb_state_shape=CubDB.State cubdb_data_dir="tmp/test_data/commits" cubdb_read=%{compact: [], count: 1, ls: {:ok, ["2E.cub"]}, exists?: true}
06:06:06.460 [error] local node self-trust was not added: node signing public-key artifact is absent — continuing with configured trusted identities
06:06:06.465 [error] local node self-trust was not added: node signing public-key artifact is absent — continuing with configured trusted identities
06:06:06.468 [error] local node self-trust was not added: node signing public-key artifact is absent — continuing with configured trusted identities
06:06:06.477 [error] local node self-trust was not added: node signing public-key artifact is absent — continuing with configured trusted identities
.
Finished in 0.02 seconds (0.00s async, 0.02s sync)
3 tests, 0 failures, 2 excluded
Running ExUnit with seed: 482535, max_cases: 8
Excluding tags: [:test]
Including tags: [location: {"test/commonplace/cli/snapshot_test.exs", 114}]

CX_SNAPMECH cwd="/home/jes/sol-snapshot-repro/wt/apps/commonplace_cli" configured="tmp/test_data" configured_read=%{compact: [], count: 4, ls: {:ok, ["node_id", "secrets", "commits", "commits.lock"]}, exists?: true} commit_store_pid=#PID<0.279.0> commit_store_state_shape={true, [:data_dir, :db, :invariant_dispatcher, :local_write_gate, :lock_ref, :name, :pending_imports, :queue_poller, :trust_side_store]} cubdb_pid=#PID<0.282.0> cubdb_state_shape=CubDB.State cubdb_data_dir="tmp/test_data/commits" cubdb_read=%{compact: [], count: 1, ls: {:ok, ["2E.cub"]}, exists?: true}
06:06:06.483 [error] local node self-trust was not added: node signing public-key artifact is absent — continuing with configured trusted identities
06:06:06.487 [error] local node self-trust was not added: node signing public-key artifact is absent — continuing with configured trusted identities
06:06:06.491 [error] local node self-trust was not added: node signing public-key artifact is absent — continuing with configured trusted identities
06:06:06.497 [error] local node self-trust was not added: node signing public-key artifact is absent — continuing with configured trusted identities
.
Finished in 0.01 seconds (0.00s async, 0.01s sync)
3 tests, 0 failures, 2 excluded
Running ExUnit with seed: 501497, max_cases: 8
Excluding tags: [:test]
Including tags: [location: {"test/commonplace/cli/snapshot_test.exs", 114}]

CX_SNAPMECH cwd="/home/jes/sol-snapshot-repro/wt/apps/commonplace_cli" configured="tmp/test_data" configured_read=%{compact: [], count: 4, ls: {:ok, ["node_id", "secrets", "commits", "commits.lock"]}, exists?: true} commit_store_pid=#PID<0.279.0> commit_store_state_shape={true, [:data_dir, :db, :invariant_dispatcher, :local_write_gate, :lock_ref, :name, :pending_imports, :queue_poller, :trust_side_store]} cubdb_pid=#PID<0.282.0> cubdb_state_shape=CubDB.State cubdb_data_dir="tmp/test_data/commits" cubdb_read=%{compact: [], count: 1, ls: {:ok, ["2E.cub"]}, exists?: true}
06:06:06.502 [error] local node self-trust was not added: node signing public-key artifact is absent — continuing with configured trusted identities
06:06:06.507 [error] local node self-trust was not added: node signing public-key artifact is absent — continuing with configured trusted identities
06:06:06.510 [error] local node self-trust was not added: node signing public-key artifact is absent — continuing with configured trusted identities
06:06:06.514 [error] local node self-trust was not added: node signing public-key artifact is absent — continuing with configured trusted identities
.
Finished in 0.01 seconds (0.00s async, 0.01s sync)
3 tests, 0 failures, 2 excluded
Running ExUnit with seed: 518160, max_cases: 8
Excluding tags: [:test]
Including tags: [location: {"test/commonplace/cli/snapshot_test.exs", 114}]

CX_SNAPMECH cwd="/home/jes/sol-snapshot-repro/wt/apps/commonplace_cli" configured="tmp/test_data" configured_read=%{compact: [], count: 4, ls: {:ok, ["node_id", "secrets", "commits", "commits.lock"]}, exists?: true} commit_store_pid=#PID<0.279.0> commit_store_state_shape={true, [:data_dir, :db, :invariant_dispatcher, :local_write_gate, :lock_ref, :name, :pending_imports, :queue_poller, :trust_side_store]} cubdb_pid=#PID<0.282.0> cubdb_state_shape=CubDB.State cubdb_data_dir="tmp/test_data/commits" cubdb_read=%{compact: [], count: 1, ls: {:ok, ["2E.cub"]}, exists?: true}
06:06:06.519 [error] local node self-trust was not added: node signing public-key artifact is absent — continuing with configured trusted identities
06:06:06.523 [error] local node self-trust was not added: node signing public-key artifact is absent — continuing with configured trusted identities
06:06:06.527 [error] local node self-trust was not added: node signing public-key artifact is absent — continuing with configured trusted identities
06:06:06.532 [error] local node self-trust was not added: node signing public-key artifact is absent — continuing with configured trusted identities
.
Finished in 0.01 seconds (0.00s async, 0.01s sync)
3 tests, 0 failures, 2 excluded
Running ExUnit with seed: 536659, max_cases: 8
Excluding tags: [:test]
Including tags: [location: {"test/commonplace/cli/snapshot_test.exs", 114}]

CX_SNAPMECH cwd="/home/jes/sol-snapshot-repro/wt/apps/commonplace_cli" configured="tmp/test_data" configured_read=%{compact: [], count: 4, ls: {:ok, ["node_id", "secrets", "commits", "commits.lock"]}, exists?: true} commit_store_pid=#PID<0.279.0> commit_store_state_shape={true, [:data_dir, :db, :invariant_dispatcher, :local_write_gate, :lock_ref, :name, :pending_imports, :queue_poller, :trust_side_store]} cubdb_pid=#PID<0.282.0> cubdb_state_shape=CubDB.State cubdb_data_dir="tmp/test_data/commits" cubdb_read=%{compact: [], count: 1, ls: {:ok, ["2E.cub"]}, exists?: true}
06:06:06.539 [error] local node self-trust was not added: node signing public-key artifact is absent — continuing with configured trusted identities
06:06:06.542 [error] local node self-trust was not added: node signing public-key artifact is absent — continuing with configured trusted identities
06:06:06.545 [error] local node self-trust was not added: node signing public-key artifact is absent — continuing with configured trusted identities
06:06:06.549 [error] local node self-trust was not added: node signing public-key artifact is absent — continuing with configured trusted identities
.
Finished in 0.01 seconds (0.00s async, 0.01s sync)
3 tests, 0 failures, 2 excluded
Running ExUnit with seed: 553623, max_cases: 8
Excluding tags: [:test]
Including tags: [location: {"test/commonplace/cli/snapshot_test.exs", 114}]

CX_SNAPMECH cwd="/home/jes/sol-snapshot-repro/wt/apps/commonplace_cli" configured="tmp/test_data" configured_read=%{compact: [], count: 4, ls: {:ok, ["node_id", "secrets", "commits", "commits.lock"]}, exists?: true} commit_store_pid=#PID<0.279.0> commit_store_state_shape={true, [:data_dir, :db, :invariant_dispatcher, :local_write_gate, :lock_ref, :name, :pending_imports, :queue_poller, :trust_side_store]} cubdb_pid=#PID<0.282.0> cubdb_state_shape=CubDB.State cubdb_data_dir="tmp/test_data/commits" cubdb_read=%{compact: [], count: 1, ls: {:ok, ["2E.cub"]}, exists?: true}
06:06:06.554 [error] local node self-trust was not added: node signing public-key artifact is absent — continuing with configured trusted identities
06:06:06.558 [error] local node self-trust was not added: node signing public-key artifact is absent — continuing with configured trusted identities
06:06:06.562 [error] local node self-trust was not added: node signing public-key artifact is absent — continuing with configured trusted identities
06:06:06.567 [error] local node self-trust was not added: node signing public-key artifact is absent — continuing with configured trusted identities
.
Finished in 0.03 seconds (0.00s async, 0.03s sync)
3 tests, 0 failures, 2 excluded
Running ExUnit with seed: 592558, max_cases: 8
Excluding tags: [:test]
Including tags: [location: {"test/commonplace/cli/snapshot_test.exs", 114}]

CX_SNAPMECH cwd="/home/jes/sol-snapshot-repro/wt/apps/commonplace_cli" configured="tmp/test_data" configured_read=%{compact: [], count: 4, ls: {:ok, ["node_id", "secrets", "commits", "commits.lock"]}, exists?: true} commit_store_pid=#PID<0.279.0> commit_store_state_shape={true, [:data_dir, :db, :invariant_dispatcher, :local_write_gate, :lock_ref, :name, :pending_imports, :queue_poller, :trust_side_store]} cubdb_pid=#PID<0.282.0> cubdb_state_shape=CubDB.State cubdb_data_dir="tmp/test_data/commits" cubdb_read=%{compact: [], count: 1, ls: {:ok, ["2E.cub"]}, exists?: true}
06:06:06.593 [error] local node self-trust was not added: node signing public-key artifact is absent — continuing with configured trusted identities
06:06:06.598 [error] local node self-trust was not added: node signing public-key artifact is absent — continuing with configured trusted identities
06:06:06.602 [error] local node self-trust was not added: node signing public-key artifact is absent — continuing with configured trusted identities
06:06:06.606 [error] local node self-trust was not added: node signing public-key artifact is absent — continuing with configured trusted identities
.
Finished in 0.02 seconds (0.00s async, 0.02s sync)
3 tests, 0 failures, 2 excluded
Running ExUnit with seed: 613526, max_cases: 8
Excluding tags: [:test]
Including tags: [location: {"test/commonplace/cli/snapshot_test.exs", 114}]

CX_SNAPMECH cwd="/home/jes/sol-snapshot-repro/wt/apps/commonplace_cli" configured="tmp/test_data" configured_read=%{compact: [], count: 4, ls: {:ok, ["node_id", "secrets", "commits", "commits.lock"]}, exists?: true} commit_store_pid=#PID<0.279.0> commit_store_state_shape={true, [:data_dir, :db, :invariant_dispatcher, :local_write_gate, :lock_ref, :name, :pending_imports, :queue_poller, :trust_side_store]} cubdb_pid=#PID<0.282.0> cubdb_state_shape=CubDB.State cubdb_data_dir="tmp/test_data/commits" cubdb_read=%{compact: [], count: 1, ls: {:ok, ["2E.cub"]}, exists?: true}
06:06:06.614 [error] local node self-trust was not added: node signing public-key artifact is absent — continuing with configured trusted identities
06:06:06.617 [error] local node self-trust was not added: node signing public-key artifact is absent — continuing with configured trusted identities
06:06:06.621 [error] local node self-trust was not added: node signing public-key artifact is absent — continuing with configured trusted identities
06:06:06.626 [error] local node self-trust was not added: node signing public-key artifact is absent — continuing with configured trusted identities
.
Finished in 0.01 seconds (0.00s async, 0.01s sync)
3 tests, 0 failures, 2 excluded
Running ExUnit with seed: 630765, max_cases: 8
Excluding tags: [:test]
Including tags: [location: {"test/commonplace/cli/snapshot_test.exs", 114}]

CX_SNAPMECH cwd="/home/jes/sol-snapshot-repro/wt/apps/commonplace_cli" configured="tmp/test_data" configured_read=%{compact: [], count: 4, ls: {:ok, ["node_id", "secrets", "commits", "commits.lock"]}, exists?: true} commit_store_pid=#PID<0.279.0> commit_store_state_shape={true, [:data_dir, :db, :invariant_dispatcher, :local_write_gate, :lock_ref, :name, :pending_imports, :queue_poller, :trust_side_store]} cubdb_pid=#PID<0.282.0> cubdb_state_shape=CubDB.State cubdb_data_dir="tmp/test_data/commits" cubdb_read=%{compact: [], count: 1, ls: {:ok, ["2E.cub"]}, exists?: true}
06:06:06.631 [error] local node self-trust was not added: node signing public-key artifact is absent — continuing with configured trusted identities
06:06:06.635 [error] local node self-trust was not added: node signing public-key artifact is absent — continuing with configured trusted identities
06:06:06.638 [error] local node self-trust was not added: node signing public-key artifact is absent — continuing with configured trusted identities
06:06:06.643 [error] local node self-trust was not added: node signing public-key artifact is absent — continuing with configured trusted identities
.
Finished in 0.01 seconds (0.00s async, 0.01s sync)
3 tests, 0 failures, 2 excluded
Running ExUnit with seed: 648136, max_cases: 8
Excluding tags: [:test]
Including tags: [location: {"test/commonplace/cli/snapshot_test.exs", 114}]

CX_SNAPMECH cwd="/home/jes/sol-snapshot-repro/wt/apps/commonplace_cli" configured="tmp/test_data" configured_read=%{compact: [], count: 4, ls: {:ok, ["node_id", "secrets", "commits", "commits.lock"]}, exists?: true} commit_store_pid=#PID<0.279.0> commit_store_state_shape={true, [:data_dir, :db, :invariant_dispatcher, :local_write_gate, :lock_ref, :name, :pending_imports, :queue_poller, :trust_side_store]} cubdb_pid=#PID<0.282.0> cubdb_state_shape=CubDB.State cubdb_data_dir="tmp/test_data/commits" cubdb_read=%{compact: [], count: 1, ls: {:ok, ["2E.cub"]}, exists?: true}
06:06:06.649 [error] local node self-trust was not added: node signing public-key artifact is absent — continuing with configured trusted identities
06:06:06.654 [error] local node self-trust was not added: node signing public-key artifact is absent — continuing with configured trusted identities
06:06:06.658 [error] local node self-trust was not added: node signing public-key artifact is absent — continuing with configured trusted identities
06:06:06.663 [error] local node self-trust was not added: node signing public-key artifact is absent — continuing with configured trusted identities
.
Finished in 0.01 seconds (0.00s async, 0.01s sync)
3 tests, 0 failures, 2 excluded
Running ExUnit with seed: 668477, max_cases: 8
Excluding tags: [:test]
Including tags: [location: {"test/commonplace/cli/snapshot_test.exs", 114}]

CX_SNAPMECH cwd="/home/jes/sol-snapshot-repro/wt/apps/commonplace_cli" configured="tmp/test_data" configured_read=%{compact: [], count: 4, ls: {:ok, ["node_id", "secrets", "commits", "commits.lock"]}, exists?: true} commit_store_pid=#PID<0.279.0> commit_store_state_shape={true, [:data_dir, :db, :invariant_dispatcher, :local_write_gate, :lock_ref, :name, :pending_imports, :queue_poller, :trust_side_store]} cubdb_pid=#PID<0.282.0> cubdb_state_shape=CubDB.State cubdb_data_dir="tmp/test_data/commits" cubdb_read=%{compact: [], count: 1, ls: {:ok, ["2E.cub"]}, exists?: true}
06:06:06.669 [error] local node self-trust was not added: node signing public-key artifact is absent — continuing with configured trusted identities
06:06:06.673 [error] local node self-trust was not added: node signing public-key artifact is absent — continuing with configured trusted identities
06:06:06.676 [error] local node self-trust was not added: node signing public-key artifact is absent — continuing with configured trusted identities
06:06:06.682 [error] local node self-trust was not added: node signing public-key artifact is absent — continuing with configured trusted identities
.
Finished in 0.02 seconds (0.00s async, 0.02s sync)
3 tests, 0 failures, 2 excluded
Running ExUnit with seed: 690377, max_cases: 8
Excluding tags: [:test]
Including tags: [location: {"test/commonplace/cli/snapshot_test.exs", 114}]

CX_SNAPMECH cwd="/home/jes/sol-snapshot-repro/wt/apps/commonplace_cli" configured="tmp/test_data" configured_read=%{compact: [], count: 4, ls: {:ok, ["node_id", "secrets", "commits", "commits.lock"]}, exists?: true} commit_store_pid=#PID<0.279.0> commit_store_state_shape={true, [:data_dir, :db, :invariant_dispatcher, :local_write_gate, :lock_ref, :name, :pending_imports, :queue_poller, :trust_side_store]} cubdb_pid=#PID<0.282.0> cubdb_state_shape=CubDB.State cubdb_data_dir="tmp/test_data/commits" cubdb_read=%{compact: [], count: 1, ls: {:ok, ["2E.cub"]}, exists?: true}
06:06:06.691 [error] local node self-trust was not added: node signing public-key artifact is absent — continuing with configured trusted identities
06:06:06.695 [error] local node self-trust was not added: node signing public-key artifact is absent — continuing with configured trusted identities
06:06:06.699 [error] local node self-trust was not added: node signing public-key artifact is absent — continuing with configured trusted identities
06:06:06.704 [error] local node self-trust was not added: node signing public-key artifact is absent — continuing with configured trusted identities
.
Finished in 0.01 seconds (0.00s async, 0.01s sync)
3 tests, 0 failures, 2 excluded
Running ExUnit with seed: 710046, max_cases: 8
Excluding tags: [:test]
Including tags: [location: {"test/commonplace/cli/snapshot_test.exs", 114}]

CX_SNAPMECH cwd="/home/jes/sol-snapshot-repro/wt/apps/commonplace_cli" configured="tmp/test_data" configured_read=%{compact: [], count: 4, ls: {:ok, ["node_id", "secrets", "commits", "commits.lock"]}, exists?: true} commit_store_pid=#PID<0.279.0> commit_store_state_shape={true, [:data_dir, :db, :invariant_dispatcher, :local_write_gate, :lock_ref, :name, :pending_imports, :queue_poller, :trust_side_store]} cubdb_pid=#PID<0.282.0> cubdb_state_shape=CubDB.State cubdb_data_dir="tmp/test_data/commits" cubdb_read=%{compact: [], count: 1, ls: {:ok, ["2E.cub"]}, exists?: true}
06:06:06.712 [error] local node self-trust was not added: node signing public-key artifact is absent — continuing with configured trusted identities
06:06:06.717 [error] local node self-trust was not added: node signing public-key artifact is absent — continuing with configured trusted identities
06:06:06.720 [error] local node self-trust was not added: node signing public-key artifact is absent — continuing with configured trusted identities
06:06:06.725 [error] local node self-trust was not added: node signing public-key artifact is absent — continuing with configured trusted identities
.
Finished in 0.01 seconds (0.00s async, 0.01s sync)
3 tests, 0 failures, 2 excluded
Running ExUnit with seed: 729103, max_cases: 8
Excluding tags: [:test]
Including tags: [location: {"test/commonplace/cli/snapshot_test.exs", 114}]

CX_SNAPMECH cwd="/home/jes/sol-snapshot-repro/wt/apps/commonplace_cli" configured="tmp/test_data" configured_read=%{compact: [], count: 4, ls: {:ok, ["node_id", "secrets", "commits", "commits.lock"]}, exists?: true} commit_store_pid=#PID<0.279.0> commit_store_state_shape={true, [:data_dir, :db, :invariant_dispatcher, :local_write_gate, :lock_ref, :name, :pending_imports, :queue_poller, :trust_side_store]} cubdb_pid=#PID<0.282.0> cubdb_state_shape=CubDB.State cubdb_data_dir="tmp/test_data/commits" cubdb_read=%{compact: [], count: 1, ls: {:ok, ["2E.cub"]}, exists?: true}
06:06:06.730 [error] local node self-trust was not added: node signing public-key artifact is absent — continuing with configured trusted identities
06:06:06.735 [error] local node self-trust was not added: node signing public-key artifact is absent — continuing with configured trusted identities
06:06:06.737 [error] local node self-trust was not added: node signing public-key artifact is absent — continuing with configured trusted identities
06:06:06.744 [error] local node self-trust was not added: node signing public-key artifact is absent — continuing with configured trusted identities
.
Finished in 0.01 seconds (0.00s async, 0.01s sync)
3 tests, 0 failures, 2 excluded
Running ExUnit with seed: 748425, max_cases: 8
Excluding tags: [:test]
Including tags: [location: {"test/commonplace/cli/snapshot_test.exs", 114}]

CX_SNAPMECH cwd="/home/jes/sol-snapshot-repro/wt/apps/commonplace_cli" configured="tmp/test_data" configured_read=%{compact: [], count: 4, ls: {:ok, ["node_id", "secrets", "commits", "commits.lock"]}, exists?: true} commit_store_pid=#PID<0.279.0> commit_store_state_shape={true, [:data_dir, :db, :invariant_dispatcher, :local_write_gate, :lock_ref, :name, :pending_imports, :queue_poller, :trust_side_store]} cubdb_pid=#PID<0.282.0> cubdb_state_shape=CubDB.State cubdb_data_dir="tmp/test_data/commits" cubdb_read=%{compact: [], count: 1, ls: {:ok, ["2E.cub"]}, exists?: true}
06:06:06.749 [error] local node self-trust was not added: node signing public-key artifact is absent — continuing with configured trusted identities
06:06:06.754 [error] local node self-trust was not added: node signing public-key artifact is absent — continuing with configured trusted identities
06:06:06.758 [error] local node self-trust was not added: node signing public-key artifact is absent — continuing with configured trusted identities
06:06:06.763 [error] local node self-trust was not added: node signing public-key artifact is absent — continuing with configured trusted identities
.
Finished in 0.01 seconds (0.00s async, 0.01s sync)
3 tests, 0 failures, 2 excluded
Running ExUnit with seed: 767678, max_cases: 8
Excluding tags: [:test]
Including tags: [location: {"test/commonplace/cli/snapshot_test.exs", 114}]

CX_SNAPMECH cwd="/home/jes/sol-snapshot-repro/wt/apps/commonplace_cli" configured="tmp/test_data" configured_read=%{compact: [], count: 4, ls: {:ok, ["node_id", "secrets", "commits", "commits.lock"]}, exists?: true} commit_store_pid=#PID<0.279.0> commit_store_state_shape={true, [:data_dir, :db, :invariant_dispatcher, :local_write_gate, :lock_ref, :name, :pending_imports, :queue_poller, :trust_side_store]} cubdb_pid=#PID<0.282.0> cubdb_state_shape=CubDB.State cubdb_data_dir="tmp/test_data/commits" cubdb_read=%{compact: [], count: 1, ls: {:ok, ["2E.cub"]}, exists?: true}
06:06:06.768 [error] local node self-trust was not added: node signing public-key artifact is absent — continuing with configured trusted identities
06:06:06.772 [error] local node self-trust was not added: node signing public-key artifact is absent — continuing with configured trusted identities
06:06:06.775 [error] local node self-trust was not added: node signing public-key artifact is absent — continuing with configured trusted identities
06:06:06.780 [error] local node self-trust was not added: node signing public-key artifact is absent — continuing with configured trusted identities
.
Finished in 0.01 seconds (0.00s async, 0.01s sync)
3 tests, 0 failures, 2 excluded
Running ExUnit with seed: 784304, max_cases: 8
Excluding tags: [:test]
Including tags: [location: {"test/commonplace/cli/snapshot_test.exs", 114}]

CX_SNAPMECH cwd="/home/jes/sol-snapshot-repro/wt/apps/commonplace_cli" configured="tmp/test_data" configured_read=%{compact: [], count: 4, ls: {:ok, ["node_id", "secrets", "commits", "commits.lock"]}, exists?: true} commit_store_pid=#PID<0.279.0> commit_store_state_shape={true, [:data_dir, :db, :invariant_dispatcher, :local_write_gate, :lock_ref, :name, :pending_imports, :queue_poller, :trust_side_store]} cubdb_pid=#PID<0.282.0> cubdb_state_shape=CubDB.State cubdb_data_dir="tmp/test_data/commits" cubdb_read=%{compact: [], count: 1, ls: {:ok, ["2E.cub"]}, exists?: true}
06:06:06.785 [error] local node self-trust was not added: node signing public-key artifact is absent — continuing with configured trusted identities
06:06:06.788 [error] local node self-trust was not added: node signing public-key artifact is absent — continuing with configured trusted identities
06:06:06.791 [error] local node self-trust was not added: node signing public-key artifact is absent — continuing with configured trusted identities
06:06:06.801 [error] local node self-trust was not added: node signing public-key artifact is absent — continuing with configured trusted identities
.
Finished in 0.02 seconds (0.00s async, 0.02s sync)
3 tests, 0 failures, 2 excluded
Running ExUnit with seed: 806513, max_cases: 8
Excluding tags: [:test]
Including tags: [location: {"test/commonplace/cli/snapshot_test.exs", 114}]

CX_SNAPMECH cwd="/home/jes/sol-snapshot-repro/wt/apps/commonplace_cli" configured="tmp/test_data" configured_read=%{compact: [], count: 4, ls: {:ok, ["node_id", "secrets", "commits", "commits.lock"]}, exists?: true} commit_store_pid=#PID<0.279.0> commit_store_state_shape={true, [:data_dir, :db, :invariant_dispatcher, :local_write_gate, :lock_ref, :name, :pending_imports, :queue_poller, :trust_side_store]} cubdb_pid=#PID<0.282.0> cubdb_state_shape=CubDB.State cubdb_data_dir="tmp/test_data/commits" cubdb_read=%{compact: ["2F.compact"], count: 2, ls: {:ok, ["2E.cub", "2F.compact"]}, exists?: true}
06:06:06.808 [error] local node self-trust was not added: node signing public-key artifact is absent — continuing with configured trusted identities
06:06:06.814 [error] local node self-trust was not added: node signing public-key artifact is absent — continuing with configured trusted identities
06:06:06.818 [error] local node self-trust was not added: node signing public-key artifact is absent — continuing with configured trusted identities
06:06:06.825 [error] local node self-trust was not added: node signing public-key artifact is absent — continuing with configured trusted identities
.
Finished in 0.02 seconds (0.00s async, 0.02s sync)
3 tests, 0 failures, 2 excluded
Running ExUnit with seed: 831919, max_cases: 8
Excluding tags: [:test]
Including tags: [location: {"test/commonplace/cli/snapshot_test.exs", 114}]

CX_SNAPMECH cwd="/home/jes/sol-snapshot-repro/wt/apps/commonplace_cli" configured="tmp/test_data" configured_read=%{compact: [], count: 4, ls: {:ok, ["node_id", "secrets", "commits", "commits.lock"]}, exists?: true} commit_store_pid=#PID<0.279.0> commit_store_state_shape={true, [:data_dir, :db, :invariant_dispatcher, :local_write_gate, :lock_ref, :name, :pending_imports, :queue_poller, :trust_side_store]} cubdb_pid=#PID<0.282.0> cubdb_state_shape=CubDB.State cubdb_data_dir="tmp/test_data/commits" cubdb_read=%{compact: ["2F.compact"], count: 2, ls: {:ok, ["2E.cub", "2F.compact"]}, exists?: true}
06:06:06.834 [error] local node self-trust was not added: node signing public-key artifact is absent — continuing with configured trusted identities
06:06:06.839 [error] local node self-trust was not added: node signing public-key artifact is absent — continuing with configured trusted identities
06:06:06.844 [error] local node self-trust was not added: node signing public-key artifact is absent — continuing with configured trusted identities
06:06:06.851 [error] local node self-trust was not added: node signing public-key artifact is absent — continuing with configured trusted identities
.
Finished in 0.02 seconds (0.00s async, 0.02s sync)
3 tests, 0 failures, 2 excluded
Running ExUnit with seed: 856730, max_cases: 8
Excluding tags: [:test]
Including tags: [location: {"test/commonplace/cli/snapshot_test.exs", 114}]

CX_SNAPMECH cwd="/home/jes/sol-snapshot-repro/wt/apps/commonplace_cli" configured="tmp/test_data" configured_read=%{compact: [], count: 4, ls: {:ok, ["node_id", "secrets", "commits", "commits.lock"]}, exists?: true} commit_store_pid=#PID<0.279.0> commit_store_state_shape={true, [:data_dir, :db, :invariant_dispatcher, :local_write_gate, :lock_ref, :name, :pending_imports, :queue_poller, :trust_side_store]} cubdb_pid=#PID<0.282.0> cubdb_state_shape=CubDB.State cubdb_data_dir="tmp/test_data/commits" cubdb_read=%{compact: ["2F.compact"], count: 2, ls: {:ok, ["2E.cub", "2F.compact"]}, exists?: true}
06:06:06.858 [error] local node self-trust was not added: node signing public-key artifact is absent — continuing with configured trusted identities
06:06:06.864 [error] local node self-trust was not added: node signing public-key artifact is absent — continuing with configured trusted identities
06:06:06.867 [error] local node self-trust was not added: node signing public-key artifact is absent — continuing with configured trusted identities
06:06:06.875 [error] local node self-trust was not added: node signing public-key artifact is absent — continuing with configured trusted identities
.
Finished in 0.02 seconds (0.00s async, 0.02s sync)
3 tests, 0 failures, 2 excluded
Running ExUnit with seed: 881459, max_cases: 8
Excluding tags: [:test]
Including tags: [location: {"test/commonplace/cli/snapshot_test.exs", 114}]

CX_SNAPMECH cwd="/home/jes/sol-snapshot-repro/wt/apps/commonplace_cli" configured="tmp/test_data" configured_read=%{compact: [], count: 4, ls: {:ok, ["node_id", "secrets", "commits", "commits.lock"]}, exists?: true} commit_store_pid=#PID<0.279.0> commit_store_state_shape={true, [:data_dir, :db, :invariant_dispatcher, :local_write_gate, :lock_ref, :name, :pending_imports, :queue_poller, :trust_side_store]} cubdb_pid=#PID<0.282.0> cubdb_state_shape=CubDB.State cubdb_data_dir="tmp/test_data/commits" cubdb_read=%{compact: ["2F.compact"], count: 2, ls: {:ok, ["2E.cub", "2F.compact"]}, exists?: true}
06:06:06.884 [error] local node self-trust was not added: node signing public-key artifact is absent — continuing with configured trusted identities
06:06:06.890 [error] local node self-trust was not added: node signing public-key artifact is absent — continuing with configured trusted identities
06:06:06.896 [error] local node self-trust was not added: node signing public-key artifact is absent — continuing with configured trusted identities
06:06:06.908 [error] local node self-trust was not added: node signing public-key artifact is absent — continuing with configured trusted identities
.
Finished in 0.03 seconds (0.00s async, 0.03s sync)
3 tests, 0 failures, 2 excluded
Running ExUnit with seed: 916313, max_cases: 8
Excluding tags: [:test]
Including tags: [location: {"test/commonplace/cli/snapshot_test.exs", 114}]

CX_SNAPMECH cwd="/home/jes/sol-snapshot-repro/wt/apps/commonplace_cli" configured="tmp/test_data" configured_read=%{compact: [], count: 4, ls: {:ok, ["node_id", "secrets", "commits", "commits.lock"]}, exists?: true} commit_store_pid=#PID<0.279.0> commit_store_state_shape={true, [:data_dir, :db, :invariant_dispatcher, :local_write_gate, :lock_ref, :name, :pending_imports, :queue_poller, :trust_side_store]} cubdb_pid=#PID<0.282.0> cubdb_state_shape=CubDB.State cubdb_data_dir="tmp/test_data/commits" cubdb_read=%{compact: ["2F.compact"], count: 2, ls: {:ok, ["2E.cub", "2F.compact"]}, exists?: true}
06:06:06.918 [error] local node self-trust was not added: node signing public-key artifact is absent — continuing with configured trusted identities
06:06:06.922 [error] local node self-trust was not added: node signing public-key artifact is absent — continuing with configured trusted identities
06:06:06.927 [error] local node self-trust was not added: node signing public-key artifact is absent — continuing with configured trusted identities
06:06:06.935 [error] local node self-trust was not added: node signing public-key artifact is absent — continuing with configured trusted identities
.
Finished in 0.02 seconds (0.00s async, 0.02s sync)
3 tests, 0 failures, 2 excluded
Running ExUnit with seed: 944305, max_cases: 8
Excluding tags: [:test]
Including tags: [location: {"test/commonplace/cli/snapshot_test.exs", 114}]

CX_SNAPMECH cwd="/home/jes/sol-snapshot-repro/wt/apps/commonplace_cli" configured="tmp/test_data" configured_read=%{compact: [], count: 4, ls: {:ok, ["node_id", "secrets", "commits", "commits.lock"]}, exists?: true} commit_store_pid=#PID<0.279.0> commit_store_state_shape={true, [:data_dir, :db, :invariant_dispatcher, :local_write_gate, :lock_ref, :name, :pending_imports, :queue_poller, :trust_side_store]} cubdb_pid=#PID<0.282.0> cubdb_state_shape=CubDB.State cubdb_data_dir="tmp/test_data/commits" cubdb_read=%{compact: ["2F.compact"], count: 2, ls: {:ok, ["2E.cub", "2F.compact"]}, exists?: true}
06:06:06.946 [error] local node self-trust was not added: node signing public-key artifact is absent — continuing with configured trusted identities
06:06:06.954 [error] local node self-trust was not added: node signing public-key artifact is absent — continuing with configured trusted identities
06:06:06.960 [error] local node self-trust was not added: node signing public-key artifact is absent — continuing with configured trusted identities
06:06:06.968 [error] local node self-trust was not added: node signing public-key artifact is absent — continuing with configured trusted identities
.
Finished in 0.03 seconds (0.00s async, 0.03s sync)
3 tests, 0 failures, 2 excluded
Running ExUnit with seed: 976122, max_cases: 8
Excluding tags: [:test]
Including tags: [location: {"test/commonplace/cli/snapshot_test.exs", 114}]

CX_SNAPMECH cwd="/home/jes/sol-snapshot-repro/wt/apps/commonplace_cli" configured="tmp/test_data" configured_read=%{compact: [], count: 4, ls: {:ok, ["node_id", "secrets", "commits", "commits.lock"]}, exists?: true} commit_store_pid=#PID<0.279.0> commit_store_state_shape={true, [:data_dir, :db, :invariant_dispatcher, :local_write_gate, :lock_ref, :name, :pending_imports, :queue_poller, :trust_side_store]} cubdb_pid=#PID<0.282.0> cubdb_state_shape=CubDB.State cubdb_data_dir="tmp/test_data/commits" cubdb_read=%{compact: ["2F.compact"], count: 2, ls: {:ok, ["2E.cub", "2F.compact"]}, exists?: true}
06:06:06.978 [error] local node self-trust was not added: node signing public-key artifact is absent — continuing with configured trusted identities
06:06:06.987 [error] local node self-trust was not added: node signing public-key artifact is absent — continuing with configured trusted identities
06:06:06.993 [error] local node self-trust was not added: node signing public-key artifact is absent — continuing with configured trusted identities
06:06:07.012 [error] local node self-trust was not added: node signing public-key artifact is absent — continuing with configured trusted identities
.
Finished in 0.04 seconds (0.00s async, 0.04s sync)
3 tests, 0 failures, 2 excluded
Running ExUnit with seed: 21083, max_cases: 8
Excluding tags: [:test]
Including tags: [location: {"test/commonplace/cli/snapshot_test.exs", 114}]

CX_SNAPMECH cwd="/home/jes/sol-snapshot-repro/wt/apps/commonplace_cli" configured="tmp/test_data" configured_read=%{compact: [], count: 4, ls: {:ok, ["node_id", "secrets", "commits", "commits.lock"]}, exists?: true} commit_store_pid=#PID<0.279.0> commit_store_state_shape={true, [:data_dir, :db, :invariant_dispatcher, :local_write_gate, :lock_ref, :name, :pending_imports, :queue_poller, :trust_side_store]} cubdb_pid=#PID<0.282.0> cubdb_state_shape=CubDB.State cubdb_data_dir="tmp/test_data/commits" cubdb_read=%{compact: ["2F.compact"], count: 2, ls: {:ok, ["2E.cub", "2F.compact"]}, exists?: true}
06:06:07.023 [error] local node self-trust was not added: node signing public-key artifact is absent — continuing with configured trusted identities
06:06:07.028 [error] local node self-trust was not added: node signing public-key artifact is absent — continuing with configured trusted identities
06:06:07.035 [error] local node self-trust was not added: node signing public-key artifact is absent — continuing with configured trusted identities
06:06:07.041 [error] local node self-trust was not added: node signing public-key artifact is absent — continuing with configured trusted identities
.
Finished in 0.02 seconds (0.00s async, 0.02s sync)
3 tests, 0 failures, 2 excluded
Running ExUnit with seed: 47002, max_cases: 8
Excluding tags: [:test]
Including tags: [location: {"test/commonplace/cli/snapshot_test.exs", 114}]

CX_SNAPMECH cwd="/home/jes/sol-snapshot-repro/wt/apps/commonplace_cli" configured="tmp/test_data" configured_read=%{compact: [], count: 4, ls: {:ok, ["node_id", "secrets", "commits", "commits.lock"]}, exists?: true} commit_store_pid=#PID<0.279.0> commit_store_state_shape={true, [:data_dir, :db, :invariant_dispatcher, :local_write_gate, :lock_ref, :name, :pending_imports, :queue_poller, :trust_side_store]} cubdb_pid=#PID<0.282.0> cubdb_state_shape=CubDB.State cubdb_data_dir="tmp/test_data/commits" cubdb_read=%{compact: ["2F.compact"], count: 2, ls: {:ok, ["2E.cub", "2F.compact"]}, exists?: true}
06:06:07.048 [error] local node self-trust was not added: node signing public-key artifact is absent — continuing with configured trusted identities
06:06:07.052 [error] local node self-trust was not added: node signing public-key artifact is absent — continuing with configured trusted identities
06:06:07.055 [error] local node self-trust was not added: node signing public-key artifact is absent — continuing with configured trusted identities
06:06:07.066 [error] local node self-trust was not added: node signing public-key artifact is absent — continuing with configured trusted identities
.
Finished in 0.02 seconds (0.00s async, 0.02s sync)
3 tests, 0 failures, 2 excluded
Running ExUnit with seed: 71885, max_cases: 8
Excluding tags: [:test]
Including tags: [location: {"test/commonplace/cli/snapshot_test.exs", 114}]

CX_SNAPMECH cwd="/home/jes/sol-snapshot-repro/wt/apps/commonplace_cli" configured="tmp/test_data" configured_read=%{compact: [], count: 4, ls: {:ok, ["node_id", "secrets", "commits", "commits.lock"]}, exists?: true} commit_store_pid=#PID<0.279.0> commit_store_state_shape={true, [:data_dir, :db, :invariant_dispatcher, :local_write_gate, :lock_ref, :name, :pending_imports, :queue_poller, :trust_side_store]} cubdb_pid=#PID<0.282.0> cubdb_state_shape=CubDB.State cubdb_data_dir="tmp/test_data/commits" cubdb_read=%{compact: ["2F.compact"], count: 2, ls: {:ok, ["2E.cub", "2F.compact"]}, exists?: true}
06:06:07.073 [error] local node self-trust was not added: node signing public-key artifact is absent — continuing with configured trusted identities
06:06:07.081 [error] local node self-trust was not added: node signing public-key artifact is absent — continuing with configured trusted identities
06:06:07.087 [error] local node self-trust was not added: node signing public-key artifact is absent — continuing with configured trusted identities
06:06:07.097 [error] local node self-trust was not added: node signing public-key artifact is absent — continuing with configured trusted identities
.
Finished in 0.02 seconds (0.00s async, 0.02s sync)
3 tests, 0 failures, 2 excluded
Running ExUnit with seed: 102468, max_cases: 8
Excluding tags: [:test]
Including tags: [location: {"test/commonplace/cli/snapshot_test.exs", 114}]

CX_SNAPMECH cwd="/home/jes/sol-snapshot-repro/wt/apps/commonplace_cli" configured="tmp/test_data" configured_read=%{compact: [], count: 4, ls: {:ok, ["node_id", "secrets", "commits", "commits.lock"]}, exists?: true} commit_store_pid=#PID<0.279.0> commit_store_state_shape={true, [:data_dir, :db, :invariant_dispatcher, :local_write_gate, :lock_ref, :name, :pending_imports, :queue_poller, :trust_side_store]} cubdb_pid=#PID<0.282.0> cubdb_state_shape=CubDB.State cubdb_data_dir="tmp/test_data/commits" cubdb_read=%{compact: ["2F.compact"], count: 2, ls: {:ok, ["2E.cub", "2F.compact"]}, exists?: true}
06:06:07.104 [error] local node self-trust was not added: node signing public-key artifact is absent — continuing with configured trusted identities
06:06:07.115 [error] local node self-trust was not added: node signing public-key artifact is absent — continuing with configured trusted identities
06:06:07.122 [error] local node self-trust was not added: node signing public-key artifact is absent — continuing with configured trusted identities
06:06:07.130 [error] local node self-trust was not added: node signing public-key artifact is absent — continuing with configured trusted identities
.
Finished in 0.03 seconds (0.00s async, 0.03s sync)
3 tests, 0 failures, 2 excluded
Running ExUnit with seed: 136790, max_cases: 8
Excluding tags: [:test]
Including tags: [location: {"test/commonplace/cli/snapshot_test.exs", 114}]

CX_SNAPMECH cwd="/home/jes/sol-snapshot-repro/wt/apps/commonplace_cli" configured="tmp/test_data" configured_read=%{compact: [], count: 4, ls: {:ok, ["node_id", "secrets", "commits", "commits.lock"]}, exists?: true} commit_store_pid=#PID<0.279.0> commit_store_state_shape={true, [:data_dir, :db, :invariant_dispatcher, :local_write_gate, :lock_ref, :name, :pending_imports, :queue_poller, :trust_side_store]} cubdb_pid=#PID<0.282.0> cubdb_state_shape=CubDB.State cubdb_data_dir="tmp/test_data/commits" cubdb_read=%{compact: ["2F.compact"], count: 2, ls: {:ok, ["2E.cub", "2F.compact"]}, exists?: true}
06:06:07.144 [error] local node self-trust was not added: node signing public-key artifact is absent — continuing with configured trusted identities
06:06:07.148 [error] local node self-trust was not added: node signing public-key artifact is absent — continuing with configured trusted identities
06:06:07.151 [error] local node self-trust was not added: node signing public-key artifact is absent — continuing with configured trusted identities
06:06:07.157 [error] local node self-trust was not added: node signing public-key artifact is absent — continuing with configured trusted identities
.
Finished in 0.02 seconds (0.00s async, 0.02s sync)
3 tests, 0 failures, 2 excluded
Running ExUnit with seed: 161826, max_cases: 8
Excluding tags: [:test]
Including tags: [location: {"test/commonplace/cli/snapshot_test.exs", 114}]

CX_SNAPMECH cwd="/home/jes/sol-snapshot-repro/wt/apps/commonplace_cli" configured="tmp/test_data" configured_read=%{compact: [], count: 4, ls: {:ok, ["node_id", "secrets", "commits", "commits.lock"]}, exists?: true} commit_store_pid=#PID<0.279.0> commit_store_state_shape={true, [:data_dir, :db, :invariant_dispatcher, :local_write_gate, :lock_ref, :name, :pending_imports, :queue_poller, :trust_side_store]} cubdb_pid=#PID<0.282.0> cubdb_state_shape=CubDB.State cubdb_data_dir="tmp/test_data/commits" cubdb_read=%{compact: ["2F.compact"], count: 2, ls: {:ok, ["2E.cub", "2F.compact"]}, exists?: true}
06:06:07.163 [error] local node self-trust was not added: node signing public-key artifact is absent — continuing with configured trusted identities
06:06:07.166 [error] local node self-trust was not added: node signing public-key artifact is absent — continuing with configured trusted identities
06:06:07.169 [error] local node self-trust was not added: node signing public-key artifact is absent — continuing with configured trusted identities
06:06:07.175 [error] local node self-trust was not added: node signing public-key artifact is absent — continuing with configured trusted identities
.
Finished in 0.01 seconds (0.00s async, 0.01s sync)
3 tests, 0 failures, 2 excluded
Running ExUnit with seed: 180089, max_cases: 8
Excluding tags: [:test]
Including tags: [location: {"test/commonplace/cli/snapshot_test.exs", 114}]

CX_SNAPMECH cwd="/home/jes/sol-snapshot-repro/wt/apps/commonplace_cli" configured="tmp/test_data" configured_read=%{compact: [], count: 4, ls: {:ok, ["node_id", "secrets", "commits", "commits.lock"]}, exists?: true} commit_store_pid=#PID<0.279.0> commit_store_state_shape={true, [:data_dir, :db, :invariant_dispatcher, :local_write_gate, :lock_ref, :name, :pending_imports, :queue_poller, :trust_side_store]} cubdb_pid=#PID<0.282.0> cubdb_state_shape=CubDB.State cubdb_data_dir="tmp/test_data/commits" cubdb_read=%{compact: ["2F.compact"], count: 2, ls: {:ok, ["2E.cub", "2F.compact"]}, exists?: true}
06:06:07.181 [error] local node self-trust was not added: node signing public-key artifact is absent — continuing with configured trusted identities
06:06:07.188 [error] local node self-trust was not added: node signing public-key artifact is absent — continuing with configured trusted identities
06:06:07.192 [error] local node self-trust was not added: node signing public-key artifact is absent — continuing with configured trusted identities
06:06:07.200 [error] local node self-trust was not added: node signing public-key artifact is absent — continuing with configured trusted identities
.
Finished in 0.02 seconds (0.00s async, 0.02s sync)
3 tests, 0 failures, 2 excluded
Running ExUnit with seed: 204522, max_cases: 8
Excluding tags: [:test]
Including tags: [location: {"test/commonplace/cli/snapshot_test.exs", 114}]

CX_SNAPMECH cwd="/home/jes/sol-snapshot-repro/wt/apps/commonplace_cli" configured="tmp/test_data" configured_read=%{compact: [], count: 4, ls: {:ok, ["node_id", "secrets", "commits", "commits.lock"]}, exists?: true} commit_store_pid=#PID<0.279.0> commit_store_state_shape={true, [:data_dir, :db, :invariant_dispatcher, :local_write_gate, :lock_ref, :name, :pending_imports, :queue_poller, :trust_side_store]} cubdb_pid=#PID<0.282.0> cubdb_state_shape=CubDB.State cubdb_data_dir="tmp/test_data/commits" cubdb_read=%{compact: ["2F.compact"], count: 2, ls: {:ok, ["2E.cub", "2F.compact"]}, exists?: true}
06:06:07.205 [error] local node self-trust was not added: node signing public-key artifact is absent — continuing with configured trusted identities
06:06:07.208 [error] local node self-trust was not added: node signing public-key artifact is absent — continuing with configured trusted identities
06:06:07.211 [error] local node self-trust was not added: node signing public-key artifact is absent — continuing with configured trusted identities
06:06:07.219 [error] local node self-trust was not added: node signing public-key artifact is absent — continuing with configured trusted identities
.
Finished in 0.01 seconds (0.00s async, 0.01s sync)
3 tests, 0 failures, 2 excluded
Running ExUnit with seed: 224070, max_cases: 8
Excluding tags: [:test]
Including tags: [location: {"test/commonplace/cli/snapshot_test.exs", 114}]

CX_SNAPMECH cwd="/home/jes/sol-snapshot-repro/wt/apps/commonplace_cli" configured="tmp/test_data" configured_read=%{compact: [], count: 4, ls: {:ok, ["node_id", "secrets", "commits", "commits.lock"]}, exists?: true} commit_store_pid=#PID<0.279.0> commit_store_state_shape={true, [:data_dir, :db, :invariant_dispatcher, :local_write_gate, :lock_ref, :name, :pending_imports, :queue_poller, :trust_side_store]} cubdb_pid=#PID<0.282.0> cubdb_state_shape=CubDB.State cubdb_data_dir="tmp/test_data/commits" cubdb_read=%{compact: ["2F.compact"], count: 2, ls: {:ok, ["2E.cub", "2F.compact"]}, exists?: true}
06:06:07.225 [error] local node self-trust was not added: node signing public-key artifact is absent — continuing with configured trusted identities
06:06:07.230 [error] local node self-trust was not added: node signing public-key artifact is absent — continuing with configured trusted identities
06:06:07.234 [error] local node self-trust was not added: node signing public-key artifact is absent — continuing with configured trusted identities
06:06:07.242 [error] local node self-trust was not added: node signing public-key artifact is absent — continuing with configured trusted identities
.
Finished in 0.02 seconds (0.00s async, 0.02s sync)
3 tests, 0 failures, 2 excluded
Running ExUnit with seed: 246534, max_cases: 8
Excluding tags: [:test]
Including tags: [location: {"test/commonplace/cli/snapshot_test.exs", 114}]

CX_SNAPMECH cwd="/home/jes/sol-snapshot-repro/wt/apps/commonplace_cli" configured="tmp/test_data" configured_read=%{compact: [], count: 4, ls: {:ok, ["node_id", "secrets", "commits", "commits.lock"]}, exists?: true} commit_store_pid=#PID<0.279.0> commit_store_state_shape={true, [:data_dir, :db, :invariant_dispatcher, :local_write_gate, :lock_ref, :name, :pending_imports, :queue_poller, :trust_side_store]} cubdb_pid=#PID<0.282.0> cubdb_state_shape=CubDB.State cubdb_data_dir="tmp/test_data/commits" cubdb_read=%{compact: ["2F.compact"], count: 2, ls: {:ok, ["2E.cub", "2F.compact"]}, exists?: true}
06:06:07.247 [error] local node self-trust was not added: node signing public-key artifact is absent — continuing with configured trusted identities
06:06:07.251 [error] local node self-trust was not added: node signing public-key artifact is absent — continuing with configured trusted identities
06:06:07.255 [error] local node self-trust was not added: node signing public-key artifact is absent — continuing with configured trusted identities
06:06:07.264 [error] local node self-trust was not added: node signing public-key artifact is absent — continuing with configured trusted identities
.
Finished in 0.02 seconds (0.00s async, 0.02s sync)
3 tests, 0 failures, 2 excluded
Running ExUnit with seed: 269239, max_cases: 8
Excluding tags: [:test]
Including tags: [location: {"test/commonplace/cli/snapshot_test.exs", 114}]

CX_SNAPMECH cwd="/home/jes/sol-snapshot-repro/wt/apps/commonplace_cli" configured="tmp/test_data" configured_read=%{compact: [], count: 4, ls: {:ok, ["node_id", "secrets", "commits", "commits.lock"]}, exists?: true} commit_store_pid=#PID<0.279.0> commit_store_state_shape={true, [:data_dir, :db, :invariant_dispatcher, :local_write_gate, :lock_ref, :name, :pending_imports, :queue_poller, :trust_side_store]} cubdb_pid=#PID<0.282.0> cubdb_state_shape=CubDB.State cubdb_data_dir="tmp/test_data/commits" cubdb_read=%{compact: ["2F.compact"], count: 2, ls: {:ok, ["2E.cub", "2F.compact"]}, exists?: true}
06:06:07.270 [error] local node self-trust was not added: node signing public-key artifact is absent — continuing with configured trusted identities
06:06:07.275 [error] local node self-trust was not added: node signing public-key artifact is absent — continuing with configured trusted identities
06:06:07.278 [error] local node self-trust was not added: node signing public-key artifact is absent — continuing with configured trusted identities
06:06:07.290 [error] local node self-trust was not added: node signing public-key artifact is absent — continuing with configured trusted identities
.
Finished in 0.02 seconds (0.00s async, 0.02s sync)
3 tests, 0 failures, 2 excluded
Running ExUnit with seed: 299159, max_cases: 8
Excluding tags: [:test]
Including tags: [location: {"test/commonplace/cli/snapshot_test.exs", 114}]

CX_SNAPMECH cwd="/home/jes/sol-snapshot-repro/wt/apps/commonplace_cli" configured="tmp/test_data" configured_read=%{compact: [], count: 4, ls: {:ok, ["node_id", "secrets", "commits", "commits.lock"]}, exists?: true} commit_store_pid=#PID<0.279.0> commit_store_state_shape={true, [:data_dir, :db, :invariant_dispatcher, :local_write_gate, :lock_ref, :name, :pending_imports, :queue_poller, :trust_side_store]} cubdb_pid=#PID<0.282.0> cubdb_state_shape=CubDB.State cubdb_data_dir="tmp/test_data/commits" cubdb_read=%{compact: ["2F.compact"], count: 2, ls: {:ok, ["2E.cub", "2F.compact"]}, exists?: true}
06:06:07.301 [error] local node self-trust was not added: node signing public-key artifact is absent — continuing with configured trusted identities
06:06:07.306 [error] local node self-trust was not added: node signing public-key artifact is absent — continuing with configured trusted identities
06:06:07.312 [error] local node self-trust was not added: node signing public-key artifact is absent — continuing with configured trusted identities
06:06:07.324 [error] local node self-trust was not added: node signing public-key artifact is absent — continuing with configured trusted identities
.
Finished in 0.02 seconds (0.00s async, 0.02s sync)
3 tests, 0 failures, 2 excluded
Running ExUnit with seed: 329242, max_cases: 8
Excluding tags: [:test]
Including tags: [location: {"test/commonplace/cli/snapshot_test.exs", 114}]

CX_SNAPMECH cwd="/home/jes/sol-snapshot-repro/wt/apps/commonplace_cli" configured="tmp/test_data" configured_read=%{compact: [], count: 4, ls: {:ok, ["node_id", "secrets", "commits", "commits.lock"]}, exists?: true} commit_store_pid=#PID<0.279.0> commit_store_state_shape={true, [:data_dir, :db, :invariant_dispatcher, :local_write_gate, :lock_ref, :name, :pending_imports, :queue_poller, :trust_side_store]} cubdb_pid=#PID<0.282.0> cubdb_state_shape=CubDB.State cubdb_data_dir="tmp/test_data/commits" cubdb_read=%{compact: ["2F.compact"], count: 2, ls: {:ok, ["2E.cub", "2F.compact"]}, exists?: true}
06:06:07.331 [error] local node self-trust was not added: node signing public-key artifact is absent — continuing with configured trusted identities
06:06:07.337 [error] local node self-trust was not added: node signing public-key artifact is absent — continuing with configured trusted identities
06:06:07.341 [error] local node self-trust was not added: node signing public-key artifact is absent — continuing with configured trusted identities
06:06:07.351 [error] local node self-trust was not added: node signing public-key artifact is absent — continuing with configured trusted identities
.
Finished in 0.02 seconds (0.00s async, 0.02s sync)
3 tests, 0 failures, 2 excluded
Running ExUnit with seed: 357799, max_cases: 8
Excluding tags: [:test]
Including tags: [location: {"test/commonplace/cli/snapshot_test.exs", 114}]

CX_SNAPMECH cwd="/home/jes/sol-snapshot-repro/wt/apps/commonplace_cli" configured="tmp/test_data" configured_read=%{compact: [], count: 4, ls: {:ok, ["node_id", "secrets", "commits", "commits.lock"]}, exists?: true} commit_store_pid=#PID<0.279.0> commit_store_state_shape={true, [:data_dir, :db, :invariant_dispatcher, :local_write_gate, :lock_ref, :name, :pending_imports, :queue_poller, :trust_side_store]} cubdb_pid=#PID<0.282.0> cubdb_state_shape=CubDB.State cubdb_data_dir="tmp/test_data/commits" cubdb_read=%{compact: ["2F.compact"], count: 2, ls: {:ok, ["2E.cub", "2F.compact"]}, exists?: true}
06:06:07.359 [error] local node self-trust was not added: node signing public-key artifact is absent — continuing with configured trusted identities
06:06:07.363 [error] local node self-trust was not added: node signing public-key artifact is absent — continuing with configured trusted identities
06:06:07.367 [error] local node self-trust was not added: node signing public-key artifact is absent — continuing with configured trusted identities
06:06:07.374 [error] local node self-trust was not added: node signing public-key artifact is absent — continuing with configured trusted identities
.
Finished in 0.02 seconds (0.00s async, 0.02s sync)
3 tests, 0 failures, 2 excluded
Running ExUnit with seed: 379584, max_cases: 8
Excluding tags: [:test]
Including tags: [location: {"test/commonplace/cli/snapshot_test.exs", 114}]

CX_SNAPMECH cwd="/home/jes/sol-snapshot-repro/wt/apps/commonplace_cli" configured="tmp/test_data" configured_read=%{compact: [], count: 4, ls: {:ok, ["node_id", "secrets", "commits", "commits.lock"]}, exists?: true} commit_store_pid=#PID<0.279.0> commit_store_state_shape={true, [:data_dir, :db, :invariant_dispatcher, :local_write_gate, :lock_ref, :name, :pending_imports, :queue_poller, :trust_side_store]} cubdb_pid=#PID<0.282.0> cubdb_state_shape=CubDB.State cubdb_data_dir="tmp/test_data/commits" cubdb_read=%{compact: ["2F.compact"], count: 2, ls: {:ok, ["2E.cub", "2F.compact"]}, exists?: true}
06:06:07.381 [error] local node self-trust was not added: node signing public-key artifact is absent — continuing with configured trusted identities
06:06:07.385 [error] local node self-trust was not added: node signing public-key artifact is absent — continuing with configured trusted identities
06:06:07.389 [error] local node self-trust was not added: node signing public-key artifact is absent — continuing with configured trusted identities
06:06:07.397 [error] local node self-trust was not added: node signing public-key artifact is absent — continuing with configured trusted identities
.
Finished in 0.02 seconds (0.00s async, 0.02s sync)
3 tests, 0 failures, 2 excluded
Running ExUnit with seed: 401968, max_cases: 8
Excluding tags: [:test]
Including tags: [location: {"test/commonplace/cli/snapshot_test.exs", 114}]

CX_SNAPMECH cwd="/home/jes/sol-snapshot-repro/wt/apps/commonplace_cli" configured="tmp/test_data" configured_read=%{compact: [], count: 4, ls: {:ok, ["node_id", "secrets", "commits", "commits.lock"]}, exists?: true} commit_store_pid=#PID<0.279.0> commit_store_state_shape={true, [:data_dir, :db, :invariant_dispatcher, :local_write_gate, :lock_ref, :name, :pending_imports, :queue_poller, :trust_side_store]} cubdb_pid=#PID<0.282.0> cubdb_state_shape=CubDB.State cubdb_data_dir="tmp/test_data/commits" cubdb_read=%{compact: ["2F.compact"], count: 2, ls: {:ok, ["2E.cub", "2F.compact"]}, exists?: true}
06:06:07.403 [error] local node self-trust was not added: node signing public-key artifact is absent — continuing with configured trusted identities
06:06:07.408 [error] local node self-trust was not added: node signing public-key artifact is absent — continuing with configured trusted identities
06:06:07.413 [error] local node self-trust was not added: node signing public-key artifact is absent — continuing with configured trusted identities
06:06:07.427 [error] local node self-trust was not added: node signing public-key artifact is absent — continuing with configured trusted identities
.
Finished in 0.03 seconds (0.00s async, 0.03s sync)
3 tests, 0 failures, 2 excluded
Running ExUnit with seed: 434077, max_cases: 8
Excluding tags: [:test]
Including tags: [location: {"test/commonplace/cli/snapshot_test.exs", 114}]

CX_SNAPMECH cwd="/home/jes/sol-snapshot-repro/wt/apps/commonplace_cli" configured="tmp/test_data" configured_read=%{compact: [], count: 4, ls: {:ok, ["node_id", "secrets", "commits", "commits.lock"]}, exists?: true} commit_store_pid=#PID<0.279.0> commit_store_state_shape={true, [:data_dir, :db, :invariant_dispatcher, :local_write_gate, :lock_ref, :name, :pending_imports, :queue_poller, :trust_side_store]} cubdb_pid=#PID<0.282.0> cubdb_state_shape=CubDB.State cubdb_data_dir="tmp/test_data/commits" cubdb_read=%{compact: ["2F.compact"], count: 2, ls: {:ok, ["2E.cub", "2F.compact"]}, exists?: true}
06:06:07.437 [error] local node self-trust was not added: node signing public-key artifact is absent — continuing with configured trusted identities
06:06:07.442 [error] local node self-trust was not added: node signing public-key artifact is absent — continuing with configured trusted identities
06:06:07.448 [error] local node self-trust was not added: node signing public-key artifact is absent — continuing with configured trusted identities
06:06:07.459 [error] local node self-trust was not added: node signing public-key artifact is absent — continuing with configured trusted identities
.
Finished in 0.03 seconds (0.00s async, 0.03s sync)
3 tests, 0 failures, 2 excluded
Running ExUnit with seed: 468275, max_cases: 8
Excluding tags: [:test]
Including tags: [location: {"test/commonplace/cli/snapshot_test.exs", 114}]

CX_SNAPMECH cwd="/home/jes/sol-snapshot-repro/wt/apps/commonplace_cli" configured="tmp/test_data" configured_read=%{compact: [], count: 4, ls: {:ok, ["node_id", "secrets", "commits", "commits.lock"]}, exists?: true} commit_store_pid=#PID<0.279.0> commit_store_state_shape={true, [:data_dir, :db, :invariant_dispatcher, :local_write_gate, :lock_ref, :name, :pending_imports, :queue_poller, :trust_side_store]} cubdb_pid=#PID<0.282.0> cubdb_state_shape=CubDB.State cubdb_data_dir="tmp/test_data/commits" cubdb_read=%{compact: ["2F.compact"], count: 2, ls: {:ok, ["2E.cub", "2F.compact"]}, exists?: true}
06:06:07.470 [error] local node self-trust was not added: node signing public-key artifact is absent — continuing with configured trusted identities
06:06:07.475 [error] local node self-trust was not added: node signing public-key artifact is absent — continuing with configured trusted identities
06:06:07.479 [error] local node self-trust was not added: node signing public-key artifact is absent — continuing with configured trusted identities
06:06:07.495 [error] local node self-trust was not added: node signing public-key artifact is absent — continuing with configured trusted identities
.
Finished in 0.03 seconds (0.00s async, 0.03s sync)
3 tests, 0 failures, 2 excluded
Running ExUnit with seed: 501777, max_cases: 8
Excluding tags: [:test]
Including tags: [location: {"test/commonplace/cli/snapshot_test.exs", 114}]

CX_SNAPMECH cwd="/home/jes/sol-snapshot-repro/wt/apps/commonplace_cli" configured="tmp/test_data" configured_read=%{compact: [], count: 4, ls: {:ok, ["node_id", "secrets", "commits", "commits.lock"]}, exists?: true} commit_store_pid=#PID<0.279.0> commit_store_state_shape={true, [:data_dir, :db, :invariant_dispatcher, :local_write_gate, :lock_ref, :name, :pending_imports, :queue_poller, :trust_side_store]} cubdb_pid=#PID<0.282.0> cubdb_state_shape=CubDB.State cubdb_data_dir="tmp/test_data/commits" cubdb_read=%{compact: ["2F.compact"], count: 2, ls: {:ok, ["2E.cub", "2F.compact"]}, exists?: true}
06:06:07.503 [error] local node self-trust was not added: node signing public-key artifact is absent — continuing with configured trusted identities
06:06:07.508 [error] local node self-trust was not added: node signing public-key artifact is absent — continuing with configured trusted identities
06:06:07.513 [error] local node self-trust was not added: node signing public-key artifact is absent — continuing with configured trusted identities
06:06:07.526 [error] local node self-trust was not added: node signing public-key artifact is absent — continuing with configured trusted identities
.
Finished in 0.02 seconds (0.00s async, 0.02s sync)
3 tests, 0 failures, 2 excluded
Running ExUnit with seed: 533623, max_cases: 8
Excluding tags: [:test]
Including tags: [location: {"test/commonplace/cli/snapshot_test.exs", 114}]

CX_SNAPMECH cwd="/home/jes/sol-snapshot-repro/wt/apps/commonplace_cli" configured="tmp/test_data" configured_read=%{compact: [], count: 4, ls: {:ok, ["node_id", "secrets", "commits", "commits.lock"]}, exists?: true} commit_store_pid=#PID<0.279.0> commit_store_state_shape={true, [:data_dir, :db, :invariant_dispatcher, :local_write_gate, :lock_ref, :name, :pending_imports, :queue_poller, :trust_side_store]} cubdb_pid=#PID<0.282.0> cubdb_state_shape=CubDB.State cubdb_data_dir="tmp/test_data/commits" cubdb_read=%{compact: [], count: 1, ls: {:ok, ["2F.cub"]}, exists?: true}
06:06:07.535 [error] local node self-trust was not added: node signing public-key artifact is absent — continuing with configured trusted identities
06:06:07.539 [error] local node self-trust was not added: node signing public-key artifact is absent — continuing with configured trusted identities
06:06:07.542 [error] local node self-trust was not added: node signing public-key artifact is absent — continuing with configured trusted identities
06:06:07.546 [error] local node self-trust was not added: node signing public-key artifact is absent — continuing with configured trusted identities
.
Finished in 0.01 seconds (0.00s async, 0.01s sync)
3 tests, 0 failures, 2 excluded
Running ExUnit with seed: 551568, max_cases: 8
Excluding tags: [:test]
Including tags: [location: {"test/commonplace/cli/snapshot_test.exs", 114}]

CX_SNAPMECH cwd="/home/jes/sol-snapshot-repro/wt/apps/commonplace_cli" configured="tmp/test_data" configured_read=%{compact: [], count: 4, ls: {:ok, ["node_id", "secrets", "commits", "commits.lock"]}, exists?: true} commit_store_pid=#PID<0.279.0> commit_store_state_shape={true, [:data_dir, :db, :invariant_dispatcher, :local_write_gate, :lock_ref, :name, :pending_imports, :queue_poller, :trust_side_store]} cubdb_pid=#PID<0.282.0> cubdb_state_shape=CubDB.State cubdb_data_dir="tmp/test_data/commits" cubdb_read=%{compact: [], count: 1, ls: {:ok, ["2F.cub"]}, exists?: true}
06:06:07.552 [error] local node self-trust was not added: node signing public-key artifact is absent — continuing with configured trusted identities
06:06:07.557 [error] local node self-trust was not added: node signing public-key artifact is absent — continuing with configured trusted identities
06:06:07.560 [error] local node self-trust was not added: node signing public-key artifact is absent — continuing with configured trusted identities
06:06:07.565 [error] local node self-trust was not added: node signing public-key artifact is absent — continuing with configured trusted identities
.
Finished in 0.01 seconds (0.00s async, 0.01s sync)
3 tests, 0 failures, 2 excluded
Running ExUnit with seed: 568922, max_cases: 8
Excluding tags: [:test]
Including tags: [location: {"test/commonplace/cli/snapshot_test.exs", 114}]

CX_SNAPMECH cwd="/home/jes/sol-snapshot-repro/wt/apps/commonplace_cli" configured="tmp/test_data" configured_read=%{compact: [], count: 4, ls: {:ok, ["node_id", "secrets", "commits", "commits.lock"]}, exists?: true} commit_store_pid=#PID<0.279.0> commit_store_state_shape={true, [:data_dir, :db, :invariant_dispatcher, :local_write_gate, :lock_ref, :name, :pending_imports, :queue_poller, :trust_side_store]} cubdb_pid=#PID<0.282.0> cubdb_state_shape=CubDB.State cubdb_data_dir="tmp/test_data/commits" cubdb_read=%{compact: [], count: 1, ls: {:ok, ["2F.cub"]}, exists?: true}
06:06:07.570 [error] local node self-trust was not added: node signing public-key artifact is absent — continuing with configured trusted identities
06:06:07.573 [error] local node self-trust was not added: node signing public-key artifact is absent — continuing with configured trusted identities
06:06:07.576 [error] local node self-trust was not added: node signing public-key artifact is absent — continuing with configured trusted identities
06:06:07.581 [error] local node self-trust was not added: node signing public-key artifact is absent — continuing with configured trusted identities
.
Finished in 0.01 seconds (0.00s async, 0.01s sync)
3 tests, 0 failures, 2 excluded
Running ExUnit with seed: 585293, max_cases: 8
Excluding tags: [:test]
Including tags: [location: {"test/commonplace/cli/snapshot_test.exs", 114}]

CX_SNAPMECH cwd="/home/jes/sol-snapshot-repro/wt/apps/commonplace_cli" configured="tmp/test_data" configured_read=%{compact: [], count: 4, ls: {:ok, ["node_id", "secrets", "commits", "commits.lock"]}, exists?: true} commit_store_pid=#PID<0.279.0> commit_store_state_shape={true, [:data_dir, :db, :invariant_dispatcher, :local_write_gate, :lock_ref, :name, :pending_imports, :queue_poller, :trust_side_store]} cubdb_pid=#PID<0.282.0> cubdb_state_shape=CubDB.State cubdb_data_dir="tmp/test_data/commits" cubdb_read=%{compact: [], count: 1, ls: {:ok, ["2F.cub"]}, exists?: true}
06:06:07.586 [error] local node self-trust was not added: node signing public-key artifact is absent — continuing with configured trusted identities
06:06:07.589 [error] local node self-trust was not added: node signing public-key artifact is absent — continuing with configured trusted identities
06:06:07.593 [error] local node self-trust was not added: node signing public-key artifact is absent — continuing with configured trusted identities
06:06:07.598 [error] local node self-trust was not added: node signing public-key artifact is absent — continuing with configured trusted identities
.
Finished in 0.01 seconds (0.00s async, 0.01s sync)
3 tests, 0 failures, 2 excluded
Running ExUnit with seed: 603479, max_cases: 8
Excluding tags: [:test]
Including tags: [location: {"test/commonplace/cli/snapshot_test.exs", 114}]

CX_SNAPMECH cwd="/home/jes/sol-snapshot-repro/wt/apps/commonplace_cli" configured="tmp/test_data" configured_read=%{compact: [], count: 4, ls: {:ok, ["node_id", "secrets", "commits", "commits.lock"]}, exists?: true} commit_store_pid=#PID<0.279.0> commit_store_state_shape={true, [:data_dir, :db, :invariant_dispatcher, :local_write_gate, :lock_ref, :name, :pending_imports, :queue_poller, :trust_side_store]} cubdb_pid=#PID<0.282.0> cubdb_state_shape=CubDB.State cubdb_data_dir="tmp/test_data/commits" cubdb_read=%{compact: [], count: 1, ls: {:ok, ["2F.cub"]}, exists?: true}
06:06:07.604 [error] local node self-trust was not added: node signing public-key artifact is absent — continuing with configured trusted identities
06:06:07.608 [error] local node self-trust was not added: node signing public-key artifact is absent — continuing with configured trusted identities
06:06:07.612 [error] local node self-trust was not added: node signing public-key artifact is absent — continuing with configured trusted identities
06:06:07.617 [error] local node self-trust was not added: node signing public-key artifact is absent — continuing with configured trusted identities
.
Finished in 0.01 seconds (0.00s async, 0.01s sync)
3 tests, 0 failures, 2 excluded
Running ExUnit with seed: 621555, max_cases: 8
Excluding tags: [:test]
Including tags: [location: {"test/commonplace/cli/snapshot_test.exs", 114}]

CX_SNAPMECH cwd="/home/jes/sol-snapshot-repro/wt/apps/commonplace_cli" configured="tmp/test_data" configured_read=%{compact: [], count: 4, ls: {:ok, ["node_id", "secrets", "commits", "commits.lock"]}, exists?: true} commit_store_pid=#PID<0.279.0> commit_store_state_shape={true, [:data_dir, :db, :invariant_dispatcher, :local_write_gate, :lock_ref, :name, :pending_imports, :queue_poller, :trust_side_store]} cubdb_pid=#PID<0.282.0> cubdb_state_shape=CubDB.State cubdb_data_dir="tmp/test_data/commits" cubdb_read=%{compact: [], count: 1, ls: {:ok, ["2F.cub"]}, exists?: true}
06:06:07.622 [error] local node self-trust was not added: node signing public-key artifact is absent — continuing with configured trusted identities
06:06:07.627 [error] local node self-trust was not added: node signing public-key artifact is absent — continuing with configured trusted identities
06:06:07.630 [error] local node self-trust was not added: node signing public-key artifact is absent — continuing with configured trusted identities
06:06:07.634 [error] local node self-trust was not added: node signing public-key artifact is absent — continuing with configured trusted identities
.
Finished in 0.01 seconds (0.00s async, 0.01s sync)
3 tests, 0 failures, 2 excluded
Running ExUnit with seed: 638335, max_cases: 8
Excluding tags: [:test]
Including tags: [location: {"test/commonplace/cli/snapshot_test.exs", 114}]

CX_SNAPMECH cwd="/home/jes/sol-snapshot-repro/wt/apps/commonplace_cli" configured="tmp/test_data" configured_read=%{compact: [], count: 4, ls: {:ok, ["node_id", "secrets", "commits", "commits.lock"]}, exists?: true} commit_store_pid=#PID<0.279.0> commit_store_state_shape={true, [:data_dir, :db, :invariant_dispatcher, :local_write_gate, :lock_ref, :name, :pending_imports, :queue_poller, :trust_side_store]} cubdb_pid=#PID<0.282.0> cubdb_state_shape=CubDB.State cubdb_data_dir="tmp/test_data/commits" cubdb_read=%{compact: [], count: 1, ls: {:ok, ["2F.cub"]}, exists?: true}
06:06:07.639 [error] local node self-trust was not added: node signing public-key artifact is absent — continuing with configured trusted identities
06:06:07.643 [error] local node self-trust was not added: node signing public-key artifact is absent — continuing with configured trusted identities
06:06:07.646 [error] local node self-trust was not added: node signing public-key artifact is absent — continuing with configured trusted identities
06:06:07.652 [error] local node self-trust was not added: node signing public-key artifact is absent — continuing with configured trusted identities
.
Finished in 0.01 seconds (0.00s async, 0.01s sync)
3 tests, 0 failures, 2 excluded
