==> commonplace
make: Nothing to be done for 'all'.
==> commonplace_cli
Running ExUnit with seed: 853626, max_cases: 8
Excluding tags: [:test]
Including tags: [location: {"test/commonplace/cli/snapshot_test.exs", 114}]

CX_SNAPMECH cwd="/home/jes/sol-snapshot-repro/wt/apps/commonplace_cli" configured="tmp/test_data" configured_read=%{compact: [], count: 4, ls: {:ok, ["node_id", "secrets", "commits", "commits.lock"]}, exists?: true} commit_store_pid=#PID<0.279.0> commit_store_state_shape={true, [:data_dir, :db, :invariant_dispatcher, :local_write_gate, :lock_ref, :name, :pending_imports, :queue_poller, :trust_side_store]} cubdb_pid=#PID<0.282.0> cubdb_state_shape=CubDB.State cubdb_data_dir="tmp/test_data/commits" cubdb_read=%{compact: [], count: 1, ls: {:ok, ["1C.cub"]}, exists?: true}
06:05:13.138 [error] local node self-trust was not added: node signing public-key artifact is absent — continuing with configured trusted identities
06:05:13.158 [error] local node self-trust was not added: node signing public-key artifact is absent — continuing with configured trusted identities
06:05:13.162 [error] local node self-trust was not added: node signing public-key artifact is absent — continuing with configured trusted identities
06:05:13.185 [error] local node self-trust was not added: node signing public-key artifact is absent — continuing with configured trusted identities
.
Finished in 0.2 seconds (0.00s async, 0.2s sync)
3 tests, 0 failures, 2 excluded
Running ExUnit with seed: 192352, max_cases: 8
Excluding tags: [:test]
Including tags: [location: {"test/commonplace/cli/snapshot_test.exs", 114}]

CX_SNAPMECH cwd="/home/jes/sol-snapshot-repro/wt/apps/commonplace_cli" configured="tmp/test_data" configured_read=%{compact: [], count: 4, ls: {:ok, ["node_id", "secrets", "commits", "commits.lock"]}, exists?: true} commit_store_pid=#PID<0.279.0> commit_store_state_shape={true, [:data_dir, :db, :invariant_dispatcher, :local_write_gate, :lock_ref, :name, :pending_imports, :queue_poller, :trust_side_store]} cubdb_pid=#PID<0.282.0> cubdb_state_shape=CubDB.State cubdb_data_dir="tmp/test_data/commits" cubdb_read=%{compact: ["1D.compact"], count: 2, ls: {:ok, ["1D.compact", "1C.cub"]}, exists?: true}
06:05:13.195 [error] local node self-trust was not added: node signing public-key artifact is absent — continuing with configured trusted identities
06:05:13.199 [error] local node self-trust was not added: node signing public-key artifact is absent — continuing with configured trusted identities
06:05:13.203 [error] local node self-trust was not added: node signing public-key artifact is absent — continuing with configured trusted identities
06:05:13.210 [error] local node self-trust was not added: node signing public-key artifact is absent — continuing with configured trusted identities
.
Finished in 0.02 seconds (0.00s async, 0.02s sync)
3 tests, 0 failures, 2 excluded
Running ExUnit with seed: 215369, max_cases: 8
Excluding tags: [:test]
Including tags: [location: {"test/commonplace/cli/snapshot_test.exs", 114}]

CX_SNAPMECH cwd="/home/jes/sol-snapshot-repro/wt/apps/commonplace_cli" configured="tmp/test_data" configured_read=%{compact: [], count: 4, ls: {:ok, ["node_id", "secrets", "commits", "commits.lock"]}, exists?: true} commit_store_pid=#PID<0.279.0> commit_store_state_shape={true, [:data_dir, :db, :invariant_dispatcher, :local_write_gate, :lock_ref, :name, :pending_imports, :queue_poller, :trust_side_store]} cubdb_pid=#PID<0.282.0> cubdb_state_shape=CubDB.State cubdb_data_dir="tmp/test_data/commits" cubdb_read=%{compact: ["1D.compact"], count: 2, ls: {:ok, ["1D.compact", "1C.cub"]}, exists?: true}
06:05:13.219 [error] local node self-trust was not added: node signing public-key artifact is absent — continuing with configured trusted identities
06:05:13.223 [error] local node self-trust was not added: node signing public-key artifact is absent — continuing with configured trusted identities
06:05:13.230 [error] local node self-trust was not added: node signing public-key artifact is absent — continuing with configured trusted identities
06:05:13.238 [error] local node self-trust was not added: node signing public-key artifact is absent — continuing with configured trusted identities
.
Finished in 0.02 seconds (0.00s async, 0.02s sync)
3 tests, 0 failures, 2 excluded
Running ExUnit with seed: 242934, max_cases: 8
Excluding tags: [:test]
Including tags: [location: {"test/commonplace/cli/snapshot_test.exs", 114}]

CX_SNAPMECH cwd="/home/jes/sol-snapshot-repro/wt/apps/commonplace_cli" configured="tmp/test_data" configured_read=%{compact: [], count: 4, ls: {:ok, ["node_id", "secrets", "commits", "commits.lock"]}, exists?: true} commit_store_pid=#PID<0.279.0> commit_store_state_shape={true, [:data_dir, :db, :invariant_dispatcher, :local_write_gate, :lock_ref, :name, :pending_imports, :queue_poller, :trust_side_store]} cubdb_pid=#PID<0.282.0> cubdb_state_shape=CubDB.State cubdb_data_dir="tmp/test_data/commits" cubdb_read=%{compact: ["1D.compact"], count: 2, ls: {:ok, ["1D.compact", "1C.cub"]}, exists?: true}
06:05:13.244 [error] local node self-trust was not added: node signing public-key artifact is absent — continuing with configured trusted identities
06:05:13.247 [error] local node self-trust was not added: node signing public-key artifact is absent — continuing with configured trusted identities
06:05:13.250 [error] local node self-trust was not added: node signing public-key artifact is absent — continuing with configured trusted identities
06:05:13.262 [error] local node self-trust was not added: node signing public-key artifact is absent — continuing with configured trusted identities
.
Finished in 0.02 seconds (0.00s async, 0.02s sync)
3 tests, 0 failures, 2 excluded
Running ExUnit with seed: 266187, max_cases: 8
Excluding tags: [:test]
Including tags: [location: {"test/commonplace/cli/snapshot_test.exs", 114}]

CX_SNAPMECH cwd="/home/jes/sol-snapshot-repro/wt/apps/commonplace_cli" configured="tmp/test_data" configured_read=%{compact: [], count: 4, ls: {:ok, ["node_id", "secrets", "commits", "commits.lock"]}, exists?: true} commit_store_pid=#PID<0.279.0> commit_store_state_shape={true, [:data_dir, :db, :invariant_dispatcher, :local_write_gate, :lock_ref, :name, :pending_imports, :queue_poller, :trust_side_store]} cubdb_pid=#PID<0.282.0> cubdb_state_shape=CubDB.State cubdb_data_dir="tmp/test_data/commits" cubdb_read=%{compact: [], count: 1, ls: {:ok, ["1D.cub"]}, exists?: true}
06:05:13.268 [error] local node self-trust was not added: node signing public-key artifact is absent — continuing with configured trusted identities
06:05:13.271 [error] local node self-trust was not added: node signing public-key artifact is absent — continuing with configured trusted identities
06:05:13.274 [error] local node self-trust was not added: node signing public-key artifact is absent — continuing with configured trusted identities
06:05:13.278 [error] local node self-trust was not added: node signing public-key artifact is absent — continuing with configured trusted identities
.
Finished in 0.01 seconds (0.00s async, 0.01s sync)
3 tests, 0 failures, 2 excluded
Running ExUnit with seed: 281491, max_cases: 8
Excluding tags: [:test]
Including tags: [location: {"test/commonplace/cli/snapshot_test.exs", 114}]

CX_SNAPMECH cwd="/home/jes/sol-snapshot-repro/wt/apps/commonplace_cli" configured="tmp/test_data" configured_read=%{compact: [], count: 4, ls: {:ok, ["node_id", "secrets", "commits", "commits.lock"]}, exists?: true} commit_store_pid=#PID<0.279.0> commit_store_state_shape={true, [:data_dir, :db, :invariant_dispatcher, :local_write_gate, :lock_ref, :name, :pending_imports, :queue_poller, :trust_side_store]} cubdb_pid=#PID<0.282.0> cubdb_state_shape=CubDB.State cubdb_data_dir="tmp/test_data/commits" cubdb_read=%{compact: [], count: 1, ls: {:ok, ["1D.cub"]}, exists?: true}
06:05:13.282 [error] local node self-trust was not added: node signing public-key artifact is absent — continuing with configured trusted identities
06:05:13.285 [error] local node self-trust was not added: node signing public-key artifact is absent — continuing with configured trusted identities
06:05:13.287 [error] local node self-trust was not added: node signing public-key artifact is absent — continuing with configured trusted identities
06:05:13.291 [error] local node self-trust was not added: node signing public-key artifact is absent — continuing with configured trusted identities
.
Finished in 0.01 seconds (0.00s async, 0.01s sync)
3 tests, 0 failures, 2 excluded
Running ExUnit with seed: 294305, max_cases: 8
Excluding tags: [:test]
Including tags: [location: {"test/commonplace/cli/snapshot_test.exs", 114}]

CX_SNAPMECH cwd="/home/jes/sol-snapshot-repro/wt/apps/commonplace_cli" configured="tmp/test_data" configured_read=%{compact: [], count: 4, ls: {:ok, ["node_id", "secrets", "commits", "commits.lock"]}, exists?: true} commit_store_pid=#PID<0.279.0> commit_store_state_shape={true, [:data_dir, :db, :invariant_dispatcher, :local_write_gate, :lock_ref, :name, :pending_imports, :queue_poller, :trust_side_store]} cubdb_pid=#PID<0.282.0> cubdb_state_shape=CubDB.State cubdb_data_dir="tmp/test_data/commits" cubdb_read=%{compact: [], count: 1, ls: {:ok, ["1D.cub"]}, exists?: true}
06:05:13.295 [error] local node self-trust was not added: node signing public-key artifact is absent — continuing with configured trusted identities
06:05:13.298 [error] local node self-trust was not added: node signing public-key artifact is absent — continuing with configured trusted identities
06:05:13.300 [error] local node self-trust was not added: node signing public-key artifact is absent — continuing with configured trusted identities
06:05:13.304 [error] local node self-trust was not added: node signing public-key artifact is absent — continuing with configured trusted identities
.
Finished in 0.01 seconds (0.00s async, 0.01s sync)
3 tests, 0 failures, 2 excluded
Running ExUnit with seed: 308301, max_cases: 8
Excluding tags: [:test]
Including tags: [location: {"test/commonplace/cli/snapshot_test.exs", 114}]

CX_SNAPMECH cwd="/home/jes/sol-snapshot-repro/wt/apps/commonplace_cli" configured="tmp/test_data" configured_read=%{compact: [], count: 4, ls: {:ok, ["node_id", "secrets", "commits", "commits.lock"]}, exists?: true} commit_store_pid=#PID<0.279.0> commit_store_state_shape={true, [:data_dir, :db, :invariant_dispatcher, :local_write_gate, :lock_ref, :name, :pending_imports, :queue_poller, :trust_side_store]} cubdb_pid=#PID<0.282.0> cubdb_state_shape=CubDB.State cubdb_data_dir="tmp/test_data/commits" cubdb_read=%{compact: [], count: 1, ls: {:ok, ["1D.cub"]}, exists?: true}
06:05:13.310 [error] local node self-trust was not added: node signing public-key artifact is absent — continuing with configured trusted identities
06:05:13.315 [error] local node self-trust was not added: node signing public-key artifact is absent — continuing with configured trusted identities
06:05:13.318 [error] local node self-trust was not added: node signing public-key artifact is absent — continuing with configured trusted identities
06:05:13.322 [error] local node self-trust was not added: node signing public-key artifact is absent — continuing with configured trusted identities
.
Finished in 0.01 seconds (0.00s async, 0.01s sync)
3 tests, 0 failures, 2 excluded
Running ExUnit with seed: 326077, max_cases: 8
Excluding tags: [:test]
Including tags: [location: {"test/commonplace/cli/snapshot_test.exs", 114}]

CX_SNAPMECH cwd="/home/jes/sol-snapshot-repro/wt/apps/commonplace_cli" configured="tmp/test_data" configured_read=%{compact: [], count: 4, ls: {:ok, ["node_id", "secrets", "commits", "commits.lock"]}, exists?: true} commit_store_pid=#PID<0.279.0> commit_store_state_shape={true, [:data_dir, :db, :invariant_dispatcher, :local_write_gate, :lock_ref, :name, :pending_imports, :queue_poller, :trust_side_store]} cubdb_pid=#PID<0.282.0> cubdb_state_shape=CubDB.State cubdb_data_dir="tmp/test_data/commits" cubdb_read=%{compact: [], count: 1, ls: {:ok, ["1D.cub"]}, exists?: true}
06:05:13.327 [error] local node self-trust was not added: node signing public-key artifact is absent — continuing with configured trusted identities
06:05:13.330 [error] local node self-trust was not added: node signing public-key artifact is absent — continuing with configured trusted identities
06:05:13.335 [error] local node self-trust was not added: node signing public-key artifact is absent — continuing with configured trusted identities
06:05:13.345 [error] local node self-trust was not added: node signing public-key artifact is absent — continuing with configured trusted identities
.
Finished in 0.02 seconds (0.00s async, 0.02s sync)
3 tests, 0 failures, 2 excluded
Running ExUnit with seed: 348960, max_cases: 8
Excluding tags: [:test]
Including tags: [location: {"test/commonplace/cli/snapshot_test.exs", 114}]

CX_SNAPMECH cwd="/home/jes/sol-snapshot-repro/wt/apps/commonplace_cli" configured="tmp/test_data" configured_read=%{compact: [], count: 4, ls: {:ok, ["node_id", "secrets", "commits", "commits.lock"]}, exists?: true} commit_store_pid=#PID<0.279.0> commit_store_state_shape={true, [:data_dir, :db, :invariant_dispatcher, :local_write_gate, :lock_ref, :name, :pending_imports, :queue_poller, :trust_side_store]} cubdb_pid=#PID<0.282.0> cubdb_state_shape=CubDB.State cubdb_data_dir="tmp/test_data/commits" cubdb_read=%{compact: [], count: 1, ls: {:ok, ["1D.cub"]}, exists?: true}
06:05:13.349 [error] local node self-trust was not added: node signing public-key artifact is absent — continuing with configured trusted identities
06:05:13.352 [error] local node self-trust was not added: node signing public-key artifact is absent — continuing with configured trusted identities
06:05:13.354 [error] local node self-trust was not added: node signing public-key artifact is absent — continuing with configured trusted identities
06:05:13.358 [error] local node self-trust was not added: node signing public-key artifact is absent — continuing with configured trusted identities
.
Finished in 0.01 seconds (0.00s async, 0.01s sync)
3 tests, 0 failures, 2 excluded
Running ExUnit with seed: 362109, max_cases: 8
Excluding tags: [:test]
Including tags: [location: {"test/commonplace/cli/snapshot_test.exs", 114}]

CX_SNAPMECH cwd="/home/jes/sol-snapshot-repro/wt/apps/commonplace_cli" configured="tmp/test_data" configured_read=%{compact: [], count: 4, ls: {:ok, ["node_id", "secrets", "commits", "commits.lock"]}, exists?: true} commit_store_pid=#PID<0.279.0> commit_store_state_shape={true, [:data_dir, :db, :invariant_dispatcher, :local_write_gate, :lock_ref, :name, :pending_imports, :queue_poller, :trust_side_store]} cubdb_pid=#PID<0.282.0> cubdb_state_shape=CubDB.State cubdb_data_dir="tmp/test_data/commits" cubdb_read=%{compact: [], count: 1, ls: {:ok, ["1D.cub"]}, exists?: true}
06:05:13.363 [error] local node self-trust was not added: node signing public-key artifact is absent — continuing with configured trusted identities
06:05:13.366 [error] local node self-trust was not added: node signing public-key artifact is absent — continuing with configured trusted identities
06:05:13.368 [error] local node self-trust was not added: node signing public-key artifact is absent — continuing with configured trusted identities
06:05:13.375 [error] local node self-trust was not added: node signing public-key artifact is absent — continuing with configured trusted identities
.
Finished in 0.01 seconds (0.00s async, 0.01s sync)
3 tests, 0 failures, 2 excluded
Running ExUnit with seed: 380281, max_cases: 8
Excluding tags: [:test]
Including tags: [location: {"test/commonplace/cli/snapshot_test.exs", 114}]

CX_SNAPMECH cwd="/home/jes/sol-snapshot-repro/wt/apps/commonplace_cli" configured="tmp/test_data" configured_read=%{compact: [], count: 4, ls: {:ok, ["node_id", "secrets", "commits", "commits.lock"]}, exists?: true} commit_store_pid=#PID<0.279.0> commit_store_state_shape={true, [:data_dir, :db, :invariant_dispatcher, :local_write_gate, :lock_ref, :name, :pending_imports, :queue_poller, :trust_side_store]} cubdb_pid=#PID<0.282.0> cubdb_state_shape=CubDB.State cubdb_data_dir="tmp/test_data/commits" cubdb_read=%{compact: ["1E.compact"], count: 2, ls: {:ok, ["1E.compact", "1D.cub"]}, exists?: true}
06:05:13.382 [error] local node self-trust was not added: node signing public-key artifact is absent — continuing with configured trusted identities
06:05:13.385 [error] local node self-trust was not added: node signing public-key artifact is absent — continuing with configured trusted identities
06:05:13.390 [error] local node self-trust was not added: node signing public-key artifact is absent — continuing with configured trusted identities
06:05:13.397 [error] local node self-trust was not added: node signing public-key artifact is absent — continuing with configured trusted identities
.
Finished in 0.02 seconds (0.00s async, 0.02s sync)
3 tests, 0 failures, 2 excluded
Running ExUnit with seed: 403419, max_cases: 8
Excluding tags: [:test]
Including tags: [location: {"test/commonplace/cli/snapshot_test.exs", 114}]

CX_SNAPMECH cwd="/home/jes/sol-snapshot-repro/wt/apps/commonplace_cli" configured="tmp/test_data" configured_read=%{compact: [], count: 4, ls: {:ok, ["node_id", "secrets", "commits", "commits.lock"]}, exists?: true} commit_store_pid=#PID<0.279.0> commit_store_state_shape={true, [:data_dir, :db, :invariant_dispatcher, :local_write_gate, :lock_ref, :name, :pending_imports, :queue_poller, :trust_side_store]} cubdb_pid=#PID<0.282.0> cubdb_state_shape=CubDB.State cubdb_data_dir="tmp/test_data/commits" cubdb_read=%{compact: ["1E.compact"], count: 2, ls: {:ok, ["1E.compact", "1D.cub"]}, exists?: true}
06:05:13.404 [error] local node self-trust was not added: node signing public-key artifact is absent — continuing with configured trusted identities
06:05:13.407 [error] local node self-trust was not added: node signing public-key artifact is absent — continuing with configured trusted identities
06:05:13.410 [error] local node self-trust was not added: node signing public-key artifact is absent — continuing with configured trusted identities
06:05:13.416 [error] local node self-trust was not added: node signing public-key artifact is absent — continuing with configured trusted identities
.
Finished in 0.01 seconds (0.00s async, 0.01s sync)
3 tests, 0 failures, 2 excluded
Running ExUnit with seed: 420141, max_cases: 8
Excluding tags: [:test]
Including tags: [location: {"test/commonplace/cli/snapshot_test.exs", 114}]

CX_SNAPMECH cwd="/home/jes/sol-snapshot-repro/wt/apps/commonplace_cli" configured="tmp/test_data" configured_read=%{compact: [], count: 4, ls: {:ok, ["node_id", "secrets", "commits", "commits.lock"]}, exists?: true} commit_store_pid=#PID<0.279.0> commit_store_state_shape={true, [:data_dir, :db, :invariant_dispatcher, :local_write_gate, :lock_ref, :name, :pending_imports, :queue_poller, :trust_side_store]} cubdb_pid=#PID<0.282.0> cubdb_state_shape=CubDB.State cubdb_data_dir="tmp/test_data/commits" cubdb_read=%{compact: ["1E.compact"], count: 2, ls: {:ok, ["1E.compact", "1D.cub"]}, exists?: true}
06:05:13.422 [error] local node self-trust was not added: node signing public-key artifact is absent — continuing with configured trusted identities
06:05:13.426 [error] local node self-trust was not added: node signing public-key artifact is absent — continuing with configured trusted identities
06:05:13.430 [error] local node self-trust was not added: node signing public-key artifact is absent — continuing with configured trusted identities
06:05:13.442 [error] local node self-trust was not added: node signing public-key artifact is absent — continuing with configured trusted identities
.
Finished in 0.02 seconds (0.00s async, 0.02s sync)
3 tests, 0 failures, 2 excluded
Running ExUnit with seed: 447992, max_cases: 8
Excluding tags: [:test]
Including tags: [location: {"test/commonplace/cli/snapshot_test.exs", 114}]

CX_SNAPMECH cwd="/home/jes/sol-snapshot-repro/wt/apps/commonplace_cli" configured="tmp/test_data" configured_read=%{compact: [], count: 4, ls: {:ok, ["node_id", "secrets", "commits", "commits.lock"]}, exists?: true} commit_store_pid=#PID<0.279.0> commit_store_state_shape={true, [:data_dir, :db, :invariant_dispatcher, :local_write_gate, :lock_ref, :name, :pending_imports, :queue_poller, :trust_side_store]} cubdb_pid=#PID<0.282.0> cubdb_state_shape=CubDB.State cubdb_data_dir="tmp/test_data/commits" cubdb_read=%{compact: ["1E.compact"], count: 2, ls: {:ok, ["1E.compact", "1D.cub"]}, exists?: true}
06:05:13.450 [error] local node self-trust was not added: node signing public-key artifact is absent — continuing with configured trusted identities
06:05:13.455 [error] local node self-trust was not added: node signing public-key artifact is absent — continuing with configured trusted identities
06:05:13.460 [error] local node self-trust was not added: node signing public-key artifact is absent — continuing with configured trusted identities
06:05:13.472 [error] local node self-trust was not added: node signing public-key artifact is absent — continuing with configured trusted identities
.
Finished in 0.02 seconds (0.00s async, 0.02s sync)
3 tests, 0 failures, 2 excluded
Running ExUnit with seed: 477589, max_cases: 8
Excluding tags: [:test]
Including tags: [location: {"test/commonplace/cli/snapshot_test.exs", 114}]

CX_SNAPMECH cwd="/home/jes/sol-snapshot-repro/wt/apps/commonplace_cli" configured="tmp/test_data" configured_read=%{compact: [], count: 4, ls: {:ok, ["node_id", "secrets", "commits", "commits.lock"]}, exists?: true} commit_store_pid=#PID<0.279.0> commit_store_state_shape={true, [:data_dir, :db, :invariant_dispatcher, :local_write_gate, :lock_ref, :name, :pending_imports, :queue_poller, :trust_side_store]} cubdb_pid=#PID<0.282.0> cubdb_state_shape=CubDB.State cubdb_data_dir="tmp/test_data/commits" cubdb_read=%{compact: ["1E.compact"], count: 2, ls: {:ok, ["1E.compact", "1D.cub"]}, exists?: true}
06:05:13.479 [error] local node self-trust was not added: node signing public-key artifact is absent — continuing with configured trusted identities
06:05:13.482 [error] local node self-trust was not added: node signing public-key artifact is absent — continuing with configured trusted identities
06:05:13.486 [error] local node self-trust was not added: node signing public-key artifact is absent — continuing with configured trusted identities
06:05:13.493 [error] local node self-trust was not added: node signing public-key artifact is absent — continuing with configured trusted identities
.
Finished in 0.01 seconds (0.00s async, 0.01s sync)
3 tests, 0 failures, 2 excluded
Running ExUnit with seed: 498663, max_cases: 8
Excluding tags: [:test]
Including tags: [location: {"test/commonplace/cli/snapshot_test.exs", 114}]

CX_SNAPMECH cwd="/home/jes/sol-snapshot-repro/wt/apps/commonplace_cli" configured="tmp/test_data" configured_read=%{compact: [], count: 4, ls: {:ok, ["node_id", "secrets", "commits", "commits.lock"]}, exists?: true} commit_store_pid=#PID<0.279.0> commit_store_state_shape={true, [:data_dir, :db, :invariant_dispatcher, :local_write_gate, :lock_ref, :name, :pending_imports, :queue_poller, :trust_side_store]} cubdb_pid=#PID<0.282.0> cubdb_state_shape=CubDB.State cubdb_data_dir="tmp/test_data/commits" cubdb_read=%{compact: ["1E.compact"], count: 2, ls: {:ok, ["1E.compact", "1D.cub"]}, exists?: true}
06:05:13.500 [error] local node self-trust was not added: node signing public-key artifact is absent — continuing with configured trusted identities
06:05:13.503 [error] local node self-trust was not added: node signing public-key artifact is absent — continuing with configured trusted identities
06:05:13.507 [error] local node self-trust was not added: node signing public-key artifact is absent — continuing with configured trusted identities
06:05:13.515 [error] local node self-trust was not added: node signing public-key artifact is absent — continuing with configured trusted identities
.
Finished in 0.01 seconds (0.00s async, 0.01s sync)
3 tests, 0 failures, 2 excluded
Running ExUnit with seed: 518695, max_cases: 8
Excluding tags: [:test]
Including tags: [location: {"test/commonplace/cli/snapshot_test.exs", 114}]

CX_SNAPMECH cwd="/home/jes/sol-snapshot-repro/wt/apps/commonplace_cli" configured="tmp/test_data" configured_read=%{compact: [], count: 4, ls: {:ok, ["node_id", "secrets", "commits", "commits.lock"]}, exists?: true} commit_store_pid=#PID<0.279.0> commit_store_state_shape={true, [:data_dir, :db, :invariant_dispatcher, :local_write_gate, :lock_ref, :name, :pending_imports, :queue_poller, :trust_side_store]} cubdb_pid=#PID<0.282.0> cubdb_state_shape=CubDB.State cubdb_data_dir="tmp/test_data/commits" cubdb_read=%{compact: [], count: 1, ls: {:ok, ["1E.cub"]}, exists?: true}
06:05:13.519 [error] local node self-trust was not added: node signing public-key artifact is absent — continuing with configured trusted identities
06:05:13.523 [error] local node self-trust was not added: node signing public-key artifact is absent — continuing with configured trusted identities
06:05:13.526 [error] local node self-trust was not added: node signing public-key artifact is absent — continuing with configured trusted identities
06:05:13.530 [error] local node self-trust was not added: node signing public-key artifact is absent — continuing with configured trusted identities
.
Finished in 0.01 seconds (0.00s async, 0.01s sync)
3 tests, 0 failures, 2 excluded
Running ExUnit with seed: 533047, max_cases: 8
Excluding tags: [:test]
Including tags: [location: {"test/commonplace/cli/snapshot_test.exs", 114}]

CX_SNAPMECH cwd="/home/jes/sol-snapshot-repro/wt/apps/commonplace_cli" configured="tmp/test_data" configured_read=%{compact: [], count: 4, ls: {:ok, ["node_id", "secrets", "commits", "commits.lock"]}, exists?: true} commit_store_pid=#PID<0.279.0> commit_store_state_shape={true, [:data_dir, :db, :invariant_dispatcher, :local_write_gate, :lock_ref, :name, :pending_imports, :queue_poller, :trust_side_store]} cubdb_pid=#PID<0.282.0> cubdb_state_shape=CubDB.State cubdb_data_dir="tmp/test_data/commits" cubdb_read=%{compact: [], count: 1, ls: {:ok, ["1E.cub"]}, exists?: true}
06:05:13.534 [error] local node self-trust was not added: node signing public-key artifact is absent — continuing with configured trusted identities
06:05:13.536 [error] local node self-trust was not added: node signing public-key artifact is absent — continuing with configured trusted identities
06:05:13.539 [error] local node self-trust was not added: node signing public-key artifact is absent — continuing with configured trusted identities
06:05:13.543 [error] local node self-trust was not added: node signing public-key artifact is absent — continuing with configured trusted identities
.
Finished in 0.01 seconds (0.00s async, 0.01s sync)
3 tests, 0 failures, 2 excluded
Running ExUnit with seed: 548577, max_cases: 8
Excluding tags: [:test]
Including tags: [location: {"test/commonplace/cli/snapshot_test.exs", 114}]

CX_SNAPMECH cwd="/home/jes/sol-snapshot-repro/wt/apps/commonplace_cli" configured="tmp/test_data" configured_read=%{compact: [], count: 4, ls: {:ok, ["node_id", "secrets", "commits", "commits.lock"]}, exists?: true} commit_store_pid=#PID<0.279.0> commit_store_state_shape={true, [:data_dir, :db, :invariant_dispatcher, :local_write_gate, :lock_ref, :name, :pending_imports, :queue_poller, :trust_side_store]} cubdb_pid=#PID<0.282.0> cubdb_state_shape=CubDB.State cubdb_data_dir="tmp/test_data/commits" cubdb_read=%{compact: [], count: 1, ls: {:ok, ["1E.cub"]}, exists?: true}
06:05:13.549 [error] local node self-trust was not added: node signing public-key artifact is absent — continuing with configured trusted identities
06:05:13.552 [error] local node self-trust was not added: node signing public-key artifact is absent — continuing with configured trusted identities
06:05:13.554 [error] local node self-trust was not added: node signing public-key artifact is absent — continuing with configured trusted identities
06:05:13.559 [error] local node self-trust was not added: node signing public-key artifact is absent — continuing with configured trusted identities
.
Finished in 0.01 seconds (0.00s async, 0.01s sync)
3 tests, 0 failures, 2 excluded
Running ExUnit with seed: 561982, max_cases: 8
Excluding tags: [:test]
Including tags: [location: {"test/commonplace/cli/snapshot_test.exs", 114}]

CX_SNAPMECH cwd="/home/jes/sol-snapshot-repro/wt/apps/commonplace_cli" configured="tmp/test_data" configured_read=%{compact: [], count: 4, ls: {:ok, ["node_id", "secrets", "commits", "commits.lock"]}, exists?: true} commit_store_pid=#PID<0.279.0> commit_store_state_shape={true, [:data_dir, :db, :invariant_dispatcher, :local_write_gate, :lock_ref, :name, :pending_imports, :queue_poller, :trust_side_store]} cubdb_pid=#PID<0.282.0> cubdb_state_shape=CubDB.State cubdb_data_dir="tmp/test_data/commits" cubdb_read=%{compact: [], count: 1, ls: {:ok, ["1E.cub"]}, exists?: true}
06:05:13.562 [error] local node self-trust was not added: node signing public-key artifact is absent — continuing with configured trusted identities
06:05:13.565 [error] local node self-trust was not added: node signing public-key artifact is absent — continuing with configured trusted identities
06:05:13.567 [error] local node self-trust was not added: node signing public-key artifact is absent — continuing with configured trusted identities
06:05:13.572 [error] local node self-trust was not added: node signing public-key artifact is absent — continuing with configured trusted identities
.
Finished in 0.01 seconds (0.00s async, 0.01s sync)
3 tests, 0 failures, 2 excluded
Running ExUnit with seed: 577330, max_cases: 8
Excluding tags: [:test]
Including tags: [location: {"test/commonplace/cli/snapshot_test.exs", 114}]

CX_SNAPMECH cwd="/home/jes/sol-snapshot-repro/wt/apps/commonplace_cli" configured="tmp/test_data" configured_read=%{compact: [], count: 4, ls: {:ok, ["node_id", "secrets", "commits", "commits.lock"]}, exists?: true} commit_store_pid=#PID<0.279.0> commit_store_state_shape={true, [:data_dir, :db, :invariant_dispatcher, :local_write_gate, :lock_ref, :name, :pending_imports, :queue_poller, :trust_side_store]} cubdb_pid=#PID<0.282.0> cubdb_state_shape=CubDB.State cubdb_data_dir="tmp/test_data/commits" cubdb_read=%{compact: [], count: 1, ls: {:ok, ["1E.cub"]}, exists?: true}
06:05:13.580 [error] local node self-trust was not added: node signing public-key artifact is absent — continuing with configured trusted identities
06:05:13.588 [error] local node self-trust was not added: node signing public-key artifact is absent — continuing with configured trusted identities
06:05:13.591 [error] local node self-trust was not added: node signing public-key artifact is absent — continuing with configured trusted identities
06:05:13.597 [error] local node self-trust was not added: node signing public-key artifact is absent — continuing with configured trusted identities
.
Finished in 0.02 seconds (0.00s async, 0.02s sync)
3 tests, 0 failures, 2 excluded
Running ExUnit with seed: 602840, max_cases: 8
Excluding tags: [:test]
Including tags: [location: {"test/commonplace/cli/snapshot_test.exs", 114}]

CX_SNAPMECH cwd="/home/jes/sol-snapshot-repro/wt/apps/commonplace_cli" configured="tmp/test_data" configured_read=%{compact: [], count: 4, ls: {:ok, ["node_id", "secrets", "commits", "commits.lock"]}, exists?: true} commit_store_pid=#PID<0.279.0> commit_store_state_shape={true, [:data_dir, :db, :invariant_dispatcher, :local_write_gate, :lock_ref, :name, :pending_imports, :queue_poller, :trust_side_store]} cubdb_pid=#PID<0.282.0> cubdb_state_shape=CubDB.State cubdb_data_dir="tmp/test_data/commits" cubdb_read=%{compact: [], count: 1, ls: {:ok, ["1E.cub"]}, exists?: true}
06:05:13.605 [error] local node self-trust was not added: node signing public-key artifact is absent — continuing with configured trusted identities
06:05:13.608 [error] local node self-trust was not added: node signing public-key artifact is absent — continuing with configured trusted identities
06:05:13.610 [error] local node self-trust was not added: node signing public-key artifact is absent — continuing with configured trusted identities
06:05:13.614 [error] local node self-trust was not added: node signing public-key artifact is absent — continuing with configured trusted identities
.
Finished in 0.01 seconds (0.00s async, 0.01s sync)
3 tests, 0 failures, 2 excluded
Running ExUnit with seed: 618134, max_cases: 8
Excluding tags: [:test]
Including tags: [location: {"test/commonplace/cli/snapshot_test.exs", 114}]

CX_SNAPMECH cwd="/home/jes/sol-snapshot-repro/wt/apps/commonplace_cli" configured="tmp/test_data" configured_read=%{compact: [], count: 4, ls: {:ok, ["node_id", "secrets", "commits", "commits.lock"]}, exists?: true} commit_store_pid=#PID<0.279.0> commit_store_state_shape={true, [:data_dir, :db, :invariant_dispatcher, :local_write_gate, :lock_ref, :name, :pending_imports, :queue_poller, :trust_side_store]} cubdb_pid=#PID<0.282.0> cubdb_state_shape=CubDB.State cubdb_data_dir="tmp/test_data/commits" cubdb_read=%{compact: [], count: 1, ls: {:ok, ["1E.cub"]}, exists?: true}
06:05:13.619 [error] local node self-trust was not added: node signing public-key artifact is absent — continuing with configured trusted identities
06:05:13.622 [error] local node self-trust was not added: node signing public-key artifact is absent — continuing with configured trusted identities
06:05:13.628 [error] local node self-trust was not added: node signing public-key artifact is absent — continuing with configured trusted identities
06:05:13.633 [error] local node self-trust was not added: node signing public-key artifact is absent — continuing with configured trusted identities
.
Finished in 0.01 seconds (0.00s async, 0.01s sync)
3 tests, 0 failures, 2 excluded
Running ExUnit with seed: 636463, max_cases: 8
Excluding tags: [:test]
Including tags: [location: {"test/commonplace/cli/snapshot_test.exs", 114}]

CX_SNAPMECH cwd="/home/jes/sol-snapshot-repro/wt/apps/commonplace_cli" configured="tmp/test_data" configured_read=%{compact: [], count: 4, ls: {:ok, ["node_id", "secrets", "commits", "commits.lock"]}, exists?: true} commit_store_pid=#PID<0.279.0> commit_store_state_shape={true, [:data_dir, :db, :invariant_dispatcher, :local_write_gate, :lock_ref, :name, :pending_imports, :queue_poller, :trust_side_store]} cubdb_pid=#PID<0.282.0> cubdb_state_shape=CubDB.State cubdb_data_dir="tmp/test_data/commits" cubdb_read=%{compact: [], count: 1, ls: {:ok, ["1E.cub"]}, exists?: true}
06:05:13.637 [error] local node self-trust was not added: node signing public-key artifact is absent — continuing with configured trusted identities
06:05:13.640 [error] local node self-trust was not added: node signing public-key artifact is absent — continuing with configured trusted identities
06:05:13.642 [error] local node self-trust was not added: node signing public-key artifact is absent — continuing with configured trusted identities
06:05:13.647 [error] local node self-trust was not added: node signing public-key artifact is absent — continuing with configured trusted identities
.
Finished in 0.01 seconds (0.00s async, 0.01s sync)
3 tests, 0 failures, 2 excluded
Running ExUnit with seed: 652391, max_cases: 8
Excluding tags: [:test]
Including tags: [location: {"test/commonplace/cli/snapshot_test.exs", 114}]

CX_SNAPMECH cwd="/home/jes/sol-snapshot-repro/wt/apps/commonplace_cli" configured="tmp/test_data" configured_read=%{compact: [], count: 4, ls: {:ok, ["node_id", "secrets", "commits", "commits.lock"]}, exists?: true} commit_store_pid=#PID<0.279.0> commit_store_state_shape={true, [:data_dir, :db, :invariant_dispatcher, :local_write_gate, :lock_ref, :name, :pending_imports, :queue_poller, :trust_side_store]} cubdb_pid=#PID<0.282.0> cubdb_state_shape=CubDB.State cubdb_data_dir="tmp/test_data/commits" cubdb_read=%{compact: [], count: 1, ls: {:ok, ["1E.cub"]}, exists?: true}
06:05:13.653 [error] local node self-trust was not added: node signing public-key artifact is absent — continuing with configured trusted identities
06:05:13.656 [error] local node self-trust was not added: node signing public-key artifact is absent — continuing with configured trusted identities
06:05:13.658 [error] local node self-trust was not added: node signing public-key artifact is absent — continuing with configured trusted identities
06:05:13.667 [error] local node self-trust was not added: node signing public-key artifact is absent — continuing with configured trusted identities
.
Finished in 0.01 seconds (0.00s async, 0.01s sync)
3 tests, 0 failures, 2 excluded
Running ExUnit with seed: 673282, max_cases: 8
Excluding tags: [:test]
Including tags: [location: {"test/commonplace/cli/snapshot_test.exs", 114}]

CX_SNAPMECH cwd="/home/jes/sol-snapshot-repro/wt/apps/commonplace_cli" configured="tmp/test_data" configured_read=%{compact: [], count: 4, ls: {:ok, ["node_id", "secrets", "commits", "commits.lock"]}, exists?: true} commit_store_pid=#PID<0.279.0> commit_store_state_shape={true, [:data_dir, :db, :invariant_dispatcher, :local_write_gate, :lock_ref, :name, :pending_imports, :queue_poller, :trust_side_store]} cubdb_pid=#PID<0.282.0> cubdb_state_shape=CubDB.State cubdb_data_dir="tmp/test_data/commits" cubdb_read=%{compact: ["1F.compact"], count: 2, ls: {:ok, ["1F.compact", "1E.cub"]}, exists?: true}
06:05:13.676 [error] local node self-trust was not added: node signing public-key artifact is absent — continuing with configured trusted identities
06:05:13.682 [error] local node self-trust was not added: node signing public-key artifact is absent — continuing with configured trusted identities
06:05:13.688 [error] local node self-trust was not added: node signing public-key artifact is absent — continuing with configured trusted identities
06:05:13.695 [error] local node self-trust was not added: node signing public-key artifact is absent — continuing with configured trusted identities
.
Finished in 0.02 seconds (0.00s async, 0.02s sync)
3 tests, 0 failures, 2 excluded
Running ExUnit with seed: 701227, max_cases: 8
Excluding tags: [:test]
Including tags: [location: {"test/commonplace/cli/snapshot_test.exs", 114}]

CX_SNAPMECH cwd="/home/jes/sol-snapshot-repro/wt/apps/commonplace_cli" configured="tmp/test_data" configured_read=%{compact: [], count: 4, ls: {:ok, ["node_id", "secrets", "commits", "commits.lock"]}, exists?: true} commit_store_pid=#PID<0.279.0> commit_store_state_shape={true, [:data_dir, :db, :invariant_dispatcher, :local_write_gate, :lock_ref, :name, :pending_imports, :queue_poller, :trust_side_store]} cubdb_pid=#PID<0.282.0> cubdb_state_shape=CubDB.State cubdb_data_dir="tmp/test_data/commits" cubdb_read=%{compact: ["1F.compact"], count: 2, ls: {:ok, ["1F.compact", "1E.cub"]}, exists?: true}
06:05:13.705 [error] local node self-trust was not added: node signing public-key artifact is absent — continuing with configured trusted identities
06:05:13.708 [error] local node self-trust was not added: node signing public-key artifact is absent — continuing with configured trusted identities
06:05:13.710 [error] local node self-trust was not added: node signing public-key artifact is absent — continuing with configured trusted identities
06:05:13.720 [error] local node self-trust was not added: node signing public-key artifact is absent — continuing with configured trusted identities
.
Finished in 0.02 seconds (0.00s async, 0.02s sync)
3 tests, 0 failures, 2 excluded
Running ExUnit with seed: 724211, max_cases: 8
Excluding tags: [:test]
Including tags: [location: {"test/commonplace/cli/snapshot_test.exs", 114}]

CX_SNAPMECH cwd="/home/jes/sol-snapshot-repro/wt/apps/commonplace_cli" configured="tmp/test_data" configured_read=%{compact: [], count: 4, ls: {:ok, ["node_id", "secrets", "commits", "commits.lock"]}, exists?: true} commit_store_pid=#PID<0.279.0> commit_store_state_shape={true, [:data_dir, :db, :invariant_dispatcher, :local_write_gate, :lock_ref, :name, :pending_imports, :queue_poller, :trust_side_store]} cubdb_pid=#PID<0.282.0> cubdb_state_shape=CubDB.State cubdb_data_dir="tmp/test_data/commits" cubdb_read=%{compact: ["1F.compact"], count: 2, ls: {:ok, ["1F.compact", "1E.cub"]}, exists?: true}
06:05:13.725 [error] local node self-trust was not added: node signing public-key artifact is absent — continuing with configured trusted identities
06:05:13.728 [error] local node self-trust was not added: node signing public-key artifact is absent — continuing with configured trusted identities
06:05:13.731 [error] local node self-trust was not added: node signing public-key artifact is absent — continuing with configured trusted identities
06:05:13.740 [error] local node self-trust was not added: node signing public-key artifact is absent — continuing with configured trusted identities
.
Finished in 0.02 seconds (0.00s async, 0.02s sync)
3 tests, 0 failures, 2 excluded
Running ExUnit with seed: 745662, max_cases: 8
Excluding tags: [:test]
Including tags: [location: {"test/commonplace/cli/snapshot_test.exs", 114}]

CX_SNAPMECH cwd="/home/jes/sol-snapshot-repro/wt/apps/commonplace_cli" configured="tmp/test_data" configured_read=%{compact: [], count: 4, ls: {:ok, ["node_id", "secrets", "commits", "commits.lock"]}, exists?: true} commit_store_pid=#PID<0.279.0> commit_store_state_shape={true, [:data_dir, :db, :invariant_dispatcher, :local_write_gate, :lock_ref, :name, :pending_imports, :queue_poller, :trust_side_store]} cubdb_pid=#PID<0.282.0> cubdb_state_shape=CubDB.State cubdb_data_dir="tmp/test_data/commits" cubdb_read=%{compact: ["1F.compact"], count: 2, ls: {:ok, ["1F.compact", "1E.cub"]}, exists?: true}
06:05:13.747 [error] local node self-trust was not added: node signing public-key artifact is absent — continuing with configured trusted identities
06:05:13.750 [error] local node self-trust was not added: node signing public-key artifact is absent — continuing with configured trusted identities
06:05:13.756 [error] local node self-trust was not added: node signing public-key artifact is absent — continuing with configured trusted identities
06:05:13.762 [error] local node self-trust was not added: node signing public-key artifact is absent — continuing with configured trusted identities
.
Finished in 0.02 seconds (0.00s async, 0.02s sync)
3 tests, 0 failures, 2 excluded
Running ExUnit with seed: 766946, max_cases: 8
Excluding tags: [:test]
Including tags: [location: {"test/commonplace/cli/snapshot_test.exs", 114}]

CX_SNAPMECH cwd="/home/jes/sol-snapshot-repro/wt/apps/commonplace_cli" configured="tmp/test_data" configured_read=%{compact: [], count: 4, ls: {:ok, ["node_id", "secrets", "commits", "commits.lock"]}, exists?: true} commit_store_pid=#PID<0.279.0> commit_store_state_shape={true, [:data_dir, :db, :invariant_dispatcher, :local_write_gate, :lock_ref, :name, :pending_imports, :queue_poller, :trust_side_store]} cubdb_pid=#PID<0.282.0> cubdb_state_shape=CubDB.State cubdb_data_dir="tmp/test_data/commits" cubdb_read=%{compact: ["1F.compact"], count: 2, ls: {:ok, ["1F.compact", "1E.cub"]}, exists?: true}
06:05:13.768 [error] local node self-trust was not added: node signing public-key artifact is absent — continuing with configured trusted identities
06:05:13.772 [error] local node self-trust was not added: node signing public-key artifact is absent — continuing with configured trusted identities
06:05:13.775 [error] local node self-trust was not added: node signing public-key artifact is absent — continuing with configured trusted identities
06:05:13.782 [error] local node self-trust was not added: node signing public-key artifact is absent — continuing with configured trusted identities
.
Finished in 0.01 seconds (0.00s async, 0.01s sync)
3 tests, 0 failures, 2 excluded
Running ExUnit with seed: 787119, max_cases: 8
Excluding tags: [:test]
Including tags: [location: {"test/commonplace/cli/snapshot_test.exs", 114}]

CX_SNAPMECH cwd="/home/jes/sol-snapshot-repro/wt/apps/commonplace_cli" configured="tmp/test_data" configured_read=%{compact: [], count: 4, ls: {:ok, ["node_id", "secrets", "commits", "commits.lock"]}, exists?: true} commit_store_pid=#PID<0.279.0> commit_store_state_shape={true, [:data_dir, :db, :invariant_dispatcher, :local_write_gate, :lock_ref, :name, :pending_imports, :queue_poller, :trust_side_store]} cubdb_pid=#PID<0.282.0> cubdb_state_shape=CubDB.State cubdb_data_dir="tmp/test_data/commits" cubdb_read=%{compact: ["1F.compact"], count: 2, ls: {:ok, ["1F.compact", "1E.cub"]}, exists?: true}
06:05:13.788 [error] local node self-trust was not added: node signing public-key artifact is absent — continuing with configured trusted identities
06:05:13.793 [error] local node self-trust was not added: node signing public-key artifact is absent — continuing with configured trusted identities
06:05:13.796 [error] local node self-trust was not added: node signing public-key artifact is absent — continuing with configured trusted identities
06:05:13.802 [error] local node self-trust was not added: node signing public-key artifact is absent — continuing with configured trusted identities
.
Finished in 0.01 seconds (0.00s async, 0.01s sync)
3 tests, 0 failures, 2 excluded
Running ExUnit with seed: 806385, max_cases: 8
Excluding tags: [:test]
Including tags: [location: {"test/commonplace/cli/snapshot_test.exs", 114}]

CX_SNAPMECH cwd="/home/jes/sol-snapshot-repro/wt/apps/commonplace_cli" configured="tmp/test_data" configured_read=%{compact: [], count: 4, ls: {:ok, ["node_id", "secrets", "commits", "commits.lock"]}, exists?: true} commit_store_pid=#PID<0.279.0> commit_store_state_shape={true, [:data_dir, :db, :invariant_dispatcher, :local_write_gate, :lock_ref, :name, :pending_imports, :queue_poller, :trust_side_store]} cubdb_pid=#PID<0.282.0> cubdb_state_shape=CubDB.State cubdb_data_dir="tmp/test_data/commits" cubdb_read=%{compact: ["1F.compact"], count: 2, ls: {:ok, ["1F.compact", "1E.cub"]}, exists?: true}
06:05:13.807 [error] local node self-trust was not added: node signing public-key artifact is absent — continuing with configured trusted identities
06:05:13.811 [error] local node self-trust was not added: node signing public-key artifact is absent — continuing with configured trusted identities
06:05:13.815 [error] local node self-trust was not added: node signing public-key artifact is absent — continuing with configured trusted identities
06:05:13.822 [error] local node self-trust was not added: node signing public-key artifact is absent — continuing with configured trusted identities
.
Finished in 0.02 seconds (0.00s async, 0.02s sync)
3 tests, 0 failures, 2 excluded
Running ExUnit with seed: 828074, max_cases: 8
Excluding tags: [:test]
Including tags: [location: {"test/commonplace/cli/snapshot_test.exs", 114}]

CX_SNAPMECH cwd="/home/jes/sol-snapshot-repro/wt/apps/commonplace_cli" configured="tmp/test_data" configured_read=%{compact: [], count: 4, ls: {:ok, ["node_id", "secrets", "commits", "commits.lock"]}, exists?: true} commit_store_pid=#PID<0.279.0> commit_store_state_shape={true, [:data_dir, :db, :invariant_dispatcher, :local_write_gate, :lock_ref, :name, :pending_imports, :queue_poller, :trust_side_store]} cubdb_pid=#PID<0.282.0> cubdb_state_shape=CubDB.State cubdb_data_dir="tmp/test_data/commits" cubdb_read=%{compact: ["1F.compact"], count: 2, ls: {:ok, ["1F.compact", "1E.cub"]}, exists?: true}
06:05:13.830 [error] local node self-trust was not added: node signing public-key artifact is absent — continuing with configured trusted identities
06:05:13.840 [error] local node self-trust was not added: node signing public-key artifact is absent — continuing with configured trusted identities
06:05:13.845 [error] local node self-trust was not added: node signing public-key artifact is absent — continuing with configured trusted identities
06:05:13.862 [error] local node self-trust was not added: node signing public-key artifact is absent — continuing with configured trusted identities
.
Finished in 0.04 seconds (0.00s async, 0.04s sync)
3 tests, 0 failures, 2 excluded
Running ExUnit with seed: 878769, max_cases: 8
Excluding tags: [:test]
Including tags: [location: {"test/commonplace/cli/snapshot_test.exs", 114}]

CX_SNAPMECH cwd="/home/jes/sol-snapshot-repro/wt/apps/commonplace_cli" configured="tmp/test_data" configured_read=%{compact: [], count: 4, ls: {:ok, ["node_id", "secrets", "commits", "commits.lock"]}, exists?: true} commit_store_pid=#PID<0.279.0> commit_store_state_shape={true, [:data_dir, :db, :invariant_dispatcher, :local_write_gate, :lock_ref, :name, :pending_imports, :queue_poller, :trust_side_store]} cubdb_pid=#PID<0.282.0> cubdb_state_shape=CubDB.State cubdb_data_dir="tmp/test_data/commits" cubdb_read=%{compact: [], count: 1, ls: {:ok, ["1F.cub"]}, exists?: true}
06:05:13.882 [error] local node self-trust was not added: node signing public-key artifact is absent — continuing with configured trusted identities
06:05:13.885 [error] local node self-trust was not added: node signing public-key artifact is absent — continuing with configured trusted identities
06:05:13.888 [error] local node self-trust was not added: node signing public-key artifact is absent — continuing with configured trusted identities
06:05:13.893 [error] local node self-trust was not added: node signing public-key artifact is absent — continuing with configured trusted identities
.
Finished in 0.01 seconds (0.00s async, 0.01s sync)
3 tests, 0 failures, 2 excluded
Running ExUnit with seed: 897119, max_cases: 8
Excluding tags: [:test]
Including tags: [location: {"test/commonplace/cli/snapshot_test.exs", 114}]

CX_SNAPMECH cwd="/home/jes/sol-snapshot-repro/wt/apps/commonplace_cli" configured="tmp/test_data" configured_read=%{compact: [], count: 4, ls: {:ok, ["node_id", "secrets", "commits", "commits.lock"]}, exists?: true} commit_store_pid=#PID<0.279.0> commit_store_state_shape={true, [:data_dir, :db, :invariant_dispatcher, :local_write_gate, :lock_ref, :name, :pending_imports, :queue_poller, :trust_side_store]} cubdb_pid=#PID<0.282.0> cubdb_state_shape=CubDB.State cubdb_data_dir="tmp/test_data/commits" cubdb_read=%{compact: [], count: 1, ls: {:ok, ["1F.cub"]}, exists?: true}
06:05:13.898 [error] local node self-trust was not added: node signing public-key artifact is absent — continuing with configured trusted identities
06:05:13.901 [error] local node self-trust was not added: node signing public-key artifact is absent — continuing with configured trusted identities
06:05:13.903 [error] local node self-trust was not added: node signing public-key artifact is absent — continuing with configured trusted identities
06:05:13.910 [error] local node self-trust was not added: node signing public-key artifact is absent — continuing with configured trusted identities
.
Finished in 0.01 seconds (0.00s async, 0.01s sync)
3 tests, 0 failures, 2 excluded
Running ExUnit with seed: 914376, max_cases: 8
Excluding tags: [:test]
Including tags: [location: {"test/commonplace/cli/snapshot_test.exs", 114}]

CX_SNAPMECH cwd="/home/jes/sol-snapshot-repro/wt/apps/commonplace_cli" configured="tmp/test_data" configured_read=%{compact: [], count: 4, ls: {:ok, ["node_id", "secrets", "commits", "commits.lock"]}, exists?: true} commit_store_pid=#PID<0.279.0> commit_store_state_shape={true, [:data_dir, :db, :invariant_dispatcher, :local_write_gate, :lock_ref, :name, :pending_imports, :queue_poller, :trust_side_store]} cubdb_pid=#PID<0.282.0> cubdb_state_shape=CubDB.State cubdb_data_dir="tmp/test_data/commits" cubdb_read=%{compact: [], count: 1, ls: {:ok, ["1F.cub"]}, exists?: true}
06:05:13.915 [error] local node self-trust was not added: node signing public-key artifact is absent — continuing with configured trusted identities
06:05:13.918 [error] local node self-trust was not added: node signing public-key artifact is absent — continuing with configured trusted identities
06:05:13.920 [error] local node self-trust was not added: node signing public-key artifact is absent — continuing with configured trusted identities
06:05:13.924 [error] local node self-trust was not added: node signing public-key artifact is absent — continuing with configured trusted identities
.
Finished in 0.01 seconds (0.00s async, 0.01s sync)
3 tests, 0 failures, 2 excluded
Running ExUnit with seed: 928484, max_cases: 8
Excluding tags: [:test]
Including tags: [location: {"test/commonplace/cli/snapshot_test.exs", 114}]

CX_SNAPMECH cwd="/home/jes/sol-snapshot-repro/wt/apps/commonplace_cli" configured="tmp/test_data" configured_read=%{compact: [], count: 4, ls: {:ok, ["node_id", "secrets", "commits", "commits.lock"]}, exists?: true} commit_store_pid=#PID<0.279.0> commit_store_state_shape={true, [:data_dir, :db, :invariant_dispatcher, :local_write_gate, :lock_ref, :name, :pending_imports, :queue_poller, :trust_side_store]} cubdb_pid=#PID<0.282.0> cubdb_state_shape=CubDB.State cubdb_data_dir="tmp/test_data/commits" cubdb_read=%{compact: [], count: 1, ls: {:ok, ["1F.cub"]}, exists?: true}
06:05:13.930 [error] local node self-trust was not added: node signing public-key artifact is absent — continuing with configured trusted identities
06:05:13.934 [error] local node self-trust was not added: node signing public-key artifact is absent — continuing with configured trusted identities
06:05:13.937 [error] local node self-trust was not added: node signing public-key artifact is absent — continuing with configured trusted identities
06:05:13.943 [error] local node self-trust was not added: node signing public-key artifact is absent — continuing with configured trusted identities
.
Finished in 0.01 seconds (0.00s async, 0.01s sync)
3 tests, 0 failures, 2 excluded
Running ExUnit with seed: 948158, max_cases: 8
Excluding tags: [:test]
Including tags: [location: {"test/commonplace/cli/snapshot_test.exs", 114}]

CX_SNAPMECH cwd="/home/jes/sol-snapshot-repro/wt/apps/commonplace_cli" configured="tmp/test_data" configured_read=%{compact: [], count: 4, ls: {:ok, ["node_id", "secrets", "commits", "commits.lock"]}, exists?: true} commit_store_pid=#PID<0.279.0> commit_store_state_shape={true, [:data_dir, :db, :invariant_dispatcher, :local_write_gate, :lock_ref, :name, :pending_imports, :queue_poller, :trust_side_store]} cubdb_pid=#PID<0.282.0> cubdb_state_shape=CubDB.State cubdb_data_dir="tmp/test_data/commits" cubdb_read=%{compact: [], count: 1, ls: {:ok, ["1F.cub"]}, exists?: true}
06:05:13.952 [error] local node self-trust was not added: node signing public-key artifact is absent — continuing with configured trusted identities
06:05:13.967 [error] local node self-trust was not added: node signing public-key artifact is absent — continuing with configured trusted identities
06:05:13.972 [error] local node self-trust was not added: node signing public-key artifact is absent — continuing with configured trusted identities
06:05:13.988 [error] local node self-trust was not added: node signing public-key artifact is absent — continuing with configured trusted identities
.
Finished in 0.04 seconds (0.00s async, 0.04s sync)
3 tests, 0 failures, 2 excluded
Running ExUnit with seed: 993686, max_cases: 8
Excluding tags: [:test]
Including tags: [location: {"test/commonplace/cli/snapshot_test.exs", 114}]

CX_SNAPMECH cwd="/home/jes/sol-snapshot-repro/wt/apps/commonplace_cli" configured="tmp/test_data" configured_read=%{compact: [], count: 4, ls: {:ok, ["node_id", "secrets", "commits", "commits.lock"]}, exists?: true} commit_store_pid=#PID<0.279.0> commit_store_state_shape={true, [:data_dir, :db, :invariant_dispatcher, :local_write_gate, :lock_ref, :name, :pending_imports, :queue_poller, :trust_side_store]} cubdb_pid=#PID<0.282.0> cubdb_state_shape=CubDB.State cubdb_data_dir="tmp/test_data/commits" cubdb_read=%{compact: [], count: 1, ls: {:ok, ["1F.cub"]}, exists?: true}
06:05:13.998 [error] local node self-trust was not added: node signing public-key artifact is absent — continuing with configured trusted identities
06:05:14.001 [error] local node self-trust was not added: node signing public-key artifact is absent — continuing with configured trusted identities
06:05:14.004 [error] local node self-trust was not added: node signing public-key artifact is absent — continuing with configured trusted identities
06:05:14.011 [error] local node self-trust was not added: node signing public-key artifact is absent — continuing with configured trusted identities
.
Finished in 0.02 seconds (0.00s async, 0.02s sync)
3 tests, 0 failures, 2 excluded
Running ExUnit with seed: 15564, max_cases: 8
Excluding tags: [:test]
Including tags: [location: {"test/commonplace/cli/snapshot_test.exs", 114}]

CX_SNAPMECH cwd="/home/jes/sol-snapshot-repro/wt/apps/commonplace_cli" configured="tmp/test_data" configured_read=%{compact: [], count: 4, ls: {:ok, ["node_id", "secrets", "commits", "commits.lock"]}, exists?: true} commit_store_pid=#PID<0.279.0> commit_store_state_shape={true, [:data_dir, :db, :invariant_dispatcher, :local_write_gate, :lock_ref, :name, :pending_imports, :queue_poller, :trust_side_store]} cubdb_pid=#PID<0.282.0> cubdb_state_shape=CubDB.State cubdb_data_dir="tmp/test_data/commits" cubdb_read=%{compact: [], count: 1, ls: {:ok, ["1F.cub"]}, exists?: true}
06:05:14.017 [error] local node self-trust was not added: node signing public-key artifact is absent — continuing with configured trusted identities
06:05:14.020 [error] local node self-trust was not added: node signing public-key artifact is absent — continuing with configured trusted identities
06:05:14.024 [error] local node self-trust was not added: node signing public-key artifact is absent — continuing with configured trusted identities
06:05:14.030 [error] local node self-trust was not added: node signing public-key artifact is absent — continuing with configured trusted identities
.
Finished in 0.01 seconds (0.00s async, 0.01s sync)
3 tests, 0 failures, 2 excluded
Running ExUnit with seed: 35989, max_cases: 8
Excluding tags: [:test]
Including tags: [location: {"test/commonplace/cli/snapshot_test.exs", 114}]

CX_SNAPMECH cwd="/home/jes/sol-snapshot-repro/wt/apps/commonplace_cli" configured="tmp/test_data" configured_read=%{compact: [], count: 4, ls: {:ok, ["node_id", "secrets", "commits", "commits.lock"]}, exists?: true} commit_store_pid=#PID<0.279.0> commit_store_state_shape={true, [:data_dir, :db, :invariant_dispatcher, :local_write_gate, :lock_ref, :name, :pending_imports, :queue_poller, :trust_side_store]} cubdb_pid=#PID<0.282.0> cubdb_state_shape=CubDB.State cubdb_data_dir="tmp/test_data/commits" cubdb_read=%{compact: [], count: 1, ls: {:ok, ["1F.cub"]}, exists?: true}
06:05:14.039 [error] local node self-trust was not added: node signing public-key artifact is absent — continuing with configured trusted identities
06:05:14.043 [error] local node self-trust was not added: node signing public-key artifact is absent — continuing with configured trusted identities
06:05:14.047 [error] local node self-trust was not added: node signing public-key artifact is absent — continuing with configured trusted identities
06:05:14.054 [error] local node self-trust was not added: node signing public-key artifact is absent — continuing with configured trusted identities
.
Finished in 0.02 seconds (0.00s async, 0.02s sync)
3 tests, 0 failures, 2 excluded
Running ExUnit with seed: 58261, max_cases: 8
Excluding tags: [:test]
Including tags: [location: {"test/commonplace/cli/snapshot_test.exs", 114}]

CX_SNAPMECH cwd="/home/jes/sol-snapshot-repro/wt/apps/commonplace_cli" configured="tmp/test_data" configured_read=%{compact: [], count: 4, ls: {:ok, ["node_id", "secrets", "commits", "commits.lock"]}, exists?: true} commit_store_pid=#PID<0.279.0> commit_store_state_shape={true, [:data_dir, :db, :invariant_dispatcher, :local_write_gate, :lock_ref, :name, :pending_imports, :queue_poller, :trust_side_store]} cubdb_pid=#PID<0.282.0> cubdb_state_shape=CubDB.State cubdb_data_dir="tmp/test_data/commits" cubdb_read=%{compact: [], count: 1, ls: {:ok, ["1F.cub"]}, exists?: true}
06:05:14.062 [error] local node self-trust was not added: node signing public-key artifact is absent — continuing with configured trusted identities
06:05:14.066 [error] local node self-trust was not added: node signing public-key artifact is absent — continuing with configured trusted identities
06:05:14.072 [error] local node self-trust was not added: node signing public-key artifact is absent — continuing with configured trusted identities
06:05:14.079 [error] local node self-trust was not added: node signing public-key artifact is absent — continuing with configured trusted identities
.
Finished in 0.02 seconds (0.00s async, 0.02s sync)
3 tests, 0 failures, 2 excluded
Running ExUnit with seed: 83106, max_cases: 8
Excluding tags: [:test]
Including tags: [location: {"test/commonplace/cli/snapshot_test.exs", 114}]

CX_SNAPMECH cwd="/home/jes/sol-snapshot-repro/wt/apps/commonplace_cli" configured="tmp/test_data" configured_read=%{compact: [], count: 4, ls: {:ok, ["node_id", "secrets", "commits", "commits.lock"]}, exists?: true} commit_store_pid=#PID<0.279.0> commit_store_state_shape={true, [:data_dir, :db, :invariant_dispatcher, :local_write_gate, :lock_ref, :name, :pending_imports, :queue_poller, :trust_side_store]} cubdb_pid=#PID<0.282.0> cubdb_state_shape=CubDB.State cubdb_data_dir="tmp/test_data/commits" cubdb_read=%{compact: [], count: 1, ls: {:ok, ["1F.cub"]}, exists?: true}
06:05:14.084 [error] local node self-trust was not added: node signing public-key artifact is absent — continuing with configured trusted identities
06:05:14.089 [error] local node self-trust was not added: node signing public-key artifact is absent — continuing with configured trusted identities
06:05:14.093 [error] local node self-trust was not added: node signing public-key artifact is absent — continuing with configured trusted identities
06:05:14.099 [error] local node self-trust was not added: node signing public-key artifact is absent — continuing with configured trusted identities
.
Finished in 0.01 seconds (0.00s async, 0.01s sync)
3 tests, 0 failures, 2 excluded
Running ExUnit with seed: 104086, max_cases: 8
Excluding tags: [:test]
Including tags: [location: {"test/commonplace/cli/snapshot_test.exs", 114}]

CX_SNAPMECH cwd="/home/jes/sol-snapshot-repro/wt/apps/commonplace_cli" configured="tmp/test_data" configured_read=%{compact: [], count: 4, ls: {:ok, ["node_id", "secrets", "commits", "commits.lock"]}, exists?: true} commit_store_pid=#PID<0.279.0> commit_store_state_shape={true, [:data_dir, :db, :invariant_dispatcher, :local_write_gate, :lock_ref, :name, :pending_imports, :queue_poller, :trust_side_store]} cubdb_pid=#PID<0.282.0> cubdb_state_shape=CubDB.State cubdb_data_dir="tmp/test_data/commits" cubdb_read=%{compact: [], count: 1, ls: {:ok, ["1F.cub"]}, exists?: true}
06:05:14.105 [error] local node self-trust was not added: node signing public-key artifact is absent — continuing with configured trusted identities
06:05:14.109 [error] local node self-trust was not added: node signing public-key artifact is absent — continuing with configured trusted identities
06:05:14.112 [error] local node self-trust was not added: node signing public-key artifact is absent — continuing with configured trusted identities
06:05:14.118 [error] local node self-trust was not added: node signing public-key artifact is absent — continuing with configured trusted identities
.
Finished in 0.01 seconds (0.00s async, 0.01s sync)
3 tests, 0 failures, 2 excluded
Running ExUnit with seed: 122924, max_cases: 8
Excluding tags: [:test]
Including tags: [location: {"test/commonplace/cli/snapshot_test.exs", 114}]

CX_SNAPMECH cwd="/home/jes/sol-snapshot-repro/wt/apps/commonplace_cli" configured="tmp/test_data" configured_read=%{compact: [], count: 4, ls: {:ok, ["node_id", "secrets", "commits", "commits.lock"]}, exists?: true} commit_store_pid=#PID<0.279.0> commit_store_state_shape={true, [:data_dir, :db, :invariant_dispatcher, :local_write_gate, :lock_ref, :name, :pending_imports, :queue_poller, :trust_side_store]} cubdb_pid=#PID<0.282.0> cubdb_state_shape=CubDB.State cubdb_data_dir="tmp/test_data/commits" cubdb_read=%{compact: [], count: 1, ls: {:ok, ["1F.cub"]}, exists?: true}
06:05:14.124 [error] local node self-trust was not added: node signing public-key artifact is absent — continuing with configured trusted identities
06:05:14.127 [error] local node self-trust was not added: node signing public-key artifact is absent — continuing with configured trusted identities
06:05:14.130 [error] local node self-trust was not added: node signing public-key artifact is absent — continuing with configured trusted identities
06:05:14.135 [error] local node self-trust was not added: node signing public-key artifact is absent — continuing with configured trusted identities
.
Finished in 0.01 seconds (0.00s async, 0.01s sync)
3 tests, 0 failures, 2 excluded
Running ExUnit with seed: 139751, max_cases: 8
Excluding tags: [:test]
Including tags: [location: {"test/commonplace/cli/snapshot_test.exs", 114}]

CX_SNAPMECH cwd="/home/jes/sol-snapshot-repro/wt/apps/commonplace_cli" configured="tmp/test_data" configured_read=%{compact: [], count: 4, ls: {:ok, ["node_id", "secrets", "commits", "commits.lock"]}, exists?: true} commit_store_pid=#PID<0.279.0> commit_store_state_shape={true, [:data_dir, :db, :invariant_dispatcher, :local_write_gate, :lock_ref, :name, :pending_imports, :queue_poller, :trust_side_store]} cubdb_pid=#PID<0.282.0> cubdb_state_shape=CubDB.State cubdb_data_dir="tmp/test_data/commits" cubdb_read=%{compact: [], count: 1, ls: {:ok, ["1F.cub"]}, exists?: true}
06:05:14.141 [error] local node self-trust was not added: node signing public-key artifact is absent — continuing with configured trusted identities
06:05:14.144 [error] local node self-trust was not added: node signing public-key artifact is absent — continuing with configured trusted identities
06:05:14.147 [error] local node self-trust was not added: node signing public-key artifact is absent — continuing with configured trusted identities
06:05:14.154 [error] local node self-trust was not added: node signing public-key artifact is absent — continuing with configured trusted identities
.
Finished in 0.01 seconds (0.00s async, 0.01s sync)
3 tests, 0 failures, 2 excluded
Running ExUnit with seed: 159464, max_cases: 8
Excluding tags: [:test]
Including tags: [location: {"test/commonplace/cli/snapshot_test.exs", 114}]

CX_SNAPMECH cwd="/home/jes/sol-snapshot-repro/wt/apps/commonplace_cli" configured="tmp/test_data" configured_read=%{compact: [], count: 4, ls: {:ok, ["node_id", "secrets", "commits", "commits.lock"]}, exists?: true} commit_store_pid=#PID<0.279.0> commit_store_state_shape={true, [:data_dir, :db, :invariant_dispatcher, :local_write_gate, :lock_ref, :name, :pending_imports, :queue_poller, :trust_side_store]} cubdb_pid=#PID<0.282.0> cubdb_state_shape=CubDB.State cubdb_data_dir="tmp/test_data/commits" cubdb_read=%{compact: [], count: 1, ls: {:ok, ["1F.cub"]}, exists?: true}
06:05:14.160 [error] local node self-trust was not added: node signing public-key artifact is absent — continuing with configured trusted identities
06:05:14.164 [error] local node self-trust was not added: node signing public-key artifact is absent — continuing with configured trusted identities
06:05:14.168 [error] local node self-trust was not added: node signing public-key artifact is absent — continuing with configured trusted identities
06:05:14.182 [error] local node self-trust was not added: node signing public-key artifact is absent — continuing with configured trusted identities
.
Finished in 0.03 seconds (0.00s async, 0.03s sync)
3 tests, 0 failures, 2 excluded
Running ExUnit with seed: 193700, max_cases: 8
Excluding tags: [:test]
Including tags: [location: {"test/commonplace/cli/snapshot_test.exs", 114}]

CX_SNAPMECH cwd="/home/jes/sol-snapshot-repro/wt/apps/commonplace_cli" configured="tmp/test_data" configured_read=%{compact: [], count: 4, ls: {:ok, ["node_id", "secrets", "commits", "commits.lock"]}, exists?: true} commit_store_pid=#PID<0.279.0> commit_store_state_shape={true, [:data_dir, :db, :invariant_dispatcher, :local_write_gate, :lock_ref, :name, :pending_imports, :queue_poller, :trust_side_store]} cubdb_pid=#PID<0.282.0> cubdb_state_shape=CubDB.State cubdb_data_dir="tmp/test_data/commits" cubdb_read=%{compact: ["20.compact"], count: 2, ls: {:ok, ["1F.cub", "20.compact"]}, exists?: true}
06:05:14.196 [error] local node self-trust was not added: node signing public-key artifact is absent — continuing with configured trusted identities
06:05:14.202 [error] local node self-trust was not added: node signing public-key artifact is absent — continuing with configured trusted identities
06:05:14.205 [error] local node self-trust was not added: node signing public-key artifact is absent — continuing with configured trusted identities
06:05:14.211 [error] local node self-trust was not added: node signing public-key artifact is absent — continuing with configured trusted identities
.
Finished in 0.02 seconds (0.00s async, 0.02s sync)
3 tests, 0 failures, 2 excluded
Running ExUnit with seed: 215262, max_cases: 8
Excluding tags: [:test]
Including tags: [location: {"test/commonplace/cli/snapshot_test.exs", 114}]

CX_SNAPMECH cwd="/home/jes/sol-snapshot-repro/wt/apps/commonplace_cli" configured="tmp/test_data" configured_read=%{compact: [], count: 4, ls: {:ok, ["node_id", "secrets", "commits", "commits.lock"]}, exists?: true} commit_store_pid=#PID<0.279.0> commit_store_state_shape={true, [:data_dir, :db, :invariant_dispatcher, :local_write_gate, :lock_ref, :name, :pending_imports, :queue_poller, :trust_side_store]} cubdb_pid=#PID<0.282.0> cubdb_state_shape=CubDB.State cubdb_data_dir="tmp/test_data/commits" cubdb_read=%{compact: ["20.compact"], count: 2, ls: {:ok, ["1F.cub", "20.compact"]}, exists?: true}
06:05:14.216 [error] local node self-trust was not added: node signing public-key artifact is absent — continuing with configured trusted identities
06:05:14.223 [error] local node self-trust was not added: node signing public-key artifact is absent — continuing with configured trusted identities
06:05:14.227 [error] local node self-trust was not added: node signing public-key artifact is absent — continuing with configured trusted identities
06:05:14.234 [error] local node self-trust was not added: node signing public-key artifact is absent — continuing with configured trusted identities
.
Finished in 0.02 seconds (0.00s async, 0.02s sync)
3 tests, 0 failures, 2 excluded
Running ExUnit with seed: 238303, max_cases: 8
Excluding tags: [:test]
Including tags: [location: {"test/commonplace/cli/snapshot_test.exs", 114}]

CX_SNAPMECH cwd="/home/jes/sol-snapshot-repro/wt/apps/commonplace_cli" configured="tmp/test_data" configured_read=%{compact: [], count: 4, ls: {:ok, ["node_id", "secrets", "commits", "commits.lock"]}, exists?: true} commit_store_pid=#PID<0.279.0> commit_store_state_shape={true, [:data_dir, :db, :invariant_dispatcher, :local_write_gate, :lock_ref, :name, :pending_imports, :queue_poller, :trust_side_store]} cubdb_pid=#PID<0.282.0> cubdb_state_shape=CubDB.State cubdb_data_dir="tmp/test_data/commits" cubdb_read=%{compact: ["20.compact"], count: 2, ls: {:ok, ["1F.cub", "20.compact"]}, exists?: true}
06:05:14.239 [error] local node self-trust was not added: node signing public-key artifact is absent — continuing with configured trusted identities
06:05:14.245 [error] local node self-trust was not added: node signing public-key artifact is absent — continuing with configured trusted identities
06:05:14.250 [error] local node self-trust was not added: node signing public-key artifact is absent — continuing with configured trusted identities
06:05:14.260 [error] local node self-trust was not added: node signing public-key artifact is absent — continuing with configured trusted identities
.
Finished in 0.02 seconds (0.00s async, 0.02s sync)
3 tests, 0 failures, 2 excluded
Running ExUnit with seed: 264835, max_cases: 8
Excluding tags: [:test]
Including tags: [location: {"test/commonplace/cli/snapshot_test.exs", 114}]

CX_SNAPMECH cwd="/home/jes/sol-snapshot-repro/wt/apps/commonplace_cli" configured="tmp/test_data" configured_read=%{compact: [], count: 4, ls: {:ok, ["node_id", "secrets", "commits", "commits.lock"]}, exists?: true} commit_store_pid=#PID<0.279.0> commit_store_state_shape={true, [:data_dir, :db, :invariant_dispatcher, :local_write_gate, :lock_ref, :name, :pending_imports, :queue_poller, :trust_side_store]} cubdb_pid=#PID<0.282.0> cubdb_state_shape=CubDB.State cubdb_data_dir="tmp/test_data/commits" cubdb_read=%{compact: ["20.compact"], count: 2, ls: {:ok, ["1F.cub", "20.compact"]}, exists?: true}
06:05:14.266 [error] local node self-trust was not added: node signing public-key artifact is absent — continuing with configured trusted identities
06:05:14.270 [error] local node self-trust was not added: node signing public-key artifact is absent — continuing with configured trusted identities
06:05:14.273 [error] local node self-trust was not added: node signing public-key artifact is absent — continuing with configured trusted identities
06:05:14.280 [error] local node self-trust was not added: node signing public-key artifact is absent — continuing with configured trusted identities
.
Finished in 0.02 seconds (0.00s async, 0.02s sync)
3 tests, 0 failures, 2 excluded
Running ExUnit with seed: 289900, max_cases: 8
Excluding tags: [:test]
Including tags: [location: {"test/commonplace/cli/snapshot_test.exs", 114}]

CX_SNAPMECH cwd="/home/jes/sol-snapshot-repro/wt/apps/commonplace_cli" configured="tmp/test_data" configured_read=%{compact: [], count: 4, ls: {:ok, ["node_id", "secrets", "commits", "commits.lock"]}, exists?: true} commit_store_pid=#PID<0.279.0> commit_store_state_shape={true, [:data_dir, :db, :invariant_dispatcher, :local_write_gate, :lock_ref, :name, :pending_imports, :queue_poller, :trust_side_store]} cubdb_pid=#PID<0.282.0> cubdb_state_shape=CubDB.State cubdb_data_dir="tmp/test_data/commits" cubdb_read=%{compact: ["20.compact"], count: 2, ls: {:ok, ["1F.cub", "20.compact"]}, exists?: true}
06:05:14.291 [error] local node self-trust was not added: node signing public-key artifact is absent — continuing with configured trusted identities
06:05:14.295 [error] local node self-trust was not added: node signing public-key artifact is absent — continuing with configured trusted identities
06:05:14.298 [error] local node self-trust was not added: node signing public-key artifact is absent — continuing with configured trusted identities
06:05:14.304 [error] local node self-trust was not added: node signing public-key artifact is absent — continuing with configured trusted identities
.
Finished in 0.01 seconds (0.00s async, 0.01s sync)
3 tests, 0 failures, 2 excluded
Running ExUnit with seed: 308468, max_cases: 8
Excluding tags: [:test]
Including tags: [location: {"test/commonplace/cli/snapshot_test.exs", 114}]

CX_SNAPMECH cwd="/home/jes/sol-snapshot-repro/wt/apps/commonplace_cli" configured="tmp/test_data" configured_read=%{compact: [], count: 4, ls: {:ok, ["node_id", "secrets", "commits", "commits.lock"]}, exists?: true} commit_store_pid=#PID<0.279.0> commit_store_state_shape={true, [:data_dir, :db, :invariant_dispatcher, :local_write_gate, :lock_ref, :name, :pending_imports, :queue_poller, :trust_side_store]} cubdb_pid=#PID<0.282.0> cubdb_state_shape=CubDB.State cubdb_data_dir="tmp/test_data/commits" cubdb_read=%{compact: ["20.compact"], count: 2, ls: {:ok, ["1F.cub", "20.compact"]}, exists?: true}
06:05:14.310 [error] local node self-trust was not added: node signing public-key artifact is absent — continuing with configured trusted identities
06:05:14.313 [error] local node self-trust was not added: node signing public-key artifact is absent — continuing with configured trusted identities
06:05:14.316 [error] local node self-trust was not added: node signing public-key artifact is absent — continuing with configured trusted identities
06:05:14.324 [error] local node self-trust was not added: node signing public-key artifact is absent — continuing with configured trusted identities
.
Finished in 0.01 seconds (0.00s async, 0.01s sync)
3 tests, 0 failures, 2 excluded
Running ExUnit with seed: 328374, max_cases: 8
Excluding tags: [:test]
Including tags: [location: {"test/commonplace/cli/snapshot_test.exs", 114}]

CX_SNAPMECH cwd="/home/jes/sol-snapshot-repro/wt/apps/commonplace_cli" configured="tmp/test_data" configured_read=%{compact: [], count: 4, ls: {:ok, ["node_id", "secrets", "commits", "commits.lock"]}, exists?: true} commit_store_pid=#PID<0.279.0> commit_store_state_shape={true, [:data_dir, :db, :invariant_dispatcher, :local_write_gate, :lock_ref, :name, :pending_imports, :queue_poller, :trust_side_store]} cubdb_pid=#PID<0.282.0> cubdb_state_shape=CubDB.State cubdb_data_dir="tmp/test_data/commits" cubdb_read=%{compact: ["20.compact"], count: 2, ls: {:ok, ["1F.cub", "20.compact"]}, exists?: true}
06:05:14.331 [error] local node self-trust was not added: node signing public-key artifact is absent — continuing with configured trusted identities
06:05:14.336 [error] local node self-trust was not added: node signing public-key artifact is absent — continuing with configured trusted identities
06:05:14.341 [error] local node self-trust was not added: node signing public-key artifact is absent — continuing with configured trusted identities
06:05:14.350 [error] local node self-trust was not added: node signing public-key artifact is absent — continuing with configured trusted identities
.
Finished in 0.02 seconds (0.00s async, 0.02s sync)
3 tests, 0 failures, 2 excluded
Running ExUnit with seed: 355865, max_cases: 8
Excluding tags: [:test]
Including tags: [location: {"test/commonplace/cli/snapshot_test.exs", 114}]

CX_SNAPMECH cwd="/home/jes/sol-snapshot-repro/wt/apps/commonplace_cli" configured="tmp/test_data" configured_read=%{compact: [], count: 4, ls: {:ok, ["node_id", "secrets", "commits", "commits.lock"]}, exists?: true} commit_store_pid=#PID<0.279.0> commit_store_state_shape={true, [:data_dir, :db, :invariant_dispatcher, :local_write_gate, :lock_ref, :name, :pending_imports, :queue_poller, :trust_side_store]} cubdb_pid=#PID<0.282.0> cubdb_state_shape=CubDB.State cubdb_data_dir="tmp/test_data/commits" cubdb_read=%{compact: ["20.compact"], count: 2, ls: {:ok, ["1F.cub", "20.compact"]}, exists?: true}
06:05:14.357 [error] local node self-trust was not added: node signing public-key artifact is absent — continuing with configured trusted identities
06:05:14.361 [error] local node self-trust was not added: node signing public-key artifact is absent — continuing with configured trusted identities
06:05:14.365 [error] local node self-trust was not added: node signing public-key artifact is absent — continuing with configured trusted identities
06:05:14.375 [error] local node self-trust was not added: node signing public-key artifact is absent — continuing with configured trusted identities
.
Finished in 0.02 seconds (0.00s async, 0.02s sync)
3 tests, 0 failures, 2 excluded
Running ExUnit with seed: 383109, max_cases: 8
Excluding tags: [:test]
Including tags: [location: {"test/commonplace/cli/snapshot_test.exs", 114}]

CX_SNAPMECH cwd="/home/jes/sol-snapshot-repro/wt/apps/commonplace_cli" configured="tmp/test_data" configured_read=%{compact: [], count: 4, ls: {:ok, ["node_id", "secrets", "commits", "commits.lock"]}, exists?: true} commit_store_pid=#PID<0.279.0> commit_store_state_shape={true, [:data_dir, :db, :invariant_dispatcher, :local_write_gate, :lock_ref, :name, :pending_imports, :queue_poller, :trust_side_store]} cubdb_pid=#PID<0.282.0> cubdb_state_shape=CubDB.State cubdb_data_dir="tmp/test_data/commits" cubdb_read=%{compact: ["20.compact"], count: 2, ls: {:ok, ["1F.cub", "20.compact"]}, exists?: true}
06:05:14.385 [error] local node self-trust was not added: node signing public-key artifact is absent — continuing with configured trusted identities
06:05:14.397 [error] local node self-trust was not added: node signing public-key artifact is absent — continuing with configured trusted identities
06:05:14.400 [error] local node self-trust was not added: node signing public-key artifact is absent — continuing with configured trusted identities
06:05:14.407 [error] local node self-trust was not added: node signing public-key artifact is absent — continuing with configured trusted identities
.
Finished in 0.02 seconds (0.00s async, 0.02s sync)
3 tests, 0 failures, 2 excluded
Running ExUnit with seed: 411320, max_cases: 8
Excluding tags: [:test]
Including tags: [location: {"test/commonplace/cli/snapshot_test.exs", 114}]

CX_SNAPMECH cwd="/home/jes/sol-snapshot-repro/wt/apps/commonplace_cli" configured="tmp/test_data" configured_read=%{compact: [], count: 4, ls: {:ok, ["node_id", "secrets", "commits", "commits.lock"]}, exists?: true} commit_store_pid=#PID<0.279.0> commit_store_state_shape={true, [:data_dir, :db, :invariant_dispatcher, :local_write_gate, :lock_ref, :name, :pending_imports, :queue_poller, :trust_side_store]} cubdb_pid=#PID<0.282.0> cubdb_state_shape=CubDB.State cubdb_data_dir="tmp/test_data/commits" cubdb_read=%{compact: ["20.compact"], count: 2, ls: {:ok, ["1F.cub", "20.compact"]}, exists?: true}
06:05:14.413 [error] local node self-trust was not added: node signing public-key artifact is absent — continuing with configured trusted identities
06:05:14.416 [error] local node self-trust was not added: node signing public-key artifact is absent — continuing with configured trusted identities
06:05:14.420 [error] local node self-trust was not added: node signing public-key artifact is absent — continuing with configured trusted identities
06:05:14.431 [error] local node self-trust was not added: node signing public-key artifact is absent — continuing with configured trusted identities
.
Finished in 0.02 seconds (0.00s async, 0.02s sync)
3 tests, 0 failures, 2 excluded
Running ExUnit with seed: 437767, max_cases: 8
Excluding tags: [:test]
Including tags: [location: {"test/commonplace/cli/snapshot_test.exs", 114}]

CX_SNAPMECH cwd="/home/jes/sol-snapshot-repro/wt/apps/commonplace_cli" configured="tmp/test_data" configured_read=%{compact: [], count: 4, ls: {:ok, ["node_id", "secrets", "commits", "commits.lock"]}, exists?: true} commit_store_pid=#PID<0.279.0> commit_store_state_shape={true, [:data_dir, :db, :invariant_dispatcher, :local_write_gate, :lock_ref, :name, :pending_imports, :queue_poller, :trust_side_store]} cubdb_pid=#PID<0.282.0> cubdb_state_shape=CubDB.State cubdb_data_dir="tmp/test_data/commits" cubdb_read=%{compact: [], count: 1, ls: {:ok, ["20.cub"]}, exists?: true}
06:05:14.439 [error] local node self-trust was not added: node signing public-key artifact is absent — continuing with configured trusted identities
06:05:14.443 [error] local node self-trust was not added: node signing public-key artifact is absent — continuing with configured trusted identities
06:05:14.446 [error] local node self-trust was not added: node signing public-key artifact is absent — continuing with configured trusted identities
06:05:14.454 [error] local node self-trust was not added: node signing public-key artifact is absent — continuing with configured trusted identities
.
Finished in 0.02 seconds (0.00s async, 0.02s sync)
3 tests, 0 failures, 2 excluded
Running ExUnit with seed: 459885, max_cases: 8
Excluding tags: [:test]
Including tags: [location: {"test/commonplace/cli/snapshot_test.exs", 114}]

CX_SNAPMECH cwd="/home/jes/sol-snapshot-repro/wt/apps/commonplace_cli" configured="tmp/test_data" configured_read=%{compact: [], count: 4, ls: {:ok, ["node_id", "secrets", "commits", "commits.lock"]}, exists?: true} commit_store_pid=#PID<0.279.0> commit_store_state_shape={true, [:data_dir, :db, :invariant_dispatcher, :local_write_gate, :lock_ref, :name, :pending_imports, :queue_poller, :trust_side_store]} cubdb_pid=#PID<0.282.0> cubdb_state_shape=CubDB.State cubdb_data_dir="tmp/test_data/commits" cubdb_read=%{compact: [], count: 1, ls: {:ok, ["20.cub"]}, exists?: true}
06:05:14.461 [error] local node self-trust was not added: node signing public-key artifact is absent — continuing with configured trusted identities
06:05:14.464 [error] local node self-trust was not added: node signing public-key artifact is absent — continuing with configured trusted identities
06:05:14.466 [error] local node self-trust was not added: node signing public-key artifact is absent — continuing with configured trusted identities
06:05:14.472 [error] local node self-trust was not added: node signing public-key artifact is absent — continuing with configured trusted identities
.
Finished in 0.01 seconds (0.00s async, 0.01s sync)
3 tests, 0 failures, 2 excluded
Running ExUnit with seed: 477066, max_cases: 8
Excluding tags: [:test]
Including tags: [location: {"test/commonplace/cli/snapshot_test.exs", 114}]

CX_SNAPMECH cwd="/home/jes/sol-snapshot-repro/wt/apps/commonplace_cli" configured="tmp/test_data" configured_read=%{compact: [], count: 4, ls: {:ok, ["node_id", "secrets", "commits", "commits.lock"]}, exists?: true} commit_store_pid=#PID<0.279.0> commit_store_state_shape={true, [:data_dir, :db, :invariant_dispatcher, :local_write_gate, :lock_ref, :name, :pending_imports, :queue_poller, :trust_side_store]} cubdb_pid=#PID<0.282.0> cubdb_state_shape=CubDB.State cubdb_data_dir="tmp/test_data/commits" cubdb_read=%{compact: [], count: 1, ls: {:ok, ["20.cub"]}, exists?: true}
06:05:14.478 [error] local node self-trust was not added: node signing public-key artifact is absent — continuing with configured trusted identities
06:05:14.482 [error] local node self-trust was not added: node signing public-key artifact is absent — continuing with configured trusted identities
06:05:14.485 [error] local node self-trust was not added: node signing public-key artifact is absent — continuing with configured trusted identities
06:05:14.490 [error] local node self-trust was not added: node signing public-key artifact is absent — continuing with configured trusted identities
.
Finished in 0.01 seconds (0.00s async, 0.01s sync)
3 tests, 0 failures, 2 excluded
Running ExUnit with seed: 496973, max_cases: 8
Excluding tags: [:test]
Including tags: [location: {"test/commonplace/cli/snapshot_test.exs", 114}]

CX_SNAPMECH cwd="/home/jes/sol-snapshot-repro/wt/apps/commonplace_cli" configured="tmp/test_data" configured_read=%{compact: [], count: 4, ls: {:ok, ["node_id", "secrets", "commits", "commits.lock"]}, exists?: true} commit_store_pid=#PID<0.279.0> commit_store_state_shape={true, [:data_dir, :db, :invariant_dispatcher, :local_write_gate, :lock_ref, :name, :pending_imports, :queue_poller, :trust_side_store]} cubdb_pid=#PID<0.282.0> cubdb_state_shape=CubDB.State cubdb_data_dir="tmp/test_data/commits" cubdb_read=%{compact: [], count: 1, ls: {:ok, ["20.cub"]}, exists?: true}
06:05:14.499 [error] local node self-trust was not added: node signing public-key artifact is absent — continuing with configured trusted identities
06:05:14.503 [error] local node self-trust was not added: node signing public-key artifact is absent — continuing with configured trusted identities
06:05:14.506 [error] local node self-trust was not added: node signing public-key artifact is absent — continuing with configured trusted identities
06:05:14.511 [error] local node self-trust was not added: node signing public-key artifact is absent — continuing with configured trusted identities
.
Finished in 0.01 seconds (0.00s async, 0.01s sync)
3 tests, 0 failures, 2 excluded
Running ExUnit with seed: 515433, max_cases: 8
Excluding tags: [:test]
Including tags: [location: {"test/commonplace/cli/snapshot_test.exs", 114}]

CX_SNAPMECH cwd="/home/jes/sol-snapshot-repro/wt/apps/commonplace_cli" configured="tmp/test_data" configured_read=%{compact: [], count: 4, ls: {:ok, ["node_id", "secrets", "commits", "commits.lock"]}, exists?: true} commit_store_pid=#PID<0.279.0> commit_store_state_shape={true, [:data_dir, :db, :invariant_dispatcher, :local_write_gate, :lock_ref, :name, :pending_imports, :queue_poller, :trust_side_store]} cubdb_pid=#PID<0.282.0> cubdb_state_shape=CubDB.State cubdb_data_dir="tmp/test_data/commits" cubdb_read=%{compact: [], count: 1, ls: {:ok, ["20.cub"]}, exists?: true}
06:05:14.516 [error] local node self-trust was not added: node signing public-key artifact is absent — continuing with configured trusted identities
06:05:14.520 [error] local node self-trust was not added: node signing public-key artifact is absent — continuing with configured trusted identities
06:05:14.523 [error] local node self-trust was not added: node signing public-key artifact is absent — continuing with configured trusted identities
06:05:14.528 [error] local node self-trust was not added: node signing public-key artifact is absent — continuing with configured trusted identities
.
Finished in 0.01 seconds (0.00s async, 0.01s sync)
3 tests, 0 failures, 2 excluded
Running ExUnit with seed: 533177, max_cases: 8
Excluding tags: [:test]
Including tags: [location: {"test/commonplace/cli/snapshot_test.exs", 114}]

CX_SNAPMECH cwd="/home/jes/sol-snapshot-repro/wt/apps/commonplace_cli" configured="tmp/test_data" configured_read=%{compact: [], count: 4, ls: {:ok, ["node_id", "secrets", "commits", "commits.lock"]}, exists?: true} commit_store_pid=#PID<0.279.0> commit_store_state_shape={true, [:data_dir, :db, :invariant_dispatcher, :local_write_gate, :lock_ref, :name, :pending_imports, :queue_poller, :trust_side_store]} cubdb_pid=#PID<0.282.0> cubdb_state_shape=CubDB.State cubdb_data_dir="tmp/test_data/commits" cubdb_read=%{compact: [], count: 1, ls: {:ok, ["20.cub"]}, exists?: true}
06:05:14.534 [error] local node self-trust was not added: node signing public-key artifact is absent — continuing with configured trusted identities
06:05:14.538 [error] local node self-trust was not added: node signing public-key artifact is absent — continuing with configured trusted identities
06:05:14.542 [error] local node self-trust was not added: node signing public-key artifact is absent — continuing with configured trusted identities
06:05:14.548 [error] local node self-trust was not added: node signing public-key artifact is absent — continuing with configured trusted identities
.
Finished in 0.01 seconds (0.00s async, 0.01s sync)
3 tests, 0 failures, 2 excluded
Running ExUnit with seed: 552166, max_cases: 8
Excluding tags: [:test]
Including tags: [location: {"test/commonplace/cli/snapshot_test.exs", 114}]

CX_SNAPMECH cwd="/home/jes/sol-snapshot-repro/wt/apps/commonplace_cli" configured="tmp/test_data" configured_read=%{compact: [], count: 4, ls: {:ok, ["node_id", "secrets", "commits", "commits.lock"]}, exists?: true} commit_store_pid=#PID<0.279.0> commit_store_state_shape={true, [:data_dir, :db, :invariant_dispatcher, :local_write_gate, :lock_ref, :name, :pending_imports, :queue_poller, :trust_side_store]} cubdb_pid=#PID<0.282.0> cubdb_state_shape=CubDB.State cubdb_data_dir="tmp/test_data/commits" cubdb_read=%{compact: [], count: 1, ls: {:ok, ["20.cub"]}, exists?: true}
06:05:14.553 [error] local node self-trust was not added: node signing public-key artifact is absent — continuing with configured trusted identities
06:05:14.556 [error] local node self-trust was not added: node signing public-key artifact is absent — continuing with configured trusted identities
06:05:14.560 [error] local node self-trust was not added: node signing public-key artifact is absent — continuing with configured trusted identities
06:05:14.565 [error] local node self-trust was not added: node signing public-key artifact is absent — continuing with configured trusted identities
.
Finished in 0.01 seconds (0.00s async, 0.01s sync)
3 tests, 0 failures, 2 excluded
Running ExUnit with seed: 569101, max_cases: 8
Excluding tags: [:test]
Including tags: [location: {"test/commonplace/cli/snapshot_test.exs", 114}]

CX_SNAPMECH cwd="/home/jes/sol-snapshot-repro/wt/apps/commonplace_cli" configured="tmp/test_data" configured_read=%{compact: [], count: 4, ls: {:ok, ["node_id", "secrets", "commits", "commits.lock"]}, exists?: true} commit_store_pid=#PID<0.279.0> commit_store_state_shape={true, [:data_dir, :db, :invariant_dispatcher, :local_write_gate, :lock_ref, :name, :pending_imports, :queue_poller, :trust_side_store]} cubdb_pid=#PID<0.282.0> cubdb_state_shape=CubDB.State cubdb_data_dir="tmp/test_data/commits" cubdb_read=%{compact: [], count: 1, ls: {:ok, ["20.cub"]}, exists?: true}
06:05:14.571 [error] local node self-trust was not added: node signing public-key artifact is absent — continuing with configured trusted identities
06:05:14.574 [error] local node self-trust was not added: node signing public-key artifact is absent — continuing with configured trusted identities
06:05:14.576 [error] local node self-trust was not added: node signing public-key artifact is absent — continuing with configured trusted identities
06:05:14.584 [error] local node self-trust was not added: node signing public-key artifact is absent — continuing with configured trusted identities
.
Finished in 0.01 seconds (0.00s async, 0.01s sync)
3 tests, 0 failures, 2 excluded
Running ExUnit with seed: 588896, max_cases: 8
Excluding tags: [:test]
Including tags: [location: {"test/commonplace/cli/snapshot_test.exs", 114}]

CX_SNAPMECH cwd="/home/jes/sol-snapshot-repro/wt/apps/commonplace_cli" configured="tmp/test_data" configured_read=%{compact: [], count: 4, ls: {:ok, ["node_id", "secrets", "commits", "commits.lock"]}, exists?: true} commit_store_pid=#PID<0.279.0> commit_store_state_shape={true, [:data_dir, :db, :invariant_dispatcher, :local_write_gate, :lock_ref, :name, :pending_imports, :queue_poller, :trust_side_store]} cubdb_pid=#PID<0.282.0> cubdb_state_shape=CubDB.State cubdb_data_dir="tmp/test_data/commits" cubdb_read=%{compact: [], count: 1, ls: {:ok, ["20.cub"]}, exists?: true}
06:05:14.590 [error] local node self-trust was not added: node signing public-key artifact is absent — continuing with configured trusted identities
06:05:14.594 [error] local node self-trust was not added: node signing public-key artifact is absent — continuing with configured trusted identities
06:05:14.597 [error] local node self-trust was not added: node signing public-key artifact is absent — continuing with configured trusted identities
06:05:14.607 [error] local node self-trust was not added: node signing public-key artifact is absent — continuing with configured trusted identities
.
Finished in 0.02 seconds (0.00s async, 0.02s sync)
3 tests, 0 failures, 2 excluded
Running ExUnit with seed: 612484, max_cases: 8
Excluding tags: [:test]
Including tags: [location: {"test/commonplace/cli/snapshot_test.exs", 114}]

CX_SNAPMECH cwd="/home/jes/sol-snapshot-repro/wt/apps/commonplace_cli" configured="tmp/test_data" configured_read=%{compact: [], count: 4, ls: {:ok, ["node_id", "secrets", "commits", "commits.lock"]}, exists?: true} commit_store_pid=#PID<0.279.0> commit_store_state_shape={true, [:data_dir, :db, :invariant_dispatcher, :local_write_gate, :lock_ref, :name, :pending_imports, :queue_poller, :trust_side_store]} cubdb_pid=#PID<0.282.0> cubdb_state_shape=CubDB.State cubdb_data_dir="tmp/test_data/commits" cubdb_read=%{compact: [], count: 1, ls: {:ok, ["20.cub"]}, exists?: true}
06:05:14.614 [error] local node self-trust was not added: node signing public-key artifact is absent — continuing with configured trusted identities
06:05:14.617 [error] local node self-trust was not added: node signing public-key artifact is absent — continuing with configured trusted identities
06:05:14.621 [error] local node self-trust was not added: node signing public-key artifact is absent — continuing with configured trusted identities
06:05:14.627 [error] local node self-trust was not added: node signing public-key artifact is absent — continuing with configured trusted identities
.
Finished in 0.01 seconds (0.00s async, 0.01s sync)
3 tests, 0 failures, 2 excluded
Running ExUnit with seed: 632261, max_cases: 8
Excluding tags: [:test]
Including tags: [location: {"test/commonplace/cli/snapshot_test.exs", 114}]

CX_SNAPMECH cwd="/home/jes/sol-snapshot-repro/wt/apps/commonplace_cli" configured="tmp/test_data" configured_read=%{compact: [], count: 4, ls: {:ok, ["node_id", "secrets", "commits", "commits.lock"]}, exists?: true} commit_store_pid=#PID<0.279.0> commit_store_state_shape={true, [:data_dir, :db, :invariant_dispatcher, :local_write_gate, :lock_ref, :name, :pending_imports, :queue_poller, :trust_side_store]} cubdb_pid=#PID<0.282.0> cubdb_state_shape=CubDB.State cubdb_data_dir="tmp/test_data/commits" cubdb_read=%{compact: [], count: 1, ls: {:ok, ["20.cub"]}, exists?: true}
06:05:14.633 [error] local node self-trust was not added: node signing public-key artifact is absent — continuing with configured trusted identities
06:05:14.637 [error] local node self-trust was not added: node signing public-key artifact is absent — continuing with configured trusted identities
06:05:14.640 [error] local node self-trust was not added: node signing public-key artifact is absent — continuing with configured trusted identities
06:05:14.646 [error] local node self-trust was not added: node signing public-key artifact is absent — continuing with configured trusted identities
.
Finished in 0.01 seconds (0.00s async, 0.01s sync)
3 tests, 0 failures, 2 excluded
Running ExUnit with seed: 650499, max_cases: 8
Excluding tags: [:test]
Including tags: [location: {"test/commonplace/cli/snapshot_test.exs", 114}]

CX_SNAPMECH cwd="/home/jes/sol-snapshot-repro/wt/apps/commonplace_cli" configured="tmp/test_data" configured_read=%{compact: [], count: 4, ls: {:ok, ["node_id", "secrets", "commits", "commits.lock"]}, exists?: true} commit_store_pid=#PID<0.279.0> commit_store_state_shape={true, [:data_dir, :db, :invariant_dispatcher, :local_write_gate, :lock_ref, :name, :pending_imports, :queue_poller, :trust_side_store]} cubdb_pid=#PID<0.282.0> cubdb_state_shape=CubDB.State cubdb_data_dir="tmp/test_data/commits" cubdb_read=%{compact: [], count: 1, ls: {:ok, ["20.cub"]}, exists?: true}
06:05:14.651 [error] local node self-trust was not added: node signing public-key artifact is absent — continuing with configured trusted identities
06:05:14.654 [error] local node self-trust was not added: node signing public-key artifact is absent — continuing with configured trusted identities
06:05:14.657 [error] local node self-trust was not added: node signing public-key artifact is absent — continuing with configured trusted identities
06:05:14.663 [error] local node self-trust was not added: node signing public-key artifact is absent — continuing with configured trusted identities
.
Finished in 0.01 seconds (0.00s async, 0.01s sync)
3 tests, 0 failures, 2 excluded
Running ExUnit with seed: 669622, max_cases: 8
Excluding tags: [:test]
Including tags: [location: {"test/commonplace/cli/snapshot_test.exs", 114}]

CX_SNAPMECH cwd="/home/jes/sol-snapshot-repro/wt/apps/commonplace_cli" configured="tmp/test_data" configured_read=%{compact: [], count: 4, ls: {:ok, ["node_id", "secrets", "commits", "commits.lock"]}, exists?: true} commit_store_pid=#PID<0.279.0> commit_store_state_shape={true, [:data_dir, :db, :invariant_dispatcher, :local_write_gate, :lock_ref, :name, :pending_imports, :queue_poller, :trust_side_store]} cubdb_pid=#PID<0.282.0> cubdb_state_shape=CubDB.State cubdb_data_dir="tmp/test_data/commits" cubdb_read=%{compact: [], count: 1, ls: {:ok, ["20.cub"]}, exists?: true}
06:05:14.670 [error] local node self-trust was not added: node signing public-key artifact is absent — continuing with configured trusted identities
06:05:14.674 [error] local node self-trust was not added: node signing public-key artifact is absent — continuing with configured trusted identities
06:05:14.677 [error] local node self-trust was not added: node signing public-key artifact is absent — continuing with configured trusted identities
06:05:14.683 [error] local node self-trust was not added: node signing public-key artifact is absent — continuing with configured trusted identities
.
Finished in 0.01 seconds (0.00s async, 0.01s sync)
3 tests, 0 failures, 2 excluded
Running ExUnit with seed: 687481, max_cases: 8
Excluding tags: [:test]
Including tags: [location: {"test/commonplace/cli/snapshot_test.exs", 114}]

CX_SNAPMECH cwd="/home/jes/sol-snapshot-repro/wt/apps/commonplace_cli" configured="tmp/test_data" configured_read=%{compact: [], count: 4, ls: {:ok, ["node_id", "secrets", "commits", "commits.lock"]}, exists?: true} commit_store_pid=#PID<0.279.0> commit_store_state_shape={true, [:data_dir, :db, :invariant_dispatcher, :local_write_gate, :lock_ref, :name, :pending_imports, :queue_poller, :trust_side_store]} cubdb_pid=#PID<0.282.0> cubdb_state_shape=CubDB.State cubdb_data_dir="tmp/test_data/commits" cubdb_read=%{compact: [], count: 1, ls: {:ok, ["20.cub"]}, exists?: true}
06:05:14.691 [error] local node self-trust was not added: node signing public-key artifact is absent — continuing with configured trusted identities
06:05:14.696 [error] local node self-trust was not added: node signing public-key artifact is absent — continuing with configured trusted identities
06:05:14.701 [error] local node self-trust was not added: node signing public-key artifact is absent — continuing with configured trusted identities
06:05:14.713 [error] local node self-trust was not added: node signing public-key artifact is absent — continuing with configured trusted identities
.
Finished in 0.03 seconds (0.00s async, 0.03s sync)
3 tests, 0 failures, 2 excluded
Running ExUnit with seed: 719040, max_cases: 8
Excluding tags: [:test]
Including tags: [location: {"test/commonplace/cli/snapshot_test.exs", 114}]

CX_SNAPMECH cwd="/home/jes/sol-snapshot-repro/wt/apps/commonplace_cli" configured="tmp/test_data" configured_read=%{compact: [], count: 4, ls: {:ok, ["node_id", "secrets", "commits", "commits.lock"]}, exists?: true} commit_store_pid=#PID<0.279.0> commit_store_state_shape={true, [:data_dir, :db, :invariant_dispatcher, :local_write_gate, :lock_ref, :name, :pending_imports, :queue_poller, :trust_side_store]} cubdb_pid=#PID<0.282.0> cubdb_state_shape=CubDB.State cubdb_data_dir="tmp/test_data/commits" cubdb_read=%{compact: [], count: 1, ls: {:ok, ["20.cub"]}, exists?: true}
06:05:14.720 [error] local node self-trust was not added: node signing public-key artifact is absent — continuing with configured trusted identities
06:05:14.724 [error] local node self-trust was not added: node signing public-key artifact is absent — continuing with configured trusted identities
06:05:14.728 [error] local node self-trust was not added: node signing public-key artifact is absent — continuing with configured trusted identities
06:05:14.736 [error] local node self-trust was not added: node signing public-key artifact is absent — continuing with configured trusted identities
.
Finished in 0.02 seconds (0.00s async, 0.02s sync)
3 tests, 0 failures, 2 excluded
Running ExUnit with seed: 740777, max_cases: 8
Excluding tags: [:test]
Including tags: [location: {"test/commonplace/cli/snapshot_test.exs", 114}]

CX_SNAPMECH cwd="/home/jes/sol-snapshot-repro/wt/apps/commonplace_cli" configured="tmp/test_data" configured_read=%{compact: [], count: 4, ls: {:ok, ["node_id", "secrets", "commits", "commits.lock"]}, exists?: true} commit_store_pid=#PID<0.279.0> commit_store_state_shape={true, [:data_dir, :db, :invariant_dispatcher, :local_write_gate, :lock_ref, :name, :pending_imports, :queue_poller, :trust_side_store]} cubdb_pid=#PID<0.282.0> cubdb_state_shape=CubDB.State cubdb_data_dir="tmp/test_data/commits" cubdb_read=%{compact: [], count: 1, ls: {:ok, ["20.cub"]}, exists?: true}
06:05:14.742 [error] local node self-trust was not added: node signing public-key artifact is absent — continuing with configured trusted identities
06:05:14.745 [error] local node self-trust was not added: node signing public-key artifact is absent — continuing with configured trusted identities
06:05:14.748 [error] local node self-trust was not added: node signing public-key artifact is absent — continuing with configured trusted identities
06:05:14.755 [error] local node self-trust was not added: node signing public-key artifact is absent — continuing with configured trusted identities
.
Finished in 0.01 seconds (0.00s async, 0.01s sync)
3 tests, 0 failures, 2 excluded
Running ExUnit with seed: 761879, max_cases: 8
Excluding tags: [:test]
Including tags: [location: {"test/commonplace/cli/snapshot_test.exs", 114}]

CX_SNAPMECH cwd="/home/jes/sol-snapshot-repro/wt/apps/commonplace_cli" configured="tmp/test_data" configured_read=%{compact: [], count: 4, ls: {:ok, ["node_id", "secrets", "commits", "commits.lock"]}, exists?: true} commit_store_pid=#PID<0.279.0> commit_store_state_shape={true, [:data_dir, :db, :invariant_dispatcher, :local_write_gate, :lock_ref, :name, :pending_imports, :queue_poller, :trust_side_store]} cubdb_pid=#PID<0.282.0> cubdb_state_shape=CubDB.State cubdb_data_dir="tmp/test_data/commits" cubdb_read=%{compact: [], count: 1, ls: {:ok, ["20.cub"]}, exists?: true}
06:05:14.763 [error] local node self-trust was not added: node signing public-key artifact is absent — continuing with configured trusted identities
06:05:14.767 [error] local node self-trust was not added: node signing public-key artifact is absent — continuing with configured trusted identities
06:05:14.771 [error] local node self-trust was not added: node signing public-key artifact is absent — continuing with configured trusted identities
06:05:14.778 [error] local node self-trust was not added: node signing public-key artifact is absent — continuing with configured trusted identities
.
Finished in 0.01 seconds (0.00s async, 0.01s sync)
3 tests, 0 failures, 2 excluded
Running ExUnit with seed: 782483, max_cases: 8
Excluding tags: [:test]
Including tags: [location: {"test/commonplace/cli/snapshot_test.exs", 114}]

CX_SNAPMECH cwd="/home/jes/sol-snapshot-repro/wt/apps/commonplace_cli" configured="tmp/test_data" configured_read=%{compact: [], count: 4, ls: {:ok, ["node_id", "secrets", "commits", "commits.lock"]}, exists?: true} commit_store_pid=#PID<0.279.0> commit_store_state_shape={true, [:data_dir, :db, :invariant_dispatcher, :local_write_gate, :lock_ref, :name, :pending_imports, :queue_poller, :trust_side_store]} cubdb_pid=#PID<0.282.0> cubdb_state_shape=CubDB.State cubdb_data_dir="tmp/test_data/commits" cubdb_read=%{compact: [], count: 1, ls: {:ok, ["20.cub"]}, exists?: true}
06:05:14.783 [error] local node self-trust was not added: node signing public-key artifact is absent — continuing with configured trusted identities
06:05:14.787 [error] local node self-trust was not added: node signing public-key artifact is absent — continuing with configured trusted identities
06:05:14.790 [error] local node self-trust was not added: node signing public-key artifact is absent — continuing with configured trusted identities
06:05:14.795 [error] local node self-trust was not added: node signing public-key artifact is absent — continuing with configured trusted identities
.
Finished in 0.01 seconds (0.00s async, 0.01s sync)
3 tests, 0 failures, 2 excluded
Running ExUnit with seed: 799459, max_cases: 8
Excluding tags: [:test]
Including tags: [location: {"test/commonplace/cli/snapshot_test.exs", 114}]

CX_SNAPMECH cwd="/home/jes/sol-snapshot-repro/wt/apps/commonplace_cli" configured="tmp/test_data" configured_read=%{compact: [], count: 4, ls: {:ok, ["node_id", "secrets", "commits", "commits.lock"]}, exists?: true} commit_store_pid=#PID<0.279.0> commit_store_state_shape={true, [:data_dir, :db, :invariant_dispatcher, :local_write_gate, :lock_ref, :name, :pending_imports, :queue_poller, :trust_side_store]} cubdb_pid=#PID<0.282.0> cubdb_state_shape=CubDB.State cubdb_data_dir="tmp/test_data/commits" cubdb_read=%{compact: [], count: 1, ls: {:ok, ["20.cub"]}, exists?: true}
06:05:14.800 [error] local node self-trust was not added: node signing public-key artifact is absent — continuing with configured trusted identities
06:05:14.804 [error] local node self-trust was not added: node signing public-key artifact is absent — continuing with configured trusted identities
06:05:14.808 [error] local node self-trust was not added: node signing public-key artifact is absent — continuing with configured trusted identities
06:05:14.816 [error] local node self-trust was not added: node signing public-key artifact is absent — continuing with configured trusted identities
.
Finished in 0.02 seconds (0.00s async, 0.02s sync)
3 tests, 0 failures, 2 excluded
Running ExUnit with seed: 820960, max_cases: 8
Excluding tags: [:test]
Including tags: [location: {"test/commonplace/cli/snapshot_test.exs", 114}]

CX_SNAPMECH cwd="/home/jes/sol-snapshot-repro/wt/apps/commonplace_cli" configured="tmp/test_data" configured_read=%{compact: [], count: 4, ls: {:ok, ["node_id", "secrets", "commits", "commits.lock"]}, exists?: true} commit_store_pid=#PID<0.279.0> commit_store_state_shape={true, [:data_dir, :db, :invariant_dispatcher, :local_write_gate, :lock_ref, :name, :pending_imports, :queue_poller, :trust_side_store]} cubdb_pid=#PID<0.282.0> cubdb_state_shape=CubDB.State cubdb_data_dir="tmp/test_data/commits" cubdb_read=%{compact: [], count: 1, ls: {:ok, ["20.cub"]}, exists?: true}
06:05:14.822 [error] local node self-trust was not added: node signing public-key artifact is absent — continuing with configured trusted identities
06:05:14.825 [error] local node self-trust was not added: node signing public-key artifact is absent — continuing with configured trusted identities
06:05:14.835 [error] local node self-trust was not added: node signing public-key artifact is absent — continuing with configured trusted identities
06:05:14.840 [error] local node self-trust was not added: node signing public-key artifact is absent — continuing with configured trusted identities
.
Finished in 0.02 seconds (0.00s async, 0.02s sync)
3 tests, 0 failures, 2 excluded
Running ExUnit with seed: 844893, max_cases: 8
Excluding tags: [:test]
Including tags: [location: {"test/commonplace/cli/snapshot_test.exs", 114}]

CX_SNAPMECH cwd="/home/jes/sol-snapshot-repro/wt/apps/commonplace_cli" configured="tmp/test_data" configured_read=%{compact: [], count: 4, ls: {:ok, ["node_id", "secrets", "commits", "commits.lock"]}, exists?: true} commit_store_pid=#PID<0.279.0> commit_store_state_shape={true, [:data_dir, :db, :invariant_dispatcher, :local_write_gate, :lock_ref, :name, :pending_imports, :queue_poller, :trust_side_store]} cubdb_pid=#PID<0.282.0> cubdb_state_shape=CubDB.State cubdb_data_dir="tmp/test_data/commits" cubdb_read=%{compact: [], count: 1, ls: {:ok, ["20.cub"]}, exists?: true}
06:05:14.846 [error] local node self-trust was not added: node signing public-key artifact is absent — continuing with configured trusted identities
06:05:14.849 [error] local node self-trust was not added: node signing public-key artifact is absent — continuing with configured trusted identities
06:05:14.852 [error] local node self-trust was not added: node signing public-key artifact is absent — continuing with configured trusted identities
06:05:14.858 [error] local node self-trust was not added: node signing public-key artifact is absent — continuing with configured trusted identities
.
Finished in 0.01 seconds (0.00s async, 0.01s sync)
3 tests, 0 failures, 2 excluded
Running ExUnit with seed: 862548, max_cases: 8
Excluding tags: [:test]
Including tags: [location: {"test/commonplace/cli/snapshot_test.exs", 114}]

CX_SNAPMECH cwd="/home/jes/sol-snapshot-repro/wt/apps/commonplace_cli" configured="tmp/test_data" configured_read=%{compact: [], count: 4, ls: {:ok, ["node_id", "secrets", "commits", "commits.lock"]}, exists?: true} commit_store_pid=#PID<0.279.0> commit_store_state_shape={true, [:data_dir, :db, :invariant_dispatcher, :local_write_gate, :lock_ref, :name, :pending_imports, :queue_poller, :trust_side_store]} cubdb_pid=#PID<0.282.0> cubdb_state_shape=CubDB.State cubdb_data_dir="tmp/test_data/commits" cubdb_read=%{compact: ["21.compact"], count: 2, ls: {:ok, ["20.cub", "21.compact"]}, exists?: true}
06:05:14.864 [error] local node self-trust was not added: node signing public-key artifact is absent — continuing with configured trusted identities
06:05:14.869 [error] local node self-trust was not added: node signing public-key artifact is absent — continuing with configured trusted identities
06:05:14.874 [error] local node self-trust was not added: node signing public-key artifact is absent — continuing with configured trusted identities
06:05:14.886 [error] local node self-trust was not added: node signing public-key artifact is absent — continuing with configured trusted identities
.
Finished in 0.02 seconds (0.00s async, 0.02s sync)
3 tests, 0 failures, 2 excluded
Running ExUnit with seed: 891214, max_cases: 8
Excluding tags: [:test]
Including tags: [location: {"test/commonplace/cli/snapshot_test.exs", 114}]

CX_SNAPMECH cwd="/home/jes/sol-snapshot-repro/wt/apps/commonplace_cli" configured="tmp/test_data" configured_read=%{compact: [], count: 4, ls: {:ok, ["node_id", "secrets", "commits", "commits.lock"]}, exists?: true} commit_store_pid=#PID<0.279.0> commit_store_state_shape={true, [:data_dir, :db, :invariant_dispatcher, :local_write_gate, :lock_ref, :name, :pending_imports, :queue_poller, :trust_side_store]} cubdb_pid=#PID<0.282.0> cubdb_state_shape=CubDB.State cubdb_data_dir="tmp/test_data/commits" cubdb_read=%{compact: ["21.compact"], count: 2, ls: {:ok, ["20.cub", "21.compact"]}, exists?: true}
06:05:14.894 [error] local node self-trust was not added: node signing public-key artifact is absent — continuing with configured trusted identities
06:05:14.903 [error] local node self-trust was not added: node signing public-key artifact is absent — continuing with configured trusted identities
06:05:14.909 [error] local node self-trust was not added: node signing public-key artifact is absent — continuing with configured trusted identities
06:05:14.925 [error] local node self-trust was not added: node signing public-key artifact is absent — continuing with configured trusted identities
.
Finished in 0.04 seconds (0.00s async, 0.04s sync)
3 tests, 0 failures, 2 excluded
Running ExUnit with seed: 934764, max_cases: 8
Excluding tags: [:test]
Including tags: [location: {"test/commonplace/cli/snapshot_test.exs", 114}]

CX_SNAPMECH cwd="/home/jes/sol-snapshot-repro/wt/apps/commonplace_cli" configured="tmp/test_data" configured_read=%{compact: [], count: 4, ls: {:ok, ["node_id", "secrets", "commits", "commits.lock"]}, exists?: true} commit_store_pid=#PID<0.279.0> commit_store_state_shape={true, [:data_dir, :db, :invariant_dispatcher, :local_write_gate, :lock_ref, :name, :pending_imports, :queue_poller, :trust_side_store]} cubdb_pid=#PID<0.282.0> cubdb_state_shape=CubDB.State cubdb_data_dir="tmp/test_data/commits" cubdb_read=%{compact: ["21.compact"], count: 2, ls: {:ok, ["20.cub", "21.compact"]}, exists?: true}
06:05:14.937 [error] local node self-trust was not added: node signing public-key artifact is absent — continuing with configured trusted identities
06:05:14.942 [error] local node self-trust was not added: node signing public-key artifact is absent — continuing with configured trusted identities
06:05:14.948 [error] local node self-trust was not added: node signing public-key artifact is absent — continuing with configured trusted identities
06:05:14.958 [error] local node self-trust was not added: node signing public-key artifact is absent — continuing with configured trusted identities
.
Finished in 0.03 seconds (0.00s async, 0.03s sync)
3 tests, 0 failures, 2 excluded
Running ExUnit with seed: 966648, max_cases: 8
Excluding tags: [:test]
Including tags: [location: {"test/commonplace/cli/snapshot_test.exs", 114}]

CX_SNAPMECH cwd="/home/jes/sol-snapshot-repro/wt/apps/commonplace_cli" configured="tmp/test_data" configured_read=%{compact: [], count: 4, ls: {:ok, ["node_id", "secrets", "commits", "commits.lock"]}, exists?: true} commit_store_pid=#PID<0.279.0> commit_store_state_shape={true, [:data_dir, :db, :invariant_dispatcher, :local_write_gate, :lock_ref, :name, :pending_imports, :queue_poller, :trust_side_store]} cubdb_pid=#PID<0.282.0> cubdb_state_shape=CubDB.State cubdb_data_dir="tmp/test_data/commits" cubdb_read=%{compact: ["21.compact"], count: 2, ls: {:ok, ["20.cub", "21.compact"]}, exists?: true}
06:05:14.968 [error] local node self-trust was not added: node signing public-key artifact is absent — continuing with configured trusted identities
06:05:14.973 [error] local node self-trust was not added: node signing public-key artifact is absent — continuing with configured trusted identities
06:05:14.979 [error] local node self-trust was not added: node signing public-key artifact is absent — continuing with configured trusted identities
06:05:14.988 [error] local node self-trust was not added: node signing public-key artifact is absent — continuing with configured trusted identities
.
Finished in 0.03 seconds (0.00s async, 0.03s sync)
3 tests, 0 failures, 2 excluded
Running ExUnit with seed: 5705, max_cases: 8
Excluding tags: [:test]
Including tags: [location: {"test/commonplace/cli/snapshot_test.exs", 114}]

CX_SNAPMECH cwd="/home/jes/sol-snapshot-repro/wt/apps/commonplace_cli" configured="tmp/test_data" configured_read=%{compact: [], count: 4, ls: {:ok, ["node_id", "secrets", "commits", "commits.lock"]}, exists?: true} commit_store_pid=#PID<0.279.0> commit_store_state_shape={true, [:data_dir, :db, :invariant_dispatcher, :local_write_gate, :lock_ref, :name, :pending_imports, :queue_poller, :trust_side_store]} cubdb_pid=#PID<0.282.0> cubdb_state_shape=CubDB.State cubdb_data_dir="tmp/test_data/commits" cubdb_read=%{compact: ["21.compact"], count: 2, ls: {:ok, ["20.cub", "21.compact"]}, exists?: true}
06:05:15.011 [error] local node self-trust was not added: node signing public-key artifact is absent — continuing with configured trusted identities
06:05:15.016 [error] local node self-trust was not added: node signing public-key artifact is absent — continuing with configured trusted identities
06:05:15.022 [error] local node self-trust was not added: node signing public-key artifact is absent — continuing with configured trusted identities
06:05:15.030 [error] local node self-trust was not added: node signing public-key artifact is absent — continuing with configured trusted identities
.
Finished in 0.02 seconds (0.00s async, 0.02s sync)
3 tests, 0 failures, 2 excluded
Running ExUnit with seed: 36118, max_cases: 8
Excluding tags: [:test]
Including tags: [location: {"test/commonplace/cli/snapshot_test.exs", 114}]

CX_SNAPMECH cwd="/home/jes/sol-snapshot-repro/wt/apps/commonplace_cli" configured="tmp/test_data" configured_read=%{compact: [], count: 4, ls: {:ok, ["node_id", "secrets", "commits", "commits.lock"]}, exists?: true} commit_store_pid=#PID<0.279.0> commit_store_state_shape={true, [:data_dir, :db, :invariant_dispatcher, :local_write_gate, :lock_ref, :name, :pending_imports, :queue_poller, :trust_side_store]} cubdb_pid=#PID<0.282.0> cubdb_state_shape=CubDB.State cubdb_data_dir="tmp/test_data/commits" cubdb_read=%{compact: ["21.compact"], count: 2, ls: {:ok, ["20.cub", "21.compact"]}, exists?: true}
06:05:15.037 [error] local node self-trust was not added: node signing public-key artifact is absent — continuing with configured trusted identities
06:05:15.041 [error] local node self-trust was not added: node signing public-key artifact is absent — continuing with configured trusted identities
06:05:15.045 [error] local node self-trust was not added: node signing public-key artifact is absent — continuing with configured trusted identities
06:05:15.055 [error] local node self-trust was not added: node signing public-key artifact is absent — continuing with configured trusted identities
.
Finished in 0.02 seconds (0.00s async, 0.02s sync)
3 tests, 0 failures, 2 excluded
Running ExUnit with seed: 62359, max_cases: 8
Excluding tags: [:test]
Including tags: [location: {"test/commonplace/cli/snapshot_test.exs", 114}]

CX_SNAPMECH cwd="/home/jes/sol-snapshot-repro/wt/apps/commonplace_cli" configured="tmp/test_data" configured_read=%{compact: [], count: 4, ls: {:ok, ["node_id", "secrets", "commits", "commits.lock"]}, exists?: true} commit_store_pid=#PID<0.279.0> commit_store_state_shape={true, [:data_dir, :db, :invariant_dispatcher, :local_write_gate, :lock_ref, :name, :pending_imports, :queue_poller, :trust_side_store]} cubdb_pid=#PID<0.282.0> cubdb_state_shape=CubDB.State cubdb_data_dir="tmp/test_data/commits" cubdb_read=%{compact: ["21.compact"], count: 2, ls: {:ok, ["20.cub", "21.compact"]}, exists?: true}
06:05:15.064 [error] local node self-trust was not added: node signing public-key artifact is absent — continuing with configured trusted identities
06:05:15.068 [error] local node self-trust was not added: node signing public-key artifact is absent — continuing with configured trusted identities
06:05:15.072 [error] local node self-trust was not added: node signing public-key artifact is absent — continuing with configured trusted identities
06:05:15.081 [error] local node self-trust was not added: node signing public-key artifact is absent — continuing with configured trusted identities
.
Finished in 0.02 seconds (0.00s async, 0.02s sync)
3 tests, 0 failures, 2 excluded
Running ExUnit with seed: 86289, max_cases: 8
Excluding tags: [:test]
Including tags: [location: {"test/commonplace/cli/snapshot_test.exs", 114}]

CX_SNAPMECH cwd="/home/jes/sol-snapshot-repro/wt/apps/commonplace_cli" configured="tmp/test_data" configured_read=%{compact: [], count: 4, ls: {:ok, ["node_id", "secrets", "commits", "commits.lock"]}, exists?: true} commit_store_pid=#PID<0.279.0> commit_store_state_shape={true, [:data_dir, :db, :invariant_dispatcher, :local_write_gate, :lock_ref, :name, :pending_imports, :queue_poller, :trust_side_store]} cubdb_pid=#PID<0.282.0> cubdb_state_shape=CubDB.State cubdb_data_dir="tmp/test_data/commits" cubdb_read=%{compact: ["21.compact"], count: 2, ls: {:ok, ["20.cub", "21.compact"]}, exists?: true}
06:05:15.088 [error] local node self-trust was not added: node signing public-key artifact is absent — continuing with configured trusted identities
06:05:15.095 [error] local node self-trust was not added: node signing public-key artifact is absent — continuing with configured trusted identities
06:05:15.100 [error] local node self-trust was not added: node signing public-key artifact is absent — continuing with configured trusted identities
06:05:15.106 [error] local node self-trust was not added: node signing public-key artifact is absent — continuing with configured trusted identities
.
Finished in 0.02 seconds (0.00s async, 0.02s sync)
3 tests, 0 failures, 2 excluded
Running ExUnit with seed: 112358, max_cases: 8
Excluding tags: [:test]
Including tags: [location: {"test/commonplace/cli/snapshot_test.exs", 114}]

CX_SNAPMECH cwd="/home/jes/sol-snapshot-repro/wt/apps/commonplace_cli" configured="tmp/test_data" configured_read=%{compact: [], count: 4, ls: {:ok, ["node_id", "secrets", "commits", "commits.lock"]}, exists?: true} commit_store_pid=#PID<0.279.0> commit_store_state_shape={true, [:data_dir, :db, :invariant_dispatcher, :local_write_gate, :lock_ref, :name, :pending_imports, :queue_poller, :trust_side_store]} cubdb_pid=#PID<0.282.0> cubdb_state_shape=CubDB.State cubdb_data_dir="tmp/test_data/commits" cubdb_read=%{compact: ["21.compact"], count: 2, ls: {:ok, ["20.cub", "21.compact"]}, exists?: true}
06:05:15.114 [error] local node self-trust was not added: node signing public-key artifact is absent — continuing with configured trusted identities
06:05:15.118 [error] local node self-trust was not added: node signing public-key artifact is absent — continuing with configured trusted identities
06:05:15.122 [error] local node self-trust was not added: node signing public-key artifact is absent — continuing with configured trusted identities
06:05:15.136 [error] local node self-trust was not added: node signing public-key artifact is absent — continuing with configured trusted identities
.
Finished in 0.03 seconds (0.00s async, 0.03s sync)
3 tests, 0 failures, 2 excluded
Running ExUnit with seed: 143617, max_cases: 8
Excluding tags: [:test]
Including tags: [location: {"test/commonplace/cli/snapshot_test.exs", 114}]

CX_SNAPMECH cwd="/home/jes/sol-snapshot-repro/wt/apps/commonplace_cli" configured="tmp/test_data" configured_read=%{compact: [], count: 4, ls: {:ok, ["node_id", "secrets", "commits", "commits.lock"]}, exists?: true} commit_store_pid=#PID<0.279.0> commit_store_state_shape={true, [:data_dir, :db, :invariant_dispatcher, :local_write_gate, :lock_ref, :name, :pending_imports, :queue_poller, :trust_side_store]} cubdb_pid=#PID<0.282.0> cubdb_state_shape=CubDB.State cubdb_data_dir="tmp/test_data/commits" cubdb_read=%{compact: ["21.compact"], count: 2, ls: {:ok, ["20.cub", "21.compact"]}, exists?: true}
06:05:15.145 [error] local node self-trust was not added: node signing public-key artifact is absent — continuing with configured trusted identities
06:05:15.150 [error] local node self-trust was not added: node signing public-key artifact is absent — continuing with configured trusted identities
06:05:15.153 [error] local node self-trust was not added: node signing public-key artifact is absent — continuing with configured trusted identities
06:05:15.161 [error] local node self-trust was not added: node signing public-key artifact is absent — continuing with configured trusted identities
.
Finished in 0.02 seconds (0.00s async, 0.02s sync)
3 tests, 0 failures, 2 excluded
Running ExUnit with seed: 167641, max_cases: 8
Excluding tags: [:test]
Including tags: [location: {"test/commonplace/cli/snapshot_test.exs", 114}]

CX_SNAPMECH cwd="/home/jes/sol-snapshot-repro/wt/apps/commonplace_cli" configured="tmp/test_data" configured_read=%{compact: [], count: 4, ls: {:ok, ["node_id", "secrets", "commits", "commits.lock"]}, exists?: true} commit_store_pid=#PID<0.279.0> commit_store_state_shape={true, [:data_dir, :db, :invariant_dispatcher, :local_write_gate, :lock_ref, :name, :pending_imports, :queue_poller, :trust_side_store]} cubdb_pid=#PID<0.282.0> cubdb_state_shape=CubDB.State cubdb_data_dir="tmp/test_data/commits" cubdb_read=%{compact: ["21.compact"], count: 2, ls: {:ok, ["20.cub", "21.compact"]}, exists?: true}
06:05:15.170 [error] local node self-trust was not added: node signing public-key artifact is absent — continuing with configured trusted identities
06:05:15.175 [error] local node self-trust was not added: node signing public-key artifact is absent — continuing with configured trusted identities
06:05:15.180 [error] local node self-trust was not added: node signing public-key artifact is absent — continuing with configured trusted identities
06:05:15.192 [error] local node self-trust was not added: node signing public-key artifact is absent — continuing with configured trusted identities
.
Finished in 0.02 seconds (0.00s async, 0.02s sync)
3 tests, 0 failures, 2 excluded
Running ExUnit with seed: 199858, max_cases: 8
Excluding tags: [:test]
Including tags: [location: {"test/commonplace/cli/snapshot_test.exs", 114}]

CX_SNAPMECH cwd="/home/jes/sol-snapshot-repro/wt/apps/commonplace_cli" configured="tmp/test_data" configured_read=%{compact: [], count: 4, ls: {:ok, ["node_id", "secrets", "commits", "commits.lock"]}, exists?: true} commit_store_pid=#PID<0.279.0> commit_store_state_shape={true, [:data_dir, :db, :invariant_dispatcher, :local_write_gate, :lock_ref, :name, :pending_imports, :queue_poller, :trust_side_store]} cubdb_pid=#PID<0.282.0> cubdb_state_shape=CubDB.State cubdb_data_dir="tmp/test_data/commits" cubdb_read=%{compact: ["21.compact"], count: 2, ls: {:ok, ["20.cub", "21.compact"]}, exists?: true}
06:05:15.204 [error] local node self-trust was not added: node signing public-key artifact is absent — continuing with configured trusted identities
06:05:15.209 [error] local node self-trust was not added: node signing public-key artifact is absent — continuing with configured trusted identities
06:05:15.214 [error] local node self-trust was not added: node signing public-key artifact is absent — continuing with configured trusted identities
06:05:15.222 [error] local node self-trust was not added: node signing public-key artifact is absent — continuing with configured trusted identities
.
Finished in 0.02 seconds (0.00s async, 0.02s sync)
3 tests, 0 failures, 2 excluded
Running ExUnit with seed: 228308, max_cases: 8
Excluding tags: [:test]
Including tags: [location: {"test/commonplace/cli/snapshot_test.exs", 114}]

CX_SNAPMECH cwd="/home/jes/sol-snapshot-repro/wt/apps/commonplace_cli" configured="tmp/test_data" configured_read=%{compact: [], count: 4, ls: {:ok, ["node_id", "secrets", "commits", "commits.lock"]}, exists?: true} commit_store_pid=#PID<0.279.0> commit_store_state_shape={true, [:data_dir, :db, :invariant_dispatcher, :local_write_gate, :lock_ref, :name, :pending_imports, :queue_poller, :trust_side_store]} cubdb_pid=#PID<0.282.0> cubdb_state_shape=CubDB.State cubdb_data_dir="tmp/test_data/commits" cubdb_read=%{compact: ["21.compact"], count: 2, ls: {:ok, ["20.cub", "21.compact"]}, exists?: true}
06:05:15.233 [error] local node self-trust was not added: node signing public-key artifact is absent — continuing with configured trusted identities
06:05:15.239 [error] local node self-trust was not added: node signing public-key artifact is absent — continuing with configured trusted identities
06:05:15.244 [error] local node self-trust was not added: node signing public-key artifact is absent — continuing with configured trusted identities
06:05:15.252 [error] local node self-trust was not added: node signing public-key artifact is absent — continuing with configured trusted identities
.
Finished in 0.02 seconds (0.00s async, 0.02s sync)
3 tests, 0 failures, 2 excluded
Running ExUnit with seed: 258385, max_cases: 8
Excluding tags: [:test]
Including tags: [location: {"test/commonplace/cli/snapshot_test.exs", 114}]

CX_SNAPMECH cwd="/home/jes/sol-snapshot-repro/wt/apps/commonplace_cli" configured="tmp/test_data" configured_read=%{compact: [], count: 4, ls: {:ok, ["node_id", "secrets", "commits", "commits.lock"]}, exists?: true} commit_store_pid=#PID<0.279.0> commit_store_state_shape={true, [:data_dir, :db, :invariant_dispatcher, :local_write_gate, :lock_ref, :name, :pending_imports, :queue_poller, :trust_side_store]} cubdb_pid=#PID<0.282.0> cubdb_state_shape=CubDB.State cubdb_data_dir="tmp/test_data/commits" cubdb_read=%{compact: [], count: 1, ls: {:ok, ["21.cub"]}, exists?: true}
06:05:15.266 [error] local node self-trust was not added: node signing public-key artifact is absent — continuing with configured trusted identities
06:05:15.269 [error] local node self-trust was not added: node signing public-key artifact is absent — continuing with configured trusted identities
06:05:15.272 [error] local node self-trust was not added: node signing public-key artifact is absent — continuing with configured trusted identities
06:05:15.278 [error] local node self-trust was not added: node signing public-key artifact is absent — continuing with configured trusted identities
.
Finished in 0.02 seconds (0.00s async, 0.02s sync)
3 tests, 0 failures, 2 excluded
Running ExUnit with seed: 282642, max_cases: 8
Excluding tags: [:test]
Including tags: [location: {"test/commonplace/cli/snapshot_test.exs", 114}]

CX_SNAPMECH cwd="/home/jes/sol-snapshot-repro/wt/apps/commonplace_cli" configured="tmp/test_data" configured_read=%{compact: [], count: 4, ls: {:ok, ["node_id", "secrets", "commits", "commits.lock"]}, exists?: true} commit_store_pid=#PID<0.279.0> commit_store_state_shape={true, [:data_dir, :db, :invariant_dispatcher, :local_write_gate, :lock_ref, :name, :pending_imports, :queue_poller, :trust_side_store]} cubdb_pid=#PID<0.282.0> cubdb_state_shape=CubDB.State cubdb_data_dir="tmp/test_data/commits" cubdb_read=%{compact: [], count: 1, ls: {:ok, ["21.cub"]}, exists?: true}
06:05:15.284 [error] local node self-trust was not added: node signing public-key artifact is absent — continuing with configured trusted identities
06:05:15.288 [error] local node self-trust was not added: node signing public-key artifact is absent — continuing with configured trusted identities
06:05:15.292 [error] local node self-trust was not added: node signing public-key artifact is absent — continuing with configured trusted identities
06:05:15.300 [error] local node self-trust was not added: node signing public-key artifact is absent — continuing with configured trusted identities
.
Finished in 0.02 seconds (0.00s async, 0.02s sync)
3 tests, 0 failures, 2 excluded
Running ExUnit with seed: 305545, max_cases: 8
Excluding tags: [:test]
Including tags: [location: {"test/commonplace/cli/snapshot_test.exs", 114}]

CX_SNAPMECH cwd="/home/jes/sol-snapshot-repro/wt/apps/commonplace_cli" configured="tmp/test_data" configured_read=%{compact: [], count: 4, ls: {:ok, ["node_id", "secrets", "commits", "commits.lock"]}, exists?: true} commit_store_pid=#PID<0.279.0> commit_store_state_shape={true, [:data_dir, :db, :invariant_dispatcher, :local_write_gate, :lock_ref, :name, :pending_imports, :queue_poller, :trust_side_store]} cubdb_pid=#PID<0.282.0> cubdb_state_shape=CubDB.State cubdb_data_dir="tmp/test_data/commits" cubdb_read=%{compact: [], count: 1, ls: {:ok, ["21.cub"]}, exists?: true}
06:05:15.307 [error] local node self-trust was not added: node signing public-key artifact is absent — continuing with configured trusted identities
06:05:15.310 [error] local node self-trust was not added: node signing public-key artifact is absent — continuing with configured trusted identities
06:05:15.314 [error] local node self-trust was not added: node signing public-key artifact is absent — continuing with configured trusted identities
06:05:15.319 [error] local node self-trust was not added: node signing public-key artifact is absent — continuing with configured trusted identities
.
Finished in 0.01 seconds (0.00s async, 0.01s sync)
3 tests, 0 failures, 2 excluded
Running ExUnit with seed: 322973, max_cases: 8
Excluding tags: [:test]
Including tags: [location: {"test/commonplace/cli/snapshot_test.exs", 114}]

CX_SNAPMECH cwd="/home/jes/sol-snapshot-repro/wt/apps/commonplace_cli" configured="tmp/test_data" configured_read=%{compact: [], count: 4, ls: {:ok, ["node_id", "secrets", "commits", "commits.lock"]}, exists?: true} commit_store_pid=#PID<0.279.0> commit_store_state_shape={true, [:data_dir, :db, :invariant_dispatcher, :local_write_gate, :lock_ref, :name, :pending_imports, :queue_poller, :trust_side_store]} cubdb_pid=#PID<0.282.0> cubdb_state_shape=CubDB.State cubdb_data_dir="tmp/test_data/commits" cubdb_read=%{compact: [], count: 1, ls: {:ok, ["21.cub"]}, exists?: true}
06:05:15.324 [error] local node self-trust was not added: node signing public-key artifact is absent — continuing with configured trusted identities
06:05:15.327 [error] local node self-trust was not added: node signing public-key artifact is absent — continuing with configured trusted identities
06:05:15.330 [error] local node self-trust was not added: node signing public-key artifact is absent — continuing with configured trusted identities
06:05:15.345 [error] local node self-trust was not added: node signing public-key artifact is absent — continuing with configured trusted identities
.
Finished in 0.02 seconds (0.00s async, 0.02s sync)
3 tests, 0 failures, 2 excluded
Running ExUnit with seed: 352734, max_cases: 8
Excluding tags: [:test]
Including tags: [location: {"test/commonplace/cli/snapshot_test.exs", 114}]

CX_SNAPMECH cwd="/home/jes/sol-snapshot-repro/wt/apps/commonplace_cli" configured="tmp/test_data" configured_read=%{compact: [], count: 4, ls: {:ok, ["node_id", "secrets", "commits", "commits.lock"]}, exists?: true} commit_store_pid=#PID<0.279.0> commit_store_state_shape={true, [:data_dir, :db, :invariant_dispatcher, :local_write_gate, :lock_ref, :name, :pending_imports, :queue_poller, :trust_side_store]} cubdb_pid=#PID<0.282.0> cubdb_state_shape=CubDB.State cubdb_data_dir="tmp/test_data/commits" cubdb_read=%{compact: [], count: 1, ls: {:ok, ["21.cub"]}, exists?: true}
06:05:15.354 [error] local node self-trust was not added: node signing public-key artifact is absent — continuing with configured trusted identities
06:05:15.359 [error] local node self-trust was not added: node signing public-key artifact is absent — continuing with configured trusted identities
06:05:15.362 [error] local node self-trust was not added: node signing public-key artifact is absent — continuing with configured trusted identities
06:05:15.370 [error] local node self-trust was not added: node signing public-key artifact is absent — continuing with configured trusted identities
.
Finished in 0.02 seconds (0.00s async, 0.02s sync)
3 tests, 0 failures, 2 excluded
Running ExUnit with seed: 379624, max_cases: 8
Excluding tags: [:test]
Including tags: [location: {"test/commonplace/cli/snapshot_test.exs", 114}]

CX_SNAPMECH cwd="/home/jes/sol-snapshot-repro/wt/apps/commonplace_cli" configured="tmp/test_data" configured_read=%{compact: [], count: 4, ls: {:ok, ["node_id", "secrets", "commits", "commits.lock"]}, exists?: true} commit_store_pid=#PID<0.279.0> commit_store_state_shape={true, [:data_dir, :db, :invariant_dispatcher, :local_write_gate, :lock_ref, :name, :pending_imports, :queue_poller, :trust_side_store]} cubdb_pid=#PID<0.282.0> cubdb_state_shape=CubDB.State cubdb_data_dir="tmp/test_data/commits" cubdb_read=%{compact: [], count: 1, ls: {:ok, ["21.cub"]}, exists?: true}
06:05:15.381 [error] local node self-trust was not added: node signing public-key artifact is absent — continuing with configured trusted identities
06:05:15.385 [error] local node self-trust was not added: node signing public-key artifact is absent — continuing with configured trusted identities
06:05:15.389 [error] local node self-trust was not added: node signing public-key artifact is absent — continuing with configured trusted identities
06:05:15.399 [error] local node self-trust was not added: node signing public-key artifact is absent — continuing with configured trusted identities
.
Finished in 0.02 seconds (0.00s async, 0.02s sync)
3 tests, 0 failures, 2 excluded
Running ExUnit with seed: 405748, max_cases: 8
Excluding tags: [:test]
Including tags: [location: {"test/commonplace/cli/snapshot_test.exs", 114}]

CX_SNAPMECH cwd="/home/jes/sol-snapshot-repro/wt/apps/commonplace_cli" configured="tmp/test_data" configured_read=%{compact: [], count: 4, ls: {:ok, ["node_id", "secrets", "commits", "commits.lock"]}, exists?: true} commit_store_pid=#PID<0.279.0> commit_store_state_shape={true, [:data_dir, :db, :invariant_dispatcher, :local_write_gate, :lock_ref, :name, :pending_imports, :queue_poller, :trust_side_store]} cubdb_pid=#PID<0.282.0> cubdb_state_shape=CubDB.State cubdb_data_dir="tmp/test_data/commits" cubdb_read=%{compact: [], count: 1, ls: {:ok, ["21.cub"]}, exists?: true}
06:05:15.406 [error] local node self-trust was not added: node signing public-key artifact is absent — continuing with configured trusted identities
06:05:15.410 [error] local node self-trust was not added: node signing public-key artifact is absent — continuing with configured trusted identities
06:05:15.413 [error] local node self-trust was not added: node signing public-key artifact is absent — continuing with configured trusted identities
06:05:15.419 [error] local node self-trust was not added: node signing public-key artifact is absent — continuing with configured trusted identities
.
Finished in 0.01 seconds (0.00s async, 0.01s sync)
3 tests, 0 failures, 2 excluded
Running ExUnit with seed: 424109, max_cases: 8
Excluding tags: [:test]
Including tags: [location: {"test/commonplace/cli/snapshot_test.exs", 114}]

CX_SNAPMECH cwd="/home/jes/sol-snapshot-repro/wt/apps/commonplace_cli" configured="tmp/test_data" configured_read=%{compact: [], count: 4, ls: {:ok, ["node_id", "secrets", "commits", "commits.lock"]}, exists?: true} commit_store_pid=#PID<0.279.0> commit_store_state_shape={true, [:data_dir, :db, :invariant_dispatcher, :local_write_gate, :lock_ref, :name, :pending_imports, :queue_poller, :trust_side_store]} cubdb_pid=#PID<0.282.0> cubdb_state_shape=CubDB.State cubdb_data_dir="tmp/test_data/commits" cubdb_read=%{compact: [], count: 1, ls: {:ok, ["21.cub"]}, exists?: true}
06:05:15.425 [error] local node self-trust was not added: node signing public-key artifact is absent — continuing with configured trusted identities
06:05:15.428 [error] local node self-trust was not added: node signing public-key artifact is absent — continuing with configured trusted identities
06:05:15.432 [error] local node self-trust was not added: node signing public-key artifact is absent — continuing with configured trusted identities
06:05:15.437 [error] local node self-trust was not added: node signing public-key artifact is absent — continuing with configured trusted identities
.
Finished in 0.01 seconds (0.00s async, 0.01s sync)
3 tests, 0 failures, 2 excluded
Running ExUnit with seed: 441201, max_cases: 8
Excluding tags: [:test]
Including tags: [location: {"test/commonplace/cli/snapshot_test.exs", 114}]

CX_SNAPMECH cwd="/home/jes/sol-snapshot-repro/wt/apps/commonplace_cli" configured="tmp/test_data" configured_read=%{compact: [], count: 4, ls: {:ok, ["node_id", "secrets", "commits", "commits.lock"]}, exists?: true} commit_store_pid=#PID<0.279.0> commit_store_state_shape={true, [:data_dir, :db, :invariant_dispatcher, :local_write_gate, :lock_ref, :name, :pending_imports, :queue_poller, :trust_side_store]} cubdb_pid=#PID<0.282.0> cubdb_state_shape=CubDB.State cubdb_data_dir="tmp/test_data/commits" cubdb_read=%{compact: [], count: 1, ls: {:ok, ["21.cub"]}, exists?: true}
06:05:15.443 [error] local node self-trust was not added: node signing public-key artifact is absent — continuing with configured trusted identities
06:05:15.448 [error] local node self-trust was not added: node signing public-key artifact is absent — continuing with configured trusted identities
06:05:15.450 [error] local node self-trust was not added: node signing public-key artifact is absent — continuing with configured trusted identities
06:05:15.455 [error] local node self-trust was not added: node signing public-key artifact is absent — continuing with configured trusted identities
.
Finished in 0.01 seconds (0.00s async, 0.01s sync)
3 tests, 0 failures, 2 excluded
Running ExUnit with seed: 458270, max_cases: 8
Excluding tags: [:test]
Including tags: [location: {"test/commonplace/cli/snapshot_test.exs", 114}]

CX_SNAPMECH cwd="/home/jes/sol-snapshot-repro/wt/apps/commonplace_cli" configured="tmp/test_data" configured_read=%{compact: [], count: 4, ls: {:ok, ["node_id", "secrets", "commits", "commits.lock"]}, exists?: true} commit_store_pid=#PID<0.279.0> commit_store_state_shape={true, [:data_dir, :db, :invariant_dispatcher, :local_write_gate, :lock_ref, :name, :pending_imports, :queue_poller, :trust_side_store]} cubdb_pid=#PID<0.282.0> cubdb_state_shape=CubDB.State cubdb_data_dir="tmp/test_data/commits" cubdb_read=%{compact: [], count: 1, ls: {:ok, ["21.cub"]}, exists?: true}
06:05:15.459 [error] local node self-trust was not added: node signing public-key artifact is absent — continuing with configured trusted identities
06:05:15.462 [error] local node self-trust was not added: node signing public-key artifact is absent — continuing with configured trusted identities
06:05:15.464 [error] local node self-trust was not added: node signing public-key artifact is absent — continuing with configured trusted identities
06:05:15.468 [error] local node self-trust was not added: node signing public-key artifact is absent — continuing with configured trusted identities
.
Finished in 0.01 seconds (0.00s async, 0.01s sync)
3 tests, 0 failures, 2 excluded
Running ExUnit with seed: 473035, max_cases: 8
Excluding tags: [:test]
Including tags: [location: {"test/commonplace/cli/snapshot_test.exs", 114}]

CX_SNAPMECH cwd="/home/jes/sol-snapshot-repro/wt/apps/commonplace_cli" configured="tmp/test_data" configured_read=%{compact: [], count: 4, ls: {:ok, ["node_id", "secrets", "commits", "commits.lock"]}, exists?: true} commit_store_pid=#PID<0.279.0> commit_store_state_shape={true, [:data_dir, :db, :invariant_dispatcher, :local_write_gate, :lock_ref, :name, :pending_imports, :queue_poller, :trust_side_store]} cubdb_pid=#PID<0.282.0> cubdb_state_shape=CubDB.State cubdb_data_dir="tmp/test_data/commits" cubdb_read=%{compact: [], count: 1, ls: {:ok, ["21.cub"]}, exists?: true}
06:05:15.474 [error] local node self-trust was not added: node signing public-key artifact is absent — continuing with configured trusted identities
06:05:15.478 [error] local node self-trust was not added: node signing public-key artifact is absent — continuing with configured trusted identities
06:05:15.480 [error] local node self-trust was not added: node signing public-key artifact is absent — continuing with configured trusted identities
06:05:15.485 [error] local node self-trust was not added: node signing public-key artifact is absent — continuing with configured trusted identities
.
Finished in 0.01 seconds (0.00s async, 0.01s sync)
3 tests, 0 failures, 2 excluded
Running ExUnit with seed: 489624, max_cases: 8
Excluding tags: [:test]
Including tags: [location: {"test/commonplace/cli/snapshot_test.exs", 114}]

CX_SNAPMECH cwd="/home/jes/sol-snapshot-repro/wt/apps/commonplace_cli" configured="tmp/test_data" configured_read=%{compact: [], count: 4, ls: {:ok, ["node_id", "secrets", "commits", "commits.lock"]}, exists?: true} commit_store_pid=#PID<0.279.0> commit_store_state_shape={true, [:data_dir, :db, :invariant_dispatcher, :local_write_gate, :lock_ref, :name, :pending_imports, :queue_poller, :trust_side_store]} cubdb_pid=#PID<0.282.0> cubdb_state_shape=CubDB.State cubdb_data_dir="tmp/test_data/commits" cubdb_read=%{compact: [], count: 1, ls: {:ok, ["21.cub"]}, exists?: true}
06:05:15.490 [error] local node self-trust was not added: node signing public-key artifact is absent — continuing with configured trusted identities
06:05:15.496 [error] local node self-trust was not added: node signing public-key artifact is absent — continuing with configured trusted identities
06:05:15.504 [error] local node self-trust was not added: node signing public-key artifact is absent — continuing with configured trusted identities
06:05:15.508 [error] local node self-trust was not added: node signing public-key artifact is absent — continuing with configured trusted identities
.
Finished in 0.02 seconds (0.00s async, 0.02s sync)
3 tests, 0 failures, 2 excluded
Running ExUnit with seed: 513408, max_cases: 8
Excluding tags: [:test]
Including tags: [location: {"test/commonplace/cli/snapshot_test.exs", 114}]

CX_SNAPMECH cwd="/home/jes/sol-snapshot-repro/wt/apps/commonplace_cli" configured="tmp/test_data" configured_read=%{compact: [], count: 4, ls: {:ok, ["node_id", "secrets", "commits", "commits.lock"]}, exists?: true} commit_store_pid=#PID<0.279.0> commit_store_state_shape={true, [:data_dir, :db, :invariant_dispatcher, :local_write_gate, :lock_ref, :name, :pending_imports, :queue_poller, :trust_side_store]} cubdb_pid=#PID<0.282.0> cubdb_state_shape=CubDB.State cubdb_data_dir="tmp/test_data/commits" cubdb_read=%{compact: [], count: 1, ls: {:ok, ["21.cub"]}, exists?: true}
06:05:15.514 [error] local node self-trust was not added: node signing public-key artifact is absent — continuing with configured trusted identities
06:05:15.517 [error] local node self-trust was not added: node signing public-key artifact is absent — continuing with configured trusted identities
06:05:15.519 [error] local node self-trust was not added: node signing public-key artifact is absent — continuing with configured trusted identities
06:05:15.524 [error] local node self-trust was not added: node signing public-key artifact is absent — continuing with configured trusted identities
.
Finished in 0.01 seconds (0.00s async, 0.01s sync)
3 tests, 0 failures, 2 excluded
Running ExUnit with seed: 527797, max_cases: 8
Excluding tags: [:test]
Including tags: [location: {"test/commonplace/cli/snapshot_test.exs", 114}]

CX_SNAPMECH cwd="/home/jes/sol-snapshot-repro/wt/apps/commonplace_cli" configured="tmp/test_data" configured_read=%{compact: [], count: 4, ls: {:ok, ["node_id", "secrets", "commits", "commits.lock"]}, exists?: true} commit_store_pid=#PID<0.279.0> commit_store_state_shape={true, [:data_dir, :db, :invariant_dispatcher, :local_write_gate, :lock_ref, :name, :pending_imports, :queue_poller, :trust_side_store]} cubdb_pid=#PID<0.282.0> cubdb_state_shape=CubDB.State cubdb_data_dir="tmp/test_data/commits" cubdb_read=%{compact: [], count: 1, ls: {:ok, ["21.cub"]}, exists?: true}
06:05:15.528 [error] local node self-trust was not added: node signing public-key artifact is absent — continuing with configured trusted identities
06:05:15.532 [error] local node self-trust was not added: node signing public-key artifact is absent — continuing with configured trusted identities
06:05:15.534 [error] local node self-trust was not added: node signing public-key artifact is absent — continuing with configured trusted identities
06:05:15.539 [error] local node self-trust was not added: node signing public-key artifact is absent — continuing with configured trusted identities
.
Finished in 0.01 seconds (0.00s async, 0.01s sync)
3 tests, 0 failures, 2 excluded
Running ExUnit with seed: 542307, max_cases: 8
Excluding tags: [:test]
Including tags: [location: {"test/commonplace/cli/snapshot_test.exs", 114}]

CX_SNAPMECH cwd="/home/jes/sol-snapshot-repro/wt/apps/commonplace_cli" configured="tmp/test_data" configured_read=%{compact: [], count: 4, ls: {:ok, ["node_id", "secrets", "commits", "commits.lock"]}, exists?: true} commit_store_pid=#PID<0.279.0> commit_store_state_shape={true, [:data_dir, :db, :invariant_dispatcher, :local_write_gate, :lock_ref, :name, :pending_imports, :queue_poller, :trust_side_store]} cubdb_pid=#PID<0.282.0> cubdb_state_shape=CubDB.State cubdb_data_dir="tmp/test_data/commits" cubdb_read=%{compact: [], count: 1, ls: {:ok, ["21.cub"]}, exists?: true}
06:05:15.543 [error] local node self-trust was not added: node signing public-key artifact is absent — continuing with configured trusted identities
06:05:15.545 [error] local node self-trust was not added: node signing public-key artifact is absent — continuing with configured trusted identities
06:05:15.548 [error] local node self-trust was not added: node signing public-key artifact is absent — continuing with configured trusted identities
06:05:15.552 [error] local node self-trust was not added: node signing public-key artifact is absent — continuing with configured trusted identities
.
Finished in 0.01 seconds (0.00s async, 0.01s sync)
3 tests, 0 failures, 2 excluded
Running ExUnit with seed: 555884, max_cases: 8
Excluding tags: [:test]
Including tags: [location: {"test/commonplace/cli/snapshot_test.exs", 114}]

CX_SNAPMECH cwd="/home/jes/sol-snapshot-repro/wt/apps/commonplace_cli" configured="tmp/test_data" configured_read=%{compact: [], count: 4, ls: {:ok, ["node_id", "secrets", "commits", "commits.lock"]}, exists?: true} commit_store_pid=#PID<0.279.0> commit_store_state_shape={true, [:data_dir, :db, :invariant_dispatcher, :local_write_gate, :lock_ref, :name, :pending_imports, :queue_poller, :trust_side_store]} cubdb_pid=#PID<0.282.0> cubdb_state_shape=CubDB.State cubdb_data_dir="tmp/test_data/commits" cubdb_read=%{compact: [], count: 1, ls: {:ok, ["21.cub"]}, exists?: true}
06:05:15.556 [error] local node self-trust was not added: node signing public-key artifact is absent — continuing with configured trusted identities
06:05:15.559 [error] local node self-trust was not added: node signing public-key artifact is absent — continuing with configured trusted identities
06:05:15.561 [error] local node self-trust was not added: node signing public-key artifact is absent — continuing with configured trusted identities
06:05:15.566 [error] local node self-trust was not added: node signing public-key artifact is absent — continuing with configured trusted identities
.
Finished in 0.01 seconds (0.00s async, 0.01s sync)
3 tests, 0 failures, 2 excluded
Running ExUnit with seed: 569464, max_cases: 8
Excluding tags: [:test]
Including tags: [location: {"test/commonplace/cli/snapshot_test.exs", 114}]

CX_SNAPMECH cwd="/home/jes/sol-snapshot-repro/wt/apps/commonplace_cli" configured="tmp/test_data" configured_read=%{compact: [], count: 4, ls: {:ok, ["node_id", "secrets", "commits", "commits.lock"]}, exists?: true} commit_store_pid=#PID<0.279.0> commit_store_state_shape={true, [:data_dir, :db, :invariant_dispatcher, :local_write_gate, :lock_ref, :name, :pending_imports, :queue_poller, :trust_side_store]} cubdb_pid=#PID<0.282.0> cubdb_state_shape=CubDB.State cubdb_data_dir="tmp/test_data/commits" cubdb_read=%{compact: [], count: 1, ls: {:ok, ["21.cub"]}, exists?: true}
06:05:15.570 [error] local node self-trust was not added: node signing public-key artifact is absent — continuing with configured trusted identities
06:05:15.572 [error] local node self-trust was not added: node signing public-key artifact is absent — continuing with configured trusted identities
06:05:15.574 [error] local node self-trust was not added: node signing public-key artifact is absent — continuing with configured trusted identities
06:05:15.578 [error] local node self-trust was not added: node signing public-key artifact is absent — continuing with configured trusted identities
.
Finished in 0.01 seconds (0.00s async, 0.01s sync)
3 tests, 0 failures, 2 excluded
Running ExUnit with seed: 582056, max_cases: 8
Excluding tags: [:test]
Including tags: [location: {"test/commonplace/cli/snapshot_test.exs", 114}]

CX_SNAPMECH cwd="/home/jes/sol-snapshot-repro/wt/apps/commonplace_cli" configured="tmp/test_data" configured_read=%{compact: [], count: 4, ls: {:ok, ["node_id", "secrets", "commits", "commits.lock"]}, exists?: true} commit_store_pid=#PID<0.279.0> commit_store_state_shape={true, [:data_dir, :db, :invariant_dispatcher, :local_write_gate, :lock_ref, :name, :pending_imports, :queue_poller, :trust_side_store]} cubdb_pid=#PID<0.282.0> cubdb_state_shape=CubDB.State cubdb_data_dir="tmp/test_data/commits" cubdb_read=%{compact: [], count: 1, ls: {:ok, ["21.cub"]}, exists?: true}
06:05:15.586 [error] local node self-trust was not added: node signing public-key artifact is absent — continuing with configured trusted identities
06:05:15.589 [error] local node self-trust was not added: node signing public-key artifact is absent — continuing with configured trusted identities
06:05:15.592 [error] local node self-trust was not added: node signing public-key artifact is absent — continuing with configured trusted identities
06:05:15.599 [error] local node self-trust was not added: node signing public-key artifact is absent — continuing with configured trusted identities
.
Finished in 0.01 seconds (0.00s async, 0.01s sync)
3 tests, 0 failures, 2 excluded
Running ExUnit with seed: 604196, max_cases: 8
Excluding tags: [:test]
Including tags: [location: {"test/commonplace/cli/snapshot_test.exs", 114}]

CX_SNAPMECH cwd="/home/jes/sol-snapshot-repro/wt/apps/commonplace_cli" configured="tmp/test_data" configured_read=%{compact: [], count: 4, ls: {:ok, ["node_id", "secrets", "commits", "commits.lock"]}, exists?: true} commit_store_pid=#PID<0.279.0> commit_store_state_shape={true, [:data_dir, :db, :invariant_dispatcher, :local_write_gate, :lock_ref, :name, :pending_imports, :queue_poller, :trust_side_store]} cubdb_pid=#PID<0.282.0> cubdb_state_shape=CubDB.State cubdb_data_dir="tmp/test_data/commits" cubdb_read=%{compact: [], count: 1, ls: {:ok, ["21.cub"]}, exists?: true}
06:05:15.605 [error] local node self-trust was not added: node signing public-key artifact is absent — continuing with configured trusted identities
06:05:15.608 [error] local node self-trust was not added: node signing public-key artifact is absent — continuing with configured trusted identities
06:05:15.610 [error] local node self-trust was not added: node signing public-key artifact is absent — continuing with configured trusted identities
06:05:15.614 [error] local node self-trust was not added: node signing public-key artifact is absent — continuing with configured trusted identities
.
Finished in 0.01 seconds (0.00s async, 0.01s sync)
3 tests, 0 failures, 2 excluded
Running ExUnit with seed: 618997, max_cases: 8
Excluding tags: [:test]
Including tags: [location: {"test/commonplace/cli/snapshot_test.exs", 114}]

CX_SNAPMECH cwd="/home/jes/sol-snapshot-repro/wt/apps/commonplace_cli" configured="tmp/test_data" configured_read=%{compact: [], count: 4, ls: {:ok, ["node_id", "secrets", "commits", "commits.lock"]}, exists?: true} commit_store_pid=#PID<0.279.0> commit_store_state_shape={true, [:data_dir, :db, :invariant_dispatcher, :local_write_gate, :lock_ref, :name, :pending_imports, :queue_poller, :trust_side_store]} cubdb_pid=#PID<0.282.0> cubdb_state_shape=CubDB.State cubdb_data_dir="tmp/test_data/commits" cubdb_read=%{compact: [], count: 1, ls: {:ok, ["21.cub"]}, exists?: true}
06:05:15.620 [error] local node self-trust was not added: node signing public-key artifact is absent — continuing with configured trusted identities
06:05:15.623 [error] local node self-trust was not added: node signing public-key artifact is absent — continuing with configured trusted identities
06:05:15.627 [error] local node self-trust was not added: node signing public-key artifact is absent — continuing with configured trusted identities
06:05:15.631 [error] local node self-trust was not added: node signing public-key artifact is absent — continuing with configured trusted identities
.
Finished in 0.01 seconds (0.00s async, 0.01s sync)
3 tests, 0 failures, 2 excluded
Running ExUnit with seed: 634825, max_cases: 8
Excluding tags: [:test]
Including tags: [location: {"test/commonplace/cli/snapshot_test.exs", 114}]

CX_SNAPMECH cwd="/home/jes/sol-snapshot-repro/wt/apps/commonplace_cli" configured="tmp/test_data" configured_read=%{compact: [], count: 4, ls: {:ok, ["node_id", "secrets", "commits", "commits.lock"]}, exists?: true} commit_store_pid=#PID<0.279.0> commit_store_state_shape={true, [:data_dir, :db, :invariant_dispatcher, :local_write_gate, :lock_ref, :name, :pending_imports, :queue_poller, :trust_side_store]} cubdb_pid=#PID<0.282.0> cubdb_state_shape=CubDB.State cubdb_data_dir="tmp/test_data/commits" cubdb_read=%{compact: [], count: 1, ls: {:ok, ["21.cub"]}, exists?: true}
06:05:15.635 [error] local node self-trust was not added: node signing public-key artifact is absent — continuing with configured trusted identities
06:05:15.638 [error] local node self-trust was not added: node signing public-key artifact is absent — continuing with configured trusted identities
06:05:15.641 [error] local node self-trust was not added: node signing public-key artifact is absent — continuing with configured trusted identities
06:05:15.645 [error] local node self-trust was not added: node signing public-key artifact is absent — continuing with configured trusted identities
.
Finished in 0.01 seconds (0.00s async, 0.01s sync)
3 tests, 0 failures, 2 excluded
Running ExUnit with seed: 649420, max_cases: 8
Excluding tags: [:test]
Including tags: [location: {"test/commonplace/cli/snapshot_test.exs", 114}]

CX_SNAPMECH cwd="/home/jes/sol-snapshot-repro/wt/apps/commonplace_cli" configured="tmp/test_data" configured_read=%{compact: [], count: 4, ls: {:ok, ["node_id", "secrets", "commits", "commits.lock"]}, exists?: true} commit_store_pid=#PID<0.279.0> commit_store_state_shape={true, [:data_dir, :db, :invariant_dispatcher, :local_write_gate, :lock_ref, :name, :pending_imports, :queue_poller, :trust_side_store]} cubdb_pid=#PID<0.282.0> cubdb_state_shape=CubDB.State cubdb_data_dir="tmp/test_data/commits" cubdb_read=%{compact: [], count: 1, ls: {:ok, ["21.cub"]}, exists?: true}
06:05:15.652 [error] local node self-trust was not added: node signing public-key artifact is absent — continuing with configured trusted identities
06:05:15.658 [error] local node self-trust was not added: node signing public-key artifact is absent — continuing with configured trusted identities
06:05:15.660 [error] local node self-trust was not added: node signing public-key artifact is absent — continuing with configured trusted identities
06:05:15.667 [error] local node self-trust was not added: node signing public-key artifact is absent — continuing with configured trusted identities
.
Finished in 0.02 seconds (0.00s async, 0.02s sync)
3 tests, 0 failures, 2 excluded
Running ExUnit with seed: 670675, max_cases: 8
Excluding tags: [:test]
Including tags: [location: {"test/commonplace/cli/snapshot_test.exs", 114}]

CX_SNAPMECH cwd="/home/jes/sol-snapshot-repro/wt/apps/commonplace_cli" configured="tmp/test_data" configured_read=%{compact: [], count: 4, ls: {:ok, ["node_id", "secrets", "commits", "commits.lock"]}, exists?: true} commit_store_pid=#PID<0.279.0> commit_store_state_shape={true, [:data_dir, :db, :invariant_dispatcher, :local_write_gate, :lock_ref, :name, :pending_imports, :queue_poller, :trust_side_store]} cubdb_pid=#PID<0.282.0> cubdb_state_shape=CubDB.State cubdb_data_dir="tmp/test_data/commits" cubdb_read=%{compact: [], count: 1, ls: {:ok, ["21.cub"]}, exists?: true}
06:05:15.671 [error] local node self-trust was not added: node signing public-key artifact is absent — continuing with configured trusted identities
06:05:15.674 [error] local node self-trust was not added: node signing public-key artifact is absent — continuing with configured trusted identities
06:05:15.677 [error] local node self-trust was not added: node signing public-key artifact is absent — continuing with configured trusted identities
06:05:15.681 [error] local node self-trust was not added: node signing public-key artifact is absent — continuing with configured trusted identities
.
Finished in 0.01 seconds (0.00s async, 0.01s sync)
3 tests, 0 failures, 2 excluded
Running ExUnit with seed: 684253, max_cases: 8
Excluding tags: [:test]
Including tags: [location: {"test/commonplace/cli/snapshot_test.exs", 114}]

CX_SNAPMECH cwd="/home/jes/sol-snapshot-repro/wt/apps/commonplace_cli" configured="tmp/test_data" configured_read=%{compact: [], count: 4, ls: {:ok, ["node_id", "secrets", "commits", "commits.lock"]}, exists?: true} commit_store_pid=#PID<0.279.0> commit_store_state_shape={true, [:data_dir, :db, :invariant_dispatcher, :local_write_gate, :lock_ref, :name, :pending_imports, :queue_poller, :trust_side_store]} cubdb_pid=#PID<0.282.0> cubdb_state_shape=CubDB.State cubdb_data_dir="tmp/test_data/commits" cubdb_read=%{compact: [], count: 1, ls: {:ok, ["21.cub"]}, exists?: true}
06:05:15.685 [error] local node self-trust was not added: node signing public-key artifact is absent — continuing with configured trusted identities
06:05:15.688 [error] local node self-trust was not added: node signing public-key artifact is absent — continuing with configured trusted identities
06:05:15.690 [error] local node self-trust was not added: node signing public-key artifact is absent — continuing with configured trusted identities
06:05:15.694 [error] local node self-trust was not added: node signing public-key artifact is absent — continuing with configured trusted identities
.
Finished in 0.01 seconds (0.00s async, 0.01s sync)
3 tests, 0 failures, 2 excluded
Running ExUnit with seed: 698750, max_cases: 8
Excluding tags: [:test]
Including tags: [location: {"test/commonplace/cli/snapshot_test.exs", 114}]

CX_SNAPMECH cwd="/home/jes/sol-snapshot-repro/wt/apps/commonplace_cli" configured="tmp/test_data" configured_read=%{compact: [], count: 4, ls: {:ok, ["node_id", "secrets", "commits", "commits.lock"]}, exists?: true} commit_store_pid=#PID<0.279.0> commit_store_state_shape={true, [:data_dir, :db, :invariant_dispatcher, :local_write_gate, :lock_ref, :name, :pending_imports, :queue_poller, :trust_side_store]} cubdb_pid=#PID<0.282.0> cubdb_state_shape=CubDB.State cubdb_data_dir="tmp/test_data/commits" cubdb_read=%{compact: [], count: 1, ls: {:ok, ["21.cub"]}, exists?: true}
06:05:15.700 [error] local node self-trust was not added: node signing public-key artifact is absent — continuing with configured trusted identities
06:05:15.703 [error] local node self-trust was not added: node signing public-key artifact is absent — continuing with configured trusted identities
06:05:15.705 [error] local node self-trust was not added: node signing public-key artifact is absent — continuing with configured trusted identities
06:05:15.709 [error] local node self-trust was not added: node signing public-key artifact is absent — continuing with configured trusted identities
.
Finished in 0.01 seconds (0.00s async, 0.01s sync)
3 tests, 0 failures, 2 excluded
Running ExUnit with seed: 713805, max_cases: 8
Excluding tags: [:test]
Including tags: [location: {"test/commonplace/cli/snapshot_test.exs", 114}]

CX_SNAPMECH cwd="/home/jes/sol-snapshot-repro/wt/apps/commonplace_cli" configured="tmp/test_data" configured_read=%{compact: [], count: 4, ls: {:ok, ["node_id", "secrets", "commits", "commits.lock"]}, exists?: true} commit_store_pid=#PID<0.279.0> commit_store_state_shape={true, [:data_dir, :db, :invariant_dispatcher, :local_write_gate, :lock_ref, :name, :pending_imports, :queue_poller, :trust_side_store]} cubdb_pid=#PID<0.282.0> cubdb_state_shape=CubDB.State cubdb_data_dir="tmp/test_data/commits" cubdb_read=%{compact: [], count: 1, ls: {:ok, ["21.cub"]}, exists?: true}
06:05:15.715 [error] local node self-trust was not added: node signing public-key artifact is absent — continuing with configured trusted identities
06:05:15.718 [error] local node self-trust was not added: node signing public-key artifact is absent — continuing with configured trusted identities
06:05:15.721 [error] local node self-trust was not added: node signing public-key artifact is absent — continuing with configured trusted identities
06:05:15.726 [error] local node self-trust was not added: node signing public-key artifact is absent — continuing with configured trusted identities
.
Finished in 0.01 seconds (0.00s async, 0.01s sync)
3 tests, 0 failures, 2 excluded
Running ExUnit with seed: 730301, max_cases: 8
Excluding tags: [:test]
Including tags: [location: {"test/commonplace/cli/snapshot_test.exs", 114}]

CX_SNAPMECH cwd="/home/jes/sol-snapshot-repro/wt/apps/commonplace_cli" configured="tmp/test_data" configured_read=%{compact: [], count: 4, ls: {:ok, ["node_id", "secrets", "commits", "commits.lock"]}, exists?: true} commit_store_pid=#PID<0.279.0> commit_store_state_shape={true, [:data_dir, :db, :invariant_dispatcher, :local_write_gate, :lock_ref, :name, :pending_imports, :queue_poller, :trust_side_store]} cubdb_pid=#PID<0.282.0> cubdb_state_shape=CubDB.State cubdb_data_dir="tmp/test_data/commits" cubdb_read=%{compact: [], count: 1, ls: {:ok, ["21.cub"]}, exists?: true}
06:05:15.731 [error] local node self-trust was not added: node signing public-key artifact is absent — continuing with configured trusted identities
06:05:15.735 [error] local node self-trust was not added: node signing public-key artifact is absent — continuing with configured trusted identities
06:05:15.738 [error] local node self-trust was not added: node signing public-key artifact is absent — continuing with configured trusted identities
06:05:15.742 [error] local node self-trust was not added: node signing public-key artifact is absent — continuing with configured trusted identities
.
Finished in 0.01 seconds (0.00s async, 0.01s sync)
3 tests, 0 failures, 2 excluded
Running ExUnit with seed: 745893, max_cases: 8
Excluding tags: [:test]
Including tags: [location: {"test/commonplace/cli/snapshot_test.exs", 114}]

CX_SNAPMECH cwd="/home/jes/sol-snapshot-repro/wt/apps/commonplace_cli" configured="tmp/test_data" configured_read=%{compact: [], count: 4, ls: {:ok, ["node_id", "secrets", "commits", "commits.lock"]}, exists?: true} commit_store_pid=#PID<0.279.0> commit_store_state_shape={true, [:data_dir, :db, :invariant_dispatcher, :local_write_gate, :lock_ref, :name, :pending_imports, :queue_poller, :trust_side_store]} cubdb_pid=#PID<0.282.0> cubdb_state_shape=CubDB.State cubdb_data_dir="tmp/test_data/commits" cubdb_read=%{compact: [], count: 1, ls: {:ok, ["21.cub"]}, exists?: true}
06:05:15.747 [error] local node self-trust was not added: node signing public-key artifact is absent — continuing with configured trusted identities
06:05:15.750 [error] local node self-trust was not added: node signing public-key artifact is absent — continuing with configured trusted identities
06:05:15.752 [error] local node self-trust was not added: node signing public-key artifact is absent — continuing with configured trusted identities
06:05:15.758 [error] local node self-trust was not added: node signing public-key artifact is absent — continuing with configured trusted identities
.
Finished in 0.01 seconds (0.00s async, 0.01s sync)
3 tests, 0 failures, 2 excluded
Running ExUnit with seed: 762291, max_cases: 8
Excluding tags: [:test]
Including tags: [location: {"test/commonplace/cli/snapshot_test.exs", 114}]

CX_SNAPMECH cwd="/home/jes/sol-snapshot-repro/wt/apps/commonplace_cli" configured="tmp/test_data" configured_read=%{compact: [], count: 4, ls: {:ok, ["node_id", "secrets", "commits", "commits.lock"]}, exists?: true} commit_store_pid=#PID<0.279.0> commit_store_state_shape={true, [:data_dir, :db, :invariant_dispatcher, :local_write_gate, :lock_ref, :name, :pending_imports, :queue_poller, :trust_side_store]} cubdb_pid=#PID<0.282.0> cubdb_state_shape=CubDB.State cubdb_data_dir="tmp/test_data/commits" cubdb_read=%{compact: [], count: 1, ls: {:ok, ["21.cub"]}, exists?: true}
06:05:15.763 [error] local node self-trust was not added: node signing public-key artifact is absent — continuing with configured trusted identities
06:05:15.766 [error] local node self-trust was not added: node signing public-key artifact is absent — continuing with configured trusted identities
06:05:15.769 [error] local node self-trust was not added: node signing public-key artifact is absent — continuing with configured trusted identities
06:05:15.775 [error] local node self-trust was not added: node signing public-key artifact is absent — continuing with configured trusted identities
.
Finished in 0.01 seconds (0.00s async, 0.01s sync)
3 tests, 0 failures, 2 excluded
Running ExUnit with seed: 780740, max_cases: 8
Excluding tags: [:test]
Including tags: [location: {"test/commonplace/cli/snapshot_test.exs", 114}]

CX_SNAPMECH cwd="/home/jes/sol-snapshot-repro/wt/apps/commonplace_cli" configured="tmp/test_data" configured_read=%{compact: [], count: 4, ls: {:ok, ["node_id", "secrets", "commits", "commits.lock"]}, exists?: true} commit_store_pid=#PID<0.279.0> commit_store_state_shape={true, [:data_dir, :db, :invariant_dispatcher, :local_write_gate, :lock_ref, :name, :pending_imports, :queue_poller, :trust_side_store]} cubdb_pid=#PID<0.282.0> cubdb_state_shape=CubDB.State cubdb_data_dir="tmp/test_data/commits" cubdb_read=%{compact: [], count: 1, ls: {:ok, ["21.cub"]}, exists?: true}
06:05:15.781 [error] local node self-trust was not added: node signing public-key artifact is absent — continuing with configured trusted identities
06:05:15.784 [error] local node self-trust was not added: node signing public-key artifact is absent — continuing with configured trusted identities
06:05:15.787 [error] local node self-trust was not added: node signing public-key artifact is absent — continuing with configured trusted identities
06:05:15.792 [error] local node self-trust was not added: node signing public-key artifact is absent — continuing with configured trusted identities
.
Finished in 0.01 seconds (0.00s async, 0.01s sync)
3 tests, 0 failures, 2 excluded
Running ExUnit with seed: 796879, max_cases: 8
Excluding tags: [:test]
Including tags: [location: {"test/commonplace/cli/snapshot_test.exs", 114}]

CX_SNAPMECH cwd="/home/jes/sol-snapshot-repro/wt/apps/commonplace_cli" configured="tmp/test_data" configured_read=%{compact: [], count: 4, ls: {:ok, ["node_id", "secrets", "commits", "commits.lock"]}, exists?: true} commit_store_pid=#PID<0.279.0> commit_store_state_shape={true, [:data_dir, :db, :invariant_dispatcher, :local_write_gate, :lock_ref, :name, :pending_imports, :queue_poller, :trust_side_store]} cubdb_pid=#PID<0.282.0> cubdb_state_shape=CubDB.State cubdb_data_dir="tmp/test_data/commits" cubdb_read=%{compact: [], count: 1, ls: {:ok, ["21.cub"]}, exists?: true}
06:05:15.798 [error] local node self-trust was not added: node signing public-key artifact is absent — continuing with configured trusted identities
06:05:15.802 [error] local node self-trust was not added: node signing public-key artifact is absent — continuing with configured trusted identities
06:05:15.806 [error] local node self-trust was not added: node signing public-key artifact is absent — continuing with configured trusted identities
06:05:15.815 [error] local node self-trust was not added: node signing public-key artifact is absent — continuing with configured trusted identities
.
Finished in 0.02 seconds (0.00s async, 0.02s sync)
3 tests, 0 failures, 2 excluded
Running ExUnit with seed: 823440, max_cases: 8
Excluding tags: [:test]
Including tags: [location: {"test/commonplace/cli/snapshot_test.exs", 114}]

CX_SNAPMECH cwd="/home/jes/sol-snapshot-repro/wt/apps/commonplace_cli" configured="tmp/test_data" configured_read=%{compact: [], count: 4, ls: {:ok, ["node_id", "secrets", "commits", "commits.lock"]}, exists?: true} commit_store_pid=#PID<0.279.0> commit_store_state_shape={true, [:data_dir, :db, :invariant_dispatcher, :local_write_gate, :lock_ref, :name, :pending_imports, :queue_poller, :trust_side_store]} cubdb_pid=#PID<0.282.0> cubdb_state_shape=CubDB.State cubdb_data_dir="tmp/test_data/commits" cubdb_read=%{compact: ["22.compact"], count: 2, ls: {:ok, ["21.cub", "22.compact"]}, exists?: true}
06:05:15.825 [error] local node self-trust was not added: node signing public-key artifact is absent — continuing with configured trusted identities
06:05:15.830 [error] local node self-trust was not added: node signing public-key artifact is absent — continuing with configured trusted identities
06:05:15.836 [error] local node self-trust was not added: node signing public-key artifact is absent — continuing with configured trusted identities
06:05:15.846 [error] local node self-trust was not added: node signing public-key artifact is absent — continuing with configured trusted identities
.
Finished in 0.02 seconds (0.00s async, 0.02s sync)
3 tests, 0 failures, 2 excluded
Running ExUnit with seed: 854431, max_cases: 8
Excluding tags: [:test]
Including tags: [location: {"test/commonplace/cli/snapshot_test.exs", 114}]

CX_SNAPMECH cwd="/home/jes/sol-snapshot-repro/wt/apps/commonplace_cli" configured="tmp/test_data" configured_read=%{compact: [], count: 4, ls: {:ok, ["node_id", "secrets", "commits", "commits.lock"]}, exists?: true} commit_store_pid=#PID<0.279.0> commit_store_state_shape={true, [:data_dir, :db, :invariant_dispatcher, :local_write_gate, :lock_ref, :name, :pending_imports, :queue_poller, :trust_side_store]} cubdb_pid=#PID<0.282.0> cubdb_state_shape=CubDB.State cubdb_data_dir="tmp/test_data/commits" cubdb_read=%{compact: ["22.compact"], count: 2, ls: {:ok, ["21.cub", "22.compact"]}, exists?: true}
06:05:15.857 [error] local node self-trust was not added: node signing public-key artifact is absent — continuing with configured trusted identities
06:05:15.864 [error] local node self-trust was not added: node signing public-key artifact is absent — continuing with configured trusted identities
06:05:15.869 [error] local node self-trust was not added: node signing public-key artifact is absent — continuing with configured trusted identities
06:05:15.883 [error] local node self-trust was not added: node signing public-key artifact is absent — continuing with configured trusted identities
.
Finished in 0.03 seconds (0.00s async, 0.03s sync)
3 tests, 0 failures, 2 excluded
Running ExUnit with seed: 895542, max_cases: 8
Excluding tags: [:test]
Including tags: [location: {"test/commonplace/cli/snapshot_test.exs", 114}]

CX_SNAPMECH cwd="/home/jes/sol-snapshot-repro/wt/apps/commonplace_cli" configured="tmp/test_data" configured_read=%{compact: [], count: 4, ls: {:ok, ["node_id", "secrets", "commits", "commits.lock"]}, exists?: true} commit_store_pid=#PID<0.279.0> commit_store_state_shape={true, [:data_dir, :db, :invariant_dispatcher, :local_write_gate, :lock_ref, :name, :pending_imports, :queue_poller, :trust_side_store]} cubdb_pid=#PID<0.282.0> cubdb_state_shape=CubDB.State cubdb_data_dir="tmp/test_data/commits" cubdb_read=%{compact: ["22.compact"], count: 2, ls: {:ok, ["21.cub", "22.compact"]}, exists?: true}
06:05:15.897 [error] local node self-trust was not added: node signing public-key artifact is absent — continuing with configured trusted identities
06:05:15.906 [error] local node self-trust was not added: node signing public-key artifact is absent — continuing with configured trusted identities
06:05:15.913 [error] local node self-trust was not added: node signing public-key artifact is absent — continuing with configured trusted identities
06:05:15.920 [error] local node self-trust was not added: node signing public-key artifact is absent — continuing with configured trusted identities
.
Finished in 0.02 seconds (0.00s async, 0.02s sync)
3 tests, 0 failures, 2 excluded
Running ExUnit with seed: 925522, max_cases: 8
Excluding tags: [:test]
Including tags: [location: {"test/commonplace/cli/snapshot_test.exs", 114}]

CX_SNAPMECH cwd="/home/jes/sol-snapshot-repro/wt/apps/commonplace_cli" configured="tmp/test_data" configured_read=%{compact: [], count: 4, ls: {:ok, ["node_id", "secrets", "commits", "commits.lock"]}, exists?: true} commit_store_pid=#PID<0.279.0> commit_store_state_shape={true, [:data_dir, :db, :invariant_dispatcher, :local_write_gate, :lock_ref, :name, :pending_imports, :queue_poller, :trust_side_store]} cubdb_pid=#PID<0.282.0> cubdb_state_shape=CubDB.State cubdb_data_dir="tmp/test_data/commits" cubdb_read=%{compact: ["22.compact"], count: 2, ls: {:ok, ["21.cub", "22.compact"]}, exists?: true}
06:05:15.927 [error] local node self-trust was not added: node signing public-key artifact is absent — continuing with configured trusted identities
06:05:15.932 [error] local node self-trust was not added: node signing public-key artifact is absent — continuing with configured trusted identities
06:05:15.936 [error] local node self-trust was not added: node signing public-key artifact is absent — continuing with configured trusted identities
06:05:15.948 [error] local node self-trust was not added: node signing public-key artifact is absent — continuing with configured trusted identities
.
Finished in 0.02 seconds (0.00s async, 0.02s sync)
3 tests, 0 failures, 2 excluded
Running ExUnit with seed: 956607, max_cases: 8
Excluding tags: [:test]
Including tags: [location: {"test/commonplace/cli/snapshot_test.exs", 114}]

06:05:15.960 [error] local node self-trust was not added: node signing public-key artifact is absent — continuing with configured trusted identities
CX_SNAPMECH cwd="/home/jes/sol-snapshot-repro/wt/apps/commonplace_cli" configured="tmp/test_data" configured_read=%{compact: [], count: 4, ls: {:ok, ["node_id", "secrets", "commits", "commits.lock"]}, exists?: true} commit_store_pid=#PID<0.279.0> commit_store_state_shape={true, [:data_dir, :db, :invariant_dispatcher, :local_write_gate, :lock_ref, :name, :pending_imports, :queue_poller, :trust_side_store]} cubdb_pid=#PID<0.282.0> cubdb_state_shape=CubDB.State cubdb_data_dir="tmp/test_data/commits" cubdb_read=%{compact: ["22.compact"], count: 2, ls: {:ok, ["21.cub", "22.compact"]}, exists?: true}
06:05:15.969 [error] local node self-trust was not added: node signing public-key artifact is absent — continuing with configured trusted identities
06:05:15.980 [error] local node self-trust was not added: node signing public-key artifact is absent — continuing with configured trusted identities
06:05:15.990 [error] local node self-trust was not added: node signing public-key artifact is absent — continuing with configured trusted identities
.
Finished in 0.04 seconds (0.00s async, 0.04s sync)
3 tests, 0 failures, 2 excluded
Running ExUnit with seed: 5771, max_cases: 8
Excluding tags: [:test]
Including tags: [location: {"test/commonplace/cli/snapshot_test.exs", 114}]

CX_SNAPMECH cwd="/home/jes/sol-snapshot-repro/wt/apps/commonplace_cli" configured="tmp/test_data" configured_read=%{compact: [], count: 4, ls: {:ok, ["node_id", "secrets", "commits", "commits.lock"]}, exists?: true} commit_store_pid=#PID<0.279.0> commit_store_state_shape={true, [:data_dir, :db, :invariant_dispatcher, :local_write_gate, :lock_ref, :name, :pending_imports, :queue_poller, :trust_side_store]} cubdb_pid=#PID<0.282.0> cubdb_state_shape=CubDB.State cubdb_data_dir="tmp/test_data/commits" cubdb_read=%{compact: ["22.compact"], count: 2, ls: {:ok, ["21.cub", "22.compact"]}, exists?: true}
06:05:16.010 [error] local node self-trust was not added: node signing public-key artifact is absent — continuing with configured trusted identities
06:05:16.020 [error] local node self-trust was not added: node signing public-key artifact is absent — continuing with configured trusted identities
06:05:16.031 [error] local node self-trust was not added: node signing public-key artifact is absent — continuing with configured trusted identities
06:05:16.044 [error] local node self-trust was not added: node signing public-key artifact is absent — continuing with configured trusted identities
.
Finished in 0.04 seconds (0.00s async, 0.04s sync)
3 tests, 0 failures, 2 excluded
Running ExUnit with seed: 54451, max_cases: 8
Excluding tags: [:test]
Including tags: [location: {"test/commonplace/cli/snapshot_test.exs", 114}]

CX_SNAPMECH cwd="/home/jes/sol-snapshot-repro/wt/apps/commonplace_cli" configured="tmp/test_data" configured_read=%{compact: [], count: 4, ls: {:ok, ["node_id", "secrets", "commits", "commits.lock"]}, exists?: true} commit_store_pid=#PID<0.279.0> commit_store_state_shape={true, [:data_dir, :db, :invariant_dispatcher, :local_write_gate, :lock_ref, :name, :pending_imports, :queue_poller, :trust_side_store]} cubdb_pid=#PID<0.282.0> cubdb_state_shape=CubDB.State cubdb_data_dir="tmp/test_data/commits" cubdb_read=%{compact: ["22.compact"], count: 2, ls: {:ok, ["21.cub", "22.compact"]}, exists?: true}
06:05:16.057 [error] local node self-trust was not added: node signing public-key artifact is absent — continuing with configured trusted identities
06:05:16.062 [error] local node self-trust was not added: node signing public-key artifact is absent — continuing with configured trusted identities
06:05:16.066 [error] local node self-trust was not added: node signing public-key artifact is absent — continuing with configured trusted identities
06:05:16.079 [error] local node self-trust was not added: node signing public-key artifact is absent — continuing with configured trusted identities
.
Finished in 0.02 seconds (0.00s async, 0.02s sync)
3 tests, 0 failures, 2 excluded
Running ExUnit with seed: 86488, max_cases: 8
Excluding tags: [:test]
Including tags: [location: {"test/commonplace/cli/snapshot_test.exs", 114}]

CX_SNAPMECH cwd="/home/jes/sol-snapshot-repro/wt/apps/commonplace_cli" configured="tmp/test_data" configured_read=%{compact: [], count: 4, ls: {:ok, ["node_id", "secrets", "commits", "commits.lock"]}, exists?: true} commit_store_pid=#PID<0.279.0> commit_store_state_shape={true, [:data_dir, :db, :invariant_dispatcher, :local_write_gate, :lock_ref, :name, :pending_imports, :queue_poller, :trust_side_store]} cubdb_pid=#PID<0.282.0> cubdb_state_shape=CubDB.State cubdb_data_dir="tmp/test_data/commits" cubdb_read=%{compact: ["22.compact"], count: 2, ls: {:ok, ["21.cub", "22.compact"]}, exists?: true}
06:05:16.089 [error] local node self-trust was not added: node signing public-key artifact is absent — continuing with configured trusted identities
06:05:16.097 [error] local node self-trust was not added: node signing public-key artifact is absent — continuing with configured trusted identities
06:05:16.101 [error] local node self-trust was not added: node signing public-key artifact is absent — continuing with configured trusted identities
06:05:16.110 [error] local node self-trust was not added: node signing public-key artifact is absent — continuing with configured trusted identities
.
Finished in 0.02 seconds (0.00s async, 0.02s sync)
3 tests, 0 failures, 2 excluded
Running ExUnit with seed: 115608, max_cases: 8
Excluding tags: [:test]
Including tags: [location: {"test/commonplace/cli/snapshot_test.exs", 114}]

CX_SNAPMECH cwd="/home/jes/sol-snapshot-repro/wt/apps/commonplace_cli" configured="tmp/test_data" configured_read=%{compact: [], count: 4, ls: {:ok, ["node_id", "secrets", "commits", "commits.lock"]}, exists?: true} commit_store_pid=#PID<0.279.0> commit_store_state_shape={true, [:data_dir, :db, :invariant_dispatcher, :local_write_gate, :lock_ref, :name, :pending_imports, :queue_poller, :trust_side_store]} cubdb_pid=#PID<0.282.0> cubdb_state_shape=CubDB.State cubdb_data_dir="tmp/test_data/commits" cubdb_read=%{compact: ["22.compact"], count: 2, ls: {:ok, ["21.cub", "22.compact"]}, exists?: true}
06:05:16.119 [error] local node self-trust was not added: node signing public-key artifact is absent — continuing with configured trusted identities
06:05:16.125 [error] local node self-trust was not added: node signing public-key artifact is absent — continuing with configured trusted identities
06:05:16.129 [error] local node self-trust was not added: node signing public-key artifact is absent — continuing with configured trusted identities
06:05:16.140 [error] local node self-trust was not added: node signing public-key artifact is absent — continuing with configured trusted identities
.
Finished in 0.03 seconds (0.00s async, 0.03s sync)
3 tests, 0 failures, 2 excluded
Running ExUnit with seed: 150949, max_cases: 8
Excluding tags: [:test]
Including tags: [location: {"test/commonplace/cli/snapshot_test.exs", 114}]

CX_SNAPMECH cwd="/home/jes/sol-snapshot-repro/wt/apps/commonplace_cli" configured="tmp/test_data" configured_read=%{compact: [], count: 4, ls: {:ok, ["node_id", "secrets", "commits", "commits.lock"]}, exists?: true} commit_store_pid=#PID<0.279.0> commit_store_state_shape={true, [:data_dir, :db, :invariant_dispatcher, :local_write_gate, :lock_ref, :name, :pending_imports, :queue_poller, :trust_side_store]} cubdb_pid=#PID<0.282.0> cubdb_state_shape=CubDB.State cubdb_data_dir="tmp/test_data/commits" cubdb_read=%{compact: ["22.compact"], count: 2, ls: {:ok, ["21.cub", "22.compact"]}, exists?: true}
06:05:16.155 [error] local node self-trust was not added: node signing public-key artifact is absent — continuing with configured trusted identities
06:05:16.161 [error] local node self-trust was not added: node signing public-key artifact is absent — continuing with configured trusted identities
06:05:16.165 [error] local node self-trust was not added: node signing public-key artifact is absent — continuing with configured trusted identities
06:05:16.174 [error] local node self-trust was not added: node signing public-key artifact is absent — continuing with configured trusted identities
.
Finished in 0.03 seconds (0.00s async, 0.03s sync)
3 tests, 0 failures, 2 excluded
Running ExUnit with seed: 184271, max_cases: 8
Excluding tags: [:test]
Including tags: [location: {"test/commonplace/cli/snapshot_test.exs", 114}]

CX_SNAPMECH cwd="/home/jes/sol-snapshot-repro/wt/apps/commonplace_cli" configured="tmp/test_data" configured_read=%{compact: [], count: 4, ls: {:ok, ["node_id", "secrets", "commits", "commits.lock"]}, exists?: true} commit_store_pid=#PID<0.279.0> commit_store_state_shape={true, [:data_dir, :db, :invariant_dispatcher, :local_write_gate, :lock_ref, :name, :pending_imports, :queue_poller, :trust_side_store]} cubdb_pid=#PID<0.282.0> cubdb_state_shape=CubDB.State cubdb_data_dir="tmp/test_data/commits" cubdb_read=%{compact: ["22.compact"], count: 2, ls: {:ok, ["21.cub", "22.compact"]}, exists?: true}
06:05:16.186 [error] local node self-trust was not added: node signing public-key artifact is absent — continuing with configured trusted identities
06:05:16.195 [error] local node self-trust was not added: node signing public-key artifact is absent — continuing with configured trusted identities
06:05:16.203 [error] local node self-trust was not added: node signing public-key artifact is absent — continuing with configured trusted identities
06:05:16.220 [error] local node self-trust was not added: node signing public-key artifact is absent — continuing with configured trusted identities
.
Finished in 0.04 seconds (0.00s async, 0.04s sync)
3 tests, 0 failures, 2 excluded
Running ExUnit with seed: 231346, max_cases: 8
Excluding tags: [:test]
Including tags: [location: {"test/commonplace/cli/snapshot_test.exs", 114}]

CX_SNAPMECH cwd="/home/jes/sol-snapshot-repro/wt/apps/commonplace_cli" configured="tmp/test_data" configured_read=%{compact: [], count: 4, ls: {:ok, ["node_id", "secrets", "commits", "commits.lock"]}, exists?: true} commit_store_pid=#PID<0.279.0> commit_store_state_shape={true, [:data_dir, :db, :invariant_dispatcher, :local_write_gate, :lock_ref, :name, :pending_imports, :queue_poller, :trust_side_store]} cubdb_pid=#PID<0.282.0> cubdb_state_shape=CubDB.State cubdb_data_dir="tmp/test_data/commits" cubdb_read=%{compact: ["22.compact"], count: 2, ls: {:ok, ["21.cub", "22.compact"]}, exists?: true}
06:05:16.233 [error] local node self-trust was not added: node signing public-key artifact is absent — continuing with configured trusted identities
06:05:16.241 [error] local node self-trust was not added: node signing public-key artifact is absent — continuing with configured trusted identities
06:05:16.246 [error] local node self-trust was not added: node signing public-key artifact is absent — continuing with configured trusted identities
06:05:16.251 [error] local node self-trust was not added: node signing public-key artifact is absent — continuing with configured trusted identities
.
Finished in 0.02 seconds (0.00s async, 0.02s sync)
3 tests, 0 failures, 2 excluded
Running ExUnit with seed: 257349, max_cases: 8
Excluding tags: [:test]
Including tags: [location: {"test/commonplace/cli/snapshot_test.exs", 114}]

CX_SNAPMECH cwd="/home/jes/sol-snapshot-repro/wt/apps/commonplace_cli" configured="tmp/test_data" configured_read=%{compact: [], count: 4, ls: {:ok, ["node_id", "secrets", "commits", "commits.lock"]}, exists?: true} commit_store_pid=#PID<0.279.0> commit_store_state_shape={true, [:data_dir, :db, :invariant_dispatcher, :local_write_gate, :lock_ref, :name, :pending_imports, :queue_poller, :trust_side_store]} cubdb_pid=#PID<0.282.0> cubdb_state_shape=CubDB.State cubdb_data_dir="tmp/test_data/commits" cubdb_read=%{compact: ["22.compact"], count: 2, ls: {:ok, ["21.cub", "22.compact"]}, exists?: true}
06:05:16.259 [error] local node self-trust was not added: node signing public-key artifact is absent — continuing with configured trusted identities
06:05:16.262 [error] local node self-trust was not added: node signing public-key artifact is absent — continuing with configured trusted identities
06:05:16.266 [error] local node self-trust was not added: node signing public-key artifact is absent — continuing with configured trusted identities
06:05:16.273 [error] local node self-trust was not added: node signing public-key artifact is absent — continuing with configured trusted identities
.
Finished in 0.02 seconds (0.00s async, 0.02s sync)
3 tests, 0 failures, 2 excluded
Running ExUnit with seed: 278606, max_cases: 8
Excluding tags: [:test]
Including tags: [location: {"test/commonplace/cli/snapshot_test.exs", 114}]

CX_SNAPMECH cwd="/home/jes/sol-snapshot-repro/wt/apps/commonplace_cli" configured="tmp/test_data" configured_read=%{compact: [], count: 4, ls: {:ok, ["node_id", "secrets", "commits", "commits.lock"]}, exists?: true} commit_store_pid=#PID<0.279.0> commit_store_state_shape={true, [:data_dir, :db, :invariant_dispatcher, :local_write_gate, :lock_ref, :name, :pending_imports, :queue_poller, :trust_side_store]} cubdb_pid=#PID<0.282.0> cubdb_state_shape=CubDB.State cubdb_data_dir="tmp/test_data/commits" cubdb_read=%{compact: ["22.compact"], count: 2, ls: {:ok, ["21.cub", "22.compact"]}, exists?: true}
06:05:16.280 [error] local node self-trust was not added: node signing public-key artifact is absent — continuing with configured trusted identities
06:05:16.284 [error] local node self-trust was not added: node signing public-key artifact is absent — continuing with configured trusted identities
06:05:16.292 [error] local node self-trust was not added: node signing public-key artifact is absent — continuing with configured trusted identities
06:05:16.298 [error] local node self-trust was not added: node signing public-key artifact is absent — continuing with configured trusted identities
.
Finished in 0.02 seconds (0.00s async, 0.02s sync)
3 tests, 0 failures, 2 excluded
Running ExUnit with seed: 305251, max_cases: 8
Excluding tags: [:test]
Including tags: [location: {"test/commonplace/cli/snapshot_test.exs", 114}]

CX_SNAPMECH cwd="/home/jes/sol-snapshot-repro/wt/apps/commonplace_cli" configured="tmp/test_data" configured_read=%{compact: [], count: 4, ls: {:ok, ["node_id", "secrets", "commits", "commits.lock"]}, exists?: true} commit_store_pid=#PID<0.279.0> commit_store_state_shape={true, [:data_dir, :db, :invariant_dispatcher, :local_write_gate, :lock_ref, :name, :pending_imports, :queue_poller, :trust_side_store]} cubdb_pid=#PID<0.282.0> cubdb_state_shape=CubDB.State cubdb_data_dir="tmp/test_data/commits" cubdb_read=%{compact: ["22.compact"], count: 2, ls: {:ok, ["21.cub", "22.compact"]}, exists?: true}
06:05:16.307 [error] local node self-trust was not added: node signing public-key artifact is absent — continuing with configured trusted identities
06:05:16.313 [error] local node self-trust was not added: node signing public-key artifact is absent — continuing with configured trusted identities
06:05:16.318 [error] local node self-trust was not added: node signing public-key artifact is absent — continuing with configured trusted identities
06:05:16.327 [error] local node self-trust was not added: node signing public-key artifact is absent — continuing with configured trusted identities
.
Finished in 0.03 seconds (0.00s async, 0.03s sync)
3 tests, 0 failures, 2 excluded
Running ExUnit with seed: 337976, max_cases: 8
Excluding tags: [:test]
Including tags: [location: {"test/commonplace/cli/snapshot_test.exs", 114}]

CX_SNAPMECH cwd="/home/jes/sol-snapshot-repro/wt/apps/commonplace_cli" configured="tmp/test_data" configured_read=%{compact: [], count: 4, ls: {:ok, ["node_id", "secrets", "commits", "commits.lock"]}, exists?: true} commit_store_pid=#PID<0.279.0> commit_store_state_shape={true, [:data_dir, :db, :invariant_dispatcher, :local_write_gate, :lock_ref, :name, :pending_imports, :queue_poller, :trust_side_store]} cubdb_pid=#PID<0.282.0> cubdb_state_shape=CubDB.State cubdb_data_dir="tmp/test_data/commits" cubdb_read=%{compact: ["22.compact"], count: 2, ls: {:ok, ["21.cub", "22.compact"]}, exists?: true}
06:05:16.339 [error] local node self-trust was not added: node signing public-key artifact is absent — continuing with configured trusted identities
06:05:16.350 [error] local node self-trust was not added: node signing public-key artifact is absent — continuing with configured trusted identities
06:05:16.356 [error] local node self-trust was not added: node signing public-key artifact is absent — continuing with configured trusted identities
06:05:16.368 [error] local node self-trust was not added: node signing public-key artifact is absent — continuing with configured trusted identities
.
Finished in 0.03 seconds (0.00s async, 0.03s sync)
3 tests, 0 failures, 2 excluded
Running ExUnit with seed: 376707, max_cases: 8
Excluding tags: [:test]
Including tags: [location: {"test/commonplace/cli/snapshot_test.exs", 114}]

CX_SNAPMECH cwd="/home/jes/sol-snapshot-repro/wt/apps/commonplace_cli" configured="tmp/test_data" configured_read=%{compact: [], count: 4, ls: {:ok, ["node_id", "secrets", "commits", "commits.lock"]}, exists?: true} commit_store_pid=#PID<0.279.0> commit_store_state_shape={true, [:data_dir, :db, :invariant_dispatcher, :local_write_gate, :lock_ref, :name, :pending_imports, :queue_poller, :trust_side_store]} cubdb_pid=#PID<0.282.0> cubdb_state_shape=CubDB.State cubdb_data_dir="tmp/test_data/commits" cubdb_read=%{compact: ["22.compact"], count: 2, ls: {:ok, ["21.cub", "22.compact"]}, exists?: true}
06:05:16.380 [error] local node self-trust was not added: node signing public-key artifact is absent — continuing with configured trusted identities
06:05:16.386 [error] local node self-trust was not added: node signing public-key artifact is absent — continuing with configured trusted identities
06:05:16.395 [error] local node self-trust was not added: node signing public-key artifact is absent — continuing with configured trusted identities
06:05:16.404 [error] local node self-trust was not added: node signing public-key artifact is absent — continuing with configured trusted identities
.
Finished in 0.03 seconds (0.00s async, 0.03s sync)
3 tests, 0 failures, 2 excluded
Running ExUnit with seed: 413808, max_cases: 8
Excluding tags: [:test]
Including tags: [location: {"test/commonplace/cli/snapshot_test.exs", 114}]

CX_SNAPMECH cwd="/home/jes/sol-snapshot-repro/wt/apps/commonplace_cli" configured="tmp/test_data" configured_read=%{compact: [], count: 4, ls: {:ok, ["node_id", "secrets", "commits", "commits.lock"]}, exists?: true} commit_store_pid=#PID<0.279.0> commit_store_state_shape={true, [:data_dir, :db, :invariant_dispatcher, :local_write_gate, :lock_ref, :name, :pending_imports, :queue_poller, :trust_side_store]} cubdb_pid=#PID<0.282.0> cubdb_state_shape=CubDB.State cubdb_data_dir="tmp/test_data/commits" cubdb_read=%{compact: ["22.compact"], count: 2, ls: {:ok, ["21.cub", "22.compact"]}, exists?: true}
06:05:16.417 [error] local node self-trust was not added: node signing public-key artifact is absent — continuing with configured trusted identities
06:05:16.424 [error] local node self-trust was not added: node signing public-key artifact is absent — continuing with configured trusted identities
06:05:16.428 [error] local node self-trust was not added: node signing public-key artifact is absent — continuing with configured trusted identities
06:05:16.440 [error] local node self-trust was not added: node signing public-key artifact is absent — continuing with configured trusted identities
.
Finished in 0.03 seconds (0.00s async, 0.03s sync)
3 tests, 0 failures, 2 excluded
Running ExUnit with seed: 450705, max_cases: 8
Excluding tags: [:test]
Including tags: [location: {"test/commonplace/cli/snapshot_test.exs", 114}]

CX_SNAPMECH cwd="/home/jes/sol-snapshot-repro/wt/apps/commonplace_cli" configured="tmp/test_data" configured_read=%{compact: [], count: 4, ls: {:ok, ["node_id", "secrets", "commits", "commits.lock"]}, exists?: true} commit_store_pid=#PID<0.279.0> commit_store_state_shape={true, [:data_dir, :db, :invariant_dispatcher, :local_write_gate, :lock_ref, :name, :pending_imports, :queue_poller, :trust_side_store]} cubdb_pid=#PID<0.282.0> cubdb_state_shape=CubDB.State cubdb_data_dir="tmp/test_data/commits" cubdb_read=%{compact: ["22.compact"], count: 2, ls: {:ok, ["21.cub", "22.compact"]}, exists?: true}
06:05:16.453 [error] local node self-trust was not added: node signing public-key artifact is absent — continuing with configured trusted identities
06:05:16.458 [error] local node self-trust was not added: node signing public-key artifact is absent — continuing with configured trusted identities
06:05:16.462 [error] local node self-trust was not added: node signing public-key artifact is absent — continuing with configured trusted identities
06:05:16.471 [error] local node self-trust was not added: node signing public-key artifact is absent — continuing with configured trusted identities
.
Finished in 0.02 seconds (0.00s async, 0.02s sync)
3 tests, 0 failures, 2 excluded
Running ExUnit with seed: 476304, max_cases: 8
Excluding tags: [:test]
Including tags: [location: {"test/commonplace/cli/snapshot_test.exs", 114}]

CX_SNAPMECH cwd="/home/jes/sol-snapshot-repro/wt/apps/commonplace_cli" configured="tmp/test_data" configured_read=%{compact: [], count: 4, ls: {:ok, ["node_id", "secrets", "commits", "commits.lock"]}, exists?: true} commit_store_pid=#PID<0.279.0> commit_store_state_shape={true, [:data_dir, :db, :invariant_dispatcher, :local_write_gate, :lock_ref, :name, :pending_imports, :queue_poller, :trust_side_store]} cubdb_pid=#PID<0.282.0> cubdb_state_shape=CubDB.State cubdb_data_dir="tmp/test_data/commits" cubdb_read=%{compact: ["22.compact"], count: 2, ls: {:ok, ["21.cub", "22.compact"]}, exists?: true}
06:05:16.478 [error] local node self-trust was not added: node signing public-key artifact is absent — continuing with configured trusted identities
06:05:16.482 [error] local node self-trust was not added: node signing public-key artifact is absent — continuing with configured trusted identities
06:05:16.487 [error] local node self-trust was not added: node signing public-key artifact is absent — continuing with configured trusted identities
06:05:16.495 [error] local node self-trust was not added: node signing public-key artifact is absent — continuing with configured trusted identities
.
Finished in 0.02 seconds (0.00s async, 0.02s sync)
3 tests, 0 failures, 2 excluded
Running ExUnit with seed: 504274, max_cases: 8
Excluding tags: [:test]
Including tags: [location: {"test/commonplace/cli/snapshot_test.exs", 114}]

CX_SNAPMECH cwd="/home/jes/sol-snapshot-repro/wt/apps/commonplace_cli" configured="tmp/test_data" configured_read=%{compact: [], count: 4, ls: {:ok, ["node_id", "secrets", "commits", "commits.lock"]}, exists?: true} commit_store_pid=#PID<0.279.0> commit_store_state_shape={true, [:data_dir, :db, :invariant_dispatcher, :local_write_gate, :lock_ref, :name, :pending_imports, :queue_poller, :trust_side_store]} cubdb_pid=#PID<0.282.0> cubdb_state_shape=CubDB.State cubdb_data_dir="tmp/test_data/commits" cubdb_read=%{compact: [], count: 1, ls: {:ok, ["22.cub"]}, exists?: true}
06:05:16.505 [error] local node self-trust was not added: node signing public-key artifact is absent — continuing with configured trusted identities
06:05:16.509 [error] local node self-trust was not added: node signing public-key artifact is absent — continuing with configured trusted identities
06:05:16.514 [error] local node self-trust was not added: node signing public-key artifact is absent — continuing with configured trusted identities
06:05:16.519 [error] local node self-trust was not added: node signing public-key artifact is absent — continuing with configured trusted identities
.
Finished in 0.01 seconds (0.00s async, 0.01s sync)
3 tests, 0 failures, 2 excluded
Running ExUnit with seed: 523594, max_cases: 8
Excluding tags: [:test]
Including tags: [location: {"test/commonplace/cli/snapshot_test.exs", 114}]

CX_SNAPMECH cwd="/home/jes/sol-snapshot-repro/wt/apps/commonplace_cli" configured="tmp/test_data" configured_read=%{compact: [], count: 4, ls: {:ok, ["node_id", "secrets", "commits", "commits.lock"]}, exists?: true} commit_store_pid=#PID<0.279.0> commit_store_state_shape={true, [:data_dir, :db, :invariant_dispatcher, :local_write_gate, :lock_ref, :name, :pending_imports, :queue_poller, :trust_side_store]} cubdb_pid=#PID<0.282.0> cubdb_state_shape=CubDB.State cubdb_data_dir="tmp/test_data/commits" cubdb_read=%{compact: [], count: 1, ls: {:ok, ["22.cub"]}, exists?: true}
06:05:16.526 [error] local node self-trust was not added: node signing public-key artifact is absent — continuing with configured trusted identities
06:05:16.529 [error] local node self-trust was not added: node signing public-key artifact is absent — continuing with configured trusted identities
06:05:16.532 [error] local node self-trust was not added: node signing public-key artifact is absent — continuing with configured trusted identities
06:05:16.537 [error] local node self-trust was not added: node signing public-key artifact is absent — continuing with configured trusted identities
.
Finished in 0.01 seconds (0.00s async, 0.01s sync)
3 tests, 0 failures, 2 excluded
Running ExUnit with seed: 542269, max_cases: 8
Excluding tags: [:test]
Including tags: [location: {"test/commonplace/cli/snapshot_test.exs", 114}]

CX_SNAPMECH cwd="/home/jes/sol-snapshot-repro/wt/apps/commonplace_cli" configured="tmp/test_data" configured_read=%{compact: [], count: 4, ls: {:ok, ["node_id", "secrets", "commits", "commits.lock"]}, exists?: true} commit_store_pid=#PID<0.279.0> commit_store_state_shape={true, [:data_dir, :db, :invariant_dispatcher, :local_write_gate, :lock_ref, :name, :pending_imports, :queue_poller, :trust_side_store]} cubdb_pid=#PID<0.282.0> cubdb_state_shape=CubDB.State cubdb_data_dir="tmp/test_data/commits" cubdb_read=%{compact: [], count: 1, ls: {:ok, ["22.cub"]}, exists?: true}
06:05:16.543 [error] local node self-trust was not added: node signing public-key artifact is absent — continuing with configured trusted identities
06:05:16.546 [error] local node self-trust was not added: node signing public-key artifact is absent — continuing with configured trusted identities
06:05:16.549 [error] local node self-trust was not added: node signing public-key artifact is absent — continuing with configured trusted identities
06:05:16.556 [error] local node self-trust was not added: node signing public-key artifact is absent — continuing with configured trusted identities
.
Finished in 0.01 seconds (0.00s async, 0.01s sync)
3 tests, 0 failures, 2 excluded
Running ExUnit with seed: 560501, max_cases: 8
Excluding tags: [:test]
Including tags: [location: {"test/commonplace/cli/snapshot_test.exs", 114}]

CX_SNAPMECH cwd="/home/jes/sol-snapshot-repro/wt/apps/commonplace_cli" configured="tmp/test_data" configured_read=%{compact: [], count: 4, ls: {:ok, ["node_id", "secrets", "commits", "commits.lock"]}, exists?: true} commit_store_pid=#PID<0.279.0> commit_store_state_shape={true, [:data_dir, :db, :invariant_dispatcher, :local_write_gate, :lock_ref, :name, :pending_imports, :queue_poller, :trust_side_store]} cubdb_pid=#PID<0.282.0> cubdb_state_shape=CubDB.State cubdb_data_dir="tmp/test_data/commits" cubdb_read=%{compact: [], count: 1, ls: {:ok, ["22.cub"]}, exists?: true}
06:05:16.562 [error] local node self-trust was not added: node signing public-key artifact is absent — continuing with configured trusted identities
06:05:16.564 [error] local node self-trust was not added: node signing public-key artifact is absent — continuing with configured trusted identities
06:05:16.567 [error] local node self-trust was not added: node signing public-key artifact is absent — continuing with configured trusted identities
06:05:16.572 [error] local node self-trust was not added: node signing public-key artifact is absent — continuing with configured trusted identities
.
Finished in 0.01 seconds (0.00s async, 0.01s sync)
3 tests, 0 failures, 2 excluded
Running ExUnit with seed: 575517, max_cases: 8
Excluding tags: [:test]
Including tags: [location: {"test/commonplace/cli/snapshot_test.exs", 114}]

CX_SNAPMECH cwd="/home/jes/sol-snapshot-repro/wt/apps/commonplace_cli" configured="tmp/test_data" configured_read=%{compact: [], count: 4, ls: {:ok, ["node_id", "secrets", "commits", "commits.lock"]}, exists?: true} commit_store_pid=#PID<0.279.0> commit_store_state_shape={true, [:data_dir, :db, :invariant_dispatcher, :local_write_gate, :lock_ref, :name, :pending_imports, :queue_poller, :trust_side_store]} cubdb_pid=#PID<0.282.0> cubdb_state_shape=CubDB.State cubdb_data_dir="tmp/test_data/commits" cubdb_read=%{compact: [], count: 1, ls: {:ok, ["22.cub"]}, exists?: true}
06:05:16.576 [error] local node self-trust was not added: node signing public-key artifact is absent — continuing with configured trusted identities
06:05:16.579 [error] local node self-trust was not added: node signing public-key artifact is absent — continuing with configured trusted identities
06:05:16.582 [error] local node self-trust was not added: node signing public-key artifact is absent — continuing with configured trusted identities
06:05:16.587 [error] local node self-trust was not added: node signing public-key artifact is absent — continuing with configured trusted identities
.
Finished in 0.01 seconds (0.00s async, 0.01s sync)
3 tests, 0 failures, 2 excluded
Running ExUnit with seed: 591268, max_cases: 8
Excluding tags: [:test]
Including tags: [location: {"test/commonplace/cli/snapshot_test.exs", 114}]

CX_SNAPMECH cwd="/home/jes/sol-snapshot-repro/wt/apps/commonplace_cli" configured="tmp/test_data" configured_read=%{compact: [], count: 4, ls: {:ok, ["node_id", "secrets", "commits", "commits.lock"]}, exists?: true} commit_store_pid=#PID<0.279.0> commit_store_state_shape={true, [:data_dir, :db, :invariant_dispatcher, :local_write_gate, :lock_ref, :name, :pending_imports, :queue_poller, :trust_side_store]} cubdb_pid=#PID<0.282.0> cubdb_state_shape=CubDB.State cubdb_data_dir="tmp/test_data/commits" cubdb_read=%{compact: [], count: 1, ls: {:ok, ["22.cub"]}, exists?: true}
06:05:16.592 [error] local node self-trust was not added: node signing public-key artifact is absent — continuing with configured trusted identities
06:05:16.595 [error] local node self-trust was not added: node signing public-key artifact is absent — continuing with configured trusted identities
06:05:16.597 [error] local node self-trust was not added: node signing public-key artifact is absent — continuing with configured trusted identities
06:05:16.604 [error] local node self-trust was not added: node signing public-key artifact is absent — continuing with configured trusted identities
.
Finished in 0.01 seconds (0.00s async, 0.01s sync)
3 tests, 0 failures, 2 excluded
Running ExUnit with seed: 608699, max_cases: 8
Excluding tags: [:test]
Including tags: [location: {"test/commonplace/cli/snapshot_test.exs", 114}]

CX_SNAPMECH cwd="/home/jes/sol-snapshot-repro/wt/apps/commonplace_cli" configured="tmp/test_data" configured_read=%{compact: [], count: 4, ls: {:ok, ["node_id", "secrets", "commits", "commits.lock"]}, exists?: true} commit_store_pid=#PID<0.279.0> commit_store_state_shape={true, [:data_dir, :db, :invariant_dispatcher, :local_write_gate, :lock_ref, :name, :pending_imports, :queue_poller, :trust_side_store]} cubdb_pid=#PID<0.282.0> cubdb_state_shape=CubDB.State cubdb_data_dir="tmp/test_data/commits" cubdb_read=%{compact: [], count: 1, ls: {:ok, ["22.cub"]}, exists?: true}
06:05:16.610 [error] local node self-trust was not added: node signing public-key artifact is absent — continuing with configured trusted identities
06:05:16.614 [error] local node self-trust was not added: node signing public-key artifact is absent — continuing with configured trusted identities
06:05:16.617 [error] local node self-trust was not added: node signing public-key artifact is absent — continuing with configured trusted identities
06:05:16.622 [error] local node self-trust was not added: node signing public-key artifact is absent — continuing with configured trusted identities
.
Finished in 0.01 seconds (0.00s async, 0.01s sync)
3 tests, 0 failures, 2 excluded
Running ExUnit with seed: 627129, max_cases: 8
Excluding tags: [:test]
Including tags: [location: {"test/commonplace/cli/snapshot_test.exs", 114}]

CX_SNAPMECH cwd="/home/jes/sol-snapshot-repro/wt/apps/commonplace_cli" configured="tmp/test_data" configured_read=%{compact: [], count: 4, ls: {:ok, ["node_id", "secrets", "commits", "commits.lock"]}, exists?: true} commit_store_pid=#PID<0.279.0> commit_store_state_shape={true, [:data_dir, :db, :invariant_dispatcher, :local_write_gate, :lock_ref, :name, :pending_imports, :queue_poller, :trust_side_store]} cubdb_pid=#PID<0.282.0> cubdb_state_shape=CubDB.State cubdb_data_dir="tmp/test_data/commits" cubdb_read=%{compact: [], count: 1, ls: {:ok, ["22.cub"]}, exists?: true}
06:05:16.628 [error] local node self-trust was not added: node signing public-key artifact is absent — continuing with configured trusted identities
06:05:16.631 [error] local node self-trust was not added: node signing public-key artifact is absent — continuing with configured trusted identities
06:05:16.634 [error] local node self-trust was not added: node signing public-key artifact is absent — continuing with configured trusted identities
06:05:16.639 [error] local node self-trust was not added: node signing public-key artifact is absent — continuing with configured trusted identities
.
Finished in 0.01 seconds (0.00s async, 0.01s sync)
3 tests, 0 failures, 2 excluded
Running ExUnit with seed: 643093, max_cases: 8
Excluding tags: [:test]
Including tags: [location: {"test/commonplace/cli/snapshot_test.exs", 114}]

CX_SNAPMECH cwd="/home/jes/sol-snapshot-repro/wt/apps/commonplace_cli" configured="tmp/test_data" configured_read=%{compact: [], count: 4, ls: {:ok, ["node_id", "secrets", "commits", "commits.lock"]}, exists?: true} commit_store_pid=#PID<0.279.0> commit_store_state_shape={true, [:data_dir, :db, :invariant_dispatcher, :local_write_gate, :lock_ref, :name, :pending_imports, :queue_poller, :trust_side_store]} cubdb_pid=#PID<0.282.0> cubdb_state_shape=CubDB.State cubdb_data_dir="tmp/test_data/commits" cubdb_read=%{compact: [], count: 1, ls: {:ok, ["22.cub"]}, exists?: true}
06:05:16.644 [error] local node self-trust was not added: node signing public-key artifact is absent — continuing with configured trusted identities
06:05:16.647 [error] local node self-trust was not added: node signing public-key artifact is absent — continuing with configured trusted identities
06:05:16.649 [error] local node self-trust was not added: node signing public-key artifact is absent — continuing with configured trusted identities
06:05:16.654 [error] local node self-trust was not added: node signing public-key artifact is absent — continuing with configured trusted identities
.
Finished in 0.01 seconds (0.00s async, 0.01s sync)
3 tests, 0 failures, 2 excluded
Running ExUnit with seed: 658649, max_cases: 8
Excluding tags: [:test]
Including tags: [location: {"test/commonplace/cli/snapshot_test.exs", 114}]

CX_SNAPMECH cwd="/home/jes/sol-snapshot-repro/wt/apps/commonplace_cli" configured="tmp/test_data" configured_read=%{compact: [], count: 4, ls: {:ok, ["node_id", "secrets", "commits", "commits.lock"]}, exists?: true} commit_store_pid=#PID<0.279.0> commit_store_state_shape={true, [:data_dir, :db, :invariant_dispatcher, :local_write_gate, :lock_ref, :name, :pending_imports, :queue_poller, :trust_side_store]} cubdb_pid=#PID<0.282.0> cubdb_state_shape=CubDB.State cubdb_data_dir="tmp/test_data/commits" cubdb_read=%{compact: [], count: 1, ls: {:ok, ["22.cub"]}, exists?: true}
06:05:16.660 [error] local node self-trust was not added: node signing public-key artifact is absent — continuing with configured trusted identities
06:05:16.663 [error] local node self-trust was not added: node signing public-key artifact is absent — continuing with configured trusted identities
06:05:16.666 [error] local node self-trust was not added: node signing public-key artifact is absent — continuing with configured trusted identities
06:05:16.670 [error] local node self-trust was not added: node signing public-key artifact is absent — continuing with configured trusted identities
.
Finished in 0.01 seconds (0.00s async, 0.01s sync)
3 tests, 0 failures, 2 excluded
Running ExUnit with seed: 673959, max_cases: 8
Excluding tags: [:test]
Including tags: [location: {"test/commonplace/cli/snapshot_test.exs", 114}]

CX_SNAPMECH cwd="/home/jes/sol-snapshot-repro/wt/apps/commonplace_cli" configured="tmp/test_data" configured_read=%{compact: [], count: 4, ls: {:ok, ["node_id", "secrets", "commits", "commits.lock"]}, exists?: true} commit_store_pid=#PID<0.279.0> commit_store_state_shape={true, [:data_dir, :db, :invariant_dispatcher, :local_write_gate, :lock_ref, :name, :pending_imports, :queue_poller, :trust_side_store]} cubdb_pid=#PID<0.282.0> cubdb_state_shape=CubDB.State cubdb_data_dir="tmp/test_data/commits" cubdb_read=%{compact: [], count: 1, ls: {:ok, ["22.cub"]}, exists?: true}
06:05:16.675 [error] local node self-trust was not added: node signing public-key artifact is absent — continuing with configured trusted identities
06:05:16.678 [error] local node self-trust was not added: node signing public-key artifact is absent — continuing with configured trusted identities
06:05:16.681 [error] local node self-trust was not added: node signing public-key artifact is absent — continuing with configured trusted identities
06:05:16.689 [error] local node self-trust was not added: node signing public-key artifact is absent — continuing with configured trusted identities
.
Finished in 0.01 seconds (0.00s async, 0.01s sync)
3 tests, 0 failures, 2 excluded
Running ExUnit with seed: 693339, max_cases: 8
Excluding tags: [:test]
Including tags: [location: {"test/commonplace/cli/snapshot_test.exs", 114}]

CX_SNAPMECH cwd="/home/jes/sol-snapshot-repro/wt/apps/commonplace_cli" configured="tmp/test_data" configured_read=%{compact: [], count: 4, ls: {:ok, ["node_id", "secrets", "commits", "commits.lock"]}, exists?: true} commit_store_pid=#PID<0.279.0> commit_store_state_shape={true, [:data_dir, :db, :invariant_dispatcher, :local_write_gate, :lock_ref, :name, :pending_imports, :queue_poller, :trust_side_store]} cubdb_pid=#PID<0.282.0> cubdb_state_shape=CubDB.State cubdb_data_dir="tmp/test_data/commits" cubdb_read=%{compact: [], count: 1, ls: {:ok, ["22.cub"]}, exists?: true}
06:05:16.694 [error] local node self-trust was not added: node signing public-key artifact is absent — continuing with configured trusted identities
06:05:16.696 [error] local node self-trust was not added: node signing public-key artifact is absent — continuing with configured trusted identities
06:05:16.698 [error] local node self-trust was not added: node signing public-key artifact is absent — continuing with configured trusted identities
06:05:16.701 [error] local node self-trust was not added: node signing public-key artifact is absent — continuing with configured trusted identities
.
Finished in 0.01 seconds (0.00s async, 0.01s sync)
3 tests, 0 failures, 2 excluded
Running ExUnit with seed: 705213, max_cases: 8
Excluding tags: [:test]
Including tags: [location: {"test/commonplace/cli/snapshot_test.exs", 114}]

CX_SNAPMECH cwd="/home/jes/sol-snapshot-repro/wt/apps/commonplace_cli" configured="tmp/test_data" configured_read=%{compact: [], count: 4, ls: {:ok, ["node_id", "secrets", "commits", "commits.lock"]}, exists?: true} commit_store_pid=#PID<0.279.0> commit_store_state_shape={true, [:data_dir, :db, :invariant_dispatcher, :local_write_gate, :lock_ref, :name, :pending_imports, :queue_poller, :trust_side_store]} cubdb_pid=#PID<0.282.0> cubdb_state_shape=CubDB.State cubdb_data_dir="tmp/test_data/commits" cubdb_read=%{compact: [], count: 1, ls: {:ok, ["22.cub"]}, exists?: true}
06:05:16.707 [error] local node self-trust was not added: node signing public-key artifact is absent — continuing with configured trusted identities
06:05:16.710 [error] local node self-trust was not added: node signing public-key artifact is absent — continuing with configured trusted identities
06:05:16.712 [error] local node self-trust was not added: node signing public-key artifact is absent — continuing with configured trusted identities
06:05:16.716 [error] local node self-trust was not added: node signing public-key artifact is absent — continuing with configured trusted identities
.
Finished in 0.01 seconds (0.00s async, 0.01s sync)
3 tests, 0 failures, 2 excluded
Running ExUnit with seed: 720160, max_cases: 8
Excluding tags: [:test]
Including tags: [location: {"test/commonplace/cli/snapshot_test.exs", 114}]

CX_SNAPMECH cwd="/home/jes/sol-snapshot-repro/wt/apps/commonplace_cli" configured="tmp/test_data" configured_read=%{compact: [], count: 4, ls: {:ok, ["node_id", "secrets", "commits", "commits.lock"]}, exists?: true} commit_store_pid=#PID<0.279.0> commit_store_state_shape={true, [:data_dir, :db, :invariant_dispatcher, :local_write_gate, :lock_ref, :name, :pending_imports, :queue_poller, :trust_side_store]} cubdb_pid=#PID<0.282.0> cubdb_state_shape=CubDB.State cubdb_data_dir="tmp/test_data/commits" cubdb_read=%{compact: [], count: 1, ls: {:ok, ["22.cub"]}, exists?: true}
06:05:16.721 [error] local node self-trust was not added: node signing public-key artifact is absent — continuing with configured trusted identities
06:05:16.724 [error] local node self-trust was not added: node signing public-key artifact is absent — continuing with configured trusted identities
06:05:16.726 [error] local node self-trust was not added: node signing public-key artifact is absent — continuing with configured trusted identities
06:05:16.731 [error] local node self-trust was not added: node signing public-key artifact is absent — continuing with configured trusted identities
.
Finished in 0.01 seconds (0.00s async, 0.01s sync)
3 tests, 0 failures, 2 excluded
Running ExUnit with seed: 734384, max_cases: 8
Excluding tags: [:test]
Including tags: [location: {"test/commonplace/cli/snapshot_test.exs", 114}]

CX_SNAPMECH cwd="/home/jes/sol-snapshot-repro/wt/apps/commonplace_cli" configured="tmp/test_data" configured_read=%{compact: [], count: 4, ls: {:ok, ["node_id", "secrets", "commits", "commits.lock"]}, exists?: true} commit_store_pid=#PID<0.279.0> commit_store_state_shape={true, [:data_dir, :db, :invariant_dispatcher, :local_write_gate, :lock_ref, :name, :pending_imports, :queue_poller, :trust_side_store]} cubdb_pid=#PID<0.282.0> cubdb_state_shape=CubDB.State cubdb_data_dir="tmp/test_data/commits" cubdb_read=%{compact: [], count: 1, ls: {:ok, ["22.cub"]}, exists?: true}
06:05:16.735 [error] local node self-trust was not added: node signing public-key artifact is absent — continuing with configured trusted identities
06:05:16.738 [error] local node self-trust was not added: node signing public-key artifact is absent — continuing with configured trusted identities
06:05:16.740 [error] local node self-trust was not added: node signing public-key artifact is absent — continuing with configured trusted identities
06:05:16.744 [error] local node self-trust was not added: node signing public-key artifact is absent — continuing with configured trusted identities
.
Finished in 0.01 seconds (0.00s async, 0.01s sync)
3 tests, 0 failures, 2 excluded
Running ExUnit with seed: 746960, max_cases: 8
Excluding tags: [:test]
Including tags: [location: {"test/commonplace/cli/snapshot_test.exs", 114}]

CX_SNAPMECH cwd="/home/jes/sol-snapshot-repro/wt/apps/commonplace_cli" configured="tmp/test_data" configured_read=%{compact: [], count: 4, ls: {:ok, ["node_id", "secrets", "commits", "commits.lock"]}, exists?: true} commit_store_pid=#PID<0.279.0> commit_store_state_shape={true, [:data_dir, :db, :invariant_dispatcher, :local_write_gate, :lock_ref, :name, :pending_imports, :queue_poller, :trust_side_store]} cubdb_pid=#PID<0.282.0> cubdb_state_shape=CubDB.State cubdb_data_dir="tmp/test_data/commits" cubdb_read=%{compact: [], count: 1, ls: {:ok, ["22.cub"]}, exists?: true}
06:05:16.747 [error] local node self-trust was not added: node signing public-key artifact is absent — continuing with configured trusted identities
06:05:16.750 [error] local node self-trust was not added: node signing public-key artifact is absent — continuing with configured trusted identities
06:05:16.751 [error] local node self-trust was not added: node signing public-key artifact is absent — continuing with configured trusted identities
06:05:16.755 [error] local node self-trust was not added: node signing public-key artifact is absent — continuing with configured trusted identities
.
Finished in 0.01 seconds (0.00s async, 0.01s sync)
3 tests, 0 failures, 2 excluded
Running ExUnit with seed: 757778, max_cases: 8
Excluding tags: [:test]
Including tags: [location: {"test/commonplace/cli/snapshot_test.exs", 114}]

CX_SNAPMECH cwd="/home/jes/sol-snapshot-repro/wt/apps/commonplace_cli" configured="tmp/test_data" configured_read=%{compact: [], count: 4, ls: {:ok, ["node_id", "secrets", "commits", "commits.lock"]}, exists?: true} commit_store_pid=#PID<0.279.0> commit_store_state_shape={true, [:data_dir, :db, :invariant_dispatcher, :local_write_gate, :lock_ref, :name, :pending_imports, :queue_poller, :trust_side_store]} cubdb_pid=#PID<0.282.0> cubdb_state_shape=CubDB.State cubdb_data_dir="tmp/test_data/commits" cubdb_read=%{compact: [], count: 1, ls: {:ok, ["22.cub"]}, exists?: true}
06:05:16.758 [error] local node self-trust was not added: node signing public-key artifact is absent — continuing with configured trusted identities
06:05:16.761 [error] local node self-trust was not added: node signing public-key artifact is absent — continuing with configured trusted identities
06:05:16.762 [error] local node self-trust was not added: node signing public-key artifact is absent — continuing with configured trusted identities
06:05:16.766 [error] local node self-trust was not added: node signing public-key artifact is absent — continuing with configured trusted identities
.
Finished in 0.01 seconds (0.00s async, 0.01s sync)
3 tests, 0 failures, 2 excluded
Running ExUnit with seed: 768773, max_cases: 8
Excluding tags: [:test]
Including tags: [location: {"test/commonplace/cli/snapshot_test.exs", 114}]

CX_SNAPMECH cwd="/home/jes/sol-snapshot-repro/wt/apps/commonplace_cli" configured="tmp/test_data" configured_read=%{compact: [], count: 4, ls: {:ok, ["node_id", "secrets", "commits", "commits.lock"]}, exists?: true} commit_store_pid=#PID<0.279.0> commit_store_state_shape={true, [:data_dir, :db, :invariant_dispatcher, :local_write_gate, :lock_ref, :name, :pending_imports, :queue_poller, :trust_side_store]} cubdb_pid=#PID<0.282.0> cubdb_state_shape=CubDB.State cubdb_data_dir="tmp/test_data/commits" cubdb_read=%{compact: [], count: 1, ls: {:ok, ["22.cub"]}, exists?: true}
06:05:16.769 [error] local node self-trust was not added: node signing public-key artifact is absent — continuing with configured trusted identities
06:05:16.771 [error] local node self-trust was not added: node signing public-key artifact is absent — continuing with configured trusted identities
06:05:16.773 [error] local node self-trust was not added: node signing public-key artifact is absent — continuing with configured trusted identities
06:05:16.777 [error] local node self-trust was not added: node signing public-key artifact is absent — continuing with configured trusted identities
.
Finished in 0.01 seconds (0.00s async, 0.01s sync)
3 tests, 0 failures, 2 excluded
Running ExUnit with seed: 779919, max_cases: 8
Excluding tags: [:test]
Including tags: [location: {"test/commonplace/cli/snapshot_test.exs", 114}]

CX_SNAPMECH cwd="/home/jes/sol-snapshot-repro/wt/apps/commonplace_cli" configured="tmp/test_data" configured_read=%{compact: [], count: 4, ls: {:ok, ["node_id", "secrets", "commits", "commits.lock"]}, exists?: true} commit_store_pid=#PID<0.279.0> commit_store_state_shape={true, [:data_dir, :db, :invariant_dispatcher, :local_write_gate, :lock_ref, :name, :pending_imports, :queue_poller, :trust_side_store]} cubdb_pid=#PID<0.282.0> cubdb_state_shape=CubDB.State cubdb_data_dir="tmp/test_data/commits" cubdb_read=%{compact: [], count: 1, ls: {:ok, ["22.cub"]}, exists?: true}
06:05:16.780 [error] local node self-trust was not added: node signing public-key artifact is absent — continuing with configured trusted identities
06:05:16.783 [error] local node self-trust was not added: node signing public-key artifact is absent — continuing with configured trusted identities
06:05:16.785 [error] local node self-trust was not added: node signing public-key artifact is absent — continuing with configured trusted identities
06:05:16.789 [error] local node self-trust was not added: node signing public-key artifact is absent — continuing with configured trusted identities
.
Finished in 0.01 seconds (0.00s async, 0.01s sync)
3 tests, 0 failures, 2 excluded
Running ExUnit with seed: 792323, max_cases: 8
Excluding tags: [:test]
Including tags: [location: {"test/commonplace/cli/snapshot_test.exs", 114}]

CX_SNAPMECH cwd="/home/jes/sol-snapshot-repro/wt/apps/commonplace_cli" configured="tmp/test_data" configured_read=%{compact: [], count: 4, ls: {:ok, ["node_id", "secrets", "commits", "commits.lock"]}, exists?: true} commit_store_pid=#PID<0.279.0> commit_store_state_shape={true, [:data_dir, :db, :invariant_dispatcher, :local_write_gate, :lock_ref, :name, :pending_imports, :queue_poller, :trust_side_store]} cubdb_pid=#PID<0.282.0> cubdb_state_shape=CubDB.State cubdb_data_dir="tmp/test_data/commits" cubdb_read=%{compact: [], count: 1, ls: {:ok, ["22.cub"]}, exists?: true}
06:05:16.793 [error] local node self-trust was not added: node signing public-key artifact is absent — continuing with configured trusted identities
06:05:16.795 [error] local node self-trust was not added: node signing public-key artifact is absent — continuing with configured trusted identities
06:05:16.797 [error] local node self-trust was not added: node signing public-key artifact is absent — continuing with configured trusted identities
06:05:16.801 [error] local node self-trust was not added: node signing public-key artifact is absent — continuing with configured trusted identities
.
Finished in 0.01 seconds (0.00s async, 0.01s sync)
3 tests, 0 failures, 2 excluded
Running ExUnit with seed: 803743, max_cases: 8
Excluding tags: [:test]
Including tags: [location: {"test/commonplace/cli/snapshot_test.exs", 114}]

CX_SNAPMECH cwd="/home/jes/sol-snapshot-repro/wt/apps/commonplace_cli" configured="tmp/test_data" configured_read=%{compact: [], count: 4, ls: {:ok, ["node_id", "secrets", "commits", "commits.lock"]}, exists?: true} commit_store_pid=#PID<0.279.0> commit_store_state_shape={true, [:data_dir, :db, :invariant_dispatcher, :local_write_gate, :lock_ref, :name, :pending_imports, :queue_poller, :trust_side_store]} cubdb_pid=#PID<0.282.0> cubdb_state_shape=CubDB.State cubdb_data_dir="tmp/test_data/commits" cubdb_read=%{compact: [], count: 1, ls: {:ok, ["22.cub"]}, exists?: true}
06:05:16.804 [error] local node self-trust was not added: node signing public-key artifact is absent — continuing with configured trusted identities
06:05:16.806 [error] local node self-trust was not added: node signing public-key artifact is absent — continuing with configured trusted identities
06:05:16.808 [error] local node self-trust was not added: node signing public-key artifact is absent — continuing with configured trusted identities
06:05:16.815 [error] local node self-trust was not added: node signing public-key artifact is absent — continuing with configured trusted identities
.
Finished in 0.01 seconds (0.00s async, 0.01s sync)
3 tests, 0 failures, 2 excluded
Running ExUnit with seed: 817666, max_cases: 8
Excluding tags: [:test]
Including tags: [location: {"test/commonplace/cli/snapshot_test.exs", 114}]

CX_SNAPMECH cwd="/home/jes/sol-snapshot-repro/wt/apps/commonplace_cli" configured="tmp/test_data" configured_read=%{compact: [], count: 4, ls: {:ok, ["node_id", "secrets", "commits", "commits.lock"]}, exists?: true} commit_store_pid=#PID<0.279.0> commit_store_state_shape={true, [:data_dir, :db, :invariant_dispatcher, :local_write_gate, :lock_ref, :name, :pending_imports, :queue_poller, :trust_side_store]} cubdb_pid=#PID<0.282.0> cubdb_state_shape=CubDB.State cubdb_data_dir="tmp/test_data/commits" cubdb_read=%{compact: [], count: 1, ls: {:ok, ["22.cub"]}, exists?: true}
06:05:16.818 [error] local node self-trust was not added: node signing public-key artifact is absent — continuing with configured trusted identities
06:05:16.820 [error] local node self-trust was not added: node signing public-key artifact is absent — continuing with configured trusted identities
06:05:16.822 [error] local node self-trust was not added: node signing public-key artifact is absent — continuing with configured trusted identities
06:05:16.826 [error] local node self-trust was not added: node signing public-key artifact is absent — continuing with configured trusted identities
.
Finished in 0.01 seconds (0.00s async, 0.01s sync)
3 tests, 0 failures, 2 excluded
Running ExUnit with seed: 829911, max_cases: 8
Excluding tags: [:test]
Including tags: [location: {"test/commonplace/cli/snapshot_test.exs", 114}]

CX_SNAPMECH cwd="/home/jes/sol-snapshot-repro/wt/apps/commonplace_cli" configured="tmp/test_data" configured_read=%{compact: [], count: 4, ls: {:ok, ["node_id", "secrets", "commits", "commits.lock"]}, exists?: true} commit_store_pid=#PID<0.279.0> commit_store_state_shape={true, [:data_dir, :db, :invariant_dispatcher, :local_write_gate, :lock_ref, :name, :pending_imports, :queue_poller, :trust_side_store]} cubdb_pid=#PID<0.282.0> cubdb_state_shape=CubDB.State cubdb_data_dir="tmp/test_data/commits" cubdb_read=%{compact: [], count: 1, ls: {:ok, ["22.cub"]}, exists?: true}
06:05:16.831 [error] local node self-trust was not added: node signing public-key artifact is absent — continuing with configured trusted identities
06:05:16.833 [error] local node self-trust was not added: node signing public-key artifact is absent — continuing with configured trusted identities
06:05:16.835 [error] local node self-trust was not added: node signing public-key artifact is absent — continuing with configured trusted identities
06:05:16.839 [error] local node self-trust was not added: node signing public-key artifact is absent — continuing with configured trusted identities
.
Finished in 0.01 seconds (0.00s async, 0.01s sync)
3 tests, 0 failures, 2 excluded
Running ExUnit with seed: 842365, max_cases: 8
Excluding tags: [:test]
Including tags: [location: {"test/commonplace/cli/snapshot_test.exs", 114}]

CX_SNAPMECH cwd="/home/jes/sol-snapshot-repro/wt/apps/commonplace_cli" configured="tmp/test_data" configured_read=%{compact: [], count: 4, ls: {:ok, ["node_id", "secrets", "commits", "commits.lock"]}, exists?: true} commit_store_pid=#PID<0.279.0> commit_store_state_shape={true, [:data_dir, :db, :invariant_dispatcher, :local_write_gate, :lock_ref, :name, :pending_imports, :queue_poller, :trust_side_store]} cubdb_pid=#PID<0.282.0> cubdb_state_shape=CubDB.State cubdb_data_dir="tmp/test_data/commits" cubdb_read=%{compact: [], count: 1, ls: {:ok, ["22.cub"]}, exists?: true}
06:05:16.843 [error] local node self-trust was not added: node signing public-key artifact is absent — continuing with configured trusted identities
06:05:16.845 [error] local node self-trust was not added: node signing public-key artifact is absent — continuing with configured trusted identities
06:05:16.847 [error] local node self-trust was not added: node signing public-key artifact is absent — continuing with configured trusted identities
06:05:16.851 [error] local node self-trust was not added: node signing public-key artifact is absent — continuing with configured trusted identities
.
Finished in 0.01 seconds (0.00s async, 0.01s sync)
3 tests, 0 failures, 2 excluded
Running ExUnit with seed: 854793, max_cases: 8
Excluding tags: [:test]
Including tags: [location: {"test/commonplace/cli/snapshot_test.exs", 114}]

CX_SNAPMECH cwd="/home/jes/sol-snapshot-repro/wt/apps/commonplace_cli" configured="tmp/test_data" configured_read=%{compact: [], count: 4, ls: {:ok, ["node_id", "secrets", "commits", "commits.lock"]}, exists?: true} commit_store_pid=#PID<0.279.0> commit_store_state_shape={true, [:data_dir, :db, :invariant_dispatcher, :local_write_gate, :lock_ref, :name, :pending_imports, :queue_poller, :trust_side_store]} cubdb_pid=#PID<0.282.0> cubdb_state_shape=CubDB.State cubdb_data_dir="tmp/test_data/commits" cubdb_read=%{compact: [], count: 1, ls: {:ok, ["22.cub"]}, exists?: true}
06:05:16.855 [error] local node self-trust was not added: node signing public-key artifact is absent — continuing with configured trusted identities
06:05:16.858 [error] local node self-trust was not added: node signing public-key artifact is absent — continuing with configured trusted identities
06:05:16.860 [error] local node self-trust was not added: node signing public-key artifact is absent — continuing with configured trusted identities
06:05:16.864 [error] local node self-trust was not added: node signing public-key artifact is absent — continuing with configured trusted identities
.
Finished in 0.01 seconds (0.00s async, 0.01s sync)
3 tests, 0 failures, 2 excluded
Running ExUnit with seed: 867285, max_cases: 8
Excluding tags: [:test]
Including tags: [location: {"test/commonplace/cli/snapshot_test.exs", 114}]

CX_SNAPMECH cwd="/home/jes/sol-snapshot-repro/wt/apps/commonplace_cli" configured="tmp/test_data" configured_read=%{compact: [], count: 4, ls: {:ok, ["node_id", "secrets", "commits", "commits.lock"]}, exists?: true} commit_store_pid=#PID<0.279.0> commit_store_state_shape={true, [:data_dir, :db, :invariant_dispatcher, :local_write_gate, :lock_ref, :name, :pending_imports, :queue_poller, :trust_side_store]} cubdb_pid=#PID<0.282.0> cubdb_state_shape=CubDB.State cubdb_data_dir="tmp/test_data/commits" cubdb_read=%{compact: [], count: 1, ls: {:ok, ["22.cub"]}, exists?: true}
06:05:16.868 [error] local node self-trust was not added: node signing public-key artifact is absent — continuing with configured trusted identities
06:05:16.870 [error] local node self-trust was not added: node signing public-key artifact is absent — continuing with configured trusted identities
06:05:16.873 [error] local node self-trust was not added: node signing public-key artifact is absent — continuing with configured trusted identities
06:05:16.881 [error] local node self-trust was not added: node signing public-key artifact is absent — continuing with configured trusted identities
.
Finished in 0.01 seconds (0.00s async, 0.01s sync)
3 tests, 0 failures, 2 excluded
Running ExUnit with seed: 885764, max_cases: 8
Excluding tags: [:test]
Including tags: [location: {"test/commonplace/cli/snapshot_test.exs", 114}]

CX_SNAPMECH cwd="/home/jes/sol-snapshot-repro/wt/apps/commonplace_cli" configured="tmp/test_data" configured_read=%{compact: [], count: 4, ls: {:ok, ["node_id", "secrets", "commits", "commits.lock"]}, exists?: true} commit_store_pid=#PID<0.279.0> commit_store_state_shape={true, [:data_dir, :db, :invariant_dispatcher, :local_write_gate, :lock_ref, :name, :pending_imports, :queue_poller, :trust_side_store]} cubdb_pid=#PID<0.282.0> cubdb_state_shape=CubDB.State cubdb_data_dir="tmp/test_data/commits" cubdb_read=%{compact: [], count: 1, ls: {:ok, ["22.cub"]}, exists?: true}
06:05:16.888 [error] local node self-trust was not added: node signing public-key artifact is absent — continuing with configured trusted identities
06:05:16.891 [error] local node self-trust was not added: node signing public-key artifact is absent — continuing with configured trusted identities
06:05:16.895 [error] local node self-trust was not added: node signing public-key artifact is absent — continuing with configured trusted identities
06:05:16.899 [error] local node self-trust was not added: node signing public-key artifact is absent — continuing with configured trusted identities
.
Finished in 0.01 seconds (0.00s async, 0.01s sync)
3 tests, 0 failures, 2 excluded
Running ExUnit with seed: 902095, max_cases: 8
Excluding tags: [:test]
Including tags: [location: {"test/commonplace/cli/snapshot_test.exs", 114}]

CX_SNAPMECH cwd="/home/jes/sol-snapshot-repro/wt/apps/commonplace_cli" configured="tmp/test_data" configured_read=%{compact: [], count: 4, ls: {:ok, ["node_id", "secrets", "commits", "commits.lock"]}, exists?: true} commit_store_pid=#PID<0.279.0> commit_store_state_shape={true, [:data_dir, :db, :invariant_dispatcher, :local_write_gate, :lock_ref, :name, :pending_imports, :queue_poller, :trust_side_store]} cubdb_pid=#PID<0.282.0> cubdb_state_shape=CubDB.State cubdb_data_dir="tmp/test_data/commits" cubdb_read=%{compact: [], count: 1, ls: {:ok, ["22.cub"]}, exists?: true}
06:05:16.903 [error] local node self-trust was not added: node signing public-key artifact is absent — continuing with configured trusted identities
06:05:16.905 [error] local node self-trust was not added: node signing public-key artifact is absent — continuing with configured trusted identities
06:05:16.907 [error] local node self-trust was not added: node signing public-key artifact is absent — continuing with configured trusted identities
06:05:16.916 [error] local node self-trust was not added: node signing public-key artifact is absent — continuing with configured trusted identities
.
Finished in 0.01 seconds (0.00s async, 0.01s sync)
3 tests, 0 failures, 2 excluded
Running ExUnit with seed: 921300, max_cases: 8
Excluding tags: [:test]
Including tags: [location: {"test/commonplace/cli/snapshot_test.exs", 114}]

CX_SNAPMECH cwd="/home/jes/sol-snapshot-repro/wt/apps/commonplace_cli" configured="tmp/test_data" configured_read=%{compact: [], count: 4, ls: {:ok, ["node_id", "secrets", "commits", "commits.lock"]}, exists?: true} commit_store_pid=#PID<0.279.0> commit_store_state_shape={true, [:data_dir, :db, :invariant_dispatcher, :local_write_gate, :lock_ref, :name, :pending_imports, :queue_poller, :trust_side_store]} cubdb_pid=#PID<0.282.0> cubdb_state_shape=CubDB.State cubdb_data_dir="tmp/test_data/commits" cubdb_read=%{compact: [], count: 1, ls: {:ok, ["22.cub"]}, exists?: true}
06:05:16.923 [error] local node self-trust was not added: node signing public-key artifact is absent — continuing with configured trusted identities
06:05:16.928 [error] local node self-trust was not added: node signing public-key artifact is absent — continuing with configured trusted identities
06:05:16.930 [error] local node self-trust was not added: node signing public-key artifact is absent — continuing with configured trusted identities
06:05:16.938 [error] local node self-trust was not added: node signing public-key artifact is absent — continuing with configured trusted identities
.
Finished in 0.02 seconds (0.00s async, 0.02s sync)
3 tests, 0 failures, 2 excluded
Running ExUnit with seed: 944142, max_cases: 8
Excluding tags: [:test]
Including tags: [location: {"test/commonplace/cli/snapshot_test.exs", 114}]

CX_SNAPMECH cwd="/home/jes/sol-snapshot-repro/wt/apps/commonplace_cli" configured="tmp/test_data" configured_read=%{compact: [], count: 4, ls: {:ok, ["node_id", "secrets", "commits", "commits.lock"]}, exists?: true} commit_store_pid=#PID<0.279.0> commit_store_state_shape={true, [:data_dir, :db, :invariant_dispatcher, :local_write_gate, :lock_ref, :name, :pending_imports, :queue_poller, :trust_side_store]} cubdb_pid=#PID<0.282.0> cubdb_state_shape=CubDB.State cubdb_data_dir="tmp/test_data/commits" cubdb_read=%{compact: [], count: 1, ls: {:ok, ["22.cub"]}, exists?: true}
06:05:16.946 [error] local node self-trust was not added: node signing public-key artifact is absent — continuing with configured trusted identities
06:05:16.951 [error] local node self-trust was not added: node signing public-key artifact is absent — continuing with configured trusted identities
06:05:16.955 [error] local node self-trust was not added: node signing public-key artifact is absent — continuing with configured trusted identities
06:05:16.961 [error] local node self-trust was not added: node signing public-key artifact is absent — continuing with configured trusted identities
.
Finished in 0.01 seconds (0.00s async, 0.01s sync)
3 tests, 0 failures, 2 excluded
Running ExUnit with seed: 964869, max_cases: 8
Excluding tags: [:test]
Including tags: [location: {"test/commonplace/cli/snapshot_test.exs", 114}]

CX_SNAPMECH cwd="/home/jes/sol-snapshot-repro/wt/apps/commonplace_cli" configured="tmp/test_data" configured_read=%{compact: [], count: 4, ls: {:ok, ["node_id", "secrets", "commits", "commits.lock"]}, exists?: true} commit_store_pid=#PID<0.279.0> commit_store_state_shape={true, [:data_dir, :db, :invariant_dispatcher, :local_write_gate, :lock_ref, :name, :pending_imports, :queue_poller, :trust_side_store]} cubdb_pid=#PID<0.282.0> cubdb_state_shape=CubDB.State cubdb_data_dir="tmp/test_data/commits" cubdb_read=%{compact: [], count: 1, ls: {:ok, ["22.cub"]}, exists?: true}
06:05:16.967 [error] local node self-trust was not added: node signing public-key artifact is absent — continuing with configured trusted identities
06:05:16.970 [error] local node self-trust was not added: node signing public-key artifact is absent — continuing with configured trusted identities
06:05:16.975 [error] local node self-trust was not added: node signing public-key artifact is absent — continuing with configured trusted identities
06:05:16.981 [error] local node self-trust was not added: node signing public-key artifact is absent — continuing with configured trusted identities
.
Finished in 0.02 seconds (0.00s async, 0.02s sync)
3 tests, 0 failures, 2 excluded
Running ExUnit with seed: 987762, max_cases: 8
Excluding tags: [:test]
Including tags: [location: {"test/commonplace/cli/snapshot_test.exs", 114}]

CX_SNAPMECH cwd="/home/jes/sol-snapshot-repro/wt/apps/commonplace_cli" configured="tmp/test_data" configured_read=%{compact: [], count: 4, ls: {:ok, ["node_id", "secrets", "commits", "commits.lock"]}, exists?: true} commit_store_pid=#PID<0.279.0> commit_store_state_shape={true, [:data_dir, :db, :invariant_dispatcher, :local_write_gate, :lock_ref, :name, :pending_imports, :queue_poller, :trust_side_store]} cubdb_pid=#PID<0.282.0> cubdb_state_shape=CubDB.State cubdb_data_dir="tmp/test_data/commits" cubdb_read=%{compact: [], count: 1, ls: {:ok, ["22.cub"]}, exists?: true}
06:05:16.988 [error] local node self-trust was not added: node signing public-key artifact is absent — continuing with configured trusted identities
06:05:16.991 [error] local node self-trust was not added: node signing public-key artifact is absent — continuing with configured trusted identities
06:05:16.996 [error] local node self-trust was not added: node signing public-key artifact is absent — continuing with configured trusted identities
06:05:17.002 [error] local node self-trust was not added: node signing public-key artifact is absent — continuing with configured trusted identities
.
Finished in 0.01 seconds (0.00s async, 0.01s sync)
3 tests, 0 failures, 2 excluded
Running ExUnit with seed: 6805, max_cases: 8
Excluding tags: [:test]
Including tags: [location: {"test/commonplace/cli/snapshot_test.exs", 114}]

CX_SNAPMECH cwd="/home/jes/sol-snapshot-repro/wt/apps/commonplace_cli" configured="tmp/test_data" configured_read=%{compact: [], count: 4, ls: {:ok, ["node_id", "secrets", "commits", "commits.lock"]}, exists?: true} commit_store_pid=#PID<0.279.0> commit_store_state_shape={true, [:data_dir, :db, :invariant_dispatcher, :local_write_gate, :lock_ref, :name, :pending_imports, :queue_poller, :trust_side_store]} cubdb_pid=#PID<0.282.0> cubdb_state_shape=CubDB.State cubdb_data_dir="tmp/test_data/commits" cubdb_read=%{compact: [], count: 1, ls: {:ok, ["22.cub"]}, exists?: true}
06:05:17.008 [error] local node self-trust was not added: node signing public-key artifact is absent — continuing with configured trusted identities
06:05:17.012 [error] local node self-trust was not added: node signing public-key artifact is absent — continuing with configured trusted identities
06:05:17.017 [error] local node self-trust was not added: node signing public-key artifact is absent — continuing with configured trusted identities
06:05:17.023 [error] local node self-trust was not added: node signing public-key artifact is absent — continuing with configured trusted identities
.
Finished in 0.01 seconds (0.00s async, 0.01s sync)
3 tests, 0 failures, 2 excluded
Running ExUnit with seed: 27557, max_cases: 8
Excluding tags: [:test]
Including tags: [location: {"test/commonplace/cli/snapshot_test.exs", 114}]

CX_SNAPMECH cwd="/home/jes/sol-snapshot-repro/wt/apps/commonplace_cli" configured="tmp/test_data" configured_read=%{compact: [], count: 4, ls: {:ok, ["node_id", "secrets", "commits", "commits.lock"]}, exists?: true} commit_store_pid=#PID<0.279.0> commit_store_state_shape={true, [:data_dir, :db, :invariant_dispatcher, :local_write_gate, :lock_ref, :name, :pending_imports, :queue_poller, :trust_side_store]} cubdb_pid=#PID<0.282.0> cubdb_state_shape=CubDB.State cubdb_data_dir="tmp/test_data/commits" cubdb_read=%{compact: [], count: 1, ls: {:ok, ["22.cub"]}, exists?: true}
06:05:17.029 [error] local node self-trust was not added: node signing public-key artifact is absent — continuing with configured trusted identities
06:05:17.032 [error] local node self-trust was not added: node signing public-key artifact is absent — continuing with configured trusted identities
06:05:17.036 [error] local node self-trust was not added: node signing public-key artifact is absent — continuing with configured trusted identities
06:05:17.046 [error] local node self-trust was not added: node signing public-key artifact is absent — continuing with configured trusted identities
.
Finished in 0.02 seconds (0.00s async, 0.02s sync)
3 tests, 0 failures, 2 excluded
Running ExUnit with seed: 50478, max_cases: 8
Excluding tags: [:test]
Including tags: [location: {"test/commonplace/cli/snapshot_test.exs", 114}]

CX_SNAPMECH cwd="/home/jes/sol-snapshot-repro/wt/apps/commonplace_cli" configured="tmp/test_data" configured_read=%{compact: [], count: 4, ls: {:ok, ["node_id", "secrets", "commits", "commits.lock"]}, exists?: true} commit_store_pid=#PID<0.279.0> commit_store_state_shape={true, [:data_dir, :db, :invariant_dispatcher, :local_write_gate, :lock_ref, :name, :pending_imports, :queue_poller, :trust_side_store]} cubdb_pid=#PID<0.282.0> cubdb_state_shape=CubDB.State cubdb_data_dir="tmp/test_data/commits" cubdb_read=%{compact: [], count: 1, ls: {:ok, ["22.cub"]}, exists?: true}
06:05:17.052 [error] local node self-trust was not added: node signing public-key artifact is absent — continuing with configured trusted identities
06:05:17.055 [error] local node self-trust was not added: node signing public-key artifact is absent — continuing with configured trusted identities
06:05:17.058 [error] local node self-trust was not added: node signing public-key artifact is absent — continuing with configured trusted identities
06:05:17.062 [error] local node self-trust was not added: node signing public-key artifact is absent — continuing with configured trusted identities
.
Finished in 0.01 seconds (0.00s async, 0.01s sync)
3 tests, 0 failures, 2 excluded
Running ExUnit with seed: 66327, max_cases: 8
Excluding tags: [:test]
Including tags: [location: {"test/commonplace/cli/snapshot_test.exs", 114}]

CX_SNAPMECH cwd="/home/jes/sol-snapshot-repro/wt/apps/commonplace_cli" configured="tmp/test_data" configured_read=%{compact: [], count: 4, ls: {:ok, ["node_id", "secrets", "commits", "commits.lock"]}, exists?: true} commit_store_pid=#PID<0.279.0> commit_store_state_shape={true, [:data_dir, :db, :invariant_dispatcher, :local_write_gate, :lock_ref, :name, :pending_imports, :queue_poller, :trust_side_store]} cubdb_pid=#PID<0.282.0> cubdb_state_shape=CubDB.State cubdb_data_dir="tmp/test_data/commits" cubdb_read=%{compact: [], count: 1, ls: {:ok, ["22.cub"]}, exists?: true}
06:05:17.067 [error] local node self-trust was not added: node signing public-key artifact is absent — continuing with configured trusted identities
06:05:17.071 [error] local node self-trust was not added: node signing public-key artifact is absent — continuing with configured trusted identities
06:05:17.073 [error] local node self-trust was not added: node signing public-key artifact is absent — continuing with configured trusted identities
06:05:17.077 [error] local node self-trust was not added: node signing public-key artifact is absent — continuing with configured trusted identities
.
Finished in 0.01 seconds (0.00s async, 0.01s sync)
3 tests, 0 failures, 2 excluded
Running ExUnit with seed: 80648, max_cases: 8
Excluding tags: [:test]
Including tags: [location: {"test/commonplace/cli/snapshot_test.exs", 114}]

CX_SNAPMECH cwd="/home/jes/sol-snapshot-repro/wt/apps/commonplace_cli" configured="tmp/test_data" configured_read=%{compact: [], count: 4, ls: {:ok, ["node_id", "secrets", "commits", "commits.lock"]}, exists?: true} commit_store_pid=#PID<0.279.0> commit_store_state_shape={true, [:data_dir, :db, :invariant_dispatcher, :local_write_gate, :lock_ref, :name, :pending_imports, :queue_poller, :trust_side_store]} cubdb_pid=#PID<0.282.0> cubdb_state_shape=CubDB.State cubdb_data_dir="tmp/test_data/commits" cubdb_read=%{compact: [], count: 1, ls: {:ok, ["22.cub"]}, exists?: true}
06:05:17.081 [error] local node self-trust was not added: node signing public-key artifact is absent — continuing with configured trusted identities
06:05:17.084 [error] local node self-trust was not added: node signing public-key artifact is absent — continuing with configured trusted identities
06:05:17.086 [error] local node self-trust was not added: node signing public-key artifact is absent — continuing with configured trusted identities
06:05:17.091 [error] local node self-trust was not added: node signing public-key artifact is absent — continuing with configured trusted identities
.
Finished in 0.01 seconds (0.00s async, 0.01s sync)
3 tests, 0 failures, 2 excluded
Running ExUnit with seed: 94530, max_cases: 8
Excluding tags: [:test]
Including tags: [location: {"test/commonplace/cli/snapshot_test.exs", 114}]

CX_SNAPMECH cwd="/home/jes/sol-snapshot-repro/wt/apps/commonplace_cli" configured="tmp/test_data" configured_read=%{compact: [], count: 4, ls: {:ok, ["node_id", "secrets", "commits", "commits.lock"]}, exists?: true} commit_store_pid=#PID<0.279.0> commit_store_state_shape={true, [:data_dir, :db, :invariant_dispatcher, :local_write_gate, :lock_ref, :name, :pending_imports, :queue_poller, :trust_side_store]} cubdb_pid=#PID<0.282.0> cubdb_state_shape=CubDB.State cubdb_data_dir="tmp/test_data/commits" cubdb_read=%{compact: [], count: 1, ls: {:ok, ["22.cub"]}, exists?: true}
06:05:17.095 [error] local node self-trust was not added: node signing public-key artifact is absent — continuing with configured trusted identities
06:05:17.098 [error] local node self-trust was not added: node signing public-key artifact is absent — continuing with configured trusted identities
06:05:17.100 [error] local node self-trust was not added: node signing public-key artifact is absent — continuing with configured trusted identities
06:05:17.104 [error] local node self-trust was not added: node signing public-key artifact is absent — continuing with configured trusted identities
.
Finished in 0.01 seconds (0.00s async, 0.01s sync)
3 tests, 0 failures, 2 excluded
Running ExUnit with seed: 107124, max_cases: 8
Excluding tags: [:test]
Including tags: [location: {"test/commonplace/cli/snapshot_test.exs", 114}]

CX_SNAPMECH cwd="/home/jes/sol-snapshot-repro/wt/apps/commonplace_cli" configured="tmp/test_data" configured_read=%{compact: [], count: 4, ls: {:ok, ["node_id", "secrets", "commits", "commits.lock"]}, exists?: true} commit_store_pid=#PID<0.279.0> commit_store_state_shape={true, [:data_dir, :db, :invariant_dispatcher, :local_write_gate, :lock_ref, :name, :pending_imports, :queue_poller, :trust_side_store]} cubdb_pid=#PID<0.282.0> cubdb_state_shape=CubDB.State cubdb_data_dir="tmp/test_data/commits" cubdb_read=%{compact: [], count: 1, ls: {:ok, ["22.cub"]}, exists?: true}
06:05:17.108 [error] local node self-trust was not added: node signing public-key artifact is absent — continuing with configured trusted identities
06:05:17.110 [error] local node self-trust was not added: node signing public-key artifact is absent — continuing with configured trusted identities
06:05:17.112 [error] local node self-trust was not added: node signing public-key artifact is absent — continuing with configured trusted identities
06:05:17.116 [error] local node self-trust was not added: node signing public-key artifact is absent — continuing with configured trusted identities
.
Finished in 0.01 seconds (0.00s async, 0.01s sync)
3 tests, 0 failures, 2 excluded
Running ExUnit with seed: 120049, max_cases: 8
Excluding tags: [:test]
Including tags: [location: {"test/commonplace/cli/snapshot_test.exs", 114}]

CX_SNAPMECH cwd="/home/jes/sol-snapshot-repro/wt/apps/commonplace_cli" configured="tmp/test_data" configured_read=%{compact: [], count: 4, ls: {:ok, ["node_id", "secrets", "commits", "commits.lock"]}, exists?: true} commit_store_pid=#PID<0.279.0> commit_store_state_shape={true, [:data_dir, :db, :invariant_dispatcher, :local_write_gate, :lock_ref, :name, :pending_imports, :queue_poller, :trust_side_store]} cubdb_pid=#PID<0.282.0> cubdb_state_shape=CubDB.State cubdb_data_dir="tmp/test_data/commits" cubdb_read=%{compact: [], count: 1, ls: {:ok, ["22.cub"]}, exists?: true}
06:05:17.121 [error] local node self-trust was not added: node signing public-key artifact is absent — continuing with configured trusted identities
06:05:17.123 [error] local node self-trust was not added: node signing public-key artifact is absent — continuing with configured trusted identities
06:05:17.125 [error] local node self-trust was not added: node signing public-key artifact is absent — continuing with configured trusted identities
06:05:17.128 [error] local node self-trust was not added: node signing public-key artifact is absent — continuing with configured trusted identities
.
Finished in 0.01 seconds (0.00s async, 0.01s sync)
3 tests, 0 failures, 2 excluded
Running ExUnit with seed: 132630, max_cases: 8
Excluding tags: [:test]
Including tags: [location: {"test/commonplace/cli/snapshot_test.exs", 114}]

CX_SNAPMECH cwd="/home/jes/sol-snapshot-repro/wt/apps/commonplace_cli" configured="tmp/test_data" configured_read=%{compact: [], count: 4, ls: {:ok, ["node_id", "secrets", "commits", "commits.lock"]}, exists?: true} commit_store_pid=#PID<0.279.0> commit_store_state_shape={true, [:data_dir, :db, :invariant_dispatcher, :local_write_gate, :lock_ref, :name, :pending_imports, :queue_poller, :trust_side_store]} cubdb_pid=#PID<0.282.0> cubdb_state_shape=CubDB.State cubdb_data_dir="tmp/test_data/commits" cubdb_read=%{compact: [], count: 1, ls: {:ok, ["22.cub"]}, exists?: true}
06:05:17.134 [error] local node self-trust was not added: node signing public-key artifact is absent — continuing with configured trusted identities
06:05:17.137 [error] local node self-trust was not added: node signing public-key artifact is absent — continuing with configured trusted identities
06:05:17.139 [error] local node self-trust was not added: node signing public-key artifact is absent — continuing with configured trusted identities
06:05:17.144 [error] local node self-trust was not added: node signing public-key artifact is absent — continuing with configured trusted identities
.
Finished in 0.01 seconds (0.00s async, 0.01s sync)
3 tests, 0 failures, 2 excluded
Running ExUnit with seed: 147052, max_cases: 8
Excluding tags: [:test]
Including tags: [location: {"test/commonplace/cli/snapshot_test.exs", 114}]

CX_SNAPMECH cwd="/home/jes/sol-snapshot-repro/wt/apps/commonplace_cli" configured="tmp/test_data" configured_read=%{compact: [], count: 4, ls: {:ok, ["node_id", "secrets", "commits", "commits.lock"]}, exists?: true} commit_store_pid=#PID<0.279.0> commit_store_state_shape={true, [:data_dir, :db, :invariant_dispatcher, :local_write_gate, :lock_ref, :name, :pending_imports, :queue_poller, :trust_side_store]} cubdb_pid=#PID<0.282.0> cubdb_state_shape=CubDB.State cubdb_data_dir="tmp/test_data/commits" cubdb_read=%{compact: [], count: 1, ls: {:ok, ["22.cub"]}, exists?: true}
06:05:17.147 [error] local node self-trust was not added: node signing public-key artifact is absent — continuing with configured trusted identities
06:05:17.152 [error] local node self-trust was not added: node signing public-key artifact is absent — continuing with configured trusted identities
06:05:17.156 [error] local node self-trust was not added: node signing public-key artifact is absent — continuing with configured trusted identities
06:05:17.164 [error] local node self-trust was not added: node signing public-key artifact is absent — continuing with configured trusted identities
.
Finished in 0.02 seconds (0.00s async, 0.02s sync)
3 tests, 0 failures, 2 excluded
Running ExUnit with seed: 168048, max_cases: 8
Excluding tags: [:test]
Including tags: [location: {"test/commonplace/cli/snapshot_test.exs", 114}]

CX_SNAPMECH cwd="/home/jes/sol-snapshot-repro/wt/apps/commonplace_cli" configured="tmp/test_data" configured_read=%{compact: [], count: 4, ls: {:ok, ["node_id", "secrets", "commits", "commits.lock"]}, exists?: true} commit_store_pid=#PID<0.279.0> commit_store_state_shape={true, [:data_dir, :db, :invariant_dispatcher, :local_write_gate, :lock_ref, :name, :pending_imports, :queue_poller, :trust_side_store]} cubdb_pid=#PID<0.282.0> cubdb_state_shape=CubDB.State cubdb_data_dir="tmp/test_data/commits" cubdb_read=%{compact: [], count: 1, ls: {:ok, ["22.cub"]}, exists?: true}
06:05:17.169 [error] local node self-trust was not added: node signing public-key artifact is absent — continuing with configured trusted identities
06:05:17.174 [error] local node self-trust was not added: node signing public-key artifact is absent — continuing with configured trusted identities
06:05:17.177 [error] local node self-trust was not added: node signing public-key artifact is absent — continuing with configured trusted identities
06:05:17.181 [error] local node self-trust was not added: node signing public-key artifact is absent — continuing with configured trusted identities
.
Finished in 0.01 seconds (0.00s async, 0.01s sync)
3 tests, 0 failures, 2 excluded
Running ExUnit with seed: 184941, max_cases: 8
Excluding tags: [:test]
Including tags: [location: {"test/commonplace/cli/snapshot_test.exs", 114}]

CX_SNAPMECH cwd="/home/jes/sol-snapshot-repro/wt/apps/commonplace_cli" configured="tmp/test_data" configured_read=%{compact: [], count: 4, ls: {:ok, ["node_id", "secrets", "commits", "commits.lock"]}, exists?: true} commit_store_pid=#PID<0.279.0> commit_store_state_shape={true, [:data_dir, :db, :invariant_dispatcher, :local_write_gate, :lock_ref, :name, :pending_imports, :queue_poller, :trust_side_store]} cubdb_pid=#PID<0.282.0> cubdb_state_shape=CubDB.State cubdb_data_dir="tmp/test_data/commits" cubdb_read=%{compact: [], count: 1, ls: {:ok, ["22.cub"]}, exists?: true}
06:05:17.186 [error] local node self-trust was not added: node signing public-key artifact is absent — continuing with configured trusted identities
06:05:17.190 [error] local node self-trust was not added: node signing public-key artifact is absent — continuing with configured trusted identities
06:05:17.193 [error] local node self-trust was not added: node signing public-key artifact is absent — continuing with configured trusted identities
06:05:17.199 [error] local node self-trust was not added: node signing public-key artifact is absent — continuing with configured trusted identities
.
Finished in 0.01 seconds (0.00s async, 0.01s sync)
3 tests, 0 failures, 2 excluded
Running ExUnit with seed: 204194, max_cases: 8
Excluding tags: [:test]
Including tags: [location: {"test/commonplace/cli/snapshot_test.exs", 114}]

CX_SNAPMECH cwd="/home/jes/sol-snapshot-repro/wt/apps/commonplace_cli" configured="tmp/test_data" configured_read=%{compact: [], count: 4, ls: {:ok, ["node_id", "secrets", "commits", "commits.lock"]}, exists?: true} commit_store_pid=#PID<0.279.0> commit_store_state_shape={true, [:data_dir, :db, :invariant_dispatcher, :local_write_gate, :lock_ref, :name, :pending_imports, :queue_poller, :trust_side_store]} cubdb_pid=#PID<0.282.0> cubdb_state_shape=CubDB.State cubdb_data_dir="tmp/test_data/commits" cubdb_read=%{compact: ["23.compact"], count: 2, ls: {:ok, ["23.compact", "22.cub"]}, exists?: true}
06:05:17.206 [error] local node self-trust was not added: node signing public-key artifact is absent — continuing with configured trusted identities
06:05:17.211 [error] local node self-trust was not added: node signing public-key artifact is absent — continuing with configured trusted identities
06:05:17.220 [error] local node self-trust was not added: node signing public-key artifact is absent — continuing with configured trusted identities
06:05:17.229 [error] local node self-trust was not added: node signing public-key artifact is absent — continuing with configured trusted identities
.
Finished in 0.03 seconds (0.00s async, 0.03s sync)
3 tests, 0 failures, 2 excluded
Running ExUnit with seed: 236008, max_cases: 8
Excluding tags: [:test]
Including tags: [location: {"test/commonplace/cli/snapshot_test.exs", 114}]

CX_SNAPMECH cwd="/home/jes/sol-snapshot-repro/wt/apps/commonplace_cli" configured="tmp/test_data" configured_read=%{compact: [], count: 4, ls: {:ok, ["node_id", "secrets", "commits", "commits.lock"]}, exists?: true} commit_store_pid=#PID<0.279.0> commit_store_state_shape={true, [:data_dir, :db, :invariant_dispatcher, :local_write_gate, :lock_ref, :name, :pending_imports, :queue_poller, :trust_side_store]} cubdb_pid=#PID<0.282.0> cubdb_state_shape=CubDB.State cubdb_data_dir="tmp/test_data/commits" cubdb_read=%{compact: ["23.compact"], count: 2, ls: {:ok, ["23.compact", "22.cub"]}, exists?: true}
06:05:17.237 [error] local node self-trust was not added: node signing public-key artifact is absent — continuing with configured trusted identities
06:05:17.242 [error] local node self-trust was not added: node signing public-key artifact is absent — continuing with configured trusted identities
06:05:17.246 [error] local node self-trust was not added: node signing public-key artifact is absent — continuing with configured trusted identities
06:05:17.257 [error] local node self-trust was not added: node signing public-key artifact is absent — continuing with configured trusted identities
.
Finished in 0.02 seconds (0.00s async, 0.02s sync)
3 tests, 0 failures, 2 excluded
Running ExUnit with seed: 263051, max_cases: 8
Excluding tags: [:test]
Including tags: [location: {"test/commonplace/cli/snapshot_test.exs", 114}]

CX_SNAPMECH cwd="/home/jes/sol-snapshot-repro/wt/apps/commonplace_cli" configured="tmp/test_data" configured_read=%{compact: [], count: 4, ls: {:ok, ["node_id", "secrets", "commits", "commits.lock"]}, exists?: true} commit_store_pid=#PID<0.279.0> commit_store_state_shape={true, [:data_dir, :db, :invariant_dispatcher, :local_write_gate, :lock_ref, :name, :pending_imports, :queue_poller, :trust_side_store]} cubdb_pid=#PID<0.282.0> cubdb_state_shape=CubDB.State cubdb_data_dir="tmp/test_data/commits" cubdb_read=%{compact: ["23.compact"], count: 2, ls: {:ok, ["23.compact", "22.cub"]}, exists?: true}
06:05:17.265 [error] local node self-trust was not added: node signing public-key artifact is absent — continuing with configured trusted identities
06:05:17.269 [error] local node self-trust was not added: node signing public-key artifact is absent — continuing with configured trusted identities
06:05:17.274 [error] local node self-trust was not added: node signing public-key artifact is absent — continuing with configured trusted identities
06:05:17.282 [error] local node self-trust was not added: node signing public-key artifact is absent — continuing with configured trusted identities
.
Finished in 0.02 seconds (0.00s async, 0.02s sync)
3 tests, 0 failures, 2 excluded
Running ExUnit with seed: 288401, max_cases: 8
Excluding tags: [:test]
Including tags: [location: {"test/commonplace/cli/snapshot_test.exs", 114}]

CX_SNAPMECH cwd="/home/jes/sol-snapshot-repro/wt/apps/commonplace_cli" configured="tmp/test_data" configured_read=%{compact: [], count: 4, ls: {:ok, ["node_id", "secrets", "commits", "commits.lock"]}, exists?: true} commit_store_pid=#PID<0.279.0> commit_store_state_shape={true, [:data_dir, :db, :invariant_dispatcher, :local_write_gate, :lock_ref, :name, :pending_imports, :queue_poller, :trust_side_store]} cubdb_pid=#PID<0.282.0> cubdb_state_shape=CubDB.State cubdb_data_dir="tmp/test_data/commits" cubdb_read=%{compact: ["23.compact"], count: 2, ls: {:ok, ["23.compact", "22.cub"]}, exists?: true}
06:05:17.290 [error] local node self-trust was not added: node signing public-key artifact is absent — continuing with configured trusted identities
06:05:17.296 [error] local node self-trust was not added: node signing public-key artifact is absent — continuing with configured trusted identities
06:05:17.301 [error] local node self-trust was not added: node signing public-key artifact is absent — continuing with configured trusted identities
06:05:17.308 [error] local node self-trust was not added: node signing public-key artifact is absent — continuing with configured trusted identities
.
Finished in 0.02 seconds (0.00s async, 0.02s sync)
3 tests, 0 failures, 2 excluded
Running ExUnit with seed: 315601, max_cases: 8
Excluding tags: [:test]
Including tags: [location: {"test/commonplace/cli/snapshot_test.exs", 114}]

CX_SNAPMECH cwd="/home/jes/sol-snapshot-repro/wt/apps/commonplace_cli" configured="tmp/test_data" configured_read=%{compact: [], count: 4, ls: {:ok, ["node_id", "secrets", "commits", "commits.lock"]}, exists?: true} commit_store_pid=#PID<0.279.0> commit_store_state_shape={true, [:data_dir, :db, :invariant_dispatcher, :local_write_gate, :lock_ref, :name, :pending_imports, :queue_poller, :trust_side_store]} cubdb_pid=#PID<0.282.0> cubdb_state_shape=CubDB.State cubdb_data_dir="tmp/test_data/commits" cubdb_read=%{compact: ["23.compact"], count: 2, ls: {:ok, ["23.compact", "22.cub"]}, exists?: true}
06:05:17.317 [error] local node self-trust was not added: node signing public-key artifact is absent — continuing with configured trusted identities
06:05:17.323 [error] local node self-trust was not added: node signing public-key artifact is absent — continuing with configured trusted identities
06:05:17.328 [error] local node self-trust was not added: node signing public-key artifact is absent — continuing with configured trusted identities
06:05:17.349 [error] local node self-trust was not added: node signing public-key artifact is absent — continuing with configured trusted identities
.
Finished in 0.03 seconds (0.00s async, 0.03s sync)
3 tests, 0 failures, 2 excluded
Running ExUnit with seed: 356259, max_cases: 8
Excluding tags: [:test]
Including tags: [location: {"test/commonplace/cli/snapshot_test.exs", 114}]

CX_SNAPMECH cwd="/home/jes/sol-snapshot-repro/wt/apps/commonplace_cli" configured="tmp/test_data" configured_read=%{compact: [], count: 4, ls: {:ok, ["node_id", "secrets", "commits", "commits.lock"]}, exists?: true} commit_store_pid=#PID<0.279.0> commit_store_state_shape={true, [:data_dir, :db, :invariant_dispatcher, :local_write_gate, :lock_ref, :name, :pending_imports, :queue_poller, :trust_side_store]} cubdb_pid=#PID<0.282.0> cubdb_state_shape=CubDB.State cubdb_data_dir="tmp/test_data/commits" cubdb_read=%{compact: ["23.compact"], count: 2, ls: {:ok, ["23.compact", "22.cub"]}, exists?: true}
06:05:17.358 [error] local node self-trust was not added: node signing public-key artifact is absent — continuing with configured trusted identities
06:05:17.362 [error] local node self-trust was not added: node signing public-key artifact is absent — continuing with configured trusted identities
06:05:17.366 [error] local node self-trust was not added: node signing public-key artifact is absent — continuing with configured trusted identities
06:05:17.373 [error] local node self-trust was not added: node signing public-key artifact is absent — continuing with configured trusted identities
.
Finished in 0.02 seconds (0.00s async, 0.02s sync)
3 tests, 0 failures, 2 excluded
Running ExUnit with seed: 378594, max_cases: 8
Excluding tags: [:test]
Including tags: [location: {"test/commonplace/cli/snapshot_test.exs", 114}]

CX_SNAPMECH cwd="/home/jes/sol-snapshot-repro/wt/apps/commonplace_cli" configured="tmp/test_data" configured_read=%{compact: [], count: 4, ls: {:ok, ["node_id", "secrets", "commits", "commits.lock"]}, exists?: true} commit_store_pid=#PID<0.279.0> commit_store_state_shape={true, [:data_dir, :db, :invariant_dispatcher, :local_write_gate, :lock_ref, :name, :pending_imports, :queue_poller, :trust_side_store]} cubdb_pid=#PID<0.282.0> cubdb_state_shape=CubDB.State cubdb_data_dir="tmp/test_data/commits" cubdb_read=%{compact: ["23.compact"], count: 2, ls: {:ok, ["23.compact", "22.cub"]}, exists?: true}
06:05:17.380 [error] local node self-trust was not added: node signing public-key artifact is absent — continuing with configured trusted identities
06:05:17.385 [error] local node self-trust was not added: node signing public-key artifact is absent — continuing with configured trusted identities
06:05:17.389 [error] local node self-trust was not added: node signing public-key artifact is absent — continuing with configured trusted identities
06:05:17.399 [error] local node self-trust was not added: node signing public-key artifact is absent — continuing with configured trusted identities
.
Finished in 0.02 seconds (0.00s async, 0.02s sync)
3 tests, 0 failures, 2 excluded
Running ExUnit with seed: 405500, max_cases: 8
Excluding tags: [:test]
Including tags: [location: {"test/commonplace/cli/snapshot_test.exs", 114}]

CX_SNAPMECH cwd="/home/jes/sol-snapshot-repro/wt/apps/commonplace_cli" configured="tmp/test_data" configured_read=%{compact: [], count: 4, ls: {:ok, ["node_id", "secrets", "commits", "commits.lock"]}, exists?: true} commit_store_pid=#PID<0.279.0> commit_store_state_shape={true, [:data_dir, :db, :invariant_dispatcher, :local_write_gate, :lock_ref, :name, :pending_imports, :queue_poller, :trust_side_store]} cubdb_pid=#PID<0.282.0> cubdb_state_shape=CubDB.State cubdb_data_dir="tmp/test_data/commits" cubdb_read=%{compact: ["23.compact"], count: 2, ls: {:ok, ["23.compact", "22.cub"]}, exists?: true}
06:05:17.406 [error] local node self-trust was not added: node signing public-key artifact is absent — continuing with configured trusted identities
06:05:17.410 [error] local node self-trust was not added: node signing public-key artifact is absent — continuing with configured trusted identities
06:05:17.414 [error] local node self-trust was not added: node signing public-key artifact is absent — continuing with configured trusted identities
06:05:17.425 [error] local node self-trust was not added: node signing public-key artifact is absent — continuing with configured trusted identities
.
Finished in 0.02 seconds (0.00s async, 0.02s sync)
3 tests, 0 failures, 2 excluded
Running ExUnit with seed: 430039, max_cases: 8
Excluding tags: [:test]
Including tags: [location: {"test/commonplace/cli/snapshot_test.exs", 114}]

CX_SNAPMECH cwd="/home/jes/sol-snapshot-repro/wt/apps/commonplace_cli" configured="tmp/test_data" configured_read=%{compact: [], count: 4, ls: {:ok, ["node_id", "secrets", "commits", "commits.lock"]}, exists?: true} commit_store_pid=#PID<0.279.0> commit_store_state_shape={true, [:data_dir, :db, :invariant_dispatcher, :local_write_gate, :lock_ref, :name, :pending_imports, :queue_poller, :trust_side_store]} cubdb_pid=#PID<0.282.0> cubdb_state_shape=CubDB.State cubdb_data_dir="tmp/test_data/commits" cubdb_read=%{compact: ["23.compact"], count: 2, ls: {:ok, ["23.compact", "22.cub"]}, exists?: true}
06:05:17.431 [error] local node self-trust was not added: node signing public-key artifact is absent — continuing with configured trusted identities
06:05:17.437 [error] local node self-trust was not added: node signing public-key artifact is absent — continuing with configured trusted identities
06:05:17.443 [error] local node self-trust was not added: node signing public-key artifact is absent — continuing with configured trusted identities
06:05:17.454 [error] local node self-trust was not added: node signing public-key artifact is absent — continuing with configured trusted identities
.
Finished in 0.03 seconds (0.00s async, 0.03s sync)
3 tests, 0 failures, 2 excluded
Running ExUnit with seed: 462159, max_cases: 8
Excluding tags: [:test]
Including tags: [location: {"test/commonplace/cli/snapshot_test.exs", 114}]

CX_SNAPMECH cwd="/home/jes/sol-snapshot-repro/wt/apps/commonplace_cli" configured="tmp/test_data" configured_read=%{compact: [], count: 4, ls: {:ok, ["node_id", "secrets", "commits", "commits.lock"]}, exists?: true} commit_store_pid=#PID<0.279.0> commit_store_state_shape={true, [:data_dir, :db, :invariant_dispatcher, :local_write_gate, :lock_ref, :name, :pending_imports, :queue_poller, :trust_side_store]} cubdb_pid=#PID<0.282.0> cubdb_state_shape=CubDB.State cubdb_data_dir="tmp/test_data/commits" cubdb_read=%{compact: ["23.compact"], count: 2, ls: {:ok, ["23.compact", "22.cub"]}, exists?: true}
06:05:17.464 [error] local node self-trust was not added: node signing public-key artifact is absent — continuing with configured trusted identities
06:05:17.469 [error] local node self-trust was not added: node signing public-key artifact is absent — continuing with configured trusted identities
06:05:17.473 [error] local node self-trust was not added: node signing public-key artifact is absent — continuing with configured trusted identities
06:05:17.481 [error] local node self-trust was not added: node signing public-key artifact is absent — continuing with configured trusted identities
.
Finished in 0.02 seconds (0.00s async, 0.02s sync)
3 tests, 0 failures, 2 excluded
Running ExUnit with seed: 488112, max_cases: 8
Excluding tags: [:test]
Including tags: [location: {"test/commonplace/cli/snapshot_test.exs", 114}]

CX_SNAPMECH cwd="/home/jes/sol-snapshot-repro/wt/apps/commonplace_cli" configured="tmp/test_data" configured_read=%{compact: [], count: 4, ls: {:ok, ["node_id", "secrets", "commits", "commits.lock"]}, exists?: true} commit_store_pid=#PID<0.279.0> commit_store_state_shape={true, [:data_dir, :db, :invariant_dispatcher, :local_write_gate, :lock_ref, :name, :pending_imports, :queue_poller, :trust_side_store]} cubdb_pid=#PID<0.282.0> cubdb_state_shape=CubDB.State cubdb_data_dir="tmp/test_data/commits" cubdb_read=%{compact: ["23.compact"], count: 2, ls: {:ok, ["23.compact", "22.cub"]}, exists?: true}
06:05:17.491 [error] local node self-trust was not added: node signing public-key artifact is absent — continuing with configured trusted identities
06:05:17.498 [error] local node self-trust was not added: node signing public-key artifact is absent — continuing with configured trusted identities
06:05:17.503 [error] local node self-trust was not added: node signing public-key artifact is absent — continuing with configured trusted identities
06:05:17.511 [error] local node self-trust was not added: node signing public-key artifact is absent — continuing with configured trusted identities
.
Finished in 0.02 seconds (0.00s async, 0.02s sync)
3 tests, 0 failures, 2 excluded
Running ExUnit with seed: 517974, max_cases: 8
Excluding tags: [:test]
Including tags: [location: {"test/commonplace/cli/snapshot_test.exs", 114}]

CX_SNAPMECH cwd="/home/jes/sol-snapshot-repro/wt/apps/commonplace_cli" configured="tmp/test_data" configured_read=%{compact: [], count: 4, ls: {:ok, ["node_id", "secrets", "commits", "commits.lock"]}, exists?: true} commit_store_pid=#PID<0.279.0> commit_store_state_shape={true, [:data_dir, :db, :invariant_dispatcher, :local_write_gate, :lock_ref, :name, :pending_imports, :queue_poller, :trust_side_store]} cubdb_pid=#PID<0.282.0> cubdb_state_shape=CubDB.State cubdb_data_dir="tmp/test_data/commits" cubdb_read=%{compact: ["23.compact"], count: 2, ls: {:ok, ["23.compact", "22.cub"]}, exists?: true}
06:05:17.520 [error] local node self-trust was not added: node signing public-key artifact is absent — continuing with configured trusted identities
06:05:17.529 [error] local node self-trust was not added: node signing public-key artifact is absent — continuing with configured trusted identities
06:05:17.535 [error] local node self-trust was not added: node signing public-key artifact is absent — continuing with configured trusted identities
06:05:17.543 [error] local node self-trust was not added: node signing public-key artifact is absent — continuing with configured trusted identities
.
Finished in 0.03 seconds (0.00s async, 0.03s sync)
3 tests, 0 failures, 2 excluded
Running ExUnit with seed: 550246, max_cases: 8
Excluding tags: [:test]
Including tags: [location: {"test/commonplace/cli/snapshot_test.exs", 114}]

CX_SNAPMECH cwd="/home/jes/sol-snapshot-repro/wt/apps/commonplace_cli" configured="tmp/test_data" configured_read=%{compact: [], count: 4, ls: {:ok, ["node_id", "secrets", "commits", "commits.lock"]}, exists?: true} commit_store_pid=#PID<0.279.0> commit_store_state_shape={true, [:data_dir, :db, :invariant_dispatcher, :local_write_gate, :lock_ref, :name, :pending_imports, :queue_poller, :trust_side_store]} cubdb_pid=#PID<0.282.0> cubdb_state_shape=CubDB.State cubdb_data_dir="tmp/test_data/commits" cubdb_read=%{compact: ["23.compact"], count: 2, ls: {:ok, ["23.compact", "22.cub"]}, exists?: true}
06:05:17.552 [error] local node self-trust was not added: node signing public-key artifact is absent — continuing with configured trusted identities
06:05:17.558 [error] local node self-trust was not added: node signing public-key artifact is absent — continuing with configured trusted identities
06:05:17.562 [error] local node self-trust was not added: node signing public-key artifact is absent — continuing with configured trusted identities
06:05:17.570 [error] local node self-trust was not added: node signing public-key artifact is absent — continuing with configured trusted identities
.
Finished in 0.02 seconds (0.00s async, 0.02s sync)
3 tests, 0 failures, 2 excluded
Running ExUnit with seed: 577651, max_cases: 8
Excluding tags: [:test]
Including tags: [location: {"test/commonplace/cli/snapshot_test.exs", 114}]

CX_SNAPMECH cwd="/home/jes/sol-snapshot-repro/wt/apps/commonplace_cli" configured="tmp/test_data" configured_read=%{compact: [], count: 4, ls: {:ok, ["node_id", "secrets", "commits", "commits.lock"]}, exists?: true} commit_store_pid=#PID<0.279.0> commit_store_state_shape={true, [:data_dir, :db, :invariant_dispatcher, :local_write_gate, :lock_ref, :name, :pending_imports, :queue_poller, :trust_side_store]} cubdb_pid=#PID<0.282.0> cubdb_state_shape=CubDB.State cubdb_data_dir="tmp/test_data/commits" cubdb_read=%{compact: ["23.compact"], count: 2, ls: {:ok, ["23.compact", "22.cub"]}, exists?: true}
06:05:17.579 [error] local node self-trust was not added: node signing public-key artifact is absent — continuing with configured trusted identities
06:05:17.584 [error] local node self-trust was not added: node signing public-key artifact is absent — continuing with configured trusted identities
06:05:17.588 [error] local node self-trust was not added: node signing public-key artifact is absent — continuing with configured trusted identities
06:05:17.598 [error] local node self-trust was not added: node signing public-key artifact is absent — continuing with configured trusted identities
.
Finished in 0.02 seconds (0.00s async, 0.02s sync)
3 tests, 0 failures, 2 excluded
